Retailer,Invoice Date,Region,State,Product,Price per Unit,Units Sold,Total Sales,Sales Method
Foot Locker,2021-11-06,Southeast,South Carolina,Men'S Street Footwear,50,278,13900,Online
Foot Locker,2020-03-14,Northeast,New York,Men'S Apparel,46,278,12788,Outlet
West Gear,2021-01-19,West,California,Men'S Athletic Footwear,47,278,13066,Outlet
Walmart,2021-06-17,Southeast,Florida,Women'S Apparel,103,218,22454,Online
Sports Direct,2021-09-14,South,Alabama,Women'S Street Footwear,36,278,10008,Outlet
West Gear,2021-07-06,West,Idaho,Women'S Street Footwear,34,278,9452,Outlet
West Gear,2021-01-12,West,California,Men'S Street Footwear,56,277,15512,Online
Foot Locker,2020-01-21,Northeast,New York,Women'S Street Footwear,36,276,9936,Online
Walmart,2020-08-17,South,Texas,Women'S Apparel,37,276,10212,Online
West Gear,2021-07-16,South,Louisiana,Women'S Apparel,103,163,16789,Online
Sports Direct,2021-08-25,South,Alabama,Men'S Street Footwear,10,700,7000,Outlet
Sports Direct,2021-03-02,Southeast,North Carolina,Men'S Street Footwear,28,276,7728,Online
Sports Direct,2021-08-23,South,Alabama,Men'S Apparel,25,275,6875,Outlet
Sports Direct,2021-08-27,South,Alabama,Women'S Street Footwear,15,575,8625,Outlet
Sports Direct,2021-08-21,South,Alabama,Women'S Street Footwear,15,475,7125,Outlet
West Gear,2021-01-11,Midwest,Missouri,Women'S Street Footwear,15,475,7125,In-Store
Sports Direct,2021-11-17,South,Mississippi,Men'S Athletic Footwear,20,450,9000,Online
Sports Direct,2021-01-23,South,Mississippi,Women'S Street Footwear,15,450,6750,Online
West Gear,2021-04-03,Midwest,Wisconsin,Men'S Street Footwear,20,450,9000,In-Store
Foot Locker,2020-03-10,Northeast,New York,Men'S Street Footwear,44,434,19096,Outlet
Foot Locker,2021-01-18,Midwest,Michigan,Women'S Athletic Footwear,25,275,6875,In-Store
Foot Locker,2021-04-18,Midwest,Missouri,Men'S Athletic Footwear,30,275,8250,In-Store
Foot Locker,2021-04-18,Midwest,Missouri,Women'S Street Footwear,20,275,5500,In-Store
Foot Locker,2021-09-19,Midwest,Missouri,Women'S Athletic Footwear,15,275,4125,In-Store
Foot Locker,2021-09-19,Midwest,Missouri,Men'S Apparel,25,275,6875,In-Store
West Gear,2021-05-12,West,Utah,Women'S Athletic Footwear,25,275,6875,In-Store
West Gear,2021-10-11,West,Utah,Women'S Athletic Footwear,20,275,5500,In-Store
West Gear,2021-10-11,West,Utah,Men'S Apparel,30,275,8250,In-Store
Foot Locker,2021-03-16,South,Mississippi,Women'S Athletic Footwear,20,275,5500,Online
Walmart,2021-10-21,South,Arkansas,Women'S Athletic Footwear,20,275,5500,Online
Walmart,2021-10-21,South,Arkansas,Men'S Apparel,30,275,8250,Online
West Gear,2021-02-21,South,Arkansas,Men'S Athletic Footwear,25,275,6875,Online
West Gear,2021-03-19,South,Oklahoma,Women'S Street Footwear,10,275,2750,Online
West Gear,2021-03-19,South,Oklahoma,Women'S Apparel,25,275,6875,Online
West Gear,2021-09-19,South,Oklahoma,Women'S Street Footwear,15,275,4125,Online
Foot Locker,2021-11-13,Midwest,Kansas,Men'S Athletic Footwear,15,275,4125,Online
Foot Locker,2021-01-18,Midwest,Michigan,Women'S Street Footwear,20,425,8500,In-Store
West Gear,2021-02-11,Midwest,Missouri,Women'S Street Footwear,15,425,6375,In-Store
Foot Locker,2021-01-12,Midwest,Kansas,Women'S Street Footwear,30,275,8250,Online
Sports Direct,2021-01-09,Midwest,South Dakota,Women'S Street Footwear,25,275,6875,Online
Sports Direct,2021-02-09,Midwest,North Dakota,Women'S Apparel,25,275,6875,Online
West Gear,2021-06-11,West,Utah,Women'S Street Footwear,20,425,8500,In-Store
Foot Locker,2021-06-06,Midwest,Iowa,Men'S Athletic Footwear,30,275,8250,In-Store
Amazon,2021-04-10,Midwest,Ohio,Women'S Street Footwear,20,425,8500,Online
Foot Locker,2021-03-16,South,Mississippi,Women'S Street Footwear,15,425,6375,Online
Foot Locker,2021-09-07,Midwest,Iowa,Men'S Athletic Footwear,30,275,8250,In-Store
West Gear,2021-03-09,Midwest,Indiana,Women'S Street Footwear,15,275,4125,In-Store
Walmart,2021-09-16,South,Mississippi,Women'S Street Footwear,20,425,8500,Online
Walmart,2021-02-21,South,Arkansas,Women'S Apparel,20,425,8500,Online
Walmart,2021-10-21,South,Arkansas,Men'S Athletic Footwear,20,425,8500,Online
West Gear,2021-03-09,Midwest,Indiana,Women'S Apparel,25,275,6875,In-Store
West Gear,2021-09-11,Midwest,Indiana,Men'S Athletic Footwear,30,275,8250,In-Store
Walmart,2020-05-03,Northeast,New York,Men'S Street Footwear,48,420,20160,Outlet
West Gear,2021-03-16,Northeast,West Virginia,Men'S Athletic Footwear,30,275,8250,In-Store
Walmart,2020-04-19,Northeast,New York,Men'S Street Footwear,39,408,15912,Outlet
Foot Locker,2021-02-15,Northeast,Maryland,Women'S Street Footwear,30,275,8250,In-Store
Walmart,2020-04-27,Northeast,New York,Men'S Street Footwear,46,403,18538,Outlet
Foot Locker,2021-03-13,Northeast,Delaware,Women'S Street Footwear,30,275,8250,In-Store
West Gear,2021-03-10,West,Utah,Women'S Street Footwear,20,400,8000,In-Store
West Gear,2021-06-11,West,Utah,Women'S Athletic Footwear,20,400,8000,In-Store
Kohl'S,2021-01-10,Northeast,Delaware,Women'S Street Footwear,25,275,6875,In-Store
West Gear,2021-10-11,West,Utah,Men'S Athletic Footwear,20,400,8000,In-Store
Walmart,2020-04-28,Northeast,New York,Men'S Athletic Footwear,53,273,14469,Online
West Gear,2021-01-06,West,California,Men'S Street Footwear,56,273,15288,Online
West Gear,2021-11-11,West,Utah,Men'S Athletic Footwear,20,400,8000,In-Store
West Gear,2021-01-18,West,California,Men'S Street Footwear,62,273,16926,Online
West Gear,2021-02-12,West,California,Men'S Athletic Footwear,58,273,15834,Online
Kohl'S,2021-05-25,West,California,Men'S Street Footwear,39,315,12285,Outlet
Sports Direct,2021-09-24,South,Texas,Women'S Street Footwear,46,273,12558,Online
Foot Locker,2020-08-06,West,Washington,Men'S Street Footwear,44,273,12012,Online
Foot Locker,2021-06-07,Southeast,South Carolina,Men'S Street Footwear,51,273,13923,Online
Walmart,2020-08-11,South,Texas,Women'S Apparel,27,272,7344,Outlet
Walmart,2021-09-16,South,Mississippi,Women'S Athletic Footwear,20,400,8000,Online
Walmart,2020-09-11,South,Texas,Men'S Street Footwear,31,272,8432,Outlet
West Gear,2020-11-13,West,California,Men'S Street Footwear,36,272,9792,Outlet
Foot Locker,2020-01-27,Northeast,New York,Women'S Street Footwear,27,314,8478,Outlet
Sports Direct,2021-02-21,South,Mississippi,Women'S Street Footwear,15,400,6000,Online
Foot Locker,2020-03-04,Northeast,New York,Men'S Street Footwear,47,400,18800,Outlet
Foot Locker,2020-03-18,Northeast,New York,Women'S Street Footwear,37,314,11618,Outlet
Foot Locker,2020-01-25,Northeast,New York,Men'S Street Footwear,40,390,15600,Outlet
Sports Direct,2021-04-23,South,Tennessee,Women'S Street Footwear,39,314,12246,Outlet
Kohl'S,2021-04-26,West,California,Men'S Athletic Footwear,37,272,10064,Outlet
Foot Locker,2020-01-07,Northeast,New York,Men'S Street Footwear,33,388,12804,Outlet
Kohl'S,2021-05-19,West,California,Men'S Street Footwear,40,272,10880,Outlet
Foot Locker,2020-01-01,Northeast,New York,Men'S Street Footwear,34,384,13056,Outlet
Sports Direct,2021-09-21,South,Texas,Women'S Apparel,47,272,12784,Outlet
Sports Direct,2021-04-15,South,Tennessee,Men'S Street Footwear,29,272,7888,Outlet
Foot Locker,2021-02-07,Southeast,Georgia,Men'S Street Footwear,31,376,11656,Outlet
Sports Direct,2021-04-20,South,Tennessee,Women'S Apparel,38,272,10336,Outlet
Foot Locker,2020-01-07,Northeast,New York,Men'S Street Footwear,46,313,14398,Online
Walmart,2021-06-17,Southeast,Florida,Men'S Street Footwear,50,272,13600,Outlet
Sports Direct,2021-08-22,South,Alabama,Women'S Athletic Footwear,20,375,7500,Outlet
Foot Locker,2020-03-04,Northeast,New York,Men'S Street Footwear,55,313,17215,Online
Foot Locker,2021-02-18,Midwest,Michigan,Women'S Street Footwear,20,375,7500,In-Store
Walmart,2020-05-03,Northeast,New York,Men'S Street Footwear,62,312,19344,Online
West Gear,2021-08-11,West,Utah,Women'S Athletic Footwear,20,375,7500,In-Store
Walmart,2021-08-17,Southeast,Florida,Men'S Athletic Footwear,60,272,16320,Outlet
Foot Locker,2021-02-07,Southeast,Georgia,Men'S Street Footwear,38,312,11856,Online
West Gear,2021-11-11,West,Utah,Women'S Athletic Footwear,20,375,7500,In-Store
West Gear,2021-01-12,Southeast,Florida,Men'S Street Footwear,30,272,8160,Outlet
Foot Locker,2021-04-17,South,Mississippi,Women'S Street Footwear,15,375,5625,Online
Foot Locker,2021-07-23,Southeast,Virginia,Men'S Street Footwear,60,272,16320,Outlet
Walmart,2020-04-28,Northeast,New York,Men'S Athletic Footwear,40,312,12480,Outlet
Foot Locker,2021-08-24,Southeast,Virginia,Men'S Street Footwear,67,272,18224,Outlet
Foot Locker,2021-07-05,Southeast,South Carolina,Men'S Street Footwear,63,311,19593,Online
West Gear,2021-12-16,South,Louisiana,Men'S Street Footwear,46,272,12512,Outlet
West Gear,2021-11-20,South,Arkansas,Men'S Athletic Footwear,15,375,5625,Online
West Gear,2020-11-03,South,Texas,Women'S Street Footwear,33,271,8943,Outlet
West Gear,2021-01-23,South,Arkansas,Women'S Street Footwear,15,375,5625,Online
Foot Locker,2020-03-16,Northeast,New York,Men'S Street Footwear,41,375,15375,Outlet
Walmart,2020-08-26,South,Texas,Women'S Street Footwear,29,374,10846,Outlet
West Gear,2020-12-25,West,California,Men'S Street Footwear,40,271,10840,Outlet
Walmart,2020-09-01,South,Texas,Women'S Street Footwear,29,374,10846,Outlet
West Gear,2021-02-14,West,California,Women'S Athletic Footwear,40,271,10840,Outlet
Foot Locker,2020-01-31,Northeast,New York,Men'S Street Footwear,33,372,12276,Outlet
Sports Direct,2021-04-08,South,Tennessee,Women'S Apparel,31,271,8401,Outlet
Sports Direct,2021-04-22,South,Tennessee,Men'S Athletic Footwear,44,271,11924,Outlet
West Gear,2021-07-06,West,Idaho,Men'S Athletic Footwear,40,271,10840,Outlet
Foot Locker,2020-02-06,Northeast,New York,Men'S Street Footwear,44,366,16104,Outlet
Walmart,2020-04-19,Northeast,New York,Men'S Street Footwear,56,360,20160,Online
Foot Locker,2020-03-17,Northeast,New York,Men'S Athletic Footwear,37,359,13283,Outlet
Walmart,2020-04-18,Northeast,New York,Women'S Apparel,48,355,17040,Outlet
Foot Locker,2020-01-25,Northeast,New York,Men'S Street Footwear,46,354,16284,Online
Foot Locker,2020-03-15,Northeast,New York,Women'S Apparel,47,352,16544,Outlet
Foot Locker,2021-03-17,Midwest,Missouri,Women'S Street Footwear,25,350,8750,In-Store
Foot Locker,2021-06-18,Midwest,Missouri,Women'S Athletic Footwear,25,350,8750,In-Store
Foot Locker,2021-10-18,Midwest,Missouri,Men'S Athletic Footwear,25,350,8750,In-Store
Foot Locker,2021-11-18,Midwest,Missouri,Men'S Athletic Footwear,25,350,8750,In-Store
West Gear,2021-05-12,West,Utah,Women'S Street Footwear,25,350,8750,In-Store
West Gear,2021-09-12,West,Utah,Women'S Street Footwear,10,350,3500,In-Store
Amazon,2021-04-10,Midwest,Ohio,Women'S Athletic Footwear,25,350,8750,Online
Walmart,2021-10-18,South,Mississippi,Women'S Athletic Footwear,25,350,8750,Online
Sports Direct,2021-02-21,South,Mississippi,Men'S Athletic Footwear,25,350,8750,Online
Walmart,2021-03-19,South,Arkansas,Women'S Street Footwear,10,350,3500,Online
Walmart,2021-03-19,South,Arkansas,Women'S Apparel,25,350,8750,Online
Walmart,2021-09-19,South,Arkansas,Women'S Street Footwear,15,350,5250,Online
West Gear,2021-02-21,South,Oklahoma,Women'S Apparel,20,350,7000,Online
Walmart,2021-07-19,South,Arkansas,Men'S Street Footwear,39,271,10569,Outlet
West Gear,2021-10-21,South,Oklahoma,Men'S Athletic Footwear,20,350,7000,Online
Kohl'S,2021-01-16,South,Oklahoma,Men'S Athletic Footwear,25,350,8750,Online
Foot Locker,2020-03-05,Northeast,New York,Men'S Athletic Footwear,54,270,14580,Online
Kohl'S,2021-01-16,South,Oklahoma,Women'S Street Footwear,15,350,5250,Online
Walmart,2020-04-17,Northeast,New York,Men'S Apparel,54,270,14580,Online
Walmart,2020-04-20,Northeast,New York,Men'S Athletic Footwear,50,270,13500,Online
Walmart,2020-05-04,Northeast,New York,Men'S Athletic Footwear,43,310,13330,Outlet
Kohl'S,2021-04-19,West,California,Men'S Street Footwear,44,270,11880,Online
Foot Locker,2020-03-17,Northeast,New York,Men'S Athletic Footwear,53,308,16324,Online
Sports Direct,2020-09-29,Southeast,Florida,Men'S Street Footwear,56,270,15120,Online
Sports Direct,2021-08-03,Southeast,North Carolina,Men'S Street Footwear,61,308,18788,Online
Foot Locker,2020-01-05,Northeast,New York,Men'S Apparel,43,306,13158,Outlet
West Gear,2021-07-16,South,Louisiana,Men'S Street Footwear,86,270,23220,Online
Foot Locker,2020-01-23,Northeast,New York,Men'S Apparel,43,306,13158,Outlet
Foot Locker,2021-07-05,Southeast,South Carolina,Men'S Athletic Footwear,58,270,15660,Online
Walmart,2020-04-22,Northeast,New York,Women'S Athletic Footwear,34,306,10404,Outlet
Foot Locker,2020-03-13,Northeast,New York,Women'S Athletic Footwear,35,270,9450,Outlet
Walmart,2020-05-06,Northeast,New York,Women'S Athletic Footwear,41,306,12546,Outlet
Walmart,2020-04-30,Northeast,New York,Women'S Athletic Footwear,41,270,11070,Outlet
Sports Direct,2020-07-31,South,Texas,Men'S Street Footwear,20,306,6120,Outlet
Sports Direct,2020-07-19,Northeast,New York,Men'S Street Footwear,20,270,5400,Outlet
Sports Direct,2020-08-06,South,Texas,Men'S Street Footwear,23,306,7038,Outlet
Sports Direct,2020-07-20,Northeast,New York,Men'S Athletic Footwear,26,270,7020,Outlet
Sports Direct,2020-08-07,South,Texas,Men'S Athletic Footwear,29,306,8874,Outlet
Walmart,2020-09-04,South,Texas,Women'S Apparel,39,270,10530,Outlet
Walmart,2020-10-21,South,Texas,Men'S Athletic Footwear,31,306,9486,Outlet
Walmart,2020-10-20,South,Texas,Men'S Street Footwear,34,270,9180,Outlet
Walmart,2020-10-31,South,Texas,Women'S Apparel,41,306,12546,Outlet
West Gear,2020-12-31,West,California,Men'S Street Footwear,44,270,11880,Outlet
West Gear,2021-01-11,West,California,Women'S Apparel,60,306,18360,Outlet
Walmart,2020-04-21,Northeast,New York,Women'S Street Footwear,47,268,12596,Online
West Gear,2021-02-06,West,California,Men'S Athletic Footwear,46,306,14076,Outlet
Walmart,2020-08-12,South,Texas,Men'S Street Footwear,29,268,7772,Online
Walmart,2020-08-30,South,Texas,Men'S Street Footwear,37,268,9916,Online
Kohl'S,2021-05-01,West,California,Men'S Street Footwear,36,306,11016,Outlet
West Gear,2021-01-25,West,California,Men'S Athletic Footwear,56,268,15008,Online
Sports Direct,2021-04-14,South,Tennessee,Women'S Apparel,37,306,11322,Outlet
Kohl'S,2021-01-16,South,Oklahoma,Women'S Apparel,25,350,8750,Online
Foot Locker,2020-08-18,Southeast,Florida,Men'S Street Footwear,41,268,10988,Online
West Gear,2021-02-17,Northeast,West Virginia,Women'S Apparel,25,350,8750,In-Store
West Gear,2021-07-16,South,Louisiana,Men'S Street Footwear,62,306,18972,Outlet
Sports Direct,2021-09-14,South,Alabama,Women'S Street Footwear,51,268,13668,Online
West Gear,2021-05-08,Northeast,New York,Men'S Street Footwear,50,261,13050,Online
Foot Locker,2020-03-09,Northeast,New York,Women'S Apparel,64,305,19520,Online
Foot Locker,2020-03-11,Northeast,New York,Men'S Athletic Footwear,53,267,14151,Online
Foot Locker,2020-01-03,Northeast,New York,Women'S Street Footwear,32,350,11200,Outlet
Walmart,2020-08-30,South,Texas,Men'S Street Footwear,27,305,8235,Outlet
Foot Locker,2020-01-24,Northeast,New York,Women'S Apparel,36,350,12600,Outlet
Walmart,2020-08-31,South,Texas,Men'S Athletic Footwear,33,305,10065,Outlet
Foot Locker,2021-03-05,Southeast,South Carolina,Men'S Street Footwear,33,265,8745,Online
Foot Locker,2021-08-08,West,Idaho,Women'S Street Footwear,39,305,11895,Outlet
Walmart,2020-08-20,South,Texas,Women'S Street Footwear,27,264,7128,Outlet
Walmart,2020-09-05,South,Texas,Men'S Street Footwear,33,264,8712,Outlet
West Gear,2020-09-17,Southeast,Florida,Men'S Street Footwear,60,304,18240,Online
West Gear,2020-11-01,South,Texas,Men'S Street Footwear,30,264,7920,Outlet
Walmart,2020-08-29,South,Texas,Women'S Apparel,36,302,10872,Outlet
West Gear,2021-01-14,West,California,Women'S Street Footwear,46,264,12144,Outlet
Foot Locker,2020-01-02,Northeast,New York,Men'S Athletic Footwear,47,260,12220,Online
West Gear,2021-01-18,West,California,Men'S Street Footwear,45,302,13590,Outlet
Sports Direct,2021-04-01,South,Tennessee,Men'S Apparel,30,300,9000,Outlet
Foot Locker,2020-01-06,Northeast,New York,Women'S Apparel,46,260,11960,Online
West Gear,2021-01-17,West,California,Women'S Apparel,56,264,14784,Outlet
Foot Locker,2020-01-26,Northeast,New York,Men'S Athletic Footwear,48,259,12432,Online
Sports Direct,2021-09-28,South,Alabama,Men'S Apparel,30,300,9000,Outlet
Foot Locker,2021-05-19,Midwest,Missouri,Women'S Street Footwear,30,300,9000,In-Store
Foot Locker,2020-02-07,Northeast,New York,Men'S Athletic Footwear,50,259,12950,Online
Walmart,2020-04-20,Northeast,New York,Men'S Athletic Footwear,43,350,15050,Outlet
West Gear,2021-01-29,West,California,Women'S Apparel,51,264,13464,Outlet
Foot Locker,2021-09-19,Midwest,Missouri,Women'S Street Footwear,15,300,4500,In-Store
Walmart,2020-04-24,Northeast,New York,Women'S Apparel,45,350,15750,Outlet
West Gear,2021-02-11,West,Utah,Women'S Athletic Footwear,20,300,6000,In-Store
Kohl'S,2021-03-19,West,California,Men'S Street Footwear,24,264,6336,Outlet
Walmart,2020-08-23,South,Texas,Women'S Apparel,38,350,13300,Outlet
Kohl'S,2021-04-24,West,California,Women'S Apparel,48,264,12672,Outlet
Foot Locker,2021-01-09,Southeast,Georgia,Men'S Street Footwear,26,349,9074,Outlet
Walmart,2020-08-13,South,Texas,Men'S Athletic Footwear,38,259,9842,Online
Kohl'S,2021-05-02,West,California,Men'S Athletic Footwear,41,264,10824,Outlet
Foot Locker,2020-03-09,Northeast,New York,Women'S Apparel,46,347,15962,Outlet
Kohl'S,2021-05-08,West,California,Men'S Athletic Footwear,39,264,10296,Outlet
West Gear,2021-11-11,West,Utah,Women'S Street Footwear,20,345,6900,In-Store
West Gear,2021-01-06,West,California,Men'S Street Footwear,41,341,13981,Outlet
Kohl'S,2021-05-14,West,California,Men'S Athletic Footwear,43,264,11352,Outlet
Foot Locker,2020-03-05,Northeast,New York,Men'S Athletic Footwear,41,340,13940,Outlet
Kohl'S,2021-05-20,West,California,Men'S Athletic Footwear,42,264,11088,Outlet
Walmart,2020-07-18,Northeast,New York,Women'S Apparel,48,340,16320,Outlet
Sports Direct,2021-09-09,South,Texas,Women'S Apparel,34,264,8976,Outlet
Walmart,2020-08-31,South,Texas,Men'S Athletic Footwear,41,259,10619,Online
West Gear,2021-01-12,West,California,Men'S Street Footwear,41,338,13858,Outlet
Sports Direct,2021-09-17,South,Texas,Men'S Athletic Footwear,34,264,8976,Outlet
West Gear,2021-01-19,West,California,Men'S Athletic Footwear,66,259,17094,Online
Foot Locker,2020-01-01,Northeast,New York,Men'S Street Footwear,47,336,15792,Online
Sports Direct,2021-04-16,South,Tennessee,Men'S Athletic Footwear,30,264,7920,Outlet
Foot Locker,2020-02-05,Northeast,New York,Women'S Apparel,39,333,12987,Outlet
West Gear,2020-09-10,Southeast,Florida,Women'S Apparel,63,259,16317,Online
Walmart,2020-04-29,Northeast,New York,Women'S Street Footwear,52,258,13416,Online
Sports Direct,2021-05-16,South,Tennessee,Men'S Athletic Footwear,37,264,9768,Outlet
Walmart,2020-05-05,Northeast,New York,Women'S Street Footwear,42,333,13986,Outlet
Sports Direct,2021-09-07,South,Alabama,Men'S Athletic Footwear,37,264,9768,Outlet
Walmart,2020-10-26,South,Texas,Men'S Street Footwear,32,333,10656,Outlet
West Gear,2021-07-06,West,Idaho,Men'S Street Footwear,35,264,9240,Outlet
Walmart,2020-10-27,South,Texas,Men'S Athletic Footwear,34,333,11322,Outlet
Foot Locker,2021-07-06,West,Idaho,Women'S Apparel,51,264,13464,Outlet
West Gear,2021-02-12,West,California,Men'S Athletic Footwear,46,332,15272,Outlet
Foot Locker,2021-01-09,Southeast,Georgia,Women'S Street Footwear,24,264,6336,Outlet
Sports Direct,2021-09-24,South,Texas,Women'S Street Footwear,35,332,11620,Outlet
Walmart,2020-05-02,Northeast,New York,Women'S Apparel,66,263,17358,Online
West Gear,2021-10-11,West,Utah,Women'S Street Footwear,20,300,6000,In-Store
Foot Locker,2020-01-06,Northeast,New York,Women'S Apparel,38,330,12540,Outlet
Amazon,2021-01-22,Midwest,Ohio,Women'S Street Footwear,30,300,9000,Online
Foot Locker,2021-04-17,South,Mississippi,Women'S Athletic Footwear,20,300,6000,Online
West Gear,2021-02-05,West,California,Men'S Street Footwear,52,263,13676,Online
Sports Direct,2021-01-23,South,Mississippi,Women'S Athletic Footwear,20,300,6000,Online
Walmart,2020-04-26,Northeast,New York,Women'S Apparel,50,330,16500,Outlet
Sports Direct,2021-09-15,South,Texas,Women'S Apparel,53,263,13939,Online
Foot Locker,2021-08-06,Southeast,South Carolina,Men'S Street Footwear,62,326,20212,Online
Sports Direct,2021-04-17,South,Tennessee,Women'S Street Footwear,36,263,9468,Online
Foot Locker,2021-08-18,Midwest,Missouri,Women'S Athletic Footwear,25,325,8125,In-Store
West Gear,2021-06-10,Northeast,New York,Men'S Street Footwear,59,263,15517,Online
Foot Locker,2021-11-18,Midwest,Missouri,Women'S Athletic Footwear,25,325,8125,In-Store
Sports Direct,2021-08-16,Midwest,Michigan,Men'S Street Footwear,55,263,14465,Online
Walmart,2021-04-20,South,Arkansas,Men'S Athletic Footwear,25,300,7500,Online
West Gear,2021-01-11,Midwest,Missouri,Women'S Athletic Footwear,20,325,6500,In-Store
Walmart,2021-04-20,South,Arkansas,Women'S Street Footwear,15,300,4500,Online
Walmart,2021-10-21,South,Arkansas,Women'S Street Footwear,20,300,6000,Online
Kohl'S,2021-11-20,South,Oklahoma,Men'S Athletic Footwear,15,300,4500,Online
Sports Direct,2021-02-04,Southeast,South Carolina,Men'S Street Footwear,34,263,8942,Online
Kohl'S,2021-02-14,South,Oklahoma,Women'S Street Footwear,15,300,4500,Online
West Gear,2021-04-11,West,Utah,Men'S Athletic Footwear,25,325,8125,In-Store
Sports Direct,2021-04-03,Southeast,North Carolina,Men'S Street Footwear,27,263,7101,Online
West Gear,2021-04-11,West,Utah,Women'S Street Footwear,15,325,4875,In-Store
Sports Direct,2021-07-02,Southeast,North Carolina,Women'S Apparel,64,263,16832,Online
Kohl'S,2021-04-13,Midwest,Kansas,Women'S Apparel,30,300,9000,Online
West Gear,2021-09-12,West,Utah,Women'S Athletic Footwear,10,325,3250,In-Store
Foot Locker,2020-03-18,Northeast,New York,Women'S Street Footwear,45,257,11565,Online
Sports Direct,2020-08-01,South,Texas,Men'S Athletic Footwear,30,263,7890,Outlet
West Gear,2021-09-12,West,Utah,Men'S Apparel,20,325,6500,In-Store
Walmart,2020-08-21,South,Texas,Women'S Athletic Footwear,26,263,6838,Outlet
Amazon,2021-03-09,Midwest,Ohio,Women'S Athletic Footwear,25,325,8125,Online
Foot Locker,2021-10-14,Midwest,Kansas,Women'S Apparel,30,300,9000,Online
West Gear,2021-01-13,West,California,Men'S Athletic Footwear,49,263,12887,Outlet
Foot Locker,2021-02-18,South,Mississippi,Women'S Athletic Footwear,25,325,8125,Online
West Gear,2021-06-03,Midwest,Wisconsin,Men'S Athletic Footwear,30,300,9000,In-Store
West Gear,2021-01-10,Midwest,Wisconsin,Women'S Street Footwear,25,300,7500,In-Store
West Gear,2021-02-10,Midwest,Indiana,Women'S Apparel,20,300,6000,In-Store
West Gear,2021-01-17,Midwest,Indiana,Women'S Street Footwear,25,300,7500,In-Store
Walmart,2021-03-19,South,Arkansas,Men'S Athletic Footwear,20,325,6500,Online
Walmart,2021-09-19,South,Arkansas,Women'S Athletic Footwear,15,325,4875,Online
West Gear,2021-02-17,Midwest,Indiana,Women'S Street Footwear,30,300,9000,In-Store
Walmart,2021-09-19,South,Arkansas,Men'S Apparel,25,325,8125,Online
West Gear,2021-02-21,South,Arkansas,Women'S Street Footwear,15,325,4875,Online
Kohl'S,2021-02-14,Midwest,Kansas,Women'S Apparel,20,325,6500,Online
Sports Direct,2021-01-07,Northeast,New Jersey,Women'S Street Footwear,30,300,9000,In-Store
Foot Locker,2020-01-31,Northeast,New York,Men'S Street Footwear,45,300,13500,Online
Walmart,2020-05-04,Northeast,New York,Men'S Athletic Footwear,51,300,15300,Online
Foot Locker,2020-04-24,Southeast,Florida,Men'S Street Footwear,42,256,10752,Online
Kohl'S,2021-10-14,Midwest,Kansas,Men'S Athletic Footwear,20,325,6500,Online
West Gear,2020-04-24,Southeast,Florida,Men'S Street Footwear,52,300,15600,Online
West Gear,2021-03-16,Northeast,West Virginia,Women'S Street Footwear,20,325,6500,In-Store
Walmart,2020-04-27,Northeast,New York,Men'S Street Footwear,60,299,17940,Online
Foot Locker,2021-01-09,Southeast,Georgia,Men'S Street Footwear,39,256,9984,Online
Foot Locker,2020-03-16,Northeast,New York,Men'S Street Footwear,58,325,18850,Online
West Gear,2020-09-11,Southeast,Florida,Men'S Street Footwear,60,299,17940,Online
West Gear,2021-01-07,West,California,Men'S Athletic Footwear,50,256,12800,Outlet
Foot Locker,2020-03-31,Northeast,New York,Women'S Athletic Footwear,40,324,12960,Outlet
West Gear,2021-02-10,West,California,Women'S Apparel,56,256,14336,Outlet
Sports Direct,2020-05-24,Southeast,Florida,Men'S Street Footwear,63,323,20349,Online
Foot Locker,2020-01-21,Northeast,New York,Women'S Street Footwear,32,323,10336,Outlet
Walmart,2020-09-10,South,Texas,Women'S Apparel,42,298,12516,Outlet
West Gear,2021-02-13,West,California,Women'S Street Footwear,44,256,11264,Outlet
Walmart,2020-10-28,South,Texas,Women'S Street Footwear,38,298,11324,Outlet
West Gear,2021-02-16,West,California,Women'S Apparel,50,256,12800,Outlet
West Gear,2021-07-23,West,Oregon,Men'S Street Footwear,60,298,17880,Outlet
Foot Locker,2020-01-30,Northeast,New York,Women'S Apparel,36,323,11628,Outlet
Kohl'S,2021-05-13,West,California,Men'S Street Footwear,36,256,9216,Outlet
Walmart,2020-09-01,South,Texas,Women'S Street Footwear,39,297,11583,Online
Walmart,2020-08-19,South,Texas,Men'S Athletic Footwear,33,323,10659,Outlet
Sports Direct,2021-09-10,South,Texas,Men'S Street Footwear,30,256,7680,Outlet
Walmart,2020-05-02,Northeast,New York,Women'S Apparel,53,322,17066,Outlet
Sports Direct,2021-09-16,South,Texas,Men'S Street Footwear,34,256,8704,Outlet
West Gear,2021-02-11,West,California,Men'S Street Footwear,40,322,12880,Outlet
West Gear,2021-01-22,West,California,Men'S Apparel,59,263,15517,Outlet
Sports Direct,2021-09-23,South,Texas,Men'S Athletic Footwear,43,256,11008,Outlet
Sports Direct,2021-09-18,South,Texas,Women'S Street Footwear,33,322,10626,Outlet
West Gear,2021-02-05,West,California,Men'S Street Footwear,39,263,10257,Outlet
Sports Direct,2021-08-30,South,Alabama,Women'S Apparel,36,263,9468,Outlet
Walmart,2021-07-16,Southeast,Florida,Men'S Athletic Footwear,74,263,19462,Outlet
Sports Direct,2021-10-21,South,Texas,Women'S Apparel,54,256,13824,Outlet
Sports Direct,2021-04-17,South,Tennessee,Women'S Street Footwear,30,322,9660,Outlet
West Gear,2021-06-04,West,Idaho,Men'S Athletic Footwear,35,263,9205,Outlet
Sports Direct,2021-04-09,South,Tennessee,Men'S Street Footwear,28,256,7168,Outlet
Sports Direct,2021-09-08,South,Alabama,Women'S Street Footwear,31,322,9982,Outlet
Sports Direct,2021-09-06,South,Alabama,Men'S Street Footwear,31,256,7936,Outlet
West Gear,2021-11-20,South,Arkansas,Women'S Street Footwear,25,320,8000,Online
Foot Locker,2021-06-18,South,Mississippi,Men'S Street Footwear,31,263,8153,Outlet
Foot Locker,2020-01-02,Northeast,New York,Men'S Athletic Footwear,36,320,11520,Outlet
Walmart,2021-12-16,Southeast,Florida,Men'S Athletic Footwear,55,256,14080,Outlet
Foot Locker,2020-03-03,Northeast,New York,Women'S Apparel,44,320,14080,Outlet
Foot Locker,2020-01-08,Northeast,New York,Men'S Athletic Footwear,46,261,12006,Online
Foot Locker,2020-03-10,Northeast,New York,Men'S Street Footwear,59,319,18821,Online
Foot Locker,2020-02-08,Northeast,New York,Women'S Street Footwear,46,261,12006,Online
Foot Locker,2020-03-07,Northeast,New York,Women'S Athletic Footwear,47,261,12267,Online
Walmart,2020-05-07,Northeast,New York,Men'S Apparel,60,261,15660,Online
Walmart,2020-08-26,South,Texas,Women'S Street Footwear,37,319,11803,Online
Walmart,2020-10-31,South,Texas,Women'S Apparel,53,261,13833,Online
Foot Locker,2020-08-12,Southeast,Florida,Men'S Street Footwear,43,319,13717,Online
Walmart,2021-07-16,Southeast,Florida,Men'S Street Footwear,83,261,21663,Online
Sports Direct,2021-02-17,Southeast,Virginia,Men'S Street Footwear,26,256,6656,Outlet
West Gear,2021-08-24,West,Oregon,Men'S Street Footwear,69,256,17664,Outlet
West Gear,2021-08-24,West,Oregon,Men'S Athletic Footwear,62,256,15872,Outlet
West Gear,2021-06-17,South,Louisiana,Men'S Street Footwear,47,256,12032,Outlet
Foot Locker,2020-03-07,Northeast,New York,Women'S Athletic Footwear,38,297,11286,Outlet
West Gear,2021-08-17,South,Louisiana,Men'S Athletic Footwear,57,256,14592,Outlet
Kohl'S,2021-04-19,West,California,Men'S Street Footwear,36,297,10692,Outlet
Foot Locker,2021-01-09,Southeast,Georgia,Men'S Athletic Footwear,30,256,7680,Outlet
Walmart,2021-08-17,South,Mississippi,Men'S Street Footwear,41,256,10496,Outlet
Walmart,2021-07-16,Southeast,Florida,Men'S Street Footwear,68,297,20196,Outlet
Foot Locker,2020-02-07,Northeast,New York,Men'S Athletic Footwear,37,296,10952,Outlet
Foot Locker,2020-03-06,Northeast,New York,Women'S Street Footwear,37,296,10952,Outlet
Sports Direct,2021-12-16,South,Mississippi,Men'S Street Footwear,48,256,12288,Outlet
Kohl'S,2021-04-07,West,California,Men'S Street Footwear,31,248,7688,Outlet
Sports Direct,2020-07-26,South,Texas,Men'S Athletic Footwear,33,255,8415,Online
Foot Locker,2021-11-18,Midwest,Missouri,Women'S Street Footwear,25,295,7375,In-Store
Walmart,2020-09-05,South,Texas,Men'S Street Footwear,44,255,11220,Online
Sports Direct,2021-09-05,South,Texas,Men'S Athletic Footwear,22,248,5456,Outlet
Walmart,2020-10-28,South,Texas,Women'S Street Footwear,47,255,11985,Online
Sports Direct,2021-09-22,South,Texas,Men'S Street Footwear,34,248,8432,Outlet
Foot Locker,2020-03-12,Northeast,New York,Women'S Street Footwear,35,295,10325,Outlet
Sports Direct,2021-10-17,South,Texas,Men'S Athletic Footwear,39,248,9672,Outlet
Walmart,2020-08-17,South,Texas,Women'S Apparel,32,295,9440,Outlet
Sports Direct,2021-05-15,South,Tennessee,Men'S Street Footwear,39,248,9672,Outlet
Sports Direct,2021-09-21,South,Texas,Women'S Apparel,54,255,13770,Online
Sports Direct,2021-10-07,South,Alabama,Men'S Athletic Footwear,40,248,9920,Outlet
Walmart,2020-08-18,South,Texas,Men'S Street Footwear,28,295,8260,Outlet
Walmart,2020-08-24,South,Texas,Men'S Street Footwear,29,295,8555,Outlet
Foot Locker,2020-09-24,Southeast,Florida,Men'S Athletic Footwear,46,255,11730,Online
Walmart,2021-06-17,Southeast,Florida,Women'S Apparel,74,248,18352,Outlet
Sports Direct,2021-07-02,Southeast,North Carolina,Men'S Street Footwear,60,294,17640,Online
West Gear,2021-01-12,Southeast,Florida,Men'S Street Footwear,41,255,10455,Online
Foot Locker,2021-12-23,Southeast,Virginia,Men'S Street Footwear,49,248,12152,Outlet
Foot Locker,2020-03-11,Northeast,New York,Men'S Athletic Footwear,41,318,13038,Outlet
Kohl'S,2021-08-11,West,Wyoming,Men'S Street Footwear,47,255,11985,Online
Foot Locker,2020-02-06,Northeast,New York,Men'S Street Footwear,54,317,17118,Online
West Gear,2021-07-10,West,Utah,Men'S Street Footwear,28,248,6944,Outlet
Foot Locker,2021-07-23,Southeast,Virginia,Men'S Street Footwear,79,255,20145,Online
Walmart,2020-04-29,Northeast,New York,Women'S Street Footwear,43,294,12642,Outlet
Foot Locker,2020-01-08,Northeast,New York,Men'S Athletic Footwear,39,315,12285,Outlet
West Gear,2021-08-11,West,Utah,Men'S Street Footwear,27,248,6696,Outlet
Sports Direct,2021-12-15,Midwest,Michigan,Men'S Street Footwear,55,255,14025,Online
Walmart,2020-08-29,South,Texas,Women'S Apparel,47,293,13771,Online
West Gear,2021-06-17,South,Louisiana,Women'S Apparel,80,248,19840,Outlet
West Gear,2021-02-11,West,California,Men'S Street Footwear,51,293,14943,Online
West Gear,2021-07-16,South,Louisiana,Men'S Athletic Footwear,67,248,16616,Outlet
West Gear,2021-07-23,West,Oregon,Men'S Street Footwear,79,255,20145,Online
Foot Locker,2020-01-24,Northeast,New York,Women'S Apparel,48,290,13920,Online
West Gear,2021-12-16,South,Louisiana,Men'S Athletic Footwear,52,248,12896,Outlet
West Gear,2021-06-04,West,Idaho,Women'S Apparel,39,248,9672,Outlet
Foot Locker,2020-03-03,Northeast,New York,Women'S Apparel,59,290,17110,Online
West Gear,2021-08-17,South,Louisiana,Men'S Street Footwear,86,255,21930,Online
Kohl'S,2021-07-25,West,New Mexico,Men'S Street Footwear,41,248,10168,Outlet
Sports Direct,2020-07-25,South,Texas,Men'S Street Footwear,20,255,5100,Outlet
Foot Locker,2021-02-07,Southeast,Georgia,Women'S Street Footwear,21,248,5208,Outlet
Walmart,2020-09-06,South,Texas,Men'S Athletic Footwear,32,255,8160,Outlet
Walmart,2020-04-18,Northeast,New York,Women'S Apparel,62,290,17980,Online
Foot Locker,2020-01-04,Northeast,New York,Women'S Athletic Footwear,41,247,10127,Online
Walmart,2020-09-13,South,Texas,Women'S Street Footwear,39,255,9945,Outlet
Walmart,2020-04-26,Northeast,New York,Women'S Apparel,68,290,19720,Online
Foot Locker,2020-01-27,Northeast,New York,Women'S Street Footwear,39,247,9633,Online
West Gear,2021-01-21,West,California,Women'S Athletic Footwear,52,255,13260,Outlet
Walmart,2020-07-18,Northeast,New York,Women'S Apparel,68,290,19720,Online
Foot Locker,2020-03-12,Northeast,New York,Women'S Street Footwear,46,247,11362,Online
West Gear,2020-04-24,Southeast,Florida,Men'S Street Footwear,55,290,15950,Online
Walmart,2020-10-25,South,Texas,Women'S Apparel,51,247,12597,Online
Foot Locker,2021-12-05,Southeast,South Carolina,Men'S Street Footwear,67,290,19430,Online
Kohl'S,2021-05-08,West,California,Men'S Athletic Footwear,50,247,12350,Online
Foot Locker,2020-01-26,Northeast,New York,Men'S Athletic Footwear,35,315,11025,Outlet
Foot Locker,2020-08-11,Southeast,Florida,Women'S Apparel,41,247,10127,Online
Walmart,2021-08-17,Southeast,Florida,Men'S Street Footwear,68,255,17340,Outlet
Foot Locker,2020-02-01,Northeast,New York,Men'S Athletic Footwear,35,315,11025,Outlet
West Gear,2021-07-08,Northeast,New York,Men'S Street Footwear,59,247,14573,Online
West Gear,2021-08-17,South,Louisiana,Men'S Street Footwear,73,255,18615,Outlet
Foot Locker,2020-02-02,Northeast,New York,Women'S Street Footwear,28,315,8820,Outlet
Kohl'S,2021-06-12,West,Wyoming,Men'S Street Footwear,46,247,11362,Online
Foot Locker,2021-08-08,West,Idaho,Men'S Athletic Footwear,37,255,9435,Outlet
West Gear,2020-11-09,West,California,Women'S Street Footwear,40,247,9880,Outlet
Walmart,2020-05-01,Northeast,New York,Men'S Apparel,64,254,16256,Online
Walmart,2020-04-21,Northeast,New York,Women'S Street Footwear,36,315,11340,Outlet
West Gear,2021-01-15,West,California,Women'S Athletic Footwear,46,247,11362,Outlet
Sports Direct,2020-07-31,South,Texas,Men'S Street Footwear,29,254,7366,Online
Walmart,2020-04-23,Northeast,New York,Men'S Apparel,44,315,13860,Outlet
West Gear,2021-01-27,West,California,Women'S Athletic Footwear,39,247,9633,Outlet
Sports Direct,2021-09-18,South,Texas,Women'S Street Footwear,44,254,11176,Online
Walmart,2020-08-12,South,Texas,Men'S Street Footwear,24,315,7560,Outlet
West Gear,2021-02-07,West,California,Women'S Street Footwear,40,247,9880,Outlet
Sports Direct,2021-04-03,South,Tennessee,Men'S Street Footwear,12,247,2964,Outlet
West Gear,2021-05-05,West,Idaho,Men'S Athletic Footwear,22,247,5434,Outlet
Sports Direct,2020-05-24,Southeast,Florida,Men'S Athletic Footwear,51,254,12954,Online
Walmart,2020-09-07,South,Texas,Women'S Street Footwear,36,315,11340,Outlet
Foot Locker,2021-01-09,Southeast,Georgia,Men'S Apparel,35,247,8645,Outlet
Foot Locker,2021-02-07,Southeast,Georgia,Men'S Athletic Footwear,27,247,6669,Outlet
Sports Direct,2021-09-08,South,Alabama,Women'S Street Footwear,41,254,10414,Online
Kohl'S,2021-03-10,West,Wyoming,Men'S Street Footwear,38,246,9348,Online
Foot Locker,2020-01-29,Northeast,New York,Men'S Apparel,43,289,12427,Outlet
West Gear,2020-12-27,West,California,Women'S Street Footwear,46,254,11684,Outlet
Kohl'S,2021-05-10,West,Wyoming,Men'S Street Footwear,45,246,11070,Online
West Gear,2021-01-23,West,California,Women'S Apparel,60,254,15240,Outlet
Sports Direct,2021-05-02,Southeast,North Carolina,Men'S Street Footwear,41,246,10086,Online
Sports Direct,2021-09-30,South,Texas,Women'S Street Footwear,47,254,11938,Outlet
Kohl'S,2021-11-20,South,Oklahoma,Women'S Street Footwear,25,245,6125,Online
Foot Locker,2020-02-03,Northeast,New York,Women'S Athletic Footwear,31,289,8959,Outlet
Foot Locker,2020-02-09,Northeast,New York,Women'S Athletic Footwear,33,289,9537,Outlet
West Gear,2021-11-03,Midwest,Wisconsin,Women'S Street Footwear,35,245,8575,In-Store
Foot Locker,2020-02-02,Northeast,New York,Women'S Street Footwear,39,252,9828,Online
Walmart,2020-04-25,Northeast,New York,Men'S Apparel,51,289,14739,Outlet
Foot Locker,2020-02-10,Northeast,New York,Men'S Apparel,59,245,14455,Online
Foot Locker,2020-03-08,Northeast,New York,Men'S Apparel,55,252,13860,Online
Sports Direct,2020-07-26,South,Texas,Men'S Athletic Footwear,23,289,6647,Outlet
West Gear,2021-01-13,West,California,Men'S Athletic Footwear,59,245,14455,Online
Walmart,2020-10-25,South,Texas,Women'S Apparel,44,289,12716,Outlet
Sports Direct,2021-09-05,South,Alabama,Women'S Apparel,50,245,12250,Online
West Gear,2021-12-08,Northeast,New York,Men'S Street Footwear,59,245,14455,Online
Walmart,2020-04-22,Northeast,New York,Women'S Athletic Footwear,47,252,11844,Online
Sports Direct,2021-10-04,Southeast,North Carolina,Men'S Street Footwear,42,245,10290,Online
West Gear,2020-09-14,Southeast,Florida,Women'S Athletic Footwear,53,233,12349,Online
Walmart,2020-04-23,Northeast,New York,Men'S Apparel,58,252,14616,Online
Walmart,2020-08-15,South,Texas,Women'S Athletic Footwear,31,245,7595,Outlet
Walmart,2020-04-30,Northeast,New York,Women'S Athletic Footwear,50,252,12600,Online
West Gear,2020-11-07,West,California,Men'S Street Footwear,28,289,8092,Outlet
West Gear,2020-12-24,West,California,Women'S Apparel,41,245,10045,Outlet
West Gear,2020-12-31,West,California,Men'S Street Footwear,56,252,14112,Online
West Gear,2021-01-30,West,California,Men'S Street Footwear,36,289,10404,Outlet
West Gear,2020-12-30,West,California,Women'S Apparel,62,245,15190,Outlet
Kohl'S,2021-05-07,West,California,Men'S Street Footwear,38,289,10982,Outlet
West Gear,2021-02-15,West,California,Men'S Apparel,43,245,10535,Outlet
Foot Locker,2021-07-16,South,Mississippi,Men'S Street Footwear,47,289,13583,Outlet
West Gear,2020-02-01,West,Nevada,Men'S Street Footwear,47,245,11515,Outlet
Foot Locker,2020-02-08,Northeast,New York,Women'S Street Footwear,36,288,10368,Outlet
West Gear,2020-09-16,Southeast,Florida,Women'S Apparel,67,244,16348,Online
Foot Locker,2020-03-08,Northeast,New York,Men'S Apparel,45,288,12960,Outlet
Sports Direct,2020-10-05,Southeast,Florida,Men'S Street Footwear,56,244,13664,Online
Foot Locker,2021-07-05,Southeast,South Carolina,Women'S Apparel,66,244,16104,Online
Foot Locker,2021-10-07,Southeast,South Carolina,Men'S Street Footwear,50,244,12200,Online
Sports Direct,2021-12-02,Southeast,North Carolina,Men'S Street Footwear,64,244,15616,Online
Foot Locker,2020-01-23,Northeast,New York,Men'S Apparel,58,243,14094,Online
Foot Locker,2020-03-13,Northeast,New York,Women'S Athletic Footwear,46,243,11178,Online
Kohl'S,2021-05-26,West,California,Men'S Athletic Footwear,42,288,12096,Outlet
Walmart,2020-10-21,South,Texas,Men'S Athletic Footwear,43,243,10449,Online
West Gear,2021-02-10,Southeast,Florida,Men'S Street Footwear,36,288,10368,Outlet
Kohl'S,2021-05-26,West,California,Men'S Athletic Footwear,50,243,12150,Online
Foot Locker,2021-09-05,Southeast,South Carolina,Men'S Street Footwear,51,287,14637,Online
Foot Locker,2021-08-06,Southeast,South Carolina,Men'S Athletic Footwear,54,243,13122,Online
Walmart,2020-08-13,South,Texas,Men'S Athletic Footwear,30,287,8610,Outlet
Foot Locker,2020-03-31,Northeast,New York,Women'S Athletic Footwear,47,241,11327,Online
West Gear,2021-01-24,West,California,Men'S Street Footwear,40,287,11480,Outlet
Foot Locker,2020-09-20,Southeast,Florida,Women'S Athletic Footwear,44,233,10252,Online
West Gear,2021-01-24,West,California,Men'S Street Footwear,51,241,12291,Online
Sports Direct,2021-04-21,South,Tennessee,Men'S Street Footwear,41,233,9553,Online
West Gear,2021-07-06,West,Idaho,Women'S Street Footwear,46,241,11086,Online
Sports Direct,2021-04-22,South,Tennessee,Men'S Athletic Footwear,54,233,12582,Online
Walmart,2020-09-11,South,Texas,Men'S Street Footwear,44,240,10560,Online
Sports Direct,2021-10-06,South,Alabama,Men'S Street Footwear,56,233,13048,Online
Kohl'S,2021-04-07,West,California,Men'S Street Footwear,43,240,10320,Online
Foot Locker,2021-06-24,Southeast,Virginia,Men'S Street Footwear,53,233,12349,Online
Foot Locker,2020-08-14,Southeast,Florida,Women'S Street Footwear,32,240,7680,Online
West Gear,2021-08-24,West,Oregon,Men'S Athletic Footwear,76,233,17708,Online
Sports Direct,2021-05-16,South,Tennessee,Men'S Athletic Footwear,51,240,12240,Online
Foot Locker,2021-12-04,West,Idaho,Men'S Street Footwear,54,233,12582,Online
Sports Direct,2021-09-11,South,Alabama,Women'S Apparel,56,240,13440,Online
Foot Locker,2021-08-06,Southeast,South Carolina,Women'S Athletic Footwear,44,233,10252,Online
Kohl'S,2021-05-01,West,California,Men'S Street Footwear,47,252,11844,Online
Foot Locker,2021-08-24,Southeast,Virginia,Men'S Street Footwear,83,240,19920,Online
Walmart,2021-07-19,South,Arkansas,Men'S Street Footwear,50,233,11650,Online
West Gear,2020-09-18,Southeast,Florida,Men'S Athletic Footwear,55,252,13860,Online
West Gear,2021-12-16,South,Louisiana,Men'S Street Footwear,69,240,16560,Online
Walmart,2020-09-16,South,Texas,Women'S Apparel,43,233,10019,Outlet
Foot Locker,2021-07-05,Southeast,South Carolina,Men'S Apparel,64,240,15360,Online
West Gear,2020-11-06,West,California,Women'S Apparel,36,233,8388,Outlet
West Gear,2021-03-08,Northeast,New York,Men'S Street Footwear,44,252,11088,Online
Foot Locker,2020-01-28,Northeast,New York,Women'S Athletic Footwear,31,240,7440,Outlet
West Gear,2021-01-01,West,California,Men'S Athletic Footwear,51,233,11883,Outlet
Amazon,2021-07-09,Midwest,Ohio,Men'S Street Footwear,63,252,15876,Online
Walmart,2020-08-14,South,Texas,Women'S Street Footwear,23,240,5520,Outlet
Kohl'S,2021-04-21,West,California,Women'S Street Footwear,35,233,8155,Outlet
Foot Locker,2020-10-18,Southeast,Florida,Men'S Athletic Footwear,35,250,8750,In-Store
West Gear,2021-01-16,West,California,Men'S Apparel,44,240,10560,Outlet
Sports Direct,2021-09-04,South,Texas,Men'S Street Footwear,13,233,3029,Outlet
Kohl'S,2021-03-13,West,California,Men'S Street Footwear,28,240,6720,Outlet
West Gear,2020-02-07,West,Nevada,Men'S Street Footwear,48,233,11184,Outlet
Kohl'S,2021-04-13,West,California,Men'S Street Footwear,32,240,7680,Outlet
Foot Locker,2020-10-19,Southeast,Florida,Women'S Street Footwear,25,250,6250,In-Store
Sports Direct,2021-04-21,South,Tennessee,Men'S Street Footwear,29,233,6757,Outlet
Kohl'S,2021-04-27,West,California,Women'S Street Footwear,33,240,7920,Outlet
Foot Locker,2020-10-22,Midwest,Minnesota,Women'S Apparel,35,250,8750,In-Store
Sports Direct,2021-09-01,South,Alabama,Men'S Athletic Footwear,35,233,8155,Outlet
West Gear,2021-01-25,West,California,Men'S Athletic Footwear,42,287,12054,Outlet
Sports Direct,2021-09-27,South,Texas,Women'S Apparel,43,240,10320,Outlet
Amazon,2021-10-14,South,Alabama,Women'S Street Footwear,30,250,7500,Outlet
Sports Direct,2021-09-12,South,Alabama,Men'S Street Footwear,27,233,6291,Outlet
Sports Direct,2021-04-04,South,Tennessee,Men'S Athletic Footwear,20,240,4800,Outlet
Sports Direct,2021-09-13,South,Alabama,Men'S Athletic Footwear,39,233,9087,Outlet
Foot Locker,2020-03-15,Northeast,New York,Women'S Apparel,61,286,17446,Online
Foot Locker,2021-02-18,Midwest,Missouri,Women'S Athletic Footwear,25,250,6250,In-Store
Walmart,2020-05-05,Northeast,New York,Women'S Street Footwear,54,285,15390,Online
Sports Direct,2021-04-10,South,Tennessee,Men'S Athletic Footwear,32,240,7680,Outlet
Foot Locker,2021-10-18,Midwest,Missouri,Women'S Street Footwear,25,250,6250,In-Store
Walmart,2020-10-27,South,Texas,Men'S Athletic Footwear,44,285,12540,Online
Sports Direct,2021-10-06,South,Alabama,Men'S Street Footwear,46,240,11040,Outlet
West Gear,2021-03-10,West,Utah,Women'S Athletic Footwear,25,250,6250,In-Store
Sports Direct,2021-04-23,South,Tennessee,Women'S Street Footwear,46,285,13110,Online
Foot Locker,2021-08-24,Southeast,Virginia,Men'S Athletic Footwear,53,240,12720,Outlet
Walmart,2020-08-25,South,Texas,Men'S Athletic Footwear,32,285,9120,Outlet
West Gear,2021-04-11,West,Utah,Women'S Athletic Footwear,20,250,5000,In-Store
Amazon,2021-02-22,Midwest,Ohio,Women'S Street Footwear,30,250,7500,Online
Amazon,2021-03-21,Southeast,Kentucky,Women'S Street Footwear,35,250,8750,Online
Kohl'S,2021-04-25,West,California,Men'S Street Footwear,30,285,8550,Outlet
Walmart,2021-02-21,South,Arkansas,Women'S Athletic Footwear,20,250,5000,Online
Foot Locker,2020-09-23,Southeast,Florida,Men'S Street Footwear,53,284,15052,Online
Walmart,2021-03-19,South,Arkansas,Men'S Apparel,35,250,8750,Online
Foot Locker,2021-04-06,Southeast,South Carolina,Men'S Street Footwear,33,283,9339,Online
Foot Locker,2021-05-05,Southeast,South Carolina,Men'S Street Footwear,48,282,13536,Online
West Gear,2021-06-24,West,Oregon,Men'S Street Footwear,43,240,10320,Outlet
West Gear,2021-02-21,South,Oklahoma,Men'S Apparel,35,250,8750,Online
Foot Locker,2020-01-04,Northeast,New York,Women'S Athletic Footwear,36,281,10116,Outlet
West Gear,2021-05-05,West,Idaho,Women'S Apparel,33,240,7920,Outlet
West Gear,2021-03-19,South,Oklahoma,Men'S Athletic Footwear,20,250,5000,Online
Foot Locker,2021-06-24,Southeast,Virginia,Men'S Street Footwear,37,233,8621,Outlet
West Gear,2021-09-19,South,Oklahoma,Women'S Athletic Footwear,15,250,3750,Online
Sports Direct,2021-01-19,Southeast,Virginia,Men'S Street Footwear,23,233,5359,Outlet
West Gear,2021-09-19,South,Oklahoma,Men'S Apparel,25,250,6250,Online
West Gear,2021-12-23,West,Oregon,Men'S Athletic Footwear,56,233,13048,Outlet
West Gear,2021-06-04,West,Idaho,Men'S Street Footwear,31,233,7223,Outlet
Kohl'S,2021-01-16,South,Oklahoma,Men'S Apparel,35,250,8750,Online
Foot Locker,2021-08-08,West,Idaho,Men'S Street Footwear,38,233,8854,Outlet
Kohl'S,2021-02-14,South,Oklahoma,Men'S Athletic Footwear,25,250,6250,Online
Foot Locker,2021-12-04,West,Idaho,Men'S Street Footwear,40,240,9600,Outlet
Foot Locker,2021-12-04,West,Idaho,Men'S Athletic Footwear,41,240,9840,Outlet
Foot Locker,2020-02-03,Northeast,New York,Women'S Athletic Footwear,41,239,9799,Online
Kohl'S,2021-03-12,Midwest,Kansas,Women'S Street Footwear,10,250,2500,Online
Kohl'S,2021-03-12,Midwest,Kansas,Women'S Apparel,25,250,6250,Online
Kohl'S,2021-05-12,Midwest,Kansas,Women'S Street Footwear,35,250,8750,Online
West Gear,2020-07-01,West,Washington,Men'S Street Footwear,73,239,17447,Online
Kohl'S,2021-09-12,Midwest,Kansas,Women'S Street Footwear,15,250,3750,Online
West Gear,2021-08-17,South,Louisiana,Men'S Athletic Footwear,77,239,18403,Online
Foot Locker,2021-01-09,Southeast,Georgia,Women'S Apparel,37,239,8843,Online
Sports Direct,2021-06-09,Midwest,North Dakota,Men'S Athletic Footwear,35,250,8750,In-Store
Walmart,2021-08-20,South,Arkansas,Men'S Street Footwear,43,233,10019,Outlet
West Gear,2020-11-08,West,California,Men'S Athletic Footwear,36,239,8604,Outlet
Walmart,2020-08-11,South,Texas,Women'S Apparel,39,232,9048,Online
Foot Locker,2021-01-06,Midwest,North Dakota,Men'S Athletic Footwear,30,250,7500,In-Store
Sports Direct,2021-10-18,South,Texas,Women'S Street Footwear,46,239,10994,Outlet
Walmart,2020-08-20,South,Texas,Women'S Street Footwear,37,232,8584,Online
Foot Locker,2021-01-06,Midwest,North Dakota,Women'S Street Footwear,20,250,5000,In-Store
Sports Direct,2021-08-08,West,Idaho,Women'S Apparel,44,239,10516,Outlet
Foot Locker,2021-01-06,Midwest,North Dakota,Women'S Apparel,30,250,7500,In-Store
Foot Locker,2021-02-06,Midwest,Iowa,Women'S Apparel,15,250,3750,In-Store
Foot Locker,2021-03-05,Midwest,Iowa,Women'S Apparel,20,250,5000,In-Store
Kohl'S,2021-05-14,West,California,Men'S Athletic Footwear,51,232,11832,Online
Foot Locker,2020-01-30,Northeast,New York,Women'S Apparel,45,238,10710,Online
Sports Direct,2021-09-15,Midwest,Michigan,Men'S Street Footwear,42,232,9744,Online
Foot Locker,2021-09-05,Southeast,South Carolina,Women'S Apparel,52,232,12064,Online
Foot Locker,2021-10-06,Midwest,Iowa,Men'S Athletic Footwear,35,250,8750,In-Store
Amazon,2021-06-11,Midwest,Ohio,Men'S Street Footwear,49,232,11368,Online
Sports Direct,2020-08-08,South,Texas,Women'S Street Footwear,24,232,5568,Outlet
West Gear,2021-01-03,Midwest,Iowa,Men'S Athletic Footwear,30,250,7500,In-Store
Kohl'S,2021-05-03,West,California,Women'S Street Footwear,34,232,7888,Outlet
West Gear,2021-01-03,Midwest,Iowa,Women'S Street Footwear,20,250,5000,In-Store
Kohl'S,2021-05-30,West,California,Women'S Apparel,44,232,10208,Outlet
West Gear,2021-01-03,Midwest,Iowa,Women'S Apparel,30,250,7500,In-Store
Sports Direct,2021-09-28,South,Texas,Men'S Street Footwear,38,232,8816,Outlet
Foot Locker,2020-02-04,Northeast,New York,Men'S Apparel,44,281,12364,Outlet
West Gear,2021-02-03,Midwest,Wisconsin,Women'S Apparel,15,250,3750,In-Store
Walmart,2020-10-22,South,Texas,Women'S Street Footwear,34,281,9554,Outlet
Foot Locker,2020-02-05,Northeast,New York,Women'S Apparel,49,238,11662,Online
West Gear,2021-09-04,Midwest,Wisconsin,Men'S Athletic Footwear,30,250,7500,In-Store
Sports Direct,2021-04-26,South,Tennessee,Women'S Apparel,40,232,9280,Outlet
West Gear,2021-01-08,West,California,Women'S Street Footwear,42,281,11802,Outlet
Foot Locker,2021-12-04,West,Idaho,Women'S Apparel,47,232,10904,Outlet
Walmart,2020-08-18,South,Texas,Men'S Street Footwear,39,238,9282,Online
West Gear,2021-02-10,Midwest,Wisconsin,Women'S Street Footwear,25,250,6250,In-Store
Sports Direct,2021-10-16,South,Texas,Men'S Street Footwear,46,281,12926,Outlet
Walmart,2021-09-16,South,Mississippi,Men'S Street Footwear,40,232,9280,Outlet
Walmart,2020-08-19,South,Texas,Men'S Athletic Footwear,42,238,9996,Online
Foot Locker,2021-01-09,Southeast,Georgia,Women'S Apparel,30,281,8430,Outlet
Foot Locker,2020-03-14,Northeast,New York,Men'S Apparel,58,231,13398,Online
Walmart,2020-08-24,South,Texas,Men'S Street Footwear,37,238,8806,Online
West Gear,2021-10-10,Midwest,Indiana,Men'S Athletic Footwear,35,250,8750,In-Store
Kohl'S,2021-05-19,West,California,Men'S Street Footwear,49,231,11319,Online
Walmart,2020-08-25,South,Texas,Men'S Athletic Footwear,42,238,9996,Online
Sports Direct,2021-09-16,South,Texas,Men'S Street Footwear,41,231,9471,Online
Sports Direct,2021-10-17,South,Texas,Men'S Athletic Footwear,56,231,12936,Online
Walmart,2020-04-24,Northeast,New York,Women'S Apparel,59,280,16520,Online
West Gear,2020-09-19,Southeast,Florida,Women'S Street Footwear,53,231,12243,Online
West Gear,2021-04-17,Northeast,West Virginia,Men'S Athletic Footwear,30,250,7500,In-Store
Walmart,2020-10-26,South,Texas,Men'S Street Footwear,41,238,9758,Online
West Gear,2021-06-04,West,Idaho,Women'S Apparel,55,231,12705,Online
West Gear,2021-04-17,Northeast,West Virginia,Women'S Street Footwear,20,250,5000,In-Store
Kohl'S,2021-04-25,West,California,Men'S Street Footwear,41,238,9758,Online
Foot Locker,2021-08-06,Southeast,South Carolina,Women'S Street Footwear,50,231,11550,Online
Foot Locker,2020-02-10,Northeast,New York,Men'S Apparel,47,280,13160,Outlet
West Gear,2021-09-18,Northeast,West Virginia,Women'S Street Footwear,25,250,6250,In-Store
Walmart,2020-05-01,Northeast,New York,Men'S Apparel,47,280,13160,Outlet
Sports Direct,2021-01-06,Southeast,South Carolina,Men'S Street Footwear,33,231,7623,Online
Kohl'S,2021-04-07,Northeast,New Jersey,Women'S Apparel,35,250,8750,In-Store
West Gear,2021-09-08,Northeast,New York,Men'S Street Footwear,50,238,11900,Online
Sports Direct,2021-06-04,Southeast,North Carolina,Women'S Apparel,67,231,15477,Online
Kohl'S,2021-02-12,Northeast,New York,Men'S Street Footwear,37,238,8806,Online
Sports Direct,2021-08-03,Southeast,North Carolina,Women'S Apparel,54,231,12474,Online
Sports Direct,2021-06-04,Southeast,North Carolina,Men'S Street Footwear,46,238,10948,Online
Amazon,2021-02-11,Southeast,North Carolina,Men'S Street Footwear,32,231,7392,Online
Sports Direct,2020-07-21,Northeast,New York,Women'S Street Footwear,27,238,6426,Outlet
Amazon,2021-03-09,Midwest,Ohio,Men'S Street Footwear,27,231,6237,Online
Kohl'S,2021-05-24,West,California,Women'S Apparel,49,238,11662,Outlet
Amazon,2021-12-09,Midwest,Ohio,Men'S Street Footwear,70,231,16170,Online
Sports Direct,2020-07-30,South,Texas,Women'S Apparel,26,231,6006,Outlet
West Gear,2020-11-14,West,California,Men'S Athletic Footwear,39,231,9009,Outlet
Kohl'S,2021-05-27,West,California,Women'S Street Footwear,39,231,9009,Outlet
West Gear,2020-02-13,West,Nevada,Men'S Street Footwear,44,238,10472,Outlet
Sports Direct,2021-08-29,South,Texas,Men'S Street Footwear,13,231,3003,Outlet
Walmart,2021-06-17,Southeast,Florida,Women'S Street Footwear,60,238,14280,Outlet
Walmart,2021-08-17,Southeast,Florida,Women'S Street Footwear,62,231,14322,Outlet
Walmart,2021-07-16,Southeast,Florida,Women'S Street Footwear,72,238,17136,Outlet
Walmart,2021-11-17,Southeast,Florida,Men'S Athletic Footwear,46,231,10626,Outlet
Kohl'S,2021-12-25,West,New Mexico,Men'S Street Footwear,44,238,10472,Outlet
Foot Locker,2021-06-24,Southeast,Virginia,Women'S Apparel,82,231,18942,Outlet
Foot Locker,2021-05-16,South,Mississippi,Men'S Street Footwear,27,238,6426,Outlet
West Gear,2021-12-10,West,Utah,Men'S Street Footwear,29,231,6699,Outlet
West Gear,2021-06-24,West,Oregon,Women'S Apparel,74,231,17094,Outlet
Foot Locker,2020-01-29,Northeast,New York,Men'S Apparel,59,230,13570,Online
West Gear,2021-12-19,South,Arkansas,Men'S Street Footwear,55,238,13090,Outlet
Foot Locker,2020-02-09,Northeast,New York,Women'S Athletic Footwear,46,230,10580,Online
West Gear,2020-11-13,West,California,Men'S Street Footwear,49,230,11270,Online
Foot Locker,2020-08-08,West,Washington,Women'S Street Footwear,34,230,7820,Online
Sports Direct,2021-02-05,Northeast,New Jersey,Women'S Street Footwear,30,250,7500,In-Store
West Gear,2021-01-31,West,California,Men'S Athletic Footwear,39,280,10920,Outlet
Walmart,2020-10-23,South,Texas,Women'S Athletic Footwear,36,230,8280,Outlet
Sports Direct,2021-09-11,South,Texas,Men'S Athletic Footwear,40,280,11200,Outlet
Kohl'S,2021-05-05,West,California,Men'S Apparel,43,230,9890,Outlet
Sports Direct,2021-09-15,South,Texas,Women'S Apparel,42,280,11760,Outlet
West Gear,2021-07-19,South,Oklahoma,Men'S Street Footwear,43,238,10234,Outlet
Sports Direct,2021-08-17,South,Texas,Men'S Street Footwear,19,230,4370,Outlet
Sports Direct,2021-03-03,Northeast,Connecticut,Women'S Street Footwear,30,250,7500,In-Store
Walmart,2020-04-25,Northeast,New York,Men'S Apparel,64,236,15104,Online
Sports Direct,2021-09-05,West,Idaho,Men'S Street Footwear,41,230,9430,Outlet
Sports Direct,2021-01-17,Northeast,Rhode Island,Women'S Street Footwear,30,250,7500,In-Store
Sports Direct,2021-09-05,South,Alabama,Women'S Apparel,36,280,10080,Outlet
Sports Direct,2020-08-01,South,Texas,Men'S Athletic Footwear,39,236,9204,Online
West Gear,2021-08-20,South,Oklahoma,Men'S Street Footwear,41,230,9430,Outlet
Sports Direct,2021-09-11,South,Alabama,Women'S Apparel,47,280,13160,Outlet
West Gear,2021-01-30,West,California,Men'S Street Footwear,51,236,12036,Online
Walmart,2021-12-16,Southeast,Florida,Men'S Street Footwear,58,280,16240,Outlet
West Gear,2021-02-06,West,California,Men'S Athletic Footwear,58,236,13688,Online
West Gear,2020-12-25,West,California,Men'S Street Footwear,56,228,12768,Online
Kohl'S,2021-07-10,West,Wyoming,Men'S Street Footwear,48,228,10944,Online
Walmart,2020-04-17,Northeast,New York,Men'S Apparel,43,279,11997,Outlet
Sports Direct,2021-04-14,South,Tennessee,Women'S Apparel,49,236,11564,Online
Walmart,2020-05-07,Northeast,New York,Men'S Apparel,48,279,13392,Outlet
Sports Direct,2021-12-05,Southeast,South Carolina,Women'S Apparel,68,228,15504,Online
Foot Locker,2020-03-06,Northeast,New York,Women'S Street Footwear,46,278,12788,Online
Sports Direct,2020-07-27,South,Texas,Women'S Street Footwear,27,236,6372,Outlet
Amazon,2021-08-10,Midwest,Ohio,Men'S Street Footwear,61,228,13908,Online
Sports Direct,2021-08-24,South,Texas,Men'S Athletic Footwear,31,236,7316,Outlet
Sports Direct,2020-08-05,South,Texas,Women'S Apparel,29,228,6612,Outlet
Sports Direct,2021-10-03,South,Texas,Women'S Apparel,33,236,7788,Outlet
Walmart,2020-09-03,South,Texas,Men'S Apparel,35,228,7980,Outlet
Foot Locker,2020-09-22,Southeast,Florida,Women'S Apparel,56,278,15568,Online
Sports Direct,2021-10-15,South,Texas,Women'S Apparel,51,236,12036,Outlet
Sports Direct,2021-02-15,Northeast,Massachusetts,Women'S Athletic Footwear,35,250,8750,In-Store
Foot Locker,2021-08-06,Southeast,South Carolina,Women'S Apparel,58,278,16124,Online
Walmart,2021-06-21,South,Arkansas,Men'S Street Footwear,28,236,6608,Outlet
Foot Locker,2020-01-03,Northeast,New York,Women'S Street Footwear,36,250,9000,Online
Walmart,2020-08-23,South,Texas,Women'S Apparel,47,250,11750,Online
West Gear,2021-01-03,West,California,Women'S Athletic Footwear,42,228,9576,Outlet
West Gear,2021-08-09,Northeast,New York,Men'S Street Footwear,62,250,15500,Online
West Gear,2021-02-09,West,California,Men'S Apparel,51,228,11628,Outlet
Kohl'S,2021-03-20,West,California,Men'S Athletic Footwear,36,228,8208,Outlet
Kohl'S,2021-04-28,West,California,Women'S Athletic Footwear,29,228,6612,Outlet
Foot Locker,2021-08-08,West,Idaho,Women'S Street Footwear,46,250,11500,Online
Sports Direct,2021-10-12,South,Texas,Women'S Street Footwear,51,228,11628,Outlet
Foot Locker,2021-06-07,Southeast,South Carolina,Women'S Apparel,65,250,16250,Online
Sports Direct,2021-09-02,Southeast,North Carolina,Men'S Street Footwear,53,250,13250,Online
West Gear,2021-01-07,West,California,Men'S Athletic Footwear,63,248,15624,Online
Sports Direct,2021-09-02,South,Alabama,Women'S Street Footwear,35,228,7980,Outlet
West Gear,2021-01-14,West,California,Women'S Street Footwear,62,248,15376,Online
West Gear,2021-03-10,West,Utah,Men'S Street Footwear,20,228,4560,Outlet
West Gear,2021-03-02,Midwest,Wisconsin,Women'S Apparel,20,225,4500,In-Store
West Gear,2020-04-24,Southeast,Florida,Women'S Apparel,64,248,15872,Online
West Gear,2021-05-12,West,Utah,Men'S Street Footwear,27,228,6156,Outlet
West Gear,2021-09-12,West,Utah,Men'S Street Footwear,23,228,5244,Outlet
West Gear,2021-07-02,Midwest,Wisconsin,Women'S Street Footwear,40,225,9000,In-Store
Walmart,2021-05-19,South,Arkansas,Men'S Street Footwear,26,228,5928,Outlet
West Gear,2021-08-03,Midwest,Wisconsin,Women'S Street Footwear,40,225,9000,In-Store
Foot Locker,2021-06-08,Midwest,Illinois,Women'S Street Footwear,35,225,7875,Outlet
West Gear,2021-10-03,Midwest,Wisconsin,Men'S Athletic Footwear,35,225,7875,In-Store
West Gear,2021-11-03,Midwest,Wisconsin,Women'S Athletic Footwear,35,225,7875,In-Store
West Gear,2021-03-09,Midwest,Indiana,Men'S Athletic Footwear,25,225,5625,In-Store
Foot Locker,2021-06-14,Midwest,Illinois,Women'S Street Footwear,40,225,9000,Outlet
West Gear,2021-05-11,Midwest,Indiana,Women'S Street Footwear,35,225,7875,In-Store
West Gear,2021-08-10,Midwest,Indiana,Women'S Street Footwear,40,225,9000,In-Store
West Gear,2021-09-11,Midwest,Indiana,Women'S Apparel,40,225,9000,In-Store
Foot Locker,2020-01-05,Northeast,New York,Men'S Apparel,55,234,12870,Online
West Gear,2021-03-16,Northeast,West Virginia,Men'S Apparel,40,225,9000,In-Store
Foot Locker,2021-07-15,Midwest,Illinois,Women'S Athletic Footwear,40,225,9000,Outlet
Foot Locker,2021-10-24,South,Texas,Women'S Street Footwear,35,225,7875,Outlet
West Gear,2021-09-18,Northeast,West Virginia,Women'S Athletic Footwear,25,225,5625,In-Store
Foot Locker,2020-10-28,Midwest,Minnesota,Women'S Apparel,35,225,7875,In-Store
West Gear,2021-09-18,Northeast,West Virginia,Men'S Apparel,35,225,7875,In-Store
Foot Locker,2020-02-01,Northeast,New York,Men'S Athletic Footwear,47,234,10998,Online
Foot Locker,2020-11-24,Midwest,Minnesota,Women'S Street Footwear,40,225,9000,Outlet
Foot Locker,2021-01-24,Northeast,West Virginia,Men'S Athletic Footwear,35,225,7875,In-Store
Sports Direct,2020-07-19,Northeast,New York,Men'S Street Footwear,24,234,5616,Online
Foot Locker,2021-01-24,Northeast,West Virginia,Women'S Street Footwear,25,225,5625,In-Store
Sports Direct,2020-08-06,South,Texas,Men'S Street Footwear,27,234,6318,Online
Foot Locker,2021-01-24,Northeast,West Virginia,Women'S Apparel,35,225,7875,In-Store
Walmart,2020-09-07,South,Texas,Women'S Street Footwear,46,234,10764,Online
Foot Locker,2020-11-30,Midwest,Minnesota,Women'S Street Footwear,40,225,9000,Outlet
West Gear,2021-02-22,Northeast,Maryland,Women'S Apparel,35,225,7875,In-Store
Foot Locker,2021-05-22,South,Tennessee,Men'S Athletic Footwear,35,225,7875,Outlet
Foot Locker,2021-02-15,Northeast,Maryland,Men'S Athletic Footwear,40,225,9000,In-Store
Walmart,2020-10-20,South,Texas,Men'S Street Footwear,43,234,10062,Online
Foot Locker,2021-04-14,Northeast,Delaware,Men'S Athletic Footwear,40,225,9000,In-Store
West Gear,2021-02-10,Southeast,Florida,Men'S Street Footwear,44,234,10296,Online
Foot Locker,2021-05-23,South,Tennessee,Women'S Street Footwear,25,225,5625,Outlet
Foot Locker,2021-04-14,Northeast,Delaware,Women'S Street Footwear,30,225,6750,In-Store
West Gear,2020-11-06,West,California,Women'S Apparel,49,233,11417,Online
Foot Locker,2021-05-26,Midwest,Nebraska,Women'S Apparel,35,225,7875,Outlet
Kohl'S,2021-02-08,Northeast,Delaware,Women'S Street Footwear,25,225,5625,In-Store
Foot Locker,2021-06-28,Midwest,Nebraska,Women'S Street Footwear,35,225,7875,Outlet
Kohl'S,2021-03-06,Northeast,New Jersey,Women'S Street Footwear,25,225,5625,In-Store
Amazon,2021-11-04,Northeast,Maine,Women'S Apparel,40,225,9000,Outlet
Kohl'S,2021-03-06,Northeast,New Jersey,Women'S Apparel,35,225,7875,In-Store
West Gear,2021-01-16,West,California,Men'S Apparel,64,233,14912,Online
Sports Direct,2021-03-03,Northeast,Connecticut,Men'S Athletic Footwear,40,225,9000,In-Store
West Gear,2021-01-17,West,California,Women'S Apparel,72,233,16776,Online
Foot Locker,2021-01-10,Northeast,Connecticut,Men'S Athletic Footwear,35,225,7875,In-Store
West Gear,2021-02-13,West,California,Women'S Street Footwear,52,233,12116,Online
Foot Locker,2021-04-18,Midwest,Missouri,Men'S Apparel,40,225,9000,In-Store
Foot Locker,2021-01-10,Northeast,Connecticut,Women'S Street Footwear,25,225,5625,In-Store
Foot Locker,2021-05-19,Midwest,Missouri,Women'S Athletic Footwear,30,225,6750,In-Store
Foot Locker,2021-01-10,Northeast,Connecticut,Women'S Apparel,35,225,7875,In-Store
Sports Direct,2021-09-27,South,Texas,Women'S Apparel,56,233,13048,Online
Sports Direct,2020-05-24,Southeast,Florida,Women'S Street Footwear,52,248,12896,Online
Foot Locker,2021-02-08,Northeast,Rhode Island,Women'S Apparel,35,225,7875,In-Store
Foot Locker,2021-10-18,Midwest,Missouri,Women'S Athletic Footwear,25,225,5625,In-Store
West Gear,2021-04-09,Northeast,New York,Men'S Street Footwear,42,248,10416,Online
Foot Locker,2021-06-08,Northeast,Rhode Island,Women'S Street Footwear,40,225,9000,In-Store
Foot Locker,2021-10-18,Midwest,Missouri,Men'S Apparel,35,225,7875,In-Store
West Gear,2021-06-17,South,Louisiana,Men'S Street Footwear,58,248,14384,Online
Amazon,2021-04-11,Northeast,Vermont,Women'S Street Footwear,35,225,7875,In-Store
West Gear,2021-05-18,South,Louisiana,Men'S Apparel,40,225,9000,In-Store
Walmart,2020-05-06,Northeast,New York,Women'S Athletic Footwear,54,225,12150,Online
Sports Direct,2020-07-20,Northeast,New York,Men'S Athletic Footwear,34,225,7650,Online
Foot Locker,2021-01-09,Southeast,Georgia,Women'S Street Footwear,29,248,7192,Online
Sports Direct,2020-08-07,South,Texas,Men'S Athletic Footwear,38,225,8550,Online
Foot Locker,2021-02-23,West,Arizona,Women'S Athletic Footwear,40,225,9000,Online
Foot Locker,2021-07-05,Southeast,South Carolina,Women'S Street Footwear,51,248,12648,Online
Amazon,2021-06-22,Southeast,Kentucky,Women'S Street Footwear,30,225,6750,Online
Foot Locker,2020-01-22,Northeast,New York,Women'S Athletic Footwear,32,248,7936,Outlet
Amazon,2021-07-21,Southeast,Kentucky,Women'S Athletic Footwear,40,225,9000,Online
Walmart,2020-09-12,South,Texas,Men'S Athletic Footwear,29,248,7192,Outlet
Amazon,2021-09-23,Southeast,Kentucky,Women'S Street Footwear,35,225,7875,Online
West Gear,2020-11-02,South,Texas,Men'S Athletic Footwear,33,248,8184,Outlet
Walmart,2021-04-20,South,Arkansas,Women'S Athletic Footwear,20,225,4500,Online
West Gear,2021-01-20,West,California,Women'S Street Footwear,51,248,12648,Outlet
Walmart,2020-08-14,South,Texas,Women'S Street Footwear,33,225,7425,Online
Walmart,2020-09-04,South,Texas,Women'S Apparel,46,225,10350,Online
West Gear,2021-01-23,South,Arkansas,Women'S Athletic Footwear,20,225,4500,Online
Sports Direct,2021-10-21,South,Texas,Women'S Apparel,65,233,15145,Online
West Gear,2021-01-26,West,California,Women'S Street Footwear,39,248,9672,Outlet
West Gear,2021-01-01,West,California,Men'S Athletic Footwear,64,225,14400,Online
West Gear,2020-09-09,Southeast,Florida,Men'S Apparel,62,233,14446,Online
West Gear,2021-01-26,West,California,Women'S Street Footwear,52,225,11700,Online
West Gear,2021-04-20,South,Oklahoma,Men'S Athletic Footwear,25,225,5625,Online
Kohl'S,2021-03-13,West,California,Men'S Street Footwear,34,225,7650,Online
West Gear,2021-04-20,South,Oklahoma,Women'S Street Footwear,15,225,3375,Online
Kohl'S,2021-04-20,West,California,Men'S Athletic Footwear,47,225,10575,Online
West Gear,2021-05-19,South,Oklahoma,Women'S Athletic Footwear,35,225,7875,Online
Kohl'S,2021-05-25,West,California,Men'S Street Footwear,49,225,11025,Online
Foot Locker,2020-08-19,Southeast,Florida,Men'S Athletic Footwear,42,225,9450,Online
West Gear,2021-10-21,South,Oklahoma,Women'S Street Footwear,20,225,4500,Online
Foot Locker,2020-08-23,Southeast,Florida,Women'S Apparel,42,225,9450,Online
Kohl'S,2021-02-14,Midwest,Kansas,Men'S Apparel,35,225,7875,Online
West Gear,2020-09-12,Southeast,Florida,Men'S Athletic Footwear,57,225,12825,Online
Foot Locker,2021-11-13,Midwest,Kansas,Women'S Street Footwear,25,220,5500,Online
Foot Locker,2020-09-21,Southeast,Florida,Men'S Apparel,52,225,11700,Online
West Gear,2021-11-06,Midwest,Iowa,Women'S Street Footwear,35,220,7700,In-Store
Sports Direct,2020-09-25,Southeast,Florida,Women'S Street Footwear,41,225,9225,Online
West Gear,2021-01-11,West,California,Women'S Apparel,72,219,15768,Online
Sports Direct,2021-05-20,South,Tennessee,Women'S Apparel,61,225,13725,Online
Foot Locker,2021-06-18,South,Mississippi,Men'S Street Footwear,44,210,9240,Online
West Gear,2021-01-31,West,California,Men'S Athletic Footwear,59,219,12921,Online
Sports Direct,2021-09-12,South,Alabama,Men'S Street Footwear,38,225,8550,Online
Kohl'S,2021-03-12,Midwest,Kansas,Men'S Athletic Footwear,20,225,4500,Online
Walmart,2021-08-20,South,Arkansas,Men'S Street Footwear,55,210,11550,Online
Sports Direct,2021-10-07,South,Alabama,Men'S Athletic Footwear,58,225,13050,Online
Foot Locker,2020-05-24,Southeast,Florida,Women'S Apparel,64,219,14016,Online
Kohl'S,2021-09-12,Midwest,Kansas,Women'S Athletic Footwear,15,225,3375,Online
Sports Direct,2020-07-22,Northeast,New York,Women'S Athletic Footwear,27,210,5670,Outlet
Foot Locker,2021-12-05,Southeast,South Carolina,Men'S Athletic Footwear,58,219,12702,Online
Kohl'S,2021-09-12,Midwest,Kansas,Men'S Apparel,25,225,5625,Online
Walmart,2021-07-16,Southeast,Florida,Men'S Athletic Footwear,88,225,19800,Online
Walmart,2020-10-29,South,Texas,Women'S Athletic Footwear,36,210,7560,Outlet
Foot Locker,2021-02-12,Midwest,Kansas,Women'S Street Footwear,30,225,6750,Online
Foot Locker,2021-12-23,Southeast,Virginia,Men'S Street Footwear,60,225,13500,Online
West Gear,2020-11-12,West,California,Women'S Apparel,33,210,6930,Outlet
West Gear,2020-11-04,South,Texas,Women'S Athletic Footwear,35,219,7665,Outlet
Foot Locker,2021-12-23,Southeast,Virginia,Men'S Athletic Footwear,74,225,16650,Online
West Gear,2020-11-15,West,California,Women'S Street Footwear,47,210,9870,Outlet
Kohl'S,2021-05-29,West,California,Men'S Apparel,43,219,9417,Outlet
Sports Direct,2021-07-15,Midwest,Michigan,Men'S Street Footwear,57,225,12825,Online
Foot Locker,2021-03-11,Midwest,South Dakota,Women'S Street Footwear,30,225,6750,Online
West Gear,2021-02-01,West,California,Women'S Street Footwear,42,210,8820,Outlet
Sports Direct,2021-10-05,South,Texas,Men'S Athletic Footwear,29,219,6351,Outlet
Sports Direct,2021-10-17,Midwest,Michigan,Men'S Street Footwear,49,225,11025,Online
Foot Locker,2021-03-11,Midwest,South Dakota,Women'S Apparel,40,225,9000,Online
West Gear,2021-02-08,West,California,Women'S Athletic Footwear,37,210,7770,Outlet
Sports Direct,2021-03-17,South,Tennessee,Men'S Athletic Footwear,23,219,5037,Outlet
West Gear,2021-06-24,West,Oregon,Men'S Street Footwear,51,225,11475,Online
Kohl'S,2021-03-12,West,California,Women'S Apparel,29,210,6090,Outlet
Foot Locker,2021-08-06,Southeast,South Carolina,Men'S Apparel,51,225,11475,Online
Sports Direct,2021-05-02,South,Tennessee,Women'S Apparel,30,219,6570,Outlet
Kohl'S,2021-04-08,West,California,Men'S Athletic Footwear,34,210,7140,Outlet
Foot Locker,2021-10-07,Southeast,South Carolina,Women'S Apparel,56,225,12600,Online
West Gear,2021-11-17,South,Louisiana,Men'S Street Footwear,28,219,6132,Outlet
Kohl'S,2021-05-09,West,California,Women'S Street Footwear,38,210,7980,Outlet
Foot Locker,2021-11-06,Southeast,South Carolina,Women'S Athletic Footwear,53,225,11925,Online
Sports Direct,2021-09-05,West,Idaho,Men'S Athletic Footwear,38,219,8322,Outlet
Kohl'S,2021-05-12,West,California,Women'S Apparel,49,210,10290,Outlet
Sports Direct,2021-12-05,Southeast,South Carolina,Men'S Apparel,66,225,14850,Online
Kohl'S,2021-05-17,West,California,Men'S Apparel,46,210,9660,Outlet
Foot Locker,2021-06-18,South,Mississippi,Women'S Apparel,51,219,11169,Outlet
Amazon,2021-12-02,Southeast,North Carolina,Women'S Apparel,69,225,15525,Online
Sports Direct,2021-08-30,South,Texas,Men'S Athletic Footwear,21,210,4410,Outlet
West Gear,2021-01-02,West,California,Women'S Street Footwear,60,218,13080,Online
Amazon,2021-09-09,Midwest,Ohio,Men'S Street Footwear,50,225,11250,Online
Sports Direct,2021-09-03,South,Texas,Women'S Apparel,22,210,4620,Outlet
West Gear,2021-01-15,West,California,Women'S Athletic Footwear,55,218,11990,Online
Foot Locker,2021-02-18,Southeast,Kentucky,Men'S Street Footwear,28,225,6300,Online
Sports Direct,2021-05-17,South,Tennessee,Women'S Street Footwear,44,210,9240,Outlet
West Gear,2021-01-28,West,California,Men'S Apparel,63,218,13734,Online
West Gear,2021-01-02,West,California,Women'S Street Footwear,46,225,10350,Outlet
Sports Direct,2021-09-03,South,Alabama,Women'S Athletic Footwear,31,210,6510,Outlet
West Gear,2021-01-05,West,California,Women'S Apparel,58,225,13050,Outlet
Foot Locker,2021-07-23,Southeast,Virginia,Men'S Apparel,72,210,15120,Outlet
West Gear,2021-01-28,West,California,Men'S Apparel,43,225,9675,Outlet
West Gear,2021-06-17,South,Louisiana,Women'S Street Footwear,55,210,11550,Outlet
Kohl'S,2021-04-20,West,California,Men'S Athletic Footwear,35,225,7875,Outlet
West Gear,2021-07-16,South,Louisiana,Women'S Street Footwear,69,210,14490,Outlet
Sports Direct,2021-10-10,South,Texas,Men'S Street Footwear,31,225,6975,Outlet
West Gear,2021-05-05,West,Idaho,Men'S Street Footwear,14,210,2940,Outlet
Sports Direct,2021-05-20,South,Tennessee,Women'S Apparel,49,225,11025,Outlet
Sports Direct,2021-11-05,West,Idaho,Women'S Street Footwear,42,210,8820,Outlet
Sports Direct,2021-08-31,South,Alabama,Men'S Street Footwear,30,225,6750,Outlet
Kohl'S,2021-07-25,West,New Mexico,Men'S Athletic Footwear,45,210,9450,Outlet
Sports Direct,2021-10-11,South,Alabama,Women'S Apparel,56,225,12600,Outlet
Sports Direct,2021-02-21,South,Mississippi,Men'S Street Footwear,17,210,3570,Outlet
Foot Locker,2021-12-23,Southeast,Virginia,Men'S Athletic Footwear,54,225,12150,Outlet
West Gear,2020-11-01,South,Texas,Men'S Street Footwear,37,209,7733,Online
West Gear,2021-12-23,West,Oregon,Men'S Street Footwear,51,225,11475,Outlet
Foot Locker,2021-07-11,Midwest,South Dakota,Women'S Street Footwear,40,225,9000,Online
Sports Direct,2020-05-24,Southeast,Florida,Women'S Athletic Footwear,54,209,11286,Online
Foot Locker,2021-08-12,Midwest,South Dakota,Women'S Street Footwear,40,225,9000,Online
Foot Locker,2021-12-04,West,Idaho,Men'S Athletic Footwear,51,209,10659,Online
Kohl'S,2021-04-27,West,California,Women'S Street Footwear,47,218,10246,Online
Sports Direct,2021-02-09,Midwest,South Dakota,Women'S Street Footwear,25,225,5625,Online
Foot Locker,2021-04-06,Southeast,South Carolina,Women'S Apparel,39,209,8151,Online
Kohl'S,2021-05-13,West,California,Men'S Street Footwear,49,224,10976,Online
Kohl'S,2021-05-03,West,California,Women'S Street Footwear,48,218,10464,Online
Sports Direct,2021-03-08,Midwest,North Dakota,Women'S Street Footwear,20,225,4500,Online
Foot Locker,2021-06-07,Southeast,South Carolina,Women'S Street Footwear,47,209,9823,Online
Sports Direct,2021-10-11,South,Texas,Men'S Athletic Footwear,37,218,8066,Online
Sports Direct,2021-09-09,South,Texas,Women'S Apparel,43,224,9632,Online
West Gear,2020-03-10,West,Nevada,Men'S Athletic Footwear,50,209,10450,Outlet
West Gear,2020-02-07,West,Nevada,Men'S Street Footwear,58,218,12644,Online
Sports Direct,2021-09-10,South,Texas,Men'S Street Footwear,41,224,9184,Online
Sports Direct,2021-04-27,South,Tennessee,Men'S Street Footwear,40,209,8360,Outlet
Sports Direct,2020-10-06,Southeast,Florida,Men'S Athletic Footwear,49,224,10976,Online
Foot Locker,2020-08-16,Southeast,Florida,Men'S Apparel,53,218,11554,Online
Foot Locker,2021-01-05,South,Louisiana,Men'S Athletic Footwear,20,209,4180,Outlet
Sports Direct,2021-04-04,South,Tennessee,Men'S Athletic Footwear,23,218,5014,Online
Sports Direct,2021-08-13,Southeast,Georgia,Men'S Street Footwear,39,209,8151,Outlet
Foot Locker,2021-08-10,West,Hawaii,Men'S Athletic Footwear,71,218,15478,Online
Sports Direct,2020-10-07,Southeast,Florida,Women'S Street Footwear,46,224,10304,Online
Sports Direct,2021-12-12,Southeast,Georgia,Men'S Street Footwear,42,209,8778,Outlet
Kohl'S,2021-12-10,West,Wyoming,Men'S Street Footwear,52,224,11648,Online
West Gear,2021-08-09,Northeast,New York,Women'S Apparel,55,218,11990,Online
Foot Locker,2021-01-09,Southeast,Georgia,Women'S Athletic Footwear,25,209,5225,Outlet
Walmart,2021-07-16,South,Mississippi,Women'S Apparel,49,209,10241,Outlet
Kohl'S,2021-11-11,West,Wyoming,Men'S Street Footwear,53,218,11554,Online
Sports Direct,2021-03-08,Midwest,North Dakota,Women'S Apparel,30,225,6750,Online
Amazon,2021-07-10,Northeast,Vermont,Men'S Street Footwear,45,209,9405,Outlet
West Gear,2021-02-11,Midwest,Missouri,Men'S Street Footwear,25,218,5450,Online
West Gear,2021-02-16,West,California,Women'S Apparel,67,208,13936,Online
West Gear,2021-12-23,West,Oregon,Men'S Athletic Footwear,72,218,15696,Online
Sports Direct,2021-07-08,Midwest,North Dakota,Women'S Street Footwear,40,225,9000,In-Store
Kohl'S,2021-04-13,West,California,Men'S Street Footwear,41,208,8528,Online
Sports Direct,2021-08-09,Midwest,North Dakota,Women'S Street Footwear,40,225,9000,In-Store
Sports Direct,2021-09-22,South,Texas,Men'S Street Footwear,49,208,10192,Online
Foot Locker,2021-03-05,Midwest,Iowa,Women'S Street Footwear,10,225,2250,In-Store
Sports Direct,2021-09-23,South,Texas,Men'S Athletic Footwear,53,208,11024,Online
Foot Locker,2021-05-07,Midwest,Iowa,Men'S Athletic Footwear,40,225,9000,In-Store
West Gear,2020-04-24,Southeast,Florida,Women'S Apparel,44,208,9152,Online
Foot Locker,2021-07-05,Midwest,Iowa,Women'S Street Footwear,40,225,9000,In-Store
West Gear,2020-09-07,Southeast,Florida,Women'S Street Footwear,49,208,10192,Online
West Gear,2020-09-15,Southeast,Florida,Men'S Apparel,61,208,12688,Online
Foot Locker,2021-07-09,West,Hawaii,Men'S Street Footwear,74,208,15392,Online
Foot Locker,2021-08-06,Midwest,Iowa,Women'S Street Footwear,40,225,9000,In-Store
West Gear,2021-10-10,Northeast,New York,Men'S Street Footwear,57,208,11856,Online
Kohl'S,2021-04-11,West,Wyoming,Men'S Street Footwear,39,208,8112,Online
Foot Locker,2021-09-07,Midwest,Iowa,Women'S Apparel,40,225,9000,In-Store
Kohl'S,2021-09-10,West,Wyoming,Men'S Street Footwear,48,208,9984,Online
West Gear,2021-03-02,Midwest,Wisconsin,Women'S Street Footwear,10,225,2250,In-Store
West Gear,2021-07-10,West,Utah,Men'S Street Footwear,34,224,7616,Online
Sports Direct,2021-07-02,Southeast,North Carolina,Men'S Athletic Footwear,58,224,12992,Online
Sports Direct,2020-07-24,South,Texas,Women'S Apparel,25,224,5600,Outlet
West Gear,2021-05-05,West,Idaho,Women'S Apparel,42,218,9156,Online
Sports Direct,2020-08-02,South,Texas,Women'S Street Footwear,23,224,5152,Outlet
West Gear,2021-07-16,South,Louisiana,Men'S Athletic Footwear,92,203,18676,Online
Foot Locker,2021-02-07,Southeast,Georgia,Men'S Athletic Footwear,39,218,8502,Online
West Gear,2021-05-05,West,Idaho,Men'S Street Footwear,18,203,3654,Online
Walmart,2020-08-27,South,Texas,Women'S Athletic Footwear,28,224,6272,Outlet
Kohl'S,2021-06-26,West,New Mexico,Men'S Street Footwear,52,203,10556,Online
Kohl'S,2021-07-25,West,New Mexico,Men'S Street Footwear,54,203,10962,Online
West Gear,2021-01-09,West,California,Women'S Athletic Footwear,41,224,9184,Outlet
Sports Direct,2021-12-12,Southeast,Georgia,Men'S Street Footwear,50,203,10150,Online
West Gear,2021-02-04,West,California,Women'S Apparel,46,224,10304,Outlet
Foot Locker,2021-01-09,Southeast,Georgia,Women'S Athletic Footwear,34,203,6902,Online
Foot Locker,2021-07-06,West,Idaho,Women'S Apparel,64,208,13312,Online
Sports Direct,2021-02-04,Southeast,North Carolina,Women'S Apparel,29,203,5887,Online
Kohl'S,2021-02-17,West,California,Men'S Street Footwear,26,224,5824,Outlet
Foot Locker,2021-10-07,Southeast,South Carolina,Men'S Athletic Footwear,42,208,8736,Online
Kohl'S,2021-02-18,West,California,Men'S Athletic Footwear,35,224,7840,Outlet
Sports Direct,2021-05-02,Southeast,North Carolina,Women'S Apparel,51,203,10353,Online
Walmart,2020-10-30,South,Texas,Men'S Apparel,30,208,6240,Outlet
Sports Direct,2021-07-02,Southeast,North Carolina,Women'S Athletic Footwear,52,203,10556,Online
Kohl'S,2021-04-29,West,California,Men'S Apparel,38,224,8512,Outlet
Kohl'S,2021-03-18,West,California,Women'S Apparel,32,208,6656,Outlet
Sports Direct,2021-09-02,Southeast,North Carolina,Women'S Apparel,41,203,8323,Online
Kohl'S,2021-05-06,West,California,Women'S Apparel,46,208,9568,Outlet
Walmart,2021-09-16,South,Mississippi,Men'S Street Footwear,47,203,9541,Online
Kohl'S,2021-04-30,West,California,Women'S Apparel,51,224,11424,Outlet
Kohl'S,2021-05-15,West,California,Women'S Street Footwear,33,208,6864,Outlet
Walmart,2021-06-21,South,Arkansas,Men'S Street Footwear,36,203,7308,Online
Kohl'S,2021-05-18,West,California,Women'S Apparel,46,208,9568,Outlet
West Gear,2021-12-19,South,Arkansas,Men'S Street Footwear,67,203,13601,Online
West Gear,2020-02-14,West,Nevada,Men'S Athletic Footwear,56,208,11648,Outlet
Kohl'S,2021-05-28,West,California,Women'S Athletic Footwear,35,224,7840,Outlet
Sports Direct,2021-08-23,South,Texas,Men'S Street Footwear,21,203,4263,Outlet
Walmart,2021-07-16,Southeast,Florida,Men'S Apparel,68,208,14144,Outlet
Sports Direct,2021-08-25,South,Alabama,Men'S Street Footwear,7,224,1568,Outlet
Sports Direct,2021-09-29,South,Texas,Men'S Athletic Footwear,38,203,7714,Outlet
Foot Locker,2021-06-24,Southeast,Virginia,Women'S Street Footwear,58,208,12064,Outlet
Foot Locker,2021-06-07,Southeast,South Carolina,Women'S Athletic Footwear,47,218,10246,Online
Walmart,2021-06-17,Southeast,Florida,Men'S Athletic Footwear,53,224,11872,Outlet
Sports Direct,2021-03-28,South,Tennessee,Men'S Street Footwear,13,203,2639,Outlet
Foot Locker,2021-07-23,Southeast,Virginia,Women'S Street Footwear,62,208,12896,Outlet
Foot Locker,2021-07-23,Southeast,Virginia,Men'S Athletic Footwear,60,224,13440,Outlet
Amazon,2021-12-02,Southeast,North Carolina,Women'S Street Footwear,55,218,11990,Online
West Gear,2021-06-11,West,Utah,Men'S Street Footwear,21,208,4368,Outlet
Sports Direct,2021-03-29,South,Tennessee,Men'S Athletic Footwear,17,203,3451,Outlet
West Gear,2021-06-17,South,Louisiana,Men'S Athletic Footwear,55,224,12320,Outlet
Amazon,2021-04-10,Midwest,Ohio,Men'S Street Footwear,28,218,6104,Online
West Gear,2021-06-24,West,Oregon,Women'S Street Footwear,53,208,11024,Outlet
Sports Direct,2021-04-29,South,Tennessee,Women'S Street Footwear,40,203,8120,Outlet
Sports Direct,2021-10-11,South,Texas,Men'S Athletic Footwear,27,218,5886,Outlet
West Gear,2021-07-16,South,Louisiana,Women'S Apparel,81,208,16848,Outlet
Sports Direct,2021-05-09,South,Tennessee,Men'S Street Footwear,24,203,4872,Outlet
Sports Direct,2021-08-26,South,Alabama,Men'S Athletic Footwear,16,218,3488,Outlet
Sports Direct,2021-09-17,South,Alabama,Women'S Apparel,39,203,7917,Outlet
Kohl'S,2021-08-26,West,New Mexico,Men'S Athletic Footwear,44,208,9152,Outlet
West Gear,2021-11-17,South,Louisiana,Men'S Athletic Footwear,35,224,7840,Outlet
Sports Direct,2021-07-12,Southeast,Georgia,Men'S Street Footwear,37,218,8066,Outlet
Sports Direct,2021-09-05,West,Idaho,Women'S Street Footwear,43,203,8729,Outlet
Sports Direct,2021-05-15,Midwest,Michigan,Men'S Street Footwear,48,207,9936,Online
Kohl'S,2021-06-26,West,New Mexico,Men'S Street Footwear,37,224,8288,Outlet
Amazon,2021-05-09,Midwest,Ohio,Men'S Street Footwear,42,207,8694,Online
West Gear,2020-11-03,South,Texas,Women'S Street Footwear,46,217,9982,Online
Kohl'S,2021-08-26,West,New Mexico,Men'S Street Footwear,40,224,8960,Outlet
Foot Locker,2020-01-22,Northeast,New York,Women'S Athletic Footwear,44,206,9064,Online
West Gear,2021-01-29,West,California,Women'S Apparel,65,217,14105,Online
Amazon,2021-07-17,Northeast,New Hampshire,Men'S Street Footwear,49,224,10976,Outlet
Walmart,2020-10-22,South,Texas,Women'S Street Footwear,47,206,9682,Online
West Gear,2020-11-07,West,California,Men'S Street Footwear,37,223,8251,Online
West Gear,2020-07-07,West,Washington,Men'S Street Footwear,80,217,17360,Online
West Gear,2021-01-08,West,California,Women'S Street Footwear,64,206,13184,Online
Sports Direct,2021-10-16,South,Texas,Men'S Street Footwear,59,223,13157,Online
Foot Locker,2020-08-20,Southeast,Florida,Women'S Street Footwear,32,217,6944,Online
West Gear,2020-04-24,Southeast,Florida,Men'S Athletic Footwear,54,206,11124,Online
West Gear,2020-09-08,Southeast,Florida,Women'S Athletic Footwear,47,217,10199,Online
Sports Direct,2021-04-16,South,Tennessee,Men'S Athletic Footwear,43,206,8858,Online
Sports Direct,2021-04-09,South,Tennessee,Men'S Street Footwear,36,217,7812,Online
West Gear,2021-11-09,Northeast,New York,Men'S Street Footwear,56,217,12152,Online
Sports Direct,2020-09-28,Southeast,Florida,Women'S Apparel,55,223,12265,Online
Sports Direct,2021-09-06,South,Alabama,Men'S Street Footwear,44,206,9064,Online
West Gear,2021-07-06,West,Idaho,Men'S Street Footwear,48,217,10416,Online
Sports Direct,2020-10-04,Southeast,Florida,Women'S Apparel,59,223,13157,Online
Walmart,2021-08-17,Southeast,Florida,Men'S Athletic Footwear,77,206,15862,Online
Sports Direct,2021-04-20,South,Tennessee,Women'S Apparel,52,223,11596,Online
Foot Locker,2021-02-07,Southeast,Georgia,Women'S Street Footwear,29,217,6293,Online
Sports Direct,2021-06-17,Midwest,Michigan,Men'S Street Footwear,52,206,10712,Online
Walmart,2021-06-17,Southeast,Florida,Men'S Street Footwear,61,223,13603,Online
Walmart,2020-08-28,South,Texas,Men'S Apparel,33,217,7161,Outlet
Foot Locker,2021-01-09,Southeast,Georgia,Men'S Athletic Footwear,37,206,7622,Online
Foot Locker,2021-09-05,Southeast,South Carolina,Men'S Athletic Footwear,48,223,10704,Online
Kohl'S,2021-03-09,West,California,Women'S Street Footwear,36,217,7812,Outlet
Foot Locker,2021-11-06,Southeast,South Carolina,Women'S Apparel,74,206,15244,Online
Sports Direct,2021-10-08,South,Alabama,Women'S Street Footwear,47,217,10199,Outlet
West Gear,2021-07-23,West,Oregon,Men'S Athletic Footwear,66,217,14322,Outlet
West Gear,2021-02-02,West,California,Women'S Athletic Footwear,42,223,9366,Outlet
West Gear,2021-08-17,South,Louisiana,Women'S Street Footwear,50,217,10850,Outlet
Sports Direct,2021-11-05,West,Idaho,Men'S Street Footwear,27,203,5481,Outlet
Walmart,2020-09-09,South,Texas,Men'S Apparel,36,206,7416,Outlet
Kohl'S,2021-12-25,West,New Mexico,Men'S Athletic Footwear,47,217,10199,Outlet
Sports Direct,2021-06-13,Southeast,Georgia,Men'S Street Footwear,35,203,7105,Outlet
Kohl'S,2021-03-15,West,California,Women'S Street Footwear,33,223,7359,Outlet
Foot Locker,2020-01-28,Northeast,New York,Women'S Athletic Footwear,43,216,9288,Online
Kohl'S,2021-05-04,West,California,Women'S Athletic Footwear,36,223,8028,Outlet
Walmart,2020-09-12,South,Texas,Men'S Athletic Footwear,43,216,9288,Online
Kohl'S,2021-04-09,West,California,Women'S Street Footwear,38,206,7828,Outlet
Kohl'S,2021-05-21,West,California,Women'S Street Footwear,35,223,7805,Outlet
Kohl'S,2021-03-19,West,California,Men'S Street Footwear,32,216,6912,Online
Kohl'S,2021-04-18,West,California,Women'S Apparel,43,206,8858,Outlet
Sports Direct,2021-05-10,South,Tennessee,Men'S Athletic Footwear,21,223,4683,Outlet
Amazon,2021-08-18,Northeast,New Hampshire,Men'S Street Footwear,48,203,9744,Outlet
Sports Direct,2021-08-07,South,Alabama,Men'S Street Footwear,16,206,3296,Outlet
Kohl'S,2021-04-26,West,California,Men'S Athletic Footwear,46,216,9936,Online
Foot Locker,2021-01-05,South,Louisiana,Men'S Street Footwear,14,223,3122,Outlet
West Gear,2021-02-10,West,California,Women'S Apparel,67,202,13534,Online
Sports Direct,2021-09-18,South,Alabama,Men'S Street Footwear,38,206,7828,Outlet
Walmart,2021-12-16,Southeast,Florida,Men'S Street Footwear,72,216,15552,Online
Kohl'S,2021-09-27,West,New Mexico,Men'S Street Footwear,37,206,7622,Outlet
West Gear,2020-04-20,West,Colorado,Men'S Street Footwear,64,202,12928,Online
Kohl'S,2021-01-14,Northeast,New York,Men'S Street Footwear,39,216,8424,Online
Sports Direct,2021-11-05,West,Idaho,Men'S Athletic Footwear,28,223,6244,Outlet
Sports Direct,2020-10-08,Southeast,Florida,Women'S Athletic Footwear,49,202,9898,Online
Sports Direct,2021-03-15,Midwest,Michigan,Men'S Street Footwear,34,216,7344,Online
West Gear,2021-12-16,South,Louisiana,Men'S Athletic Footwear,72,216,15552,Online
Foot Locker,2020-05-24,Southeast,Florida,Men'S Apparel,60,202,12120,Online
Foot Locker,2021-02-07,Southeast,South Carolina,Women'S Apparel,34,216,7344,Online
Sports Direct,2021-04-08,South,Tennessee,Women'S Apparel,38,202,7676,Online
Foot Locker,2021-12-04,West,Idaho,Women'S Street Footwear,47,223,10481,Outlet
West Gear,2020-12-26,West,California,Men'S Athletic Footwear,51,216,11016,Outlet
Sports Direct,2021-04-10,South,Tennessee,Men'S Athletic Footwear,42,202,8484,Online
Sports Direct,2021-12-12,Southeast,Georgia,Men'S Athletic Footwear,39,223,8697,Outlet
West Gear,2020-03-09,West,Nevada,Men'S Street Footwear,47,216,10152,Outlet
Kohl'S,2021-10-12,West,Wyoming,Men'S Street Footwear,50,202,10100,Online
Foot Locker,2021-03-16,South,Mississippi,Men'S Street Footwear,20,223,4460,Outlet
Walmart,2021-08-17,South,Mississippi,Women'S Apparel,42,206,8652,Outlet
Foot Locker,2021-07-22,West,Arizona,Men'S Street Footwear,40,216,8640,Outlet
Foot Locker,2021-08-24,Southeast,Virginia,Men'S Athletic Footwear,76,202,15352,Online
Foot Locker,2021-04-17,South,Mississippi,Men'S Street Footwear,19,223,4237,Outlet
Sports Direct,2021-11-17,South,Mississippi,Men'S Street Footwear,22,206,4532,Outlet
Walmart,2021-10-18,South,Mississippi,Men'S Street Footwear,24,216,5184,Outlet
West Gear,2021-07-06,West,Idaho,Men'S Athletic Footwear,52,202,10504,Online
Amazon,2021-06-19,Northeast,New Hampshire,Men'S Street Footwear,44,216,9504,Outlet
Foot Locker,2021-07-05,Southeast,South Carolina,Women'S Athletic Footwear,52,202,10504,Online
Kohl'S,2021-05-02,West,California,Men'S Athletic Footwear,51,221,11271,Online
Foot Locker,2020-02-04,Northeast,New York,Men'S Apparel,56,215,12040,Online
Foot Locker,2021-11-06,Southeast,South Carolina,Women'S Street Footwear,43,202,8686,Online
Foot Locker,2020-08-07,West,Washington,Men'S Athletic Footwear,41,221,9061,Online
Kohl'S,2021-05-20,West,California,Men'S Athletic Footwear,54,215,11610,Online
Sports Direct,2021-09-17,South,Texas,Men'S Athletic Footwear,48,215,10320,Online
West Gear,2020-09-13,Southeast,Florida,Women'S Street Footwear,50,215,10750,Online
Foot Locker,2020-08-17,Southeast,Florida,Women'S Apparel,41,221,9061,Online
Sports Direct,2021-12-02,Southeast,North Carolina,Men'S Athletic Footwear,55,202,11110,Online
Sports Direct,2020-09-30,Southeast,Florida,Men'S Athletic Footwear,47,215,10105,Online
Foot Locker,2021-07-16,South,Mississippi,Men'S Street Footwear,58,221,12818,Online
Sports Direct,2021-03-16,South,Tennessee,Men'S Street Footwear,18,202,3636,Outlet
Sports Direct,2021-04-15,South,Tennessee,Men'S Street Footwear,36,215,7740,Online
Walmart,2020-08-22,South,Texas,Men'S Apparel,29,221,6409,Outlet
Sports Direct,2021-04-11,South,Tennessee,Women'S Street Footwear,26,202,5252,Outlet
Sports Direct,2021-09-07,South,Alabama,Men'S Athletic Footwear,49,215,10535,Online
Sports Direct,2021-05-14,South,Tennessee,Women'S Apparel,43,202,8686,Outlet
West Gear,2021-02-03,West,California,Men'S Apparel,50,221,11050,Outlet
Sports Direct,2021-12-05,Southeast,South Carolina,Women'S Street Footwear,56,215,12040,Online
Sports Direct,2021-08-20,South,Alabama,Men'S Athletic Footwear,16,202,3232,Outlet
Sports Direct,2021-11-03,Southeast,North Carolina,Men'S Street Footwear,44,215,9460,Online
West Gear,2021-01-12,Southeast,Florida,Women'S Street Footwear,26,202,5252,Outlet
Walmart,2021-08-17,South,Mississippi,Men'S Street Footwear,56,215,12040,Online
West Gear,2021-06-24,West,Oregon,Men'S Athletic Footwear,47,202,9494,Outlet
Walmart,2020-09-02,South,Texas,Women'S Athletic Footwear,30,215,6450,Outlet
Walmart,2021-03-19,South,Arkansas,Men'S Street Footwear,15,206,3090,Outlet
West Gear,2021-11-24,West,Oregon,Men'S Athletic Footwear,37,202,7474,Outlet
West Gear,2021-02-21,South,Arkansas,Men'S Street Footwear,18,206,3708,Outlet
Sports Direct,2021-09-19,South,Texas,Women'S Athletic Footwear,32,201,6432,Outlet
Sports Direct,2021-06-05,Northeast,Connecticut,Men'S Street Footwear,40,206,8240,Outlet
Kohl'S,2021-03-14,West,California,Men'S Athletic Footwear,30,215,6450,Outlet
West Gear,2020-03-04,West,Nevada,Men'S Athletic Footwear,52,201,10452,Outlet
Sports Direct,2020-08-03,South,Texas,Women'S Athletic Footwear,30,204,6120,Outlet
Kohl'S,2021-04-15,West,California,Women'S Street Footwear,36,215,7740,Outlet
Sports Direct,2021-05-03,South,Tennessee,Men'S Street Footwear,28,201,5628,Outlet
Walmart,2021-05-18,Southeast,Florida,Men'S Street Footwear,44,201,8844,Outlet
West Gear,2021-10-11,West,Utah,Men'S Street Footwear,24,201,4824,Outlet
Sports Direct,2021-08-18,South,Texas,Men'S Athletic Footwear,23,215,4945,Outlet
West Gear,2021-12-23,West,Oregon,Women'S Apparel,55,201,11055,Outlet
Sports Direct,2021-09-12,South,Texas,Women'S Street Footwear,30,215,6450,Outlet
Sports Direct,2021-10-04,West,Idaho,Men'S Street Footwear,30,201,6030,Outlet
Sports Direct,2021-08-19,South,Alabama,Men'S Street Footwear,15,215,3225,Outlet
Foot Locker,2021-09-24,West,Arizona,Men'S Athletic Footwear,34,201,6834,Outlet
Walmart,2020-09-14,South,Texas,Women'S Athletic Footwear,36,204,7344,Outlet
Sports Direct,2021-12-16,South,Mississippi,Men'S Athletic Footwear,44,201,8844,Outlet
West Gear,2020-12-22,West,California,Women'S Athletic Footwear,48,204,9792,Outlet
Foot Locker,2021-07-02,Midwest,Illinois,Women'S Street Footwear,40,200,8000,Outlet
Kohl'S,2021-05-23,West,California,Men'S Apparel,46,204,9384,Outlet
Foot Locker,2021-08-24,Southeast,Virginia,Women'S Street Footwear,53,215,11395,Outlet
Foot Locker,2021-07-09,Midwest,Illinois,Women'S Athletic Footwear,40,200,8000,Outlet
West Gear,2020-02-08,West,Nevada,Men'S Athletic Footwear,46,204,9384,Outlet
West Gear,2021-08-24,West,Oregon,Women'S Street Footwear,50,215,10750,Outlet
Foot Locker,2021-07-20,Midwest,Illinois,Women'S Street Footwear,40,200,8000,Outlet
Sports Direct,2021-04-05,South,Tennessee,Women'S Street Footwear,14,204,2856,Outlet
West Gear,2021-04-05,West,Idaho,Men'S Street Footwear,15,215,3225,Outlet
Foot Locker,2021-12-11,Northeast,Pennsylvania,Women'S Street Footwear,45,200,9000,Outlet
West Gear,2020-03-25,West,Colorado,Men'S Apparel,45,200,9000,In-Store
Foot Locker,2020-10-25,Midwest,Minnesota,Women'S Street Footwear,25,200,5000,In-Store
Kohl'S,2021-03-21,West,California,Women'S Street Footwear,33,221,7293,Outlet
West Gear,2021-04-05,West,Idaho,Men'S Athletic Footwear,21,215,4515,Outlet
Sports Direct,2021-05-11,South,Tennessee,Women'S Street Footwear,37,204,7548,Outlet
Foot Locker,2020-12-09,Midwest,Minnesota,Women'S Apparel,40,200,8000,Outlet
Kohl'S,2021-04-14,West,California,Men'S Athletic Footwear,34,221,7514,Outlet
Sports Direct,2021-01-23,South,Mississippi,Men'S Street Footwear,17,215,3655,Outlet
Foot Locker,2020-12-11,Midwest,Minnesota,Men'S Athletic Footwear,35,200,7000,Outlet
Amazon,2021-08-11,Northeast,Vermont,Men'S Street Footwear,42,215,9030,Outlet
Foot Locker,2020-12-17,Midwest,Minnesota,Men'S Athletic Footwear,40,200,8000,Outlet
Kohl'S,2021-01-19,Midwest,Montana,Men'S Apparel,45,200,9000,Outlet
Kohl'S,2021-05-22,West,California,Women'S Athletic Footwear,33,221,7293,Outlet
Foot Locker,2021-06-01,Midwest,Nebraska,Women'S Apparel,35,200,7000,Outlet
Sports Direct,2021-03-22,South,Tennessee,Men'S Street Footwear,20,221,4420,Outlet
Sports Direct,2020-07-25,South,Texas,Men'S Street Footwear,23,213,4899,Online
West Gear,2021-01-12,Southeast,Florida,Men'S Athletic Footwear,36,221,7956,Outlet
Foot Locker,2021-07-04,Midwest,Nebraska,Women'S Street Footwear,40,200,8000,Outlet
Walmart,2020-09-06,South,Texas,Men'S Athletic Footwear,41,213,8733,Online
Walmart,2020-09-10,South,Texas,Women'S Apparel,50,213,10650,Online
Foot Locker,2021-07-09,Midwest,Nebraska,Men'S Athletic Footwear,35,200,7000,Outlet
Foot Locker,2021-07-28,Midwest,Nebraska,Women'S Street Footwear,40,200,8000,Outlet
West Gear,2021-01-12,Southeast,Florida,Women'S Apparel,35,221,7735,Outlet
Amazon,2021-10-20,Northeast,Maine,Women'S Street Footwear,30,200,6000,Outlet
Kohl'S,2021-05-07,West,California,Men'S Street Footwear,47,213,10011,Online
Foot Locker,2021-06-24,Southeast,Virginia,Men'S Athletic Footwear,45,221,9945,Outlet
Amazon,2021-10-26,Northeast,Maine,Women'S Street Footwear,30,200,6000,Outlet
Sports Direct,2020-10-10,Southeast,Florida,Women'S Apparel,64,213,13632,Online
Foot Locker,2021-11-24,Southeast,Virginia,Men'S Athletic Footwear,34,221,7514,Outlet
Amazon,2021-10-29,Northeast,Maine,Women'S Apparel,40,200,8000,Outlet
West Gear,2021-12-16,Southeast,Florida,Women'S Street Footwear,64,204,13056,Outlet
Amazon,2021-11-13,Northeast,Maine,Women'S Street Footwear,45,200,9000,Outlet
Walmart,2021-08-17,Southeast,Florida,Men'S Street Footwear,87,213,18531,Online
West Gear,2021-12-16,Southeast,Florida,Women'S Athletic Footwear,58,204,11832,Outlet
West Gear,2021-02-10,Southeast,Florida,Women'S Street Footwear,23,204,4692,Outlet
Sports Direct,2020-07-28,South,Texas,Women'S Athletic Footwear,26,213,5538,Outlet
Foot Locker,2021-01-24,West,Wyoming,Women'S Athletic Footwear,40,200,8000,In-Store
West Gear,2021-07-10,West,Utah,Women'S Apparel,32,204,6528,Outlet
Sports Direct,2020-08-09,South,Texas,Women'S Athletic Footwear,28,213,5964,Outlet
West Gear,2021-07-23,West,Oregon,Women'S Apparel,78,204,15912,Outlet
Kohl'S,2021-05-16,West,California,Women'S Athletic Footwear,33,213,7029,Outlet
Foot Locker,2021-02-24,Southeast,Virginia,Women'S Athletic Footwear,40,200,8000,In-Store
Foot Locker,2021-03-17,Midwest,Missouri,Women'S Athletic Footwear,30,200,6000,In-Store
Foot Locker,2021-04-18,Midwest,Missouri,Women'S Athletic Footwear,25,200,5000,In-Store
Sports Direct,2021-10-04,South,Texas,Men'S Street Footwear,30,213,6390,Outlet
Sports Direct,2021-09-14,Southeast,Georgia,Men'S Street Footwear,31,204,6324,Outlet
West Gear,2021-01-24,West,Utah,Women'S Athletic Footwear,40,200,8000,In-Store
Sports Direct,2021-04-28,South,Tennessee,Men'S Athletic Footwear,33,213,7029,Outlet
Walmart,2021-04-20,South,Arkansas,Men'S Street Footwear,19,204,3876,Outlet
West Gear,2021-02-24,West,Oregon,Women'S Athletic Footwear,40,200,8000,In-Store
Kohl'S,2021-02-14,South,Oklahoma,Men'S Street Footwear,18,204,3672,Outlet
Sports Direct,2021-09-20,South,Alabama,Women'S Street Footwear,47,213,10011,Outlet
West Gear,2021-07-23,West,Oregon,Women'S Street Footwear,66,221,14586,Outlet
Sports Direct,2020-07-24,South,Texas,Women'S Apparel,34,203,6902,Online
Foot Locker,2021-12-22,West,Arizona,Men'S Athletic Footwear,33,213,7029,Outlet
West Gear,2021-07-16,South,Louisiana,Men'S Apparel,73,221,16133,Outlet
Sports Direct,2020-08-08,South,Texas,Women'S Street Footwear,34,203,6902,Online
Amazon,2021-02-22,Midwest,Ohio,Men'S Athletic Footwear,40,200,8000,Online
Walmart,2021-09-19,South,Arkansas,Men'S Street Footwear,35,221,7735,Outlet
Sports Direct,2020-07-21,Northeast,New York,Women'S Street Footwear,33,210,6930,Online
Amazon,2021-05-23,Southeast,Kentucky,Women'S Street Footwear,40,200,8000,Online
Walmart,2020-08-27,South,Texas,Women'S Athletic Footwear,36,210,7560,Online
Amazon,2021-06-22,Southeast,Kentucky,Women'S Athletic Footwear,30,200,6000,Online
Walmart,2020-08-21,South,Texas,Women'S Athletic Footwear,38,203,7714,Online
Walmart,2020-09-16,South,Texas,Women'S Apparel,53,210,11130,Online
Amazon,2021-09-23,Southeast,Kentucky,Women'S Athletic Footwear,35,200,7000,Online
Walmart,2020-10-23,South,Texas,Women'S Athletic Footwear,48,203,9744,Online
Amazon,2021-09-23,Southeast,Kentucky,Men'S Apparel,45,200,9000,Online
West Gear,2020-11-15,West,California,Women'S Street Footwear,55,203,11165,Online
Foot Locker,2021-06-08,Northeast,Rhode Island,Women'S Athletic Footwear,40,200,8000,In-Store
West Gear,2020-11-08,West,California,Men'S Athletic Footwear,49,210,10290,Online
West Gear,2020-12-26,West,California,Men'S Athletic Footwear,62,203,12586,Online
Foot Locker,2021-07-06,Northeast,Rhode Island,Women'S Athletic Footwear,40,200,8000,In-Store
West Gear,2020-12-24,West,California,Women'S Apparel,54,210,11340,Online
West Gear,2020-12-30,West,California,Women'S Apparel,72,203,14616,Online
Walmart,2021-03-19,South,Arkansas,Women'S Athletic Footwear,20,200,4000,Online
Sports Direct,2021-02-15,Northeast,Rhode Island,Women'S Street Footwear,30,200,6000,In-Store
West Gear,2020-12-27,West,California,Women'S Street Footwear,64,210,13440,Online
West Gear,2021-01-27,West,California,Women'S Athletic Footwear,53,203,10759,Online
West Gear,2021-10-21,South,Oklahoma,Women'S Athletic Footwear,20,200,4000,Online
West Gear,2021-01-09,West,California,Women'S Athletic Footwear,59,210,12390,Online
Sports Direct,2021-03-13,Northeast,Massachusetts,Women'S Street Footwear,30,200,6000,In-Store
West Gear,2021-10-21,South,Oklahoma,Men'S Apparel,30,200,6000,Online
West Gear,2021-02-07,West,California,Women'S Street Footwear,50,210,10500,Online
Sports Direct,2021-03-13,Northeast,Massachusetts,Women'S Apparel,40,200,8000,In-Store
West Gear,2021-02-02,West,California,Women'S Athletic Footwear,51,203,10353,Online
West Gear,2021-02-08,West,California,Women'S Athletic Footwear,53,210,11130,Online
Kohl'S,2021-01-16,South,Oklahoma,Women'S Athletic Footwear,20,200,4000,Online
Amazon,2021-02-19,Northeast,New Hampshire,Women'S Athletic Footwear,45,200,9000,In-Store
Kohl'S,2021-02-17,West,California,Men'S Street Footwear,32,203,6496,Online
Kohl'S,2021-04-13,Midwest,Kansas,Men'S Athletic Footwear,25,200,5000,Online
West Gear,2021-01-20,West,California,Women'S Street Footwear,60,200,12000,Online
Kohl'S,2021-04-13,Midwest,Kansas,Women'S Street Footwear,15,200,3000,Online
Kohl'S,2021-04-24,West,California,Women'S Apparel,60,200,12000,Online
Kohl'S,2021-04-21,West,California,Women'S Street Footwear,48,203,9744,Online
Sports Direct,2021-09-11,South,Texas,Men'S Athletic Footwear,49,200,9800,Online
Kohl'S,2021-04-30,West,California,Women'S Apparel,59,203,11977,Online
Sports Direct,2021-05-15,South,Tennessee,Men'S Street Footwear,53,200,10600,Online
Sports Direct,2021-09-30,South,Texas,Women'S Street Footwear,59,203,11977,Online
Walmart,2021-12-16,Southeast,Florida,Men'S Athletic Footwear,82,200,16400,Online
Kohl'S,2021-05-12,Midwest,Kansas,Women'S Athletic Footwear,35,200,7000,Online
Sports Direct,2021-02-17,Southeast,Virginia,Men'S Street Footwear,34,200,6800,Online
Sports Direct,2021-10-03,South,Texas,Women'S Apparel,48,203,9744,Online
Kohl'S,2021-10-14,Midwest,Kansas,Women'S Street Footwear,20,200,4000,Online
West Gear,2021-08-24,West,Oregon,Men'S Street Footwear,81,200,16200,Online
West Gear,2020-05-20,West,Colorado,Men'S Street Footwear,59,203,11977,Online
Foot Locker,2021-03-11,Midwest,South Dakota,Men'S Athletic Footwear,40,200,8000,Online
Foot Locker,2021-05-05,Southeast,South Carolina,Women'S Apparel,59,200,11800,Online
West Gear,2020-04-24,Southeast,Florida,Women'S Street Footwear,32,203,6496,Online
Foot Locker,2021-06-12,Midwest,South Dakota,Women'S Street Footwear,35,200,7000,Online
Foot Locker,2021-06-07,Southeast,South Carolina,Men'S Athletic Footwear,49,200,9800,Online
Foot Locker,2021-08-12,Midwest,South Dakota,Women'S Athletic Footwear,40,200,8000,Online
Sports Direct,2021-08-03,Southeast,North Carolina,Men'S Athletic Footwear,58,200,11600,Online
Sports Direct,2020-10-01,Southeast,Florida,Women'S Street Footwear,47,203,9541,Online
Walmart,2020-09-08,South,Texas,Women'S Athletic Footwear,37,200,7400,Outlet
Kohl'S,2021-02-02,Midwest,Montana,Men'S Street Footwear,37,203,7511,Online
Sports Direct,2021-09-06,South,Texas,Women'S Street Footwear,19,200,3800,Outlet
Kohl'S,2021-02-08,Midwest,Montana,Men'S Street Footwear,42,203,8526,Online
Sports Direct,2021-03-08,Midwest,North Dakota,Men'S Athletic Footwear,30,200,6000,Online
Sports Direct,2021-10-01,South,Alabama,Men'S Athletic Footwear,14,200,2800,Outlet
West Gear,2021-12-16,Southeast,Florida,Women'S Apparel,64,200,12800,Outlet
Foot Locker,2021-02-04,South,Louisiana,Men'S Street Footwear,18,200,3600,Outlet
Sports Direct,2021-05-10,Midwest,North Dakota,Men'S Athletic Footwear,45,200,9000,In-Store
Foot Locker,2021-03-06,West,Idaho,Men'S Street Footwear,21,200,4200,Outlet
Sports Direct,2021-06-09,Midwest,North Dakota,Women'S Street Footwear,30,200,6000,In-Store
Sports Direct,2021-09-05,West,Idaho,Women'S Apparel,36,200,7200,Outlet
Sports Direct,2021-08-09,Midwest,North Dakota,Women'S Athletic Footwear,40,200,8000,In-Store
Foot Locker,2021-02-06,Midwest,North Dakota,Women'S Street Footwear,20,200,4000,In-Store
Sports Direct,2021-08-13,Southeast,Georgia,Men'S Athletic Footwear,44,200,8800,Outlet
Foot Locker,2021-05-07,Midwest,Iowa,Women'S Street Footwear,35,200,7000,In-Store
Kohl'S,2021-12-19,South,Oklahoma,Men'S Street Footwear,55,200,11000,Outlet
Foot Locker,2021-12-17,Northeast,New Hampshire,Men'S Street Footwear,49,200,9800,Outlet
Kohl'S,2021-04-12,West,California,Women'S Apparel,49,198,9702,Outlet
Sports Direct,2021-04-12,South,Tennessee,Women'S Athletic Footwear,29,198,5742,Outlet
Foot Locker,2021-06-06,Midwest,Iowa,Women'S Street Footwear,25,200,5000,In-Store
Walmart,2021-11-17,Southeast,Florida,Women'S Apparel,66,198,13068,Outlet
West Gear,2021-07-23,West,Oregon,Men'S Apparel,68,198,13464,Outlet
Kohl'S,2021-05-28,West,California,Women'S Athletic Footwear,49,210,10290,Online
West Gear,2021-07-16,South,Louisiana,Women'S Athletic Footwear,62,198,12276,Outlet
West Gear,2020-02-13,West,Nevada,Men'S Street Footwear,62,210,13020,Online
Foot Locker,2021-08-06,Midwest,Iowa,Women'S Athletic Footwear,40,200,8000,In-Store
Sports Direct,2021-09-14,Southeast,Georgia,Men'S Athletic Footwear,38,198,7524,Outlet
West Gear,2020-07-08,West,Washington,Men'S Athletic Footwear,77,210,16170,Online
West Gear,2021-11-06,Midwest,Iowa,Women'S Athletic Footwear,35,200,7000,In-Store
Walmart,2021-08-17,South,Mississippi,Men'S Athletic Footwear,44,198,8712,Outlet
Foot Locker,2020-04-24,Southeast,Florida,Men'S Athletic Footwear,41,210,8610,Online
West Gear,2021-02-03,Midwest,Iowa,Women'S Street Footwear,20,200,4000,In-Store
Walmart,2021-07-19,South,Arkansas,Women'S Apparel,50,198,9900,Outlet
Sports Direct,2020-09-26,Southeast,Florida,Women'S Athletic Footwear,42,210,8820,Online
West Gear,2021-05-04,Midwest,Wisconsin,Men'S Athletic Footwear,40,200,8000,In-Store
Sports Direct,2020-07-30,South,Texas,Women'S Apparel,34,196,6664,Online
Walmart,2020-08-28,South,Texas,Men'S Apparel,41,196,8036,Online
West Gear,2020-11-09,West,California,Women'S Street Footwear,49,196,9604,Online
Sports Direct,2020-09-27,Southeast,Florida,Men'S Apparel,50,210,10500,Online
West Gear,2021-02-04,West,California,Women'S Apparel,63,196,12348,Online
West Gear,2021-06-03,Midwest,Wisconsin,Women'S Street Footwear,25,200,5000,In-Store
Kohl'S,2021-02-18,West,California,Men'S Athletic Footwear,41,196,8036,Online
West Gear,2021-08-03,Midwest,Wisconsin,Women'S Athletic Footwear,40,200,8000,In-Store
Sports Direct,2021-03-10,Midwest,Montana,Men'S Street Footwear,18,210,3780,Online
Kohl'S,2021-05-09,West,California,Women'S Street Footwear,46,196,9016,Online
Sports Direct,2021-05-17,South,Tennessee,Women'S Street Footwear,54,210,11340,Online
Kohl'S,2021-05-30,West,California,Women'S Apparel,59,196,11564,Online
Sports Direct,2021-09-13,South,Alabama,Men'S Athletic Footwear,52,210,10920,Online
West Gear,2021-09-04,Midwest,Wisconsin,Women'S Apparel,40,200,8000,In-Store
Sports Direct,2021-08-12,Midwest,Illinois,Men'S Athletic Footwear,28,196,5488,Online
Foot Locker,2021-06-10,West,Hawaii,Men'S Street Footwear,67,210,14070,Online
West Gear,2020-03-09,West,Nevada,Men'S Street Footwear,58,196,11368,Online
West Gear,2020-04-26,West,Colorado,Men'S Street Footwear,63,196,12348,Online
West Gear,2020-04-24,Southeast,Florida,Men'S Apparel,52,196,10192,Online
West Gear,2020-04-24,Southeast,Florida,Men'S Apparel,58,196,11368,Online
Kohl'S,2021-03-04,Midwest,Montana,Men'S Street Footwear,41,196,8036,Online
Sports Direct,2021-05-09,South,Tennessee,Men'S Street Footwear,29,196,5684,Online
Sports Direct,2021-08-02,Midwest,Nebraska,Men'S Athletic Footwear,29,196,5684,Online
West Gear,2021-07-08,Northeast,New York,Men'S Athletic Footwear,56,196,10976,Online
Kohl'S,2021-07-10,West,Wyoming,Women'S Apparel,51,196,9996,Online
Kohl'S,2021-08-11,West,Wyoming,Women'S Apparel,52,196,10192,Online
Sports Direct,2021-11-16,Midwest,Michigan,Men'S Street Footwear,49,196,9604,Online
West Gear,2021-01-11,Midwest,Missouri,Men'S Street Footwear,23,196,4508,Online
Foot Locker,2021-08-10,West,Hawaii,Men'S Street Footwear,79,210,16590,Online
West Gear,2021-01-10,Midwest,Wisconsin,Men'S Apparel,45,200,9000,In-Store
Sports Direct,2021-08-01,Midwest,Nebraska,Men'S Street Footwear,19,203,3857,Online
West Gear,2021-07-23,West,Oregon,Men'S Athletic Footwear,85,196,16660,Online
West Gear,2021-02-10,Midwest,Wisconsin,Men'S Athletic Footwear,35,200,7000,In-Store
Sports Direct,2021-08-25,South,Alabama,Men'S Street Footwear,9,203,1827,Online
West Gear,2021-07-16,South,Louisiana,Women'S Street Footwear,90,196,17640,Online
West Gear,2021-02-10,Midwest,Indiana,Men'S Apparel,45,200,9000,In-Store
Walmart,2021-06-17,Southeast,Florida,Women'S Street Footwear,80,210,16800,Online
Sports Direct,2021-08-30,South,Alabama,Women'S Apparel,43,203,8729,Online
Foot Locker,2021-01-05,South,Louisiana,Men'S Athletic Footwear,28,196,5488,Online
West Gear,2021-05-05,West,Idaho,Men'S Athletic Footwear,28,196,5488,Online
Sports Direct,2021-08-08,West,Idaho,Women'S Apparel,54,196,10584,Online
West Gear,2021-08-09,Northeast,New York,Men'S Athletic Footwear,55,210,11550,Online
West Gear,2021-04-10,Midwest,Indiana,Men'S Athletic Footwear,25,200,5000,In-Store
Foot Locker,2021-12-04,West,Idaho,Women'S Apparel,60,196,11760,Online
Sports Direct,2021-07-15,Midwest,Michigan,Women'S Apparel,62,210,13020,Online
West Gear,2021-04-10,Midwest,Indiana,Women'S Street Footwear,15,200,3000,In-Store
Foot Locker,2021-07-22,West,Arizona,Men'S Street Footwear,49,196,9604,Online
Sports Direct,2021-08-31,South,Alabama,Men'S Street Footwear,43,203,8729,Online
West Gear,2021-06-17,South,Louisiana,Men'S Athletic Footwear,65,210,13650,Online
Sports Direct,2021-07-12,Southeast,Georgia,Men'S Street Footwear,47,196,9212,Online
Sports Direct,2021-09-01,South,Alabama,Men'S Athletic Footwear,49,203,9947,Online
West Gear,2021-11-17,South,Louisiana,Men'S Athletic Footwear,42,210,8820,Online
Foot Locker,2021-05-05,Southeast,South Carolina,Men'S Apparel,53,196,10388,Online
Foot Locker,2021-09-05,Southeast,South Carolina,Women'S Street Footwear,38,196,7448,Online
Sports Direct,2021-10-11,South,Alabama,Women'S Apparel,68,203,13804,Online
Foot Locker,2021-11-06,Southeast,South Carolina,Men'S Apparel,66,196,12936,Online
Foot Locker,2021-08-08,West,Idaho,Men'S Street Footwear,46,210,9660,Online
Walmart,2021-06-17,Southeast,Florida,Men'S Athletic Footwear,64,203,12992,Online
Kohl'S,2021-12-25,West,New Mexico,Men'S Street Footwear,55,210,11550,Online
Foot Locker,2021-07-23,Southeast,Virginia,Men'S Athletic Footwear,81,203,16443,Online
Sports Direct,2021-01-19,Southeast,Virginia,Men'S Street Footwear,34,203,6902,Online
Sports Direct,2021-01-06,Southeast,South Carolina,Women'S Apparel,34,196,6664,Online
Foot Locker,2021-07-17,Midwest,Missouri,Men'S Street Footwear,36,203,7308,Online
Sports Direct,2021-07-02,Southeast,North Carolina,Women'S Street Footwear,53,196,10388,Online
Foot Locker,2021-03-05,Southeast,South Carolina,Men'S Athletic Footwear,32,210,6720,Online
Sports Direct,2021-10-04,Southeast,North Carolina,Men'S Athletic Footwear,33,196,6468,Online
Foot Locker,2021-05-05,Southeast,South Carolina,Women'S Street Footwear,41,210,8610,Online
Amazon,2021-12-02,Southeast,North Carolina,Women'S Athletic Footwear,55,196,10780,Online
Foot Locker,2021-08-18,Midwest,Missouri,Men'S Street Footwear,38,203,7714,Online
Amazon,2021-06-11,Midwest,Ohio,Women'S Apparel,64,196,12544,Online
West Gear,2021-08-11,West,Utah,Men'S Street Footwear,33,203,6699,Online
Amazon,2021-07-17,Northeast,New Hampshire,Men'S Street Footwear,64,196,12544,Online
West Gear,2021-12-10,West,Utah,Men'S Street Footwear,39,203,7917,Online
Amazon,2021-08-18,Northeast,New Hampshire,Men'S Street Footwear,60,196,11760,Online
West Gear,2021-06-17,South,Louisiana,Women'S Street Footwear,83,203,16849,Online
West Gear,2021-01-10,West,California,Men'S Apparel,44,196,8624,Outlet
West Gear,2020-03-03,West,Nevada,Men'S Street Footwear,47,196,9212,Outlet
Sports Direct,2021-04-02,South,Tennessee,Women'S Apparel,18,196,3528,Outlet
Sports Direct,2021-04-18,South,Tennessee,Women'S Athletic Footwear,32,196,6272,Outlet
West Gear,2021-05-11,Midwest,Indiana,Men'S Apparel,45,200,9000,In-Store
Foot Locker,2021-08-23,West,Arizona,Men'S Street Footwear,41,194,7954,Outlet
Sports Direct,2021-09-09,South,Alabama,Women'S Athletic Footwear,36,196,7056,Outlet
West Gear,2021-06-10,Midwest,Indiana,Women'S Street Footwear,30,200,6000,In-Store
Foot Locker,2021-12-22,West,Arizona,Men'S Street Footwear,35,194,6790,Outlet
West Gear,2021-08-10,Midwest,Indiana,Women'S Athletic Footwear,40,200,8000,In-Store
Sports Direct,2021-08-04,Northeast,Connecticut,Men'S Street Footwear,40,194,7760,Outlet
Sports Direct,2021-10-02,South,Alabama,Women'S Street Footwear,33,196,6468,Outlet
Kohl'S,2021-04-16,West,California,Women'S Athletic Footwear,33,193,6369,Outlet
Foot Locker,2021-09-05,Southeast,South Carolina,Women'S Athletic Footwear,39,210,8190,Online
Walmart,2021-06-17,Southeast,Florida,Women'S Athletic Footwear,66,196,12936,Outlet
West Gear,2021-01-17,Midwest,Indiana,Men'S Apparel,45,200,9000,In-Store
West Gear,2020-02-26,West,Nevada,Men'S Athletic Footwear,50,193,9650,Outlet
West Gear,2021-09-19,South,Oklahoma,Men'S Street Footwear,35,196,6860,Outlet
Sports Direct,2021-08-03,Southeast,North Carolina,Women'S Street Footwear,54,210,11340,Online
West Gear,2021-02-17,Midwest,Indiana,Men'S Athletic Footwear,40,200,8000,In-Store
Sports Direct,2021-10-09,South,Alabama,Women'S Athletic Footwear,52,193,10036,Outlet
Sports Direct,2021-06-15,Northeast,Massachusetts,Men'S Street Footwear,39,196,7644,Outlet
West Gear,2021-01-12,Southeast,Florida,Men'S Apparel,36,193,6948,Outlet
West Gear,2021-05-18,Northeast,West Virginia,Women'S Athletic Footwear,35,200,7000,In-Store
Sports Direct,2021-01-19,Southeast,Virginia,Women'S Apparel,25,193,4825,Outlet
Sports Direct,2021-11-03,Southeast,North Carolina,Women'S Apparel,72,210,15120,Online
West Gear,2021-12-23,West,Oregon,Women'S Street Footwear,48,193,9264,Outlet
Sports Direct,2021-08-14,Northeast,Massachusetts,Men'S Street Footwear,40,196,7840,Outlet
Amazon,2021-10-11,Midwest,Ohio,Men'S Street Footwear,36,210,7560,Online
West Gear,2021-04-21,Northeast,Maryland,Women'S Apparel,35,200,7000,In-Store
Kohl'S,2021-06-26,West,New Mexico,Women'S Street Footwear,41,193,7913,Outlet
Amazon,2021-05-17,Northeast,New Hampshire,Men'S Street Footwear,47,196,9212,Outlet
Sports Direct,2021-07-20,Northeast,Maryland,Women'S Street Footwear,40,200,8000,In-Store
Walmart,2021-08-20,South,Arkansas,Women'S Apparel,40,193,7720,Outlet
Sports Direct,2021-08-21,Northeast,Maryland,Women'S Street Footwear,40,200,8000,In-Store
Amazon,2021-09-17,Northeast,New Hampshire,Men'S Street Footwear,51,193,9843,Outlet
Sports Direct,2021-11-12,Midwest,South Dakota,Women'S Street Footwear,45,195,8775,Online
Sports Direct,2021-09-13,South,Texas,Women'S Athletic Footwear,29,192,5568,Outlet
Foot Locker,2021-11-09,Midwest,North Dakota,Women'S Street Footwear,40,195,7800,In-Store
West Gear,2020-02-06,West,Nevada,Women'S Apparel,57,192,10944,Outlet
Walmart,2020-10-24,South,Texas,Men'S Apparel,42,195,8190,Online
Foot Locker,2021-09-13,Northeast,Delaware,Women'S Athletic Footwear,45,200,9000,In-Store
Sports Direct,2021-08-08,South,Alabama,Men'S Athletic Footwear,26,192,4992,Outlet
Kohl'S,2021-03-14,West,California,Men'S Athletic Footwear,43,195,8385,Online
Kohl'S,2021-03-06,Northeast,New Jersey,Men'S Athletic Footwear,35,200,7000,In-Store
Foot Locker,2021-12-16,South,Louisiana,Women'S Street Footwear,53,192,10176,Outlet
Kohl'S,2021-05-06,Northeast,New Jersey,Women'S Athletic Footwear,40,200,8000,In-Store
Sports Direct,2021-09-24,South,Alabama,Men'S Street Footwear,20,184,3680,Outlet
Foot Locker,2021-12-16,South,Louisiana,Women'S Athletic Footwear,53,192,10176,Outlet
Kohl'S,2021-03-20,West,California,Men'S Athletic Footwear,41,195,7995,Online
Foot Locker,2021-06-24,Southeast,Virginia,Women'S Athletic Footwear,61,184,11224,Outlet
Sports Direct,2021-09-04,South,Texas,Men'S Street Footwear,19,195,3705,Online
Kohl'S,2021-08-07,Northeast,New Jersey,Women'S Athletic Footwear,40,200,8000,In-Store
West Gear,2021-08-11,West,Utah,Women'S Apparel,27,184,4968,Outlet
Sports Direct,2021-02-05,Northeast,New Jersey,Men'S Athletic Footwear,40,200,8000,In-Store
West Gear,2020-06-25,West,Washington,Men'S Street Footwear,71,195,13845,Online
West Gear,2020-08-01,West,Washington,Men'S Athletic Footwear,77,195,15015,Online
Sports Direct,2021-04-04,Northeast,Connecticut,Men'S Athletic Footwear,40,200,8000,In-Store
Foot Locker,2020-08-10,Southeast,Florida,Men'S Apparel,50,195,9750,Online
Sports Direct,2021-04-04,Northeast,Connecticut,Women'S Street Footwear,30,200,6000,In-Store
Sports Direct,2021-09-03,Northeast,Connecticut,Women'S Street Footwear,45,200,9000,In-Store
Foot Locker,2020-08-13,Southeast,Florida,Men'S Athletic Footwear,43,195,8385,Online
Foot Locker,2021-04-07,Northeast,Rhode Island,Women'S Apparel,35,200,7000,In-Store
Sports Direct,2020-10-09,Southeast,Florida,Men'S Apparel,64,195,12480,Online
Sports Direct,2021-08-19,South,Alabama,Men'S Street Footwear,19,195,3705,Online
Kohl'S,2021-06-26,West,New Mexico,Women'S Apparel,50,192,9600,Outlet
Foot Locker,2021-05-06,Northeast,Rhode Island,Women'S Street Footwear,40,200,8000,In-Store
Walmart,2021-07-16,South,Mississippi,Men'S Athletic Footwear,42,192,8064,Outlet
Walmart,2021-07-16,Southeast,Florida,Men'S Apparel,89,195,17355,Online
West Gear,2021-06-17,South,Louisiana,Women'S Athletic Footwear,59,184,10856,Outlet
Foot Locker,2021-06-24,Southeast,Virginia,Women'S Street Footwear,73,195,14235,Online
West Gear,2021-10-17,South,Louisiana,Men'S Athletic Footwear,34,184,6256,Outlet
Sports Direct,2021-08-16,Midwest,Michigan,Men'S Athletic Footwear,50,195,9750,Online
West Gear,2021-05-05,West,Idaho,Women'S Street Footwear,18,184,3312,Outlet
Sports Direct,2021-10-04,West,Idaho,Women'S Apparel,34,179,6086,Outlet
Sports Direct,2021-04-13,Southeast,Georgia,Men'S Street Footwear,37,179,6623,Outlet
Foot Locker,2021-12-04,West,Idaho,Women'S Athletic Footwear,44,184,8096,Outlet
West Gear,2021-08-24,West,Oregon,Women'S Street Footwear,68,195,13260,Online
Walmart,2021-08-17,South,Mississippi,Women'S Street Footwear,37,179,6623,Outlet
Foot Locker,2021-05-24,West,Arizona,Men'S Street Footwear,38,184,6992,Outlet
West Gear,2021-11-24,West,Oregon,Men'S Athletic Footwear,48,195,9360,Online
West Gear,2021-05-19,South,Oklahoma,Men'S Street Footwear,28,179,5012,Outlet
Foot Locker,2021-09-24,West,Arizona,Men'S Street Footwear,35,184,6440,Outlet
West Gear,2021-06-17,South,Louisiana,Women'S Apparel,100,195,19500,Online
Kohl'S,2021-05-27,West,New Mexico,Men'S Street Footwear,43,184,7912,Outlet
Amazon,2021-01-14,Northeast,Massachusetts,Men'S Street Footwear,35,179,6265,Outlet
Sports Direct,2021-07-12,Southeast,Georgia,Women'S Street Footwear,41,184,7544,Outlet
Amazon,2021-09-10,Northeast,Vermont,Men'S Street Footwear,44,179,7876,Outlet
West Gear,2021-04-05,West,Idaho,Men'S Street Footwear,19,195,3705,Online
Sports Direct,2021-11-13,Southeast,Georgia,Men'S Athletic Footwear,40,184,7360,Outlet
Sports Direct,2021-05-04,South,Tennessee,Men'S Athletic Footwear,25,178,4450,Outlet
West Gear,2021-04-05,West,Idaho,Men'S Athletic Footwear,29,195,5655,Online
West Gear,2021-04-20,South,Oklahoma,Men'S Street Footwear,20,184,3680,Outlet
West Gear,2021-05-18,South,Louisiana,Women'S Apparel,46,178,8188,Outlet
Amazon,2021-02-12,Northeast,Massachusetts,Men'S Street Footwear,33,184,6072,Outlet
Sports Direct,2021-12-16,South,Mississippi,Women'S Apparel,53,178,9434,Outlet
West Gear,2021-06-04,West,Idaho,Men'S Street Footwear,42,195,8190,Online
Foot Locker,2021-02-22,Northeast,New Hampshire,Men'S Street Footwear,41,184,7544,Outlet
West Gear,2021-01-23,South,Arkansas,Men'S Street Footwear,17,178,3026,Outlet
Foot Locker,2021-08-08,West,Idaho,Men'S Athletic Footwear,53,195,10335,Online
Sports Direct,2020-08-02,South,Texas,Women'S Street Footwear,32,182,5824,Online
Foot Locker,2021-06-07,Southeast,South Carolina,Men'S Apparel,62,195,12090,Online
Amazon,2021-12-13,Northeast,Massachusetts,Men'S Street Footwear,51,178,9078,Outlet
Walmart,2020-10-29,South,Texas,Women'S Athletic Footwear,47,182,8554,Online
Sports Direct,2021-11-03,Southeast,North Carolina,Men'S Athletic Footwear,32,195,6240,Online
Amazon,2021-05-10,Northeast,Vermont,Men'S Street Footwear,48,177,8496,Outlet
West Gear,2020-11-12,West,California,Women'S Apparel,46,182,8372,Online
West Gear,2021-06-21,South,Oklahoma,Men'S Street Footwear,32,192,6144,Outlet
Amazon,2021-07-09,Midwest,Ohio,Men'S Athletic Footwear,56,195,10920,Online
Sports Direct,2020-07-27,South,Texas,Women'S Street Footwear,32,176,5632,Online
West Gear,2021-01-03,West,California,Women'S Athletic Footwear,56,182,10192,Online
Sports Direct,2021-05-03,Northeast,Connecticut,Men'S Street Footwear,40,191,7640,Outlet
Kohl'S,2021-03-18,West,California,Women'S Apparel,41,176,7216,Online
West Gear,2021-02-01,West,California,Women'S Street Footwear,50,182,9100,Online
West Gear,2020-11-10,West,California,Women'S Athletic Footwear,39,190,7410,Outlet
Amazon,2021-08-10,Midwest,Ohio,Men'S Athletic Footwear,58,195,11310,Online
Kohl'S,2021-05-10,West,California,Women'S Athletic Footwear,46,176,8096,Online
West Gear,2021-02-03,West,California,Men'S Apparel,59,182,10738,Online
Sports Direct,2021-10-06,South,Texas,Women'S Street Footwear,32,190,6080,Outlet
Kohl'S,2021-05-15,West,California,Women'S Street Footwear,49,176,8624,Online
Kohl'S,2021-03-12,West,California,Women'S Apparel,41,182,7462,Online
Sports Direct,2021-10-09,South,Texas,Women'S Apparel,39,190,7410,Outlet
Kohl'S,2021-05-18,West,California,Women'S Apparel,62,176,10912,Online
Walmart,2020-10-24,South,Texas,Men'S Apparel,30,195,5850,Outlet
Kohl'S,2021-05-05,West,California,Men'S Apparel,58,182,10556,Online
Sports Direct,2021-10-19,South,Texas,Women'S Athletic Footwear,44,190,8360,Outlet
Kohl'S,2021-05-22,West,California,Women'S Athletic Footwear,47,176,8272,Online
Sports Direct,2021-08-27,South,Alabama,Women'S Street Footwear,11,190,2090,Outlet
Kohl'S,2021-05-27,West,California,Women'S Street Footwear,46,182,8372,Online
Sports Direct,2021-08-17,South,Texas,Men'S Street Footwear,23,176,4048,Online
Sports Direct,2021-09-23,South,Alabama,Women'S Apparel,26,190,4940,Outlet
Sports Direct,2021-08-23,South,Texas,Men'S Street Footwear,29,182,5278,Online
Sports Direct,2021-09-12,South,Texas,Women'S Street Footwear,44,176,7744,Online
Walmart,2021-10-17,Southeast,Florida,Men'S Athletic Footwear,43,190,8170,Outlet
Sports Direct,2021-08-29,South,Texas,Men'S Street Footwear,18,182,3276,Online
Sports Direct,2021-09-29,South,Texas,Men'S Athletic Footwear,54,176,9504,Online
Sports Direct,2021-12-23,Southeast,Virginia,Women'S Apparel,65,190,12350,Outlet
West Gear,2020-02-14,West,Nevada,Men'S Athletic Footwear,64,182,11648,Online
Sports Direct,2021-10-12,South,Texas,Women'S Street Footwear,63,176,11088,Online
West Gear,2021-06-11,West,Utah,Women'S Apparel,32,190,6080,Outlet
West Gear,2020-05-21,West,Colorado,Men'S Athletic Footwear,64,182,11648,Online
Sports Direct,2021-10-15,South,Texas,Women'S Apparel,67,176,11792,Online
West Gear,2021-11-24,West,Oregon,Men'S Street Footwear,34,190,6460,Outlet
West Gear,2020-06-30,West,Washington,Women'S Apparel,98,182,17836,Online
Sports Direct,2021-03-29,South,Tennessee,Men'S Athletic Footwear,24,176,4224,Online
Sports Direct,2021-10-04,West,Idaho,Men'S Athletic Footwear,27,190,5130,Outlet
West Gear,2020-07-02,West,Washington,Men'S Athletic Footwear,82,182,14924,Online
West Gear,2021-01-12,Southeast,Florida,Women'S Apparel,44,176,7744,Online
Foot Locker,2021-08-23,West,Arizona,Men'S Athletic Footwear,46,190,8740,Outlet
Foot Locker,2020-08-22,Southeast,Florida,Men'S Apparel,53,182,9646,Online
West Gear,2021-11-09,Northeast,New York,Women'S Apparel,68,176,11968,Online
Sports Direct,2021-06-13,Southeast,Georgia,Women'S Apparel,53,190,10070,Outlet
Sports Direct,2020-10-02,Southeast,Florida,Women'S Athletic Footwear,45,182,8190,Online
Foot Locker,2021-06-24,Southeast,Virginia,Men'S Athletic Footwear,62,176,10912,Online
Sports Direct,2020-08-05,South,Texas,Women'S Apparel,39,189,7371,Online
Sports Direct,2021-08-16,Midwest,Michigan,Women'S Apparel,45,176,7920,Online
Kohl'S,2021-03-05,Midwest,Montana,Men'S Athletic Footwear,45,182,8190,Online
Walmart,2020-08-15,South,Texas,Women'S Athletic Footwear,39,189,7371,Online
Sports Direct,2021-12-15,Midwest,Michigan,Men'S Athletic Footwear,46,176,8096,Online
Sports Direct,2021-03-11,Midwest,Montana,Men'S Athletic Footwear,29,182,5278,Online
Walmart,2020-09-02,South,Texas,Women'S Athletic Footwear,38,189,7182,Online
Kohl'S,2021-05-10,West,California,Women'S Athletic Footwear,39,195,7605,Outlet
Sports Direct,2021-09-05,West,Idaho,Men'S Street Footwear,50,176,8800,Online
West Gear,2021-01-05,West,California,Women'S Apparel,72,189,13608,Online
Kohl'S,2021-05-11,West,California,Men'S Apparel,44,195,8580,Outlet
Foot Locker,2021-12-04,West,Idaho,Women'S Street Footwear,56,176,9856,Online
Kohl'S,2021-03-09,West,California,Women'S Street Footwear,41,189,7749,Online
Sports Direct,2021-03-23,South,Tennessee,Men'S Athletic Footwear,31,195,6045,Outlet
Sports Direct,2021-04-27,South,Tennessee,Men'S Street Footwear,49,182,8918,Online
Kohl'S,2021-04-28,West,California,Women'S Athletic Footwear,44,189,8316,Online
Walmart,2021-07-16,Southeast,Florida,Women'S Apparel,75,195,14625,Outlet
Sports Direct,2021-04-29,South,Tennessee,Women'S Street Footwear,54,182,9828,Online
Kohl'S,2021-04-29,West,California,Men'S Apparel,46,189,8694,Online
Kohl'S,2021-08-26,West,New Mexico,Men'S Athletic Footwear,60,176,10560,Online
Kohl'S,2021-05-06,West,California,Women'S Apparel,61,189,11529,Online
Sports Direct,2021-06-13,Southeast,Georgia,Men'S Street Footwear,46,176,8096,Online
Sports Direct,2021-09-17,South,Alabama,Women'S Apparel,59,182,10738,Online
Foot Locker,2021-10-07,Southeast,South Carolina,Women'S Street Footwear,41,176,7216,Online
Amazon,2021-07-20,West,Alaska,Men'S Street Footwear,63,182,11466,Online
Foot Locker,2021-10-07,Southeast,South Carolina,Women'S Athletic Footwear,41,176,7216,Online
Foot Locker,2021-07-09,West,Hawaii,Men'S Athletic Footwear,81,182,14742,Online
Sports Direct,2021-08-03,Southeast,North Carolina,Men'S Apparel,53,176,9328,Online
Walmart,2021-12-09,West,Hawaii,Men'S Athletic Footwear,77,182,14014,Online
Sports Direct,2021-10-04,Southeast,North Carolina,Women'S Apparel,48,176,8448,Online
West Gear,2021-02-10,Northeast,New York,Women'S Apparel,42,182,7644,Online
Walmart,2021-07-16,South,Mississippi,Women'S Apparel,61,176,10736,Online
Kohl'S,2021-12-08,Northeast,New York,Women'S Apparel,69,182,12558,Online
Walmart,2021-10-18,South,Mississippi,Men'S Street Footwear,32,176,5632,Online
Foot Locker,2021-06-24,Southeast,Virginia,Women'S Apparel,96,182,17472,Online
Sports Direct,2021-01-23,South,Mississippi,Men'S Street Footwear,24,176,4224,Online
Foot Locker,2021-07-23,Southeast,Virginia,Women'S Street Footwear,86,182,15652,Online
Foot Locker,2021-12-16,Northeast,West Virginia,Men'S Street Footwear,60,176,10560,Online
Amazon,2021-08-11,Northeast,Vermont,Men'S Street Footwear,58,176,10208,Online
Kohl'S,2021-05-12,West,California,Women'S Apparel,59,189,11151,Online
Sports Direct,2020-07-23,South,Texas,Men'S Apparel,26,176,4576,Outlet
Kohl'S,2021-05-24,West,California,Women'S Apparel,59,189,11151,Online
Kohl'S,2021-03-22,West,California,Women'S Athletic Footwear,36,176,6336,Outlet
Foot Locker,2021-02-18,Midwest,Michigan,Men'S Street Footwear,29,182,5278,Online
Sports Direct,2021-08-11,Midwest,Illinois,Men'S Street Footwear,20,189,3780,Online
West Gear,2020-02-03,West,Nevada,Women'S Street Footwear,46,176,8096,Outlet
West Gear,2021-06-11,West,Utah,Men'S Street Footwear,28,182,5096,Online
Sports Direct,2021-10-18,South,Texas,Women'S Street Footwear,62,189,11718,Online
Sports Direct,2021-05-18,South,Tennessee,Women'S Athletic Footwear,44,176,7744,Outlet
Foot Locker,2021-01-05,South,Louisiana,Men'S Street Footwear,19,182,3458,Online
West Gear,2020-02-01,West,Nevada,Men'S Street Footwear,56,189,10584,Online
Foot Locker,2021-11-24,Southeast,Virginia,Women'S Apparel,60,176,10560,Outlet
Sports Direct,2021-09-05,West,Idaho,Women'S Street Footwear,56,182,10192,Online
West Gear,2020-03-10,West,Nevada,Men'S Athletic Footwear,62,189,11718,Online
Sports Direct,2021-12-23,Southeast,Virginia,Women'S Athletic Footwear,51,176,8976,Outlet
Sports Direct,2021-11-05,West,Idaho,Men'S Street Footwear,33,182,6006,Online
West Gear,2020-04-14,West,Colorado,Men'S Street Footwear,54,189,10206,Online
Sports Direct,2021-01-19,Southeast,Virginia,Women'S Street Footwear,18,176,3168,Outlet
Kohl'S,2021-12-25,West,New Mexico,Men'S Athletic Footwear,61,182,11102,Online
West Gear,2020-04-27,West,Colorado,Men'S Athletic Footwear,73,189,13797,Online
West Gear,2021-05-18,South,Louisiana,Men'S Street Footwear,32,176,5632,Outlet
Sports Direct,2021-07-03,Northeast,Connecticut,Men'S Street Footwear,42,195,8190,Outlet
Sports Direct,2021-08-13,Southeast,Georgia,Men'S Street Footwear,53,182,9646,Online
West Gear,2020-04-24,Southeast,Florida,Women'S Athletic Footwear,38,189,7182,Online
West Gear,2021-04-05,West,Idaho,Women'S Apparel,23,176,4048,Outlet
Amazon,2021-06-12,Northeast,Vermont,Men'S Street Footwear,47,195,9165,Outlet
Foot Locker,2021-04-06,Southeast,South Carolina,Men'S Athletic Footwear,34,182,6188,Online
Sports Direct,2020-10-03,Southeast,Florida,Men'S Apparel,57,189,10773,Online
Kohl'S,2021-11-26,West,New Mexico,Men'S Street Footwear,47,176,8272,Outlet
West Gear,2020-11-02,South,Texas,Men'S Athletic Footwear,49,194,9506,Online
Foot Locker,2021-04-06,Southeast,South Carolina,Women'S Street Footwear,24,182,4368,Online
Sports Direct,2021-03-22,South,Tennessee,Men'S Street Footwear,27,189,5103,Online
West Gear,2021-11-20,South,Arkansas,Men'S Street Footwear,18,176,3168,Outlet
West Gear,2021-02-14,West,California,Women'S Athletic Footwear,51,194,9894,Online
Foot Locker,2021-05-05,Southeast,South Carolina,Women'S Athletic Footwear,43,182,7826,Online
Sports Direct,2021-04-03,South,Tennessee,Men'S Street Footwear,14,189,2646,Online
Kohl'S,2021-01-16,South,Oklahoma,Men'S Street Footwear,17,176,2992,Outlet
Sports Direct,2021-09-05,South,Texas,Men'S Athletic Footwear,29,194,5626,Online
Sports Direct,2021-05-02,Southeast,North Carolina,Men'S Athletic Footwear,42,182,7644,Online
West Gear,2020-04-24,Southeast,Florida,Men'S Athletic Footwear,54,194,10476,Online
Foot Locker,2021-06-08,Northeast,Rhode Island,Men'S Street Footwear,36,176,6336,Outlet
Sports Direct,2021-06-04,Southeast,North Carolina,Men'S Athletic Footwear,42,182,7644,Online
Foot Locker,2021-06-07,Midwest,Illinois,Men'S Athletic Footwear,45,175,7875,Outlet
Sports Direct,2021-07-02,Southeast,North Carolina,Men'S Apparel,59,182,10738,Online
Sports Direct,2021-05-10,South,Tennessee,Men'S Athletic Footwear,29,189,5481,Online
Foot Locker,2021-06-26,Midwest,Illinois,Women'S Street Footwear,50,175,8750,Outlet
Sports Direct,2021-08-03,Southeast,North Carolina,Women'S Athletic Footwear,44,182,8008,Online
Sports Direct,2021-08-20,South,Alabama,Men'S Athletic Footwear,19,189,3591,Online
Foot Locker,2021-07-03,Midwest,Illinois,Women'S Athletic Footwear,40,175,7000,Outlet
West Gear,2021-07-08,Northeast,New York,Women'S Apparel,66,194,12804,Online
Walmart,2021-09-19,South,Arkansas,Men'S Street Footwear,48,182,8736,Online
Sports Direct,2021-08-26,South,Alabama,Men'S Athletic Footwear,19,189,3591,Online
Foot Locker,2021-07-04,Midwest,Illinois,Men'S Apparel,50,175,8750,Outlet
Sports Direct,2021-12-05,Southeast,South Carolina,Women'S Athletic Footwear,59,194,11446,Online
Sports Direct,2021-09-02,South,Alabama,Women'S Street Footwear,44,189,8316,Online
West Gear,2021-07-19,South,Oklahoma,Men'S Street Footwear,50,182,9100,Online
Foot Locker,2021-07-21,Midwest,Illinois,Women'S Athletic Footwear,40,175,7000,Outlet
Amazon,2021-06-22,West,Alaska,Men'S Street Footwear,59,189,11151,Online
Amazon,2021-01-13,Southeast,North Carolina,Men'S Street Footwear,32,194,6208,Online
Kohl'S,2021-07-12,Midwest,Kansas,Men'S Street Footwear,51,182,9282,Online
Foot Locker,2021-07-22,Midwest,Illinois,Men'S Apparel,50,175,8750,Outlet
Walmart,2021-12-09,West,Hawaii,Men'S Street Footwear,68,189,12852,Online
Foot Locker,2021-05-16,South,Mississippi,Men'S Street Footwear,39,194,7566,Online
West Gear,2021-07-16,Northeast,West Virginia,Men'S Street Footwear,55,182,10010,Online
Foot Locker,2021-08-02,Midwest,Illinois,Women'S Athletic Footwear,50,175,8750,Outlet
Walmart,2021-07-16,Southeast,Florida,Women'S Street Footwear,86,189,16254,Online
Sports Direct,2021-12-16,South,Mississippi,Men'S Street Footwear,68,194,13192,Online
Foot Locker,2021-07-13,Northeast,Delaware,Men'S Street Footwear,53,182,9646,Online
Walmart,2021-08-17,Southeast,Florida,Women'S Street Footwear,78,189,14742,Online
Amazon,2021-07-10,Northeast,Vermont,Men'S Street Footwear,54,182,9828,Online
West Gear,2021-01-12,Southeast,Florida,Men'S Athletic Footwear,44,189,8316,Online
Kohl'S,2021-04-06,West,California,Women'S Apparel,33,194,6402,Outlet
West Gear,2021-01-04,West,California,Men'S Apparel,49,182,8918,Outlet
Foot Locker,2021-08-24,Southeast,Virginia,Women'S Street Footwear,69,189,13041,Online
Kohl'S,2021-03-10,West,California,Women'S Athletic Footwear,33,182,6006,Outlet
Sports Direct,2021-07-15,Midwest,Michigan,Men'S Athletic Footwear,53,189,10017,Online
Kohl'S,2021-04-22,West,California,Women'S Athletic Footwear,32,194,6208,Outlet
Sports Direct,2021-09-07,South,Texas,Women'S Athletic Footwear,27,182,4914,Outlet
West Gear,2021-06-24,West,Oregon,Women'S Street Footwear,78,189,14742,Online
Sports Direct,2021-08-13,South,Alabama,Men'S Street Footwear,23,194,4462,Outlet
West Gear,2020-01-14,West,Nevada,Men'S Street Footwear,31,182,5642,Outlet
West Gear,2021-06-24,West,Oregon,Women'S Apparel,95,189,17955,Online
Sports Direct,2021-08-14,South,Alabama,Men'S Athletic Footwear,32,194,6208,Outlet
West Gear,2020-02-02,West,Nevada,Men'S Athletic Footwear,51,182,9282,Outlet
West Gear,2021-07-16,South,Louisiana,Men'S Apparel,86,189,16254,Online
West Gear,2021-04-11,West,Utah,Men'S Street Footwear,20,194,3880,Outlet
Sports Direct,2021-04-19,South,Tennessee,Men'S Apparel,33,182,6006,Outlet
West Gear,2021-08-17,South,Louisiana,Women'S Street Footwear,70,189,13230,Online
Foot Locker,2021-12-16,South,Louisiana,Women'S Apparel,59,194,11446,Outlet
West Gear,2021-07-10,West,Utah,Men'S Athletic Footwear,20,182,3640,Outlet
Sports Direct,2021-11-05,West,Idaho,Men'S Athletic Footwear,32,189,6048,Online
Sports Direct,2021-11-05,West,Idaho,Women'S Apparel,51,194,9894,Outlet
Kohl'S,2021-10-26,West,New Mexico,Men'S Athletic Footwear,38,182,6916,Outlet
Sports Direct,2021-12-12,Southeast,Georgia,Men'S Athletic Footwear,58,189,10962,Online
West Gear,2021-03-19,South,Oklahoma,Men'S Street Footwear,14,182,2548,Outlet
Foot Locker,2021-01-09,Southeast,Georgia,Men'S Apparel,47,189,8883,Online
Sports Direct,2021-03-03,Northeast,Connecticut,Men'S Street Footwear,26,182,4732,Outlet
Foot Locker,2021-06-23,West,Arizona,Men'S Street Footwear,37,194,7178,Outlet
Foot Locker,2021-02-07,Southeast,South Carolina,Men'S Apparel,49,189,9261,Online
Foot Locker,2021-08-07,Northeast,Rhode Island,Men'S Street Footwear,38,182,6916,Outlet
Foot Locker,2021-10-30,Northeast,Pennsylvania,Women'S Street Footwear,35,175,6125,Outlet
Foot Locker,2021-03-05,Southeast,South Carolina,Women'S Apparel,32,189,6048,Online
Walmart,2020-09-08,South,Texas,Women'S Athletic Footwear,47,181,8507,Online
Foot Locker,2021-11-05,Northeast,Pennsylvania,Women'S Street Footwear,40,175,7000,Outlet
Foot Locker,2021-10-07,Southeast,South Carolina,Men'S Apparel,52,189,9828,Online
Foot Locker,2021-11-08,Northeast,Pennsylvania,Women'S Apparel,50,175,8750,Outlet
Foot Locker,2021-12-12,Northeast,Pennsylvania,Women'S Athletic Footwear,45,175,7875,Outlet
West Gear,2021-07-02,Midwest,Wisconsin,Women'S Athletic Footwear,40,175,7000,In-Store
Sports Direct,2021-01-06,Southeast,South Carolina,Women'S Street Footwear,24,189,4536,Online
West Gear,2021-08-03,Midwest,Wisconsin,Men'S Apparel,50,175,8750,In-Store
Foot Locker,2020-10-31,Midwest,Minnesota,Women'S Street Footwear,30,175,5250,In-Store
West Gear,2021-03-09,Midwest,Indiana,Men'S Apparel,35,175,6125,In-Store
Sports Direct,2021-04-03,Southeast,North Carolina,Women'S Apparel,32,189,6048,Online
Foot Locker,2020-11-03,Midwest,Minnesota,Women'S Apparel,40,175,7000,In-Store
West Gear,2021-05-11,Midwest,Indiana,Women'S Athletic Footwear,35,175,6125,In-Store
Foot Locker,2021-01-20,Southeast,Kentucky,Men'S Street Footwear,29,189,5481,Online
Foot Locker,2020-11-09,Midwest,Minnesota,Women'S Apparel,40,175,7000,In-Store
West Gear,2021-06-10,Midwest,Indiana,Women'S Athletic Footwear,30,175,5250,In-Store
Sports Direct,2021-02-21,South,Mississippi,Men'S Street Footwear,24,189,4536,Online
Foot Locker,2020-11-17,Midwest,Minnesota,Men'S Athletic Footwear,40,175,7000,Outlet
West Gear,2021-08-20,South,Oklahoma,Men'S Street Footwear,56,189,10584,Online
West Gear,2021-06-10,Midwest,Indiana,Men'S Apparel,40,175,7000,In-Store
Foot Locker,2020-11-18,Midwest,Minnesota,Women'S Street Footwear,35,175,6125,Outlet
Kohl'S,2021-08-13,Midwest,Kansas,Men'S Street Footwear,56,189,10584,Online
West Gear,2021-07-09,Midwest,Indiana,Women'S Athletic Footwear,45,175,7875,In-Store
Foot Locker,2020-11-25,Midwest,Minnesota,Women'S Athletic Footwear,40,175,7000,Outlet
West Gear,2021-08-10,Midwest,Indiana,Men'S Apparel,50,175,8750,In-Store
West Gear,2021-09-11,Midwest,Indiana,Women'S Street Footwear,25,175,4375,In-Store
West Gear,2021-01-23,West,California,Women'S Apparel,76,181,13756,Online
West Gear,2021-02-17,Northeast,West Virginia,Women'S Athletic Footwear,35,175,6125,In-Store
Foot Locker,2020-12-01,Midwest,Minnesota,Women'S Athletic Footwear,35,175,6125,Outlet
Foot Locker,2021-06-15,Northeast,Delaware,Men'S Street Footwear,51,189,9639,Online
Kohl'S,2021-04-18,West,California,Women'S Apparel,64,181,11584,Online
Foot Locker,2020-12-25,Midwest,Minnesota,Women'S Athletic Footwear,45,175,7875,Outlet
Sports Direct,2021-07-03,Northeast,Connecticut,Men'S Street Footwear,54,189,10206,Online
Sports Direct,2021-09-28,South,Texas,Men'S Street Footwear,53,181,9593,Online
Foot Locker,2021-05-29,Midwest,Nebraska,Women'S Street Footwear,25,175,4375,Outlet
Walmart,2020-09-13,South,Texas,Women'S Street Footwear,48,188,9024,Online
Foot Locker,2021-06-22,Midwest,Nebraska,Women'S Street Footwear,30,175,5250,Outlet
West Gear,2020-12-28,West,California,Women'S Athletic Footwear,54,188,10152,Online
Sports Direct,2021-10-10,South,Texas,Men'S Street Footwear,38,181,6878,Online
West Gear,2021-01-21,West,California,Women'S Athletic Footwear,59,188,11092,Online
West Gear,2021-01-22,West,California,Men'S Apparel,69,188,12972,Online
West Gear,2020-04-19,West,Colorado,Women'S Apparel,83,181,15023,Online
Foot Locker,2021-06-29,Midwest,Nebraska,Women'S Athletic Footwear,35,175,6125,Outlet
Foot Locker,2021-06-30,Midwest,Nebraska,Men'S Apparel,45,175,7875,Outlet
Sports Direct,2021-03-17,South,Tennessee,Men'S Athletic Footwear,33,181,5973,Online
Sports Direct,2021-04-26,South,Tennessee,Women'S Apparel,53,181,9593,Online
Amazon,2021-10-25,Northeast,Maine,Men'S Athletic Footwear,40,175,7000,Outlet
Kohl'S,2021-04-06,West,California,Women'S Apparel,41,188,7708,Online
West Gear,2021-06-10,Northeast,New York,Women'S Apparel,69,181,12489,Online
Amazon,2021-11-07,Northeast,Maine,Women'S Street Footwear,45,175,7875,Outlet
West Gear,2020-04-21,West,Colorado,Men'S Athletic Footwear,67,188,12596,Online
Sports Direct,2021-04-16,Midwest,Michigan,Men'S Street Footwear,32,181,5792,Online
Amazon,2021-11-14,Northeast,Maine,Women'S Athletic Footwear,45,175,7875,Outlet
West Gear,2020-06-26,West,Washington,Men'S Athletic Footwear,74,188,13912,Online
West Gear,2020-07-26,West,Washington,Men'S Athletic Footwear,60,188,11280,Online
West Gear,2021-03-16,Northeast,West Virginia,Women'S Athletic Footwear,25,175,4375,In-Store
West Gear,2020-07-31,West,Washington,Men'S Street Footwear,78,188,14664,Online
Amazon,2021-11-20,Northeast,Maine,Women'S Athletic Footwear,45,175,7875,Outlet
West Gear,2021-04-17,Northeast,West Virginia,Women'S Athletic Footwear,25,175,4375,In-Store
Amazon,2021-12-24,Northeast,Maine,Women'S Athletic Footwear,45,175,7875,Outlet
West Gear,2021-10-17,Northeast,West Virginia,Women'S Street Footwear,35,175,6125,In-Store
West Gear,2020-04-24,Southeast,Florida,Women'S Street Footwear,47,188,8836,Online
Amazon,2021-02-22,West,Alaska,Women'S Athletic Footwear,50,175,8750,Outlet
West Gear,2021-10-17,Northeast,West Virginia,Women'S Athletic Footwear,35,175,6125,In-Store
West Gear,2021-10-17,Northeast,West Virginia,Men'S Apparel,45,175,7875,In-Store
Kohl'S,2021-02-09,Midwest,Montana,Men'S Athletic Footwear,54,188,10152,Online
West Gear,2021-02-22,Northeast,West Virginia,Women'S Street Footwear,25,175,4375,In-Store
Foot Locker,2021-01-10,West,Alaska,Men'S Apparel,50,175,8750,Outlet
Sports Direct,2021-08-14,South,Alabama,Men'S Athletic Footwear,36,188,6768,Online
West Gear,2021-03-20,Northeast,Maryland,Women'S Street Footwear,25,175,4375,In-Store
Foot Locker,2021-05-25,Southeast,Virginia,Men'S Apparel,45,175,7875,In-Store
Sports Direct,2021-09-20,South,Alabama,Women'S Street Footwear,59,188,11092,Online
West Gear,2021-03-20,Northeast,Maryland,Women'S Apparel,35,175,6125,In-Store
West Gear,2021-04-11,West,Utah,Men'S Street Footwear,27,181,4887,Online
West Gear,2021-05-25,West,Oregon,Men'S Apparel,45,175,7875,In-Store
West Gear,2021-05-20,Northeast,Maryland,Men'S Athletic Footwear,45,175,7875,In-Store
Sports Direct,2021-09-05,West,Idaho,Women'S Apparel,49,181,8869,Online
Foot Locker,2021-06-22,Northeast,Maryland,Women'S Street Footwear,40,175,7000,In-Store
Sports Direct,2021-07-20,Northeast,Maryland,Men'S Apparel,50,175,8750,In-Store
West Gear,2021-02-17,South,Louisiana,Men'S Apparel,50,175,8750,In-Store
Foot Locker,2021-11-21,Northeast,Maryland,Men'S Athletic Footwear,50,175,8750,In-Store
Foot Locker,2021-12-22,West,Arizona,Men'S Street Footwear,44,181,7964,Online
West Gear,2021-04-17,South,Louisiana,Men'S Apparel,45,175,7875,In-Store
Foot Locker,2021-12-20,Northeast,Maryland,Women'S Athletic Footwear,50,175,8750,In-Store
Foot Locker,2021-03-05,Southeast,South Carolina,Women'S Street Footwear,24,181,4344,Online
Sports Direct,2021-02-13,Southeast,Georgia,Men'S Apparel,45,175,7875,Online
Foot Locker,2021-01-17,Northeast,Maryland,Women'S Athletic Footwear,35,175,6125,In-Store
Foot Locker,2021-03-05,Southeast,South Carolina,Men'S Apparel,41,181,7421,Online
Foot Locker,2021-03-13,Northeast,Delaware,Men'S Apparel,50,175,8750,In-Store
Sports Direct,2021-01-06,Southeast,South Carolina,Men'S Athletic Footwear,34,181,6154,Online
Kohl'S,2021-01-10,Northeast,Delaware,Men'S Apparel,45,175,7875,In-Store
Amazon,2021-04-22,Southeast,Kentucky,Men'S Athletic Footwear,45,175,7875,Online
Kohl'S,2021-02-08,Northeast,Delaware,Men'S Athletic Footwear,35,175,6125,In-Store
Amazon,2021-04-22,Southeast,Kentucky,Women'S Street Footwear,40,175,7000,Online
Sports Direct,2021-03-02,Southeast,North Carolina,Women'S Street Footwear,19,181,3439,Online
Kohl'S,2021-02-08,Northeast,New Jersey,Men'S Apparel,45,175,7875,In-Store
Kohl'S,2021-04-07,Northeast,New Jersey,Men'S Athletic Footwear,35,175,6125,In-Store
Amazon,2021-10-22,Southeast,Kentucky,Women'S Street Footwear,45,175,7875,Online
Sports Direct,2021-09-02,Southeast,North Carolina,Men'S Athletic Footwear,49,181,8869,Online
Kohl'S,2021-04-07,Northeast,New Jersey,Women'S Street Footwear,25,175,4375,In-Store
West Gear,2021-02-21,South,Oklahoma,Women'S Athletic Footwear,20,175,3500,Online
Amazon,2021-07-09,Midwest,Ohio,Women'S Apparel,69,181,12489,Online
Kohl'S,2021-08-07,Northeast,New Jersey,Men'S Apparel,50,175,8750,In-Store
West Gear,2021-03-19,South,Oklahoma,Men'S Apparel,35,175,6125,Online
Amazon,2021-12-09,Midwest,Ohio,Men'S Athletic Footwear,60,181,10860,Online
Kohl'S,2021-09-06,Northeast,New Jersey,Women'S Street Footwear,40,175,7000,In-Store
Sports Direct,2021-10-05,South,Alabama,Women'S Apparel,56,188,10528,Online
West Gear,2021-04-20,South,Oklahoma,Men'S Apparel,40,175,7000,Online
Walmart,2021-03-19,South,Arkansas,Men'S Street Footwear,18,181,3258,Online
West Gear,2021-08-09,Northeast,New York,Women'S Street Footwear,51,188,9588,Online
Sports Direct,2021-09-03,Northeast,Connecticut,Women'S Athletic Footwear,45,175,7875,In-Store
Kohl'S,2021-10-14,Midwest,Kansas,Women'S Athletic Footwear,20,175,3500,Online
Walmart,2021-05-19,South,Arkansas,Men'S Street Footwear,39,181,7059,Online
Foot Locker,2021-02-08,Northeast,Connecticut,Women'S Street Footwear,25,175,4375,In-Store
Foot Locker,2021-03-06,Northeast,Rhode Island,Women'S Street Footwear,25,175,4375,In-Store
Kohl'S,2021-10-14,Midwest,Kansas,Men'S Apparel,30,175,5250,Online
West Gear,2021-12-23,West,Oregon,Men'S Street Footwear,61,188,11468,Online
Foot Locker,2021-03-06,Northeast,Rhode Island,Women'S Apparel,35,175,6125,In-Store
Foot Locker,2021-05-06,Northeast,Rhode Island,Men'S Athletic Footwear,45,175,7875,In-Store
Kohl'S,2021-02-14,Midwest,Montana,Men'S Street Footwear,41,180,7380,Online
Foot Locker,2021-05-06,Northeast,Rhode Island,Men'S Apparel,50,175,8750,In-Store
West Gear,2021-11-17,South,Louisiana,Men'S Street Footwear,39,188,7332,Online
Foot Locker,2021-01-12,Midwest,Kansas,Men'S Apparel,50,175,8750,Online
Sports Direct,2021-03-13,Northeast,Massachusetts,Men'S Athletic Footwear,40,175,7000,In-Store
West Gear,2021-06-04,West,Idaho,Men'S Athletic Footwear,46,188,8648,Online
Foot Locker,2021-02-12,Midwest,Kansas,Men'S Athletic Footwear,40,175,7000,Online
Sports Direct,2021-05-13,Northeast,Massachusetts,Women'S Athletic Footwear,45,175,7875,In-Store
Sports Direct,2021-09-05,West,Idaho,Men'S Athletic Footwear,50,188,9400,Online
Foot Locker,2021-02-12,Midwest,South Dakota,Men'S Apparel,50,175,8750,Online
Sports Direct,2021-08-14,Northeast,Massachusetts,Women'S Athletic Footwear,45,175,7875,In-Store
Foot Locker,2021-04-06,Southeast,South Carolina,Men'S Apparel,47,188,8836,Online
Foot Locker,2021-05-13,Midwest,South Dakota,Women'S Street Footwear,45,175,7875,Online
Sports Direct,2021-04-05,South,Tennessee,Women'S Street Footwear,19,180,3420,Online
Amazon,2021-01-14,Northeast,Massachusetts,Women'S Athletic Footwear,40,175,7000,In-Store
Foot Locker,2021-06-12,Midwest,South Dakota,Women'S Athletic Footwear,35,175,6125,Online
Amazon,2021-01-21,Northeast,Vermont,Women'S Athletic Footwear,45,175,7875,In-Store
Sports Direct,2021-09-03,South,Alabama,Women'S Athletic Footwear,41,180,7380,Online
Foot Locker,2021-05-05,Southeast,South Carolina,Men'S Athletic Footwear,45,188,8460,Online
Foot Locker,2021-06-10,West,Hawaii,Women'S Street Footwear,71,180,12780,Online
Foot Locker,2021-11-06,Southeast,South Carolina,Men'S Athletic Footwear,44,188,8272,Online
Walmart,2021-07-16,Southeast,Florida,Women'S Athletic Footwear,82,180,14760,Online
West Gear,2021-12-16,Southeast,Florida,Women'S Athletic Footwear,78,180,14040,Online
Sports Direct,2021-02-04,Southeast,South Carolina,Men'S Athletic Footwear,34,188,6392,Online
Foot Locker,2021-06-12,Midwest,South Dakota,Men'S Apparel,45,175,7875,Online
Foot Locker,2021-06-18,South,Mississippi,Women'S Apparel,60,188,11280,Online
Foot Locker,2021-07-11,Midwest,South Dakota,Women'S Athletic Footwear,40,175,7000,Online
Kohl'S,2021-07-06,Northeast,New Jersey,Men'S Street Footwear,47,188,8836,Online
Foot Locker,2021-08-12,Midwest,South Dakota,Men'S Apparel,50,175,8750,Online
Foot Locker,2021-07-23,Southeast,Virginia,Women'S Apparel,96,180,17280,Online
Foot Locker,2021-09-13,Midwest,South Dakota,Women'S Street Footwear,35,175,6125,Online
Foot Locker,2021-05-19,Midwest,Missouri,Men'S Street Footwear,39,180,7020,Online
Sports Direct,2021-11-12,Midwest,South Dakota,Women'S Athletic Footwear,45,175,7875,Online
Kohl'S,2021-07-25,West,New Mexico,Men'S Athletic Footwear,56,180,10080,Online
Sports Direct,2021-01-09,Midwest,South Dakota,Men'S Apparel,45,175,7875,Online
West Gear,2020-12-28,West,California,Women'S Athletic Footwear,48,188,9024,Outlet
Sports Direct,2021-09-14,Southeast,Georgia,Men'S Street Footwear,43,180,7740,Online
Foot Locker,2021-04-06,Southeast,South Carolina,Women'S Athletic Footwear,27,180,4860,Online
Sports Direct,2021-09-30,South,Alabama,Men'S Street Footwear,14,188,2632,Outlet
Sports Direct,2021-02-04,Southeast,North Carolina,Men'S Apparel,44,180,7920,Online
Amazon,2021-04-18,Northeast,New Hampshire,Women'S Athletic Footwear,45,175,7875,In-Store
Sports Direct,2021-10-05,South,Alabama,Women'S Apparel,45,188,8460,Outlet
Sports Direct,2020-07-22,Northeast,New York,Women'S Athletic Footwear,34,175,5950,Online
Sports Direct,2020-07-28,South,Texas,Women'S Athletic Footwear,34,175,5950,Online
Walmart,2020-09-09,South,Texas,Men'S Apparel,44,175,7700,Online
West Gear,2020-11-04,South,Texas,Women'S Athletic Footwear,48,175,8400,Online
West Gear,2020-11-14,West,California,Men'S Athletic Footwear,58,175,10150,Online
West Gear,2021-02-15,West,California,Men'S Apparel,59,175,10325,Online
Kohl'S,2021-04-09,West,California,Women'S Street Footwear,49,175,8575,Online
Kohl'S,2021-04-22,West,California,Women'S Athletic Footwear,44,175,7700,Online
Kohl'S,2021-05-16,West,California,Women'S Athletic Footwear,48,175,8400,Online
Sports Direct,2021-08-30,South,Texas,Men'S Athletic Footwear,28,175,4900,Online
Sports Direct,2021-09-06,South,Texas,Women'S Street Footwear,24,175,4200,Online
West Gear,2020-07-03,West,Washington,Women'S Street Footwear,78,175,13650,Online
Foot Locker,2020-08-09,West,Washington,Women'S Athletic Footwear,38,175,6650,Online
Foot Locker,2020-08-21,Southeast,Florida,Women'S Athletic Footwear,36,175,6300,Online
West Gear,2020-04-24,Southeast,Florida,Women'S Athletic Footwear,49,175,8575,Online
Sports Direct,2021-09-18,South,Alabama,Men'S Street Footwear,51,175,8925,Online
Sports Direct,2021-10-08,South,Alabama,Women'S Street Footwear,64,175,11200,Online
Walmart,2021-11-17,Southeast,Florida,Men'S Athletic Footwear,54,175,9450,Online
West Gear,2021-06-10,Northeast,New York,Men'S Athletic Footwear,54,175,9450,Online
Foot Locker,2021-12-16,South,Louisiana,Women'S Apparel,87,175,15225,Online
Foot Locker,2021-12-22,West,Arizona,Men'S Athletic Footwear,49,175,8575,Online
Kohl'S,2021-08-26,West,New Mexico,Men'S Street Footwear,56,175,9800,Online
Sports Direct,2021-08-13,Southeast,Georgia,Men'S Athletic Footwear,58,175,10150,Online
Foot Locker,2021-09-05,Southeast,South Carolina,Men'S Apparel,48,175,8400,Online
Sports Direct,2021-09-02,Southeast,North Carolina,Women'S Street Footwear,28,175,4900,Online
Sports Direct,2021-06-05,Northeast,Connecticut,Men'S Street Footwear,50,175,8750,Online
Foot Locker,2021-11-27,Northeast,Pennsylvania,Men'S Street Footwear,49,175,8575,Outlet
Foot Locker,2021-05-25,Southeast,Virginia,Men'S Street Footwear,39,175,6825,Outlet
West Gear,2021-02-17,West,Oregon,Men'S Street Footwear,24,175,4200,Outlet
West Gear,2021-09-18,South,Louisiana,Men'S Street Footwear,33,175,5775,Outlet
West Gear,2021-09-18,South,Louisiana,Men'S Athletic Footwear,40,175,7000,Outlet
Foot Locker,2021-04-23,West,Arizona,Men'S Street Footwear,40,175,7000,Outlet
Foot Locker,2021-10-23,West,Arizona,Men'S Athletic Footwear,33,175,5775,Outlet
Amazon,2021-07-10,Northeast,Vermont,Women'S Apparel,49,175,8575,Outlet
Sports Direct,2020-08-03,South,Texas,Women'S Athletic Footwear,37,174,6438,Online
West Gear,2020-12-22,West,California,Women'S Athletic Footwear,58,174,10092,Online
Kohl'S,2021-04-12,West,California,Women'S Apparel,62,174,10788,Online
Kohl'S,2021-05-17,West,California,Men'S Apparel,56,174,9744,Online
Kohl'S,2021-05-23,West,California,Men'S Apparel,55,174,9570,Online
Kohl'S,2021-08-07,Northeast,New Jersey,Men'S Street Footwear,47,180,8460,Online
Amazon,2021-02-19,Northeast,Vermont,Men'S Street Footwear,49,180,8820,Online
Sports Direct,2021-09-13,South,Texas,Women'S Athletic Footwear,43,174,7482,Online
Walmart,2020-08-16,South,Texas,Men'S Apparel,35,180,6300,Outlet
West Gear,2020-02-06,West,Nevada,Women'S Apparel,73,174,12702,Online
West Gear,2020-02-20,West,Nevada,Men'S Athletic Footwear,51,180,9180,Outlet
West Gear,2020-02-08,West,Nevada,Men'S Athletic Footwear,61,174,10614,Online
West Gear,2021-11-17,South,Louisiana,Women'S Apparel,64,180,11520,Outlet
West Gear,2020-02-19,West,Nevada,Men'S Street Footwear,56,174,9744,Online
Foot Locker,2021-02-04,South,Louisiana,Men'S Athletic Footwear,28,180,5040,Outlet
West Gear,2020-07-14,West,Washington,Men'S Athletic Footwear,71,174,12354,Online
Kohl'S,2021-11-26,West,New Mexico,Men'S Athletic Footwear,44,180,7920,Outlet
Sports Direct,2021-04-12,South,Tennessee,Women'S Athletic Footwear,36,174,6264,Online
Walmart,2021-11-17,Southeast,Florida,Men'S Street Footwear,41,188,7708,Outlet
Walmart,2021-10-21,South,Arkansas,Men'S Street Footwear,21,180,3780,Outlet
Foot Locker,2021-03-06,West,Idaho,Men'S Athletic Footwear,27,188,5076,Outlet
Sports Direct,2021-07-13,Northeast,Massachusetts,Men'S Street Footwear,37,180,6660,Outlet
Sports Direct,2021-05-11,South,Tennessee,Women'S Street Footwear,50,174,8700,Online
Kohl'S,2021-09-27,West,New Mexico,Men'S Athletic Footwear,39,188,7332,Outlet
West Gear,2021-05-18,Northeast,West Virginia,Men'S Street Footwear,58,179,10382,Online
Sports Direct,2021-08-08,South,Alabama,Men'S Athletic Footwear,33,174,5742,Online
Walmart,2020-08-10,South,Texas,Men'S Apparel,34,179,6086,Outlet
Amazon,2021-12-20,West,Alaska,Men'S Street Footwear,69,174,12006,Online
Amazon,2021-03-17,Northeast,New Hampshire,Men'S Street Footwear,39,188,7332,Outlet
Foot Locker,2021-03-16,South,Mississippi,Men'S Street Footwear,23,187,4301,Online
Kohl'S,2021-03-16,West,California,Women'S Athletic Footwear,34,179,6086,Outlet
West Gear,2021-12-16,Southeast,Florida,Women'S Street Footwear,75,174,13050,Online
Foot Locker,2021-07-23,Southeast,Virginia,Women'S Athletic Footwear,65,187,12155,Outlet
West Gear,2021-02-10,Southeast,Florida,Women'S Street Footwear,33,174,5742,Online
Kohl'S,2021-02-12,West,Wyoming,Women'S Apparel,38,174,6612,Online
Sports Direct,2021-08-31,South,Texas,Women'S Street Footwear,20,179,3580,Outlet
Sports Direct,2021-01-19,Southeast,Virginia,Men'S Athletic Footwear,28,187,5236,Outlet
Foot Locker,2021-12-03,Northeast,Pennsylvania,Men'S Street Footwear,51,179,9129,Outlet
West Gear,2021-06-04,West,Idaho,Women'S Athletic Footwear,33,187,6171,Outlet
West Gear,2020-02-15,West,Nevada,Women'S Street Footwear,44,179,7876,Outlet
Kohl'S,2021-09-10,West,Wyoming,Women'S Apparel,52,174,9048,Online
Kohl'S,2021-03-25,West,New Mexico,Men'S Street Footwear,30,187,5610,Outlet
Sports Direct,2021-04-06,South,Tennessee,Women'S Athletic Footwear,20,179,3580,Outlet
Kohl'S,2021-10-12,West,Wyoming,Men'S Athletic Footwear,44,174,7656,Online
Foot Locker,2021-12-10,West,Wyoming,Women'S Apparel,56,174,9744,Online
Kohl'S,2021-06-26,West,New Mexico,Men'S Athletic Footwear,47,187,8789,Outlet
Sports Direct,2021-05-14,Southeast,Georgia,Men'S Street Footwear,37,187,6919,Outlet
Sports Direct,2021-05-08,South,Tennessee,Women'S Apparel,29,179,5191,Outlet
Amazon,2021-04-18,Northeast,New Hampshire,Men'S Street Footwear,33,187,6171,Outlet
Sports Direct,2021-09-15,Midwest,Michigan,Men'S Athletic Footwear,37,174,6438,Online
Sports Direct,2021-09-10,South,Alabama,Men'S Apparel,35,179,6265,Outlet
Foot Locker,2021-09-19,Midwest,Missouri,Men'S Street Footwear,32,174,5568,Online
Sports Direct,2021-02-09,Midwest,South Dakota,Men'S Athletic Footwear,35,175,6125,Online
West Gear,2021-05-12,West,Utah,Men'S Street Footwear,32,174,5568,Online
Sports Direct,2021-02-09,Midwest,North Dakota,Men'S Apparel,45,175,7875,Online
West Gear,2021-12-16,Southeast,Florida,Men'S Apparel,64,179,11456,Outlet
Foot Locker,2021-03-17,Midwest,Missouri,Men'S Street Footwear,34,186,6324,Online
Sports Direct,2021-05-10,Midwest,North Dakota,Women'S Street Footwear,40,175,7000,In-Store
West Gear,2021-08-11,West,Utah,Men'S Athletic Footwear,28,179,5012,Outlet
West Gear,2021-11-17,South,Louisiana,Women'S Apparel,81,174,14094,Online
West Gear,2020-02-19,West,Nevada,Men'S Street Footwear,41,186,7626,Outlet
Sports Direct,2021-06-09,Midwest,North Dakota,Women'S Athletic Footwear,30,175,5250,In-Store
West Gear,2021-06-24,West,Oregon,Women'S Athletic Footwear,62,179,11098,Outlet
Foot Locker,2021-02-04,South,Louisiana,Men'S Athletic Footwear,32,174,5568,Online
West Gear,2021-10-24,West,Oregon,Men'S Athletic Footwear,37,179,6623,Outlet
Sports Direct,2021-06-09,Midwest,North Dakota,Men'S Apparel,40,175,7000,In-Store
Walmart,2021-07-16,Southeast,Florida,Women'S Athletic Footwear,59,186,10974,Outlet
Foot Locker,2021-07-23,Southeast,Virginia,Women'S Apparel,82,186,15252,Outlet
West Gear,2021-06-04,West,Idaho,Women'S Street Footwear,47,174,8178,Online
Sports Direct,2021-07-08,Midwest,North Dakota,Women'S Athletic Footwear,40,175,7000,In-Store
West Gear,2021-06-04,West,Idaho,Women'S Street Footwear,34,186,6324,Outlet
Walmart,2021-04-20,South,Arkansas,Men'S Street Footwear,23,174,4002,Online
West Gear,2021-03-16,South,Louisiana,Men'S Street Footwear,29,179,5191,Outlet
Amazon,2021-12-10,Northeast,Vermont,Men'S Street Footwear,48,186,8928,Outlet
Sports Direct,2021-10-19,South,Texas,Women'S Athletic Footwear,59,173,10207,Online
Sports Direct,2021-10-04,West,Idaho,Women'S Street Footwear,31,179,5549,Outlet
Kohl'S,2021-01-09,Midwest,Montana,Men'S Street Footwear,32,173,5536,Online
Sports Direct,2021-08-09,Midwest,North Dakota,Men'S Apparel,50,175,8750,In-Store
Kohl'S,2021-02-27,Midwest,Montana,Men'S Athletic Footwear,42,173,7266,Online
Amazon,2021-02-19,Northeast,Vermont,Men'S Street Footwear,34,186,6324,Outlet
Sports Direct,2021-09-10,Midwest,North Dakota,Women'S Street Footwear,30,175,5250,In-Store
Amazon,2021-03-10,Northeast,Vermont,Men'S Street Footwear,35,185,6475,Outlet
Foot Locker,2021-11-09,Midwest,North Dakota,Women'S Athletic Footwear,40,175,7000,In-Store
Sports Direct,2021-05-03,South,Tennessee,Men'S Street Footwear,33,173,5709,Online
Foot Locker,2021-03-05,Midwest,Iowa,Men'S Athletic Footwear,20,175,3500,In-Store
Foot Locker,2021-04-06,Midwest,Iowa,Men'S Athletic Footwear,20,175,3500,In-Store
Walmart,2020-09-15,South,Texas,Men'S Apparel,35,184,6440,Outlet
Sports Direct,2021-09-20,South,Texas,Men'S Apparel,39,184,7176,Outlet
Sports Direct,2021-09-25,South,Alabama,Men'S Athletic Footwear,23,173,3979,Outlet
Foot Locker,2021-04-06,Midwest,Iowa,Women'S Street Footwear,10,175,1750,In-Store
Walmart,2021-05-18,Southeast,Florida,Women'S Apparel,48,173,8304,Outlet
Walmart,2021-11-17,Southeast,Florida,Women'S Street Footwear,44,173,7612,Outlet
Foot Locker,2021-06-06,Midwest,Iowa,Women'S Athletic Footwear,25,175,4375,In-Store
Foot Locker,2021-10-24,Southeast,Virginia,Men'S Athletic Footwear,39,173,6747,Outlet
Foot Locker,2021-06-06,Midwest,Iowa,Men'S Apparel,35,175,6125,In-Store
Foot Locker,2021-11-24,Southeast,Virginia,Men'S Street Footwear,34,173,5882,Outlet
Foot Locker,2021-07-05,Midwest,Iowa,Women'S Athletic Footwear,40,175,7000,In-Store
Sports Direct,2021-03-24,South,Tennessee,Women'S Street Footwear,22,166,3652,Outlet
West Gear,2021-05-25,West,Oregon,Women'S Apparel,46,173,7958,Outlet
Foot Locker,2021-08-06,Midwest,Iowa,Men'S Apparel,50,175,8750,In-Store
Sports Direct,2021-09-26,South,Alabama,Women'S Street Footwear,24,166,3984,Outlet
Walmart,2021-08-17,Southeast,Florida,Men'S Apparel,63,166,10458,Outlet
West Gear,2021-07-06,West,Idaho,Men'S Apparel,43,173,7439,Outlet
Foot Locker,2021-09-07,Midwest,Iowa,Women'S Street Footwear,25,175,4375,In-Store
West Gear,2021-04-24,West,Oregon,Men'S Street Footwear,44,166,7304,Outlet
Kohl'S,2021-02-26,West,Arizona,Men'S Street Footwear,27,173,4671,Outlet
West Gear,2021-03-02,Midwest,Wisconsin,Men'S Athletic Footwear,20,175,3500,In-Store
Foot Locker,2021-01-05,South,Louisiana,Women'S Athletic Footwear,26,166,4316,Outlet
Sports Direct,2021-12-25,West,New Mexico,Women'S Apparel,56,173,9688,Outlet
Sports Direct,2021-08-08,West,Idaho,Men'S Apparel,39,166,6474,Outlet
Sports Direct,2021-07-12,Southeast,Georgia,Men'S Athletic Footwear,37,173,6401,Outlet
Kohl'S,2021-01-26,West,Arizona,Women'S Apparel,36,166,5976,Outlet
West Gear,2021-05-04,Midwest,Wisconsin,Women'S Street Footwear,35,175,6125,In-Store
Sports Direct,2021-10-13,Southeast,Georgia,Men'S Street Footwear,34,173,5882,Outlet
West Gear,2021-08-20,South,Oklahoma,Women'S Apparel,40,166,6640,Outlet
West Gear,2021-05-04,Midwest,Wisconsin,Men'S Apparel,45,175,7875,In-Store
Sports Direct,2021-10-13,Southeast,Georgia,Men'S Athletic Footwear,34,173,5882,Outlet
Kohl'S,2021-11-20,South,Oklahoma,Men'S Street Footwear,16,166,2656,Outlet
Sports Direct,2021-11-13,Southeast,Georgia,Men'S Street Footwear,36,173,6228,Outlet
West Gear,2020-02-02,West,Nevada,Men'S Athletic Footwear,62,165,10230,Online
West Gear,2021-10-21,South,Oklahoma,Men'S Street Footwear,20,173,3460,Outlet
West Gear,2020-02-03,West,Nevada,Women'S Street Footwear,62,165,10230,Online
West Gear,2021-06-03,Midwest,Wisconsin,Women'S Athletic Footwear,25,175,4375,In-Store
Foot Locker,2021-12-03,Northeast,Connecticut,Men'S Street Footwear,45,173,7785,Outlet
Sports Direct,2021-08-27,South,Alabama,Women'S Street Footwear,15,173,2595,Online
West Gear,2020-02-26,West,Nevada,Men'S Athletic Footwear,59,165,9735,Online
West Gear,2021-06-03,Midwest,Wisconsin,Men'S Apparel,35,175,6125,In-Store
Foot Locker,2021-07-06,Northeast,Rhode Island,Men'S Street Footwear,38,173,6574,Outlet
Sports Direct,2021-09-09,South,Alabama,Women'S Athletic Footwear,44,173,7612,Online
Sports Direct,2021-05-13,Northeast,Massachusetts,Men'S Street Footwear,41,173,7093,Outlet
Amazon,2021-02-22,West,Alaska,Men'S Street Footwear,51,173,8823,Online
Amazon,2021-01-21,Northeast,Vermont,Men'S Street Footwear,34,173,5882,Outlet
Walmart,2021-05-18,Southeast,Florida,Women'S Apparel,67,173,11591,Online
West Gear,2020-01-20,West,Nevada,Men'S Street Footwear,41,171,7011,Outlet
Sports Direct,2021-07-15,Midwest,Michigan,Women'S Street Footwear,46,173,7958,Online
West Gear,2020-01-26,West,Nevada,Men'S Street Footwear,43,171,7353,Outlet
Sports Direct,2021-12-23,Southeast,Virginia,Women'S Athletic Footwear,67,160,10720,Online
West Gear,2020-02-09,West,Nevada,Women'S Street Footwear,47,171,8037,Outlet
Foot Locker,2021-07-17,Midwest,Missouri,Women'S Apparel,41,160,6560,Online
West Gear,2020-02-25,West,Nevada,Men'S Street Footwear,47,171,8037,Outlet
Sports Direct,2021-09-15,Midwest,Michigan,Women'S Apparel,48,173,8304,Online
Sports Direct,2021-03-16,Southeast,Florida,Men'S Street Footwear,35,171,5985,Outlet
West Gear,2021-10-11,West,Utah,Men'S Street Footwear,28,173,4844,Online
Walmart,2021-04-17,Southeast,Florida,Men'S Street Footwear,47,171,8037,Outlet
West Gear,2021-07-10,West,Utah,Men'S Athletic Footwear,29,160,4640,Online
West Gear,2021-11-24,West,Oregon,Men'S Street Footwear,44,173,7612,Online
West Gear,2021-07-23,West,Oregon,Women'S Athletic Footwear,61,171,10431,Outlet
West Gear,2021-05-18,South,Louisiana,Men'S Street Footwear,43,160,6880,Online
West Gear,2020-03-27,West,Colorado,Men'S Street Footwear,37,165,6105,Online
West Gear,2021-12-23,West,Oregon,Women'S Apparel,77,173,13321,Online
Kohl'S,2021-07-25,West,New Mexico,Women'S Street Footwear,39,171,6669,Outlet
Kohl'S,2021-07-25,West,New Mexico,Women'S Street Footwear,58,160,9280,Online
West Gear,2020-06-19,West,Washington,Men'S Street Footwear,55,165,9075,Online
Sports Direct,2021-10-04,West,Idaho,Men'S Athletic Footwear,37,173,6401,Online
Kohl'S,2021-10-26,West,New Mexico,Men'S Street Footwear,35,171,5985,Outlet
Kohl'S,2021-11-26,West,New Mexico,Men'S Street Footwear,58,160,9280,Online
Kohl'S,2021-01-29,Midwest,Montana,Women'S Street Footwear,44,165,7260,Online
Sports Direct,2021-07-12,Southeast,Georgia,Men'S Athletic Footwear,51,173,8823,Online
Foot Locker,2021-11-21,Northeast,Maryland,Women'S Street Footwear,50,170,8500,In-Store
Sports Direct,2021-05-14,Southeast,Georgia,Men'S Street Footwear,47,160,7520,Online
Sports Direct,2021-04-19,South,Tennessee,Men'S Apparel,43,165,7095,Online
West Gear,2020-12-23,West,California,Men'S Apparel,51,170,8670,Outlet
Sports Direct,2021-10-04,Southeast,North Carolina,Women'S Athletic Footwear,34,160,5440,Online
Foot Locker,2021-06-26,Midwest,Nebraska,Men'S Street Footwear,43,165,7095,Online
Foot Locker,2021-11-21,Northeast,Pennsylvania,Men'S Street Footwear,49,170,8330,Outlet
Walmart,2021-06-21,South,Arkansas,Women'S Apparel,54,160,8640,Online
West Gear,2020-02-12,West,Nevada,Women'S Apparel,61,170,10370,Outlet
Sports Direct,2021-07-08,Midwest,North Dakota,Men'S Street Footwear,48,160,7680,Online
West Gear,2020-03-14,West,Nevada,Women'S Apparel,56,170,9520,Outlet
Sports Direct,2021-11-13,Southeast,Georgia,Men'S Athletic Footwear,58,173,10034,Online
West Gear,2021-06-03,Midwest,Wisconsin,Men'S Street Footwear,32,160,5120,Online
Sports Direct,2021-03-15,South,Tennessee,Women'S Apparel,24,170,4080,Outlet
Sports Direct,2021-01-06,Southeast,South Carolina,Women'S Athletic Footwear,29,173,5017,Online
West Gear,2021-02-10,Midwest,Wisconsin,Men'S Street Footwear,34,160,5440,Online
Sports Direct,2021-03-30,South,Tennessee,Women'S Street Footwear,15,170,2550,Outlet
Foot Locker,2021-05-13,Northeast,Delaware,Men'S Street Footwear,51,160,8160,Online
Walmart,2021-11-17,Southeast,Florida,Women'S Athletic Footwear,47,170,7990,Outlet
Amazon,2021-01-13,Southeast,North Carolina,Women'S Apparel,32,173,5536,Online
Sports Direct,2020-07-29,South,Texas,Men'S Apparel,28,160,4480,Outlet
Amazon,2021-07-09,Midwest,Ohio,Women'S Street Footwear,51,173,8823,Online
Amazon,2021-09-09,Midwest,Ohio,Men'S Athletic Footwear,47,173,8131,Online
Sports Direct,2021-10-13,South,Texas,Women'S Athletic Footwear,50,160,8000,Outlet
West Gear,2021-01-12,Southeast,Florida,Men'S Apparel,51,165,8415,Online
Sports Direct,2021-05-19,South,Tennessee,Men'S Apparel,38,160,6080,Outlet
West Gear,2021-03-08,Northeast,New York,Men'S Athletic Footwear,44,165,7260,Online
Foot Locker,2021-03-22,West,Arizona,Men'S Street Footwear,29,160,4640,Outlet
Kohl'S,2021-03-10,West,Wyoming,Women'S Apparel,37,165,6105,Online
Kohl'S,2021-07-25,West,New Mexico,Men'S Apparel,40,160,6400,Outlet
Foot Locker,2021-12-10,West,Wyoming,Women'S Street Footwear,44,165,7260,Online
Kohl'S,2021-07-25,West,New Mexico,Women'S Apparel,49,160,7840,Outlet
West Gear,2021-07-23,West,Oregon,Women'S Athletic Footwear,82,165,13530,Online
Sports Direct,2021-12-25,West,New Mexico,Women'S Athletic Footwear,45,160,7200,Outlet
West Gear,2021-12-23,West,Oregon,Women'S Street Footwear,67,165,11055,Online
Foot Locker,2021-12-12,Southeast,Georgia,Women'S Apparel,47,160,7520,Outlet
Kohl'S,2021-03-25,West,New Mexico,Men'S Street Footwear,44,165,7260,Online
Foot Locker,2021-02-18,South,Mississippi,Women'S Apparel,20,160,3200,Outlet
Kohl'S,2021-10-26,West,New Mexico,Men'S Street Footwear,48,165,7920,Online
Walmart,2021-09-16,South,Mississippi,Women'S Apparel,26,160,4160,Outlet
Sports Direct,2021-12-06,Northeast,Rhode Island,Men'S Street Footwear,48,160,7680,Outlet
Foot Locker,2021-06-06,Midwest,Illinois,Men'S Street Footwear,44,158,6952,Online
Sports Direct,2021-08-13,Midwest,Illinois,Women'S Street Footwear,27,158,4266,Online
Sports Direct,2021-10-20,South,Texas,Men'S Apparel,58,158,9164,Online
Foot Locker,2021-12-03,Northeast,Pennsylvania,Men'S Street Footwear,60,158,9480,Online
West Gear,2021-01-12,Southeast,Florida,Women'S Athletic Footwear,30,170,5100,Outlet
West Gear,2020-01-08,West,Nevada,Men'S Street Footwear,34,158,5372,Online
Sports Direct,2021-02-17,Southeast,Virginia,Women'S Street Footwear,17,170,2890,Outlet
Kohl'S,2021-01-03,Midwest,Montana,Men'S Street Footwear,34,158,5372,Online
West Gear,2021-12-10,West,Utah,Men'S Athletic Footwear,22,170,3740,Outlet
Sports Direct,2021-09-25,South,Alabama,Men'S Athletic Footwear,29,158,4582,Online
West Gear,2021-12-10,West,Utah,Women'S Apparel,29,170,4930,Outlet
Amazon,2021-11-11,Northeast,Maine,Men'S Street Footwear,54,158,8532,Online
Foot Locker,2021-10-23,West,Arizona,Men'S Street Footwear,36,170,6120,Outlet
Foot Locker,2021-05-11,West,Hawaii,Men'S Street Footwear,51,158,8058,Online
Kohl'S,2021-11-26,West,New Mexico,Women'S Apparel,56,170,9520,Outlet
Walmart,2021-11-10,West,Hawaii,Men'S Street Footwear,51,158,8058,Online
West Gear,2021-12-19,South,Arkansas,Women'S Apparel,55,170,9350,Outlet
Sports Direct,2021-06-17,Midwest,Michigan,Women'S Athletic Footwear,43,158,6794,Online
Sports Direct,2021-09-03,Northeast,Connecticut,Men'S Street Footwear,43,170,7310,Outlet
Sports Direct,2021-07-15,Midwest,Michigan,Women'S Athletic Footwear,47,158,7426,Online
Walmart,2020-08-22,South,Texas,Men'S Apparel,41,169,6929,Online
West Gear,2021-05-25,West,Oregon,Women'S Apparel,54,158,8532,Online
Walmart,2020-09-03,South,Texas,Men'S Apparel,41,169,6929,Online
Kohl'S,2021-09-12,Midwest,Kansas,Men'S Street Footwear,47,165,7755,Online
West Gear,2021-06-24,West,Oregon,Women'S Athletic Footwear,74,158,11692,Online
Amazon,2021-05-17,Northeast,New Hampshire,Men'S Street Footwear,64,173,11072,Online
Walmart,2020-10-30,South,Texas,Men'S Apparel,42,169,7098,Online
West Gear,2021-03-16,Northeast,West Virginia,Men'S Street Footwear,28,165,4620,Online
Sports Direct,2021-03-02,Southeast,North Carolina,Men'S Apparel,37,158,5846,Online
Kohl'S,2021-03-15,West,California,Women'S Street Footwear,44,169,7436,Online
Amazon,2021-03-17,Northeast,New Hampshire,Men'S Street Footwear,49,165,8085,Online
Amazon,2021-02-11,Southeast,North Carolina,Women'S Street Footwear,23,158,3634,Online
Kohl'S,2021-03-21,West,California,Women'S Street Footwear,42,169,7098,Online
West Gear,2020-11-11,West,California,Men'S Apparel,42,165,6930,Outlet
Foot Locker,2021-02-22,Northeast,New Hampshire,Men'S Street Footwear,52,173,8996,Online
Amazon,2021-08-10,Midwest,Ohio,Women'S Athletic Footwear,41,158,6478,Online
Kohl'S,2021-04-14,West,California,Men'S Athletic Footwear,47,169,7943,Online
Kohl'S,2021-04-23,West,California,Men'S Apparel,39,165,6435,Outlet
West Gear,2020-11-05,West,California,Men'S Apparel,38,173,6574,Outlet
Foot Locker,2021-12-21,Southeast,Kentucky,Men'S Street Footwear,59,158,9322,Online
Sports Direct,2021-08-24,South,Alabama,Women'S Apparel,14,165,2310,Outlet
Kohl'S,2021-05-04,West,California,Women'S Athletic Footwear,47,169,7943,Online
Foot Locker,2021-01-20,Southeast,Kentucky,Women'S Street Footwear,18,158,2844,Online
Kohl'S,2021-04-10,West,California,Women'S Athletic Footwear,31,173,5363,Outlet
Sports Direct,2021-08-28,South,Alabama,Women'S Athletic Footwear,26,165,4290,Outlet
Kohl'S,2021-05-21,West,California,Women'S Street Footwear,47,169,7943,Online
West Gear,2020-01-08,West,Nevada,Men'S Street Footwear,27,173,4671,Outlet
Foot Locker,2021-01-20,Southeast,Kentucky,Women'S Apparel,29,158,4582,Online
Sports Direct,2021-09-04,South,Alabama,Men'S Apparel,38,165,6270,Outlet
Sports Direct,2021-08-24,South,Texas,Men'S Athletic Footwear,39,169,6591,Online
Sports Direct,2021-09-19,South,Alabama,Men'S Athletic Footwear,36,173,6228,Outlet
West Gear,2021-02-10,Southeast,Florida,Men'S Athletic Footwear,31,165,5115,Outlet
Sports Direct,2021-10-05,South,Texas,Men'S Athletic Footwear,38,169,6422,Online
Sports Direct,2021-12-23,Southeast,Virginia,Women'S Street Footwear,53,165,8745,Outlet
West Gear,2020-08-15,Southeast,Florida,Women'S Athletic Footwear,38,169,6422,Online
West Gear,2021-11-11,West,Utah,Men'S Street Footwear,22,165,3630,Outlet
Kohl'S,2021-01-27,Midwest,Montana,Men'S Street Footwear,36,169,6084,Online
Sports Direct,2021-03-16,South,Tennessee,Men'S Street Footwear,24,169,4056,Online
Sports Direct,2021-03-28,South,Tennessee,Men'S Street Footwear,19,169,3211,Online
West Gear,2021-11-17,South,Louisiana,Women'S Athletic Footwear,40,155,6200,Outlet
West Gear,2021-11-24,West,Oregon,Women'S Apparel,53,165,8745,Outlet
Sports Direct,2021-04-11,South,Tennessee,Women'S Street Footwear,36,169,6084,Online
West Gear,2021-12-23,West,Oregon,Women'S Athletic Footwear,53,165,8745,Outlet
Sports Direct,2021-04-28,South,Tennessee,Men'S Athletic Footwear,47,169,7943,Online
Kohl'S,2021-04-26,West,New Mexico,Men'S Street Footwear,41,165,6765,Outlet
West Gear,2021-05-05,West,Idaho,Women'S Athletic Footwear,24,155,3720,Outlet
Sports Direct,2021-05-14,South,Tennessee,Women'S Apparel,59,169,9971,Online
West Gear,2021-12-19,South,Arkansas,Men'S Athletic Footwear,46,155,7130,Outlet
Sports Direct,2021-09-30,South,Alabama,Men'S Street Footwear,18,169,3042,Online
Sports Direct,2021-04-04,Northeast,Connecticut,Men'S Street Footwear,28,155,4340,Outlet
Sports Direct,2021-11-17,South,Mississippi,Women'S Apparel,68,158,10744,Online
Sports Direct,2021-10-01,South,Alabama,Men'S Athletic Footwear,19,169,3211,Online
Sports Direct,2021-02-15,Northeast,Rhode Island,Men'S Street Footwear,26,155,4030,Outlet
Foot Locker,2021-06-10,West,Hawaii,Women'S Apparel,97,169,16393,Online
Sports Direct,2021-03-13,Northeast,Massachusetts,Men'S Street Footwear,28,155,4340,Outlet
Walmart,2021-11-17,Southeast,Florida,Men'S Street Footwear,52,169,8788,Online
Sports Direct,2020-07-23,South,Texas,Men'S Apparel,36,154,5544,Online
West Gear,2021-01-12,Southeast,Florida,Women'S Street Footwear,32,169,5408,Online
Foot Locker,2021-02-12,Midwest,Kansas,Men'S Street Footwear,37,158,5846,Online
West Gear,2021-01-04,West,California,Men'S Apparel,60,154,9240,Online
West Gear,2021-05-08,Northeast,New York,Women'S Apparel,59,169,9971,Online
West Gear,2021-08-03,Midwest,Wisconsin,Men'S Street Footwear,46,158,7268,Online
Kohl'S,2021-03-22,West,California,Women'S Athletic Footwear,41,154,6314,Online
West Gear,2021-07-08,Northeast,New York,Women'S Street Footwear,51,169,8619,Online
Foot Locker,2021-03-13,Northeast,Delaware,Men'S Street Footwear,36,158,5688,Online
Kohl'S,2021-04-16,West,California,Women'S Athletic Footwear,41,154,6314,Online
West Gear,2021-12-08,Northeast,New York,Men'S Athletic Footwear,51,169,8619,Online
West Gear,2020-12-29,West,California,Men'S Apparel,47,158,7426,Outlet
Sports Direct,2021-09-07,South,Texas,Women'S Athletic Footwear,34,154,5236,Online
Foot Locker,2021-11-24,Southeast,Virginia,Men'S Athletic Footwear,47,169,7943,Online
Sports Direct,2021-09-25,South,Texas,Women'S Athletic Footwear,38,158,6004,Outlet
Foot Locker,2021-07-09,West,Hawaii,Women'S Apparel,96,154,14784,Online
Sports Direct,2021-06-17,Midwest,Michigan,Women'S Apparel,60,169,10140,Online
Sports Direct,2021-09-26,South,Texas,Men'S Apparel,43,158,6794,Outlet
Sports Direct,2021-11-16,Midwest,Michigan,Women'S Apparel,59,169,9971,Online
West Gear,2021-02-10,Northeast,New York,Men'S Apparel,50,154,7700,Online
West Gear,2020-01-02,Northeast,Pennsylvania,Men'S Street Footwear,27,158,4266,Outlet
West Gear,2021-09-12,West,Utah,Men'S Street Footwear,29,169,4901,Online
West Gear,2021-11-09,Northeast,New York,Men'S Apparel,62,154,9548,Online
West Gear,2021-08-11,West,Utah,Women'S Street Footwear,23,158,3634,Outlet
West Gear,2021-06-24,West,Oregon,Men'S Athletic Footwear,62,169,10478,Online
Sports Direct,2021-12-23,Southeast,Virginia,Women'S Street Footwear,64,154,9856,Online
West Gear,2021-09-12,West,Utah,Men'S Athletic Footwear,19,158,3002,Outlet
Foot Locker,2021-03-06,West,Idaho,Men'S Athletic Footwear,36,169,6084,Online
Sports Direct,2021-01-19,Southeast,Virginia,Men'S Athletic Footwear,34,154,5236,Online
West Gear,2021-11-11,West,Utah,Women'S Apparel,35,158,5530,Outlet
Foot Locker,2021-02-07,Southeast,South Carolina,Women'S Athletic Footwear,33,169,5577,Online
Kohl'S,2021-04-26,West,New Mexico,Men'S Street Footwear,51,154,7854,Online
West Gear,2021-09-25,West,Oregon,Men'S Athletic Footwear,43,158,6794,Outlet
Sports Direct,2021-02-04,Southeast,South Carolina,Women'S Street Footwear,23,169,3887,Online
Kohl'S,2021-06-26,West,New Mexico,Men'S Athletic Footwear,54,154,8316,Online
Walmart,2021-10-18,South,Mississippi,Men'S Athletic Footwear,17,165,2805,Outlet
West Gear,2021-11-17,South,Louisiana,Women'S Street Footwear,30,158,4740,Outlet
Walmart,2021-06-21,South,Arkansas,Women'S Apparel,48,165,7920,Outlet
West Gear,2021-06-04,West,Idaho,Men'S Apparel,43,158,6794,Outlet
Foot Locker,2021-01-24,Northeast,New Hampshire,Men'S Street Footwear,36,165,5940,Outlet
Sports Direct,2021-03-02,Southeast,North Carolina,Women'S Apparel,27,169,4563,Online
West Gear,2021-07-06,West,Idaho,Women'S Athletic Footwear,38,158,6004,Outlet
West Gear,2021-05-11,Midwest,Indiana,Men'S Street Footwear,54,164,8856,Online
Sports Direct,2021-11-05,West,Idaho,Women'S Athletic Footwear,43,158,6794,Outlet
Sports Direct,2021-05-02,Southeast,North Carolina,Women'S Street Footwear,37,169,6253,Online
Sports Direct,2020-08-09,South,Texas,Women'S Athletic Footwear,36,163,5868,Online
Foot Locker,2021-06-23,West,Arizona,Women'S Apparel,46,158,7268,Outlet
Sports Direct,2021-06-04,Southeast,North Carolina,Women'S Street Footwear,47,169,7943,Online
West Gear,2021-02-09,West,California,Men'S Apparel,63,163,10269,Online
Amazon,2021-07-09,Midwest,Ohio,Men'S Apparel,59,154,9086,Online
Sports Direct,2021-06-13,Southeast,Georgia,Women'S Street Footwear,39,158,6162,Outlet
Sports Direct,2021-06-04,Southeast,North Carolina,Women'S Athletic Footwear,49,169,8281,Online
Kohl'S,2021-04-15,West,California,Women'S Street Footwear,45,163,7335,Online
West Gear,2021-03-19,South,Oklahoma,Men'S Street Footwear,19,154,2926,Online
Walmart,2021-08-17,South,Mississippi,Men'S Apparel,35,158,5530,Outlet
Kohl'S,2021-05-11,West,California,Men'S Apparel,58,163,9454,Online
Foot Locker,2021-07-11,Midwest,South Dakota,Men'S Street Footwear,47,154,7238,Online
Walmart,2021-09-16,South,Mississippi,Men'S Athletic Footwear,33,158,5214,Outlet
Amazon,2021-12-02,Southeast,North Carolina,Men'S Apparel,65,169,10985,Online
Sports Direct,2021-12-16,South,Mississippi,Women'S Street Footwear,43,158,6794,Outlet
West Gear,2021-09-18,Northeast,West Virginia,Men'S Street Footwear,34,154,5236,Online
Amazon,2021-05-10,Northeast,Vermont,Men'S Street Footwear,55,154,8470,Online
Sports Direct,2021-01-23,South,Mississippi,Women'S Apparel,18,158,2844,Outlet
Amazon,2021-08-10,Midwest,Ohio,Women'S Apparel,54,169,9126,Online
Amazon,2021-04-18,Northeast,New Hampshire,Men'S Street Footwear,48,154,7392,Online
Amazon,2021-06-12,Northeast,Vermont,Women'S Apparel,49,158,7742,Outlet
Amazon,2021-11-10,Midwest,Ohio,Men'S Street Footwear,34,169,5746,Online
Amazon,2021-09-17,Northeast,New Hampshire,Men'S Street Footwear,59,154,9086,Online
Sports Direct,2021-05-12,South,Tennessee,Women'S Athletic Footwear,38,157,5966,Outlet
Foot Locker,2021-04-17,South,Mississippi,Men'S Street Footwear,23,169,3887,Online
Amazon,2021-03-20,West,Alaska,Men'S Street Footwear,53,153,8109,Online
Walmart,2021-08-17,South,Mississippi,Women'S Apparel,53,169,8957,Online
Kohl'S,2021-03-12,Midwest,Kansas,Men'S Street Footwear,20,153,3060,Online
West Gear,2021-02-21,South,Arkansas,Men'S Street Footwear,24,169,4056,Online
Sports Direct,2021-12-23,Southeast,Virginia,Men'S Apparel,59,157,9263,Outlet
Sports Direct,2021-08-28,South,Texas,Women'S Apparel,27,153,4131,Outlet
Sports Direct,2021-08-18,South,Texas,Men'S Athletic Footwear,32,163,5216,Online
West Gear,2021-07-10,West,Utah,Women'S Street Footwear,19,157,2983,Outlet
Sports Direct,2021-09-08,South,Texas,Men'S Apparel,38,153,5814,Outlet
West Gear,2020-06-27,West,Washington,Women'S Street Footwear,72,163,11736,Online
West Gear,2021-12-23,West,Oregon,Men'S Apparel,54,157,8478,Outlet
Walmart,2021-06-17,Southeast,Florida,Men'S Apparel,71,153,10863,Outlet
West Gear,2020-07-09,West,Washington,Women'S Street Footwear,73,163,11899,Online
Foot Locker,2021-07-22,West,Arizona,Women'S Street Footwear,39,157,6123,Outlet
Foot Locker,2021-09-25,Southeast,Virginia,Men'S Athletic Footwear,43,153,6579,Outlet
Sports Direct,2021-03-23,South,Tennessee,Men'S Athletic Footwear,37,163,6031,Online
Kohl'S,2021-01-26,West,Arizona,Women'S Street Footwear,32,157,5024,Outlet
Sports Direct,2021-02-17,Southeast,Virginia,Men'S Athletic Footwear,27,153,4131,Outlet
Sports Direct,2021-05-02,South,Tennessee,Women'S Apparel,42,163,6846,Online
Kohl'S,2021-09-27,West,New Mexico,Women'S Apparel,48,157,7536,Outlet
Sports Direct,2021-08-13,South,Alabama,Men'S Street Footwear,28,163,4564,Online
West Gear,2021-12-10,West,Utah,Women'S Street Footwear,20,153,3060,Outlet
Kohl'S,2021-12-19,South,Oklahoma,Men'S Street Footwear,64,169,10816,Online
Sports Direct,2021-07-12,Southeast,Georgia,Women'S Apparel,51,157,8007,Outlet
Amazon,2021-08-21,West,Alaska,Men'S Street Footwear,59,163,9617,Online
West Gear,2021-02-24,West,Utah,Men'S Street Footwear,22,153,3366,Outlet
West Gear,2021-06-17,South,Louisiana,Men'S Apparel,70,153,10710,Outlet
Walmart,2021-07-16,Southeast,Florida,Women'S Apparel,101,163,16463,Online
Foot Locker,2021-08-23,West,Arizona,Women'S Street Footwear,37,153,5661,Outlet
West Gear,2021-09-08,Northeast,New York,Men'S Athletic Footwear,48,163,7824,Online
Sports Direct,2021-11-13,Southeast,Georgia,Women'S Apparel,46,157,7222,Outlet
Kohl'S,2021-12-08,Northeast,New York,Women'S Street Footwear,52,163,8476,Online
Amazon,2021-06-19,Northeast,New Hampshire,Men'S Street Footwear,59,169,9971,Online
Kohl'S,2021-06-12,West,Wyoming,Women'S Apparel,50,163,8150,Online
Foot Locker,2021-12-17,Northeast,New Hampshire,Men'S Street Footwear,71,169,11999,Online
Kohl'S,2021-07-10,West,Wyoming,Men'S Athletic Footwear,44,163,7172,Online
Foot Locker,2021-06-18,South,Mississippi,Women'S Street Footwear,33,157,5181,Outlet
Walmart,2020-08-16,South,Texas,Men'S Apparel,42,168,7056,Online
Kohl'S,2021-08-11,West,Wyoming,Men'S Athletic Footwear,43,163,7009,Online
Sports Direct,2021-12-16,South,Mississippi,Men'S Apparel,54,157,8478,Outlet
Walmart,2020-09-14,South,Texas,Women'S Athletic Footwear,45,168,7560,Online
Foot Locker,2021-12-15,Midwest,Michigan,Women'S Apparel,59,163,9617,Online
Amazon,2021-10-12,Northeast,Vermont,Men'S Street Footwear,44,157,6908,Outlet
West Gear,2020-05-03,West,Colorado,Men'S Athletic Footwear,69,168,11592,Online
Foot Locker,2021-12-17,Midwest,Missouri,Men'S Street Footwear,41,163,6683,Online
Kohl'S,2021-04-08,West,California,Men'S Athletic Footwear,49,156,7644,Online
West Gear,2021-07-23,West,Oregon,Women'S Street Footwear,86,163,14018,Online
Kohl'S,2021-05-29,West,California,Men'S Apparel,55,156,8580,Online
Foot Locker,2021-02-04,South,Louisiana,Men'S Street Footwear,23,163,3749,Online
Walmart,2021-11-10,West,Hawaii,Men'S Athletic Footwear,56,168,9408,Online
Sports Direct,2021-11-05,West,Idaho,Women'S Apparel,63,163,10269,Online
Foot Locker,2021-08-23,West,Arizona,Men'S Street Footwear,50,163,8150,Online
West Gear,2021-07-08,Northeast,New York,Men'S Apparel,62,168,10416,Online
Sports Direct,2021-09-03,South,Texas,Women'S Apparel,29,156,4524,Online
Kohl'S,2021-09-27,West,New Mexico,Men'S Street Footwear,49,163,7987,Online
Kohl'S,2021-01-14,Northeast,New York,Women'S Street Footwear,29,168,4872,Online
Sports Direct,2021-10-04,South,Texas,Men'S Street Footwear,39,156,6084,Online
Sports Direct,2021-06-04,Southeast,North Carolina,Men'S Apparel,61,163,9943,Online
Kohl'S,2021-06-12,West,Wyoming,Men'S Athletic Footwear,42,168,7056,Online
West Gear,2020-07-13,West,Washington,Men'S Street Footwear,64,156,9984,Online
Sports Direct,2021-11-03,Southeast,North Carolina,Women'S Athletic Footwear,55,163,8965,Online
Kohl'S,2021-08-26,West,New Mexico,Women'S Apparel,50,153,7650,Outlet
Kohl'S,2021-12-10,West,Wyoming,Men'S Athletic Footwear,44,168,7392,Online
Kohl'S,2021-02-03,Midwest,Montana,Men'S Athletic Footwear,41,156,6396,Online
Sports Direct,2021-11-17,South,Mississippi,Men'S Athletic Footwear,15,153,2295,Outlet
Foot Locker,2021-12-15,Midwest,Michigan,Women'S Street Footwear,48,168,8064,Online
Kohl'S,2021-02-15,Midwest,Montana,Men'S Athletic Footwear,48,156,7488,Online
Sports Direct,2021-11-17,South,Mississippi,Women'S Athletic Footwear,43,153,6579,Outlet
Sports Direct,2021-08-07,South,Alabama,Men'S Street Footwear,24,156,3744,Online
Sports Direct,2021-10-05,Northeast,Connecticut,Men'S Street Footwear,46,153,7038,Outlet
Sports Direct,2021-09-13,Northeast,Massachusetts,Men'S Street Footwear,36,153,5508,Outlet
Foot Locker,2021-06-18,Midwest,Missouri,Men'S Street Footwear,32,168,5376,Online
West Gear,2020-12-29,West,California,Men'S Apparel,59,152,8968,Online
Kohl'S,2021-03-16,West,California,Women'S Athletic Footwear,41,152,6232,Online
Kohl'S,2021-04-10,West,California,Women'S Athletic Footwear,43,152,6536,Online
Foot Locker,2021-06-10,West,Hawaii,Men'S Athletic Footwear,72,156,11232,Online
Sports Direct,2021-08-14,Midwest,Illinois,Women'S Athletic Footwear,34,152,5168,Online
West Gear,2021-12-16,Southeast,Florida,Women'S Apparel,87,156,13572,Online
Sports Direct,2021-08-31,South,Texas,Women'S Street Footwear,25,152,3800,Online
West Gear,2021-04-09,Northeast,New York,Women'S Apparel,41,156,6396,Online
West Gear,2020-02-15,West,Nevada,Women'S Street Footwear,60,152,9120,Online
West Gear,2021-09-08,Northeast,New York,Women'S Apparel,59,156,9204,Online
Sports Direct,2021-11-03,Southeast,North Carolina,Men'S Apparel,72,163,11736,Online
West Gear,2020-05-09,West,Colorado,Men'S Athletic Footwear,54,152,8208,Online
West Gear,2021-10-10,Northeast,New York,Men'S Athletic Footwear,46,156,7176,Online
West Gear,2021-04-09,Northeast,New York,Women'S Street Footwear,34,152,5168,Online
Kohl'S,2021-05-10,West,Wyoming,Men'S Athletic Footwear,41,152,6232,Online
Sports Direct,2021-11-17,South,Mississippi,Men'S Street Footwear,28,163,4564,Online
Foot Locker,2021-05-25,Southeast,Virginia,Women'S Apparel,56,152,8512,Online
Foot Locker,2021-08-14,Northeast,Delaware,Men'S Street Footwear,50,163,8150,Online
West Gear,2021-10-10,Northeast,New York,Women'S Apparel,64,156,9984,Online
Sports Direct,2021-04-16,Midwest,Michigan,Women'S Apparel,37,152,5624,Online
Sports Direct,2021-08-04,Northeast,Connecticut,Men'S Street Footwear,51,163,8313,Online
Sports Direct,2021-06-17,Midwest,Michigan,Men'S Apparel,57,152,8664,Online
West Gear,2021-08-11,West,Utah,Women'S Apparel,32,152,4864,Online
Kohl'S,2021-01-14,Northeast,New York,Men'S Athletic Footwear,39,156,6084,Online
Amazon,2021-06-12,Northeast,Vermont,Men'S Street Footwear,58,163,9454,Online
Amazon,2021-07-09,Midwest,Ohio,Women'S Athletic Footwear,53,152,8056,Online
Kohl'S,2021-01-14,Northeast,New York,Women'S Apparel,38,156,5928,Online
Sports Direct,2021-08-16,South,Texas,Women'S Apparel,24,163,3912,Outlet
Walmart,2021-08-20,South,Arkansas,Men'S Athletic Footwear,50,152,7600,Online
Kohl'S,2021-05-10,West,Wyoming,Women'S Apparel,52,156,8112,Online
Sports Direct,2021-05-05,South,Tennessee,Women'S Street Footwear,27,163,4401,Outlet
Foot Locker,2021-01-18,Midwest,Michigan,Men'S Street Footwear,27,156,4212,Online
West Gear,2021-04-20,South,Oklahoma,Men'S Street Footwear,24,152,3648,Online
West Gear,2021-07-23,West,Oregon,Men'S Apparel,84,156,13104,Online
Sports Direct,2021-02-09,Midwest,South Dakota,Men'S Street Footwear,34,152,5168,Online
West Gear,2021-08-10,Midwest,Indiana,Men'S Street Footwear,47,152,7144,Online
Amazon,2021-01-14,Northeast,Massachusetts,Men'S Street Footwear,44,152,6688,Online
West Gear,2020-02-16,West,Nevada,Women'S Athletic Footwear,42,152,6384,Outlet
Foot Locker,2021-12-16,South,Louisiana,Women'S Athletic Footwear,72,156,11232,Online
West Gear,2020-02-17,West,Nevada,Men'S Apparel,50,152,7600,Outlet
Foot Locker,2021-07-22,West,Arizona,Men'S Athletic Footwear,40,163,6520,Outlet
Foot Locker,2021-03-06,West,Idaho,Men'S Street Footwear,28,156,4368,Online
Sports Direct,2021-08-06,South,Alabama,Women'S Apparel,24,152,3648,Outlet
Foot Locker,2021-11-23,West,Arizona,Men'S Athletic Footwear,38,163,6194,Outlet
Sports Direct,2021-08-21,South,Alabama,Women'S Street Footwear,11,152,1672,Outlet
Kohl'S,2021-08-26,West,New Mexico,Women'S Street Footwear,46,163,7498,Outlet
Foot Locker,2021-06-23,West,Arizona,Men'S Street Footwear,48,156,7488,Online
West Gear,2021-11-24,West,Oregon,Women'S Street Footwear,32,152,4864,Outlet
Sports Direct,2021-03-12,Southeast,Georgia,Men'S Street Footwear,30,163,4890,Outlet
Kohl'S,2021-09-27,West,New Mexico,Men'S Athletic Footwear,51,156,7956,Online
West Gear,2021-08-17,South,Louisiana,Men'S Apparel,47,152,7144,Outlet
Sports Direct,2021-06-13,Southeast,Georgia,Men'S Athletic Footwear,41,163,6683,Outlet
Sports Direct,2021-09-14,Southeast,Georgia,Men'S Athletic Footwear,47,156,7332,Online
Kohl'S,2021-01-26,West,Arizona,Men'S Street Footwear,27,152,4104,Outlet
Kohl'S,2021-08-26,West,New Mexico,Women'S Athletic Footwear,46,152,6992,Outlet
Walmart,2021-07-19,South,Arkansas,Men'S Athletic Footwear,36,163,5868,Outlet
Sports Direct,2021-07-03,Northeast,Connecticut,Women'S Apparel,40,152,6080,Outlet
Sports Direct,2021-01-06,Southeast,South Carolina,Men'S Apparel,42,156,6552,Online
Sports Direct,2021-09-02,Southeast,North Carolina,Men'S Apparel,38,156,5928,Online
Walmart,2021-08-20,South,Arkansas,Men'S Athletic Footwear,42,163,6846,Outlet
West Gear,2021-12-09,Midwest,Ohio,Women'S Apparel,74,156,11544,Online
West Gear,2021-03-09,Midwest,Indiana,Men'S Street Footwear,23,151,3473,Online
West Gear,2021-07-19,South,Oklahoma,Women'S Apparel,45,163,7335,Outlet
Foot Locker,2021-06-19,Midwest,Illinois,Men'S Athletic Footwear,50,150,7500,Outlet
Amazon,2021-07-17,Northeast,New Hampshire,Women'S Apparel,47,163,7661,Outlet
Foot Locker,2021-07-26,Midwest,Illinois,Women'S Street Footwear,50,150,7500,Outlet
West Gear,2020-02-20,West,Nevada,Men'S Athletic Footwear,61,162,9882,Online
Foot Locker,2021-08-03,Midwest,Illinois,Men'S Apparel,60,150,9000,Outlet
West Gear,2020-05-02,West,Colorado,Men'S Street Footwear,59,162,9558,Online
Foot Locker,2021-11-04,Northeast,Pennsylvania,Men'S Athletic Footwear,50,150,7500,Outlet
Foot Locker,2021-11-10,Northeast,Pennsylvania,Men'S Athletic Footwear,50,150,7500,Outlet
West Gear,2021-03-10,West,Utah,Men'S Street Footwear,29,168,4872,Online
West Gear,2020-07-25,West,Washington,Men'S Street Footwear,54,162,8748,Online
West Gear,2021-07-16,South,Louisiana,Women'S Athletic Footwear,86,168,14448,Online
Foot Locker,2021-11-11,Northeast,Pennsylvania,Women'S Street Footwear,40,150,6000,Outlet
Amazon,2021-07-21,Southeast,Kentucky,Men'S Street Footwear,47,168,7896,Online
Walmart,2021-08-17,South,Mississippi,Men'S Athletic Footwear,50,168,8400,Online
Foot Locker,2021-08-10,West,Hawaii,Women'S Street Footwear,64,162,10368,Online
Foot Locker,2021-11-17,Northeast,Pennsylvania,Women'S Street Footwear,55,150,8250,Outlet
Walmart,2021-11-17,Southeast,Florida,Women'S Apparel,86,162,13932,Online
Foot Locker,2021-11-24,Northeast,Pennsylvania,Women'S Athletic Footwear,55,150,8250,Outlet
West Gear,2021-11-09,Northeast,New York,Men'S Athletic Footwear,49,162,7938,Online
Kohl'S,2021-12-13,Northeast,Delaware,Men'S Street Footwear,62,168,10416,Online
West Gear,2020-03-31,West,Colorado,Men'S Apparel,60,150,9000,In-Store
Foot Locker,2021-07-23,Southeast,Virginia,Men'S Apparel,85,162,13770,Online
Amazon,2021-12-10,Northeast,Vermont,Men'S Street Footwear,64,168,10752,Online
Foot Locker,2020-10-21,Midwest,Minnesota,Men'S Apparel,45,150,6750,In-Store
Sports Direct,2021-10-20,South,Texas,Men'S Apparel,47,168,7896,Outlet
Foot Locker,2020-10-24,Midwest,Minnesota,Men'S Athletic Footwear,35,150,5250,In-Store
Foot Locker,2021-12-16,South,Louisiana,Women'S Street Footwear,69,162,11178,Online
Kohl'S,2021-06-26,West,New Mexico,Women'S Apparel,74,162,11988,Online
Foot Locker,2021-05-25,Southeast,Virginia,Women'S Apparel,44,168,7392,Outlet
West Gear,2021-04-17,South,Louisiana,Men'S Street Footwear,38,168,6384,Outlet
Kohl'S,2021-02-14,South,Oklahoma,Men'S Street Footwear,23,162,3726,Online
Foot Locker,2020-10-27,Midwest,Minnesota,Men'S Apparel,45,150,6750,In-Store
Foot Locker,2021-12-16,South,Louisiana,Men'S Apparel,55,168,9240,Outlet
Sports Direct,2021-10-14,South,Texas,Men'S Apparel,46,162,7452,Outlet
Foot Locker,2020-11-11,Midwest,Minnesota,Men'S Athletic Footwear,45,150,6750,In-Store
Foot Locker,2021-12-09,Northeast,Pennsylvania,Men'S Street Footwear,46,162,7452,Outlet
Foot Locker,2020-11-19,Midwest,Minnesota,Women'S Athletic Footwear,35,150,5250,Outlet
West Gear,2020-03-08,West,Nevada,Women'S Apparel,51,162,8262,Outlet
Walmart,2021-07-16,South,Mississippi,Women'S Street Footwear,37,168,6216,Outlet
Amazon,2021-03-21,Southeast,Kentucky,Men'S Street Footwear,41,156,6396,Online
Foot Locker,2020-11-20,Midwest,Minnesota,Men'S Apparel,50,150,7500,Outlet
Amazon,2021-05-23,Southeast,Kentucky,Men'S Street Footwear,49,156,7644,Online
Foot Locker,2020-12-02,Midwest,Minnesota,Men'S Apparel,45,150,6750,Outlet
Foot Locker,2020-12-06,Midwest,Minnesota,Women'S Street Footwear,25,150,3750,Outlet
Walmart,2021-07-16,South,Mississippi,Men'S Athletic Footwear,53,156,8268,Online
West Gear,2021-06-21,South,Oklahoma,Men'S Street Footwear,38,156,5928,Online
Kohl'S,2021-06-08,Northeast,New Jersey,Men'S Street Footwear,45,156,7020,Online
Foot Locker,2020-12-19,Midwest,Minnesota,Women'S Athletic Footwear,40,150,6000,Outlet
Foot Locker,2021-11-03,Northeast,Pennsylvania,Men'S Street Footwear,39,156,6084,Outlet
Foot Locker,2021-06-04,Midwest,Nebraska,Women'S Street Footwear,30,150,4500,Outlet
Foot Locker,2021-06-07,Midwest,Nebraska,Women'S Apparel,40,150,6000,Outlet
Foot Locker,2021-03-06,Northeast,Rhode Island,Men'S Street Footwear,26,156,4056,Outlet
West Gear,2021-01-10,West,California,Men'S Apparel,62,155,9610,Online
West Gear,2020-03-03,West,Nevada,Men'S Street Footwear,57,155,8835,Online
West Gear,2020-07-06,West,Washington,Women'S Apparel,95,155,14725,Online
West Gear,2020-07-10,West,Washington,Women'S Athletic Footwear,74,155,11470,Online
West Gear,2020-07-11,West,Washington,Men'S Apparel,71,155,11005,Online
Sports Direct,2021-11-17,South,Mississippi,Women'S Apparel,51,168,8568,Outlet
Amazon,2021-04-11,Northeast,Vermont,Men'S Street Footwear,30,168,5040,Outlet
Sports Direct,2021-04-24,South,Tennessee,Women'S Athletic Footwear,32,162,5184,Outlet
Walmart,2021-05-18,Southeast,Florida,Men'S Street Footwear,58,155,8990,Online
Foot Locker,2021-03-23,Southeast,Virginia,Men'S Street Footwear,30,162,4860,Outlet
Walmart,2021-06-17,Southeast,Florida,Women'S Athletic Footwear,77,155,11935,Online
Sports Direct,2021-09-20,South,Texas,Men'S Apparel,47,167,7849,Online
West Gear,2020-06-07,West,Washington,Men'S Street Footwear,46,167,7682,Online
Foot Locker,2021-01-05,South,Louisiana,Women'S Street Footwear,21,162,3402,Outlet
Kohl'S,2021-12-08,Northeast,New York,Women'S Athletic Footwear,54,155,8370,Online
Foot Locker,2021-06-13,Midwest,Nebraska,Women'S Apparel,35,150,5250,Outlet
West Gear,2021-04-05,West,Idaho,Women'S Street Footwear,19,162,3078,Outlet
Kohl'S,2021-12-08,Northeast,New York,Men'S Apparel,60,155,9300,Online
Foot Locker,2021-06-19,Midwest,Nebraska,Women'S Apparel,55,150,8250,Outlet
Kohl'S,2021-02-26,Midwest,Montana,Men'S Street Footwear,38,167,6346,Online
Foot Locker,2021-08-08,West,Idaho,Women'S Athletic Footwear,33,162,5346,Outlet
Foot Locker,2021-11-24,Southeast,Virginia,Men'S Street Footwear,42,155,6510,Online
Kohl'S,2021-11-11,West,Wyoming,Men'S Athletic Footwear,42,167,7014,Online
West Gear,2021-10-17,South,Louisiana,Men'S Athletic Footwear,45,155,6975,Online
Sports Direct,2021-06-17,Midwest,Michigan,Men'S Athletic Footwear,46,167,7682,Online
Foot Locker,2021-02-23,West,Idaho,Men'S Street Footwear,21,162,3402,Outlet
Sports Direct,2021-10-17,Midwest,Michigan,Men'S Athletic Footwear,37,167,6179,Online
Sports Direct,2021-04-03,Southeast,North Carolina,Men'S Athletic Footwear,28,155,4340,Online
Kohl'S,2021-08-26,West,New Mexico,Men'S Apparel,48,162,7776,Outlet
Sports Direct,2021-07-12,Southeast,Georgia,Men'S Apparel,39,162,6318,Outlet
West Gear,2021-05-18,South,Louisiana,Women'S Apparel,59,167,9853,Online
Sports Direct,2021-12-16,South,Mississippi,Men'S Athletic Footwear,58,155,8990,Online
West Gear,2021-05-05,West,Idaho,Women'S Street Footwear,23,167,3841,Online
Sports Direct,2021-10-18,South,Mississippi,Women'S Apparel,27,162,4374,Outlet
West Gear,2021-06-10,Midwest,Indiana,Men'S Street Footwear,36,155,5580,Online
Foot Locker,2021-02-08,Northeast,Connecticut,Men'S Street Footwear,24,162,3888,Outlet
Sports Direct,2021-06-15,Northeast,Massachusetts,Men'S Street Footwear,51,155,7905,Online
Sports Direct,2021-10-04,West,Idaho,Men'S Street Footwear,36,167,6012,Online
Amazon,2021-06-19,Northeast,New Hampshire,Women'S Apparel,50,162,8100,Outlet
Sports Direct,2020-08-04,South,Texas,Men'S Apparel,35,155,5425,Outlet
Foot Locker,2021-09-24,West,Arizona,Men'S Street Footwear,41,167,6847,Online
Kohl'S,2021-03-11,West,California,Men'S Apparel,36,155,5580,Outlet
Sports Direct,2021-11-03,Southeast,North Carolina,Women'S Street Footwear,38,167,6346,Online
Amazon,2021-01-13,Southeast,North Carolina,Women'S Street Footwear,24,167,4008,Online
Sports Direct,2021-08-22,South,Texas,Women'S Apparel,26,155,4030,Outlet
Amazon,2021-11-10,Midwest,Ohio,Women'S Apparel,74,167,12358,Online
Sports Direct,2021-08-25,South,Texas,Women'S Street Footwear,20,155,3100,Outlet
Sports Direct,2021-10-10,South,Alabama,Men'S Apparel,40,155,6200,Outlet
Foot Locker,2021-06-21,Midwest,Nebraska,Men'S Athletic Footwear,35,150,5250,Outlet
Amazon,2021-08-22,Southeast,Kentucky,Men'S Street Footwear,46,167,7682,Online
Walmart,2021-09-18,Southeast,Florida,Men'S Street Footwear,44,155,6820,Outlet
West Gear,2021-01-23,South,Arkansas,Men'S Street Footwear,24,167,4008,Online
West Gear,2021-05-25,West,Oregon,Men'S Street Footwear,39,155,6045,Outlet
West Gear,2021-05-19,South,Oklahoma,Men'S Street Footwear,36,167,6012,Online
Foot Locker,2021-06-23,Midwest,Nebraska,Women'S Athletic Footwear,30,150,4500,Outlet
Foot Locker,2021-07-06,Northeast,Rhode Island,Men'S Street Footwear,46,167,7682,Online
Foot Locker,2021-06-24,Midwest,Nebraska,Men'S Apparel,45,150,6750,Outlet
Amazon,2021-02-12,Northeast,Massachusetts,Men'S Street Footwear,41,167,6847,Online
Foot Locker,2021-07-13,Midwest,Nebraska,Women'S Apparel,35,150,5250,Outlet
Foot Locker,2021-10-28,Northeast,Pennsylvania,Men'S Street Footwear,32,166,5312,Outlet
Foot Locker,2021-07-15,Midwest,Nebraska,Men'S Athletic Footwear,30,150,4500,Outlet
Foot Locker,2021-07-19,Midwest,Nebraska,Women'S Apparel,45,150,6750,Outlet
Sports Direct,2021-04-09,Midwest,North Dakota,Men'S Athletic Footwear,30,150,4500,Online
Sports Direct,2021-04-09,Midwest,North Dakota,Women'S Street Footwear,20,150,3000,Online
Foot Locker,2021-07-21,Midwest,Nebraska,Men'S Athletic Footwear,30,150,4500,Outlet
West Gear,2020-01-07,West,Nevada,Women'S Apparel,36,166,5976,Outlet
Sports Direct,2021-09-10,Midwest,North Dakota,Women'S Athletic Footwear,30,150,4500,In-Store
West Gear,2020-03-11,West,Nevada,Women'S Street Footwear,47,166,7802,Outlet
Sports Direct,2021-09-10,Midwest,North Dakota,Men'S Apparel,40,150,6000,In-Store
Foot Locker,2021-07-29,Midwest,Nebraska,Women'S Athletic Footwear,40,150,6000,Outlet
West Gear,2020-03-12,West,Nevada,Women'S Athletic Footwear,40,166,6640,Outlet
Sports Direct,2021-10-09,Midwest,North Dakota,Women'S Street Footwear,40,150,6000,In-Store
Foot Locker,2021-07-30,Midwest,Nebraska,Men'S Apparel,50,150,7500,Outlet
Foot Locker,2021-11-09,Midwest,North Dakota,Men'S Apparel,60,150,9000,In-Store
Amazon,2021-10-16,Northeast,Maine,Men'S Apparel,50,150,7500,Outlet
Foot Locker,2021-10-19,Northeast,New Hampshire,Men'S Street Footwear,52,162,8424,Outlet
Foot Locker,2021-01-06,Midwest,North Dakota,Men'S Apparel,40,150,6000,In-Store
Amazon,2021-10-19,Northeast,Maine,Men'S Athletic Footwear,40,150,6000,Outlet
West Gear,2020-11-05,West,California,Men'S Apparel,51,161,8211,Online
Foot Locker,2021-02-06,Midwest,North Dakota,Men'S Athletic Footwear,30,150,4500,In-Store
Foot Locker,2021-07-06,Midwest,Illinois,Men'S Street Footwear,47,161,7567,Online
Foot Locker,2021-07-12,Midwest,Illinois,Men'S Street Footwear,49,149,7301,Online
West Gear,2020-01-26,West,Nevada,Men'S Street Footwear,58,149,8642,Online
West Gear,2020-07-19,West,Washington,Men'S Street Footwear,58,149,8642,Online
Sports Direct,2021-10-09,South,Texas,Women'S Apparel,45,161,7245,Online
West Gear,2020-04-22,West,Colorado,Women'S Street Footwear,67,161,10787,Online
Sports Direct,2021-05-18,South,Tennessee,Women'S Athletic Footwear,54,149,8046,Online
Sports Direct,2021-08-24,South,Alabama,Women'S Apparel,20,149,2980,Online
Kohl'S,2021-01-15,Midwest,Montana,Men'S Street Footwear,44,161,7084,Online
Foot Locker,2021-07-09,West,Hawaii,Men'S Apparel,80,149,11920,Online
Sports Direct,2021-04-02,South,Tennessee,Women'S Apparel,24,161,3864,Online
Walmart,2021-09-11,West,Hawaii,Men'S Street Footwear,62,149,9238,Online
Sports Direct,2021-04-18,South,Tennessee,Women'S Athletic Footwear,37,161,5957,Online
Walmart,2021-09-11,West,Hawaii,Men'S Athletic Footwear,69,149,10281,Online
West Gear,2021-03-08,Northeast,New York,Women'S Street Footwear,33,161,5313,Online
West Gear,2021-08-09,Northeast,New York,Men'S Apparel,52,149,7748,Online
Foot Locker,2021-02-06,Midwest,Iowa,Men'S Apparel,40,150,6000,In-Store
Amazon,2021-10-22,Northeast,Maine,Men'S Apparel,50,150,7500,Outlet
Foot Locker,2021-03-05,Midwest,Iowa,Men'S Apparel,30,150,4500,In-Store
West Gear,2021-03-08,Northeast,New York,Women'S Apparel,43,161,6923,Online
Amazon,2021-10-31,Northeast,Maine,Men'S Athletic Footwear,40,150,6000,Outlet
Foot Locker,2021-05-07,Midwest,Iowa,Men'S Apparel,45,150,6750,In-Store
West Gear,2021-05-08,Northeast,New York,Men'S Athletic Footwear,53,161,8533,Online
Foot Locker,2021-09-07,Midwest,Iowa,Women'S Athletic Footwear,25,150,3750,In-Store
Foot Locker,2021-09-07,Midwest,Iowa,Men'S Apparel,35,150,5250,In-Store
Foot Locker,2021-10-06,Midwest,Iowa,Women'S Street Footwear,35,150,5250,In-Store
West Gear,2021-01-03,Midwest,Iowa,Men'S Apparel,40,150,6000,In-Store
West Gear,2021-02-03,Midwest,Iowa,Men'S Athletic Footwear,30,150,4500,In-Store
Kohl'S,2021-11-11,West,Wyoming,Women'S Apparel,55,161,8855,Online
West Gear,2021-02-03,Midwest,Wisconsin,Men'S Apparel,40,150,6000,In-Store
West Gear,2021-06-17,South,Louisiana,Women'S Athletic Footwear,82,161,13202,Online
Foot Locker,2021-08-23,West,Arizona,Men'S Athletic Footwear,57,161,9177,Online
Foot Locker,2021-09-24,West,Arizona,Men'S Athletic Footwear,45,161,7245,Online
West Gear,2021-12-09,Midwest,Ohio,Women'S Street Footwear,59,161,9499,Online
Kohl'S,2021-03-10,West,Wyoming,Women'S Street Footwear,27,149,4023,Online
Sports Direct,2021-08-14,Northeast,Massachusetts,Men'S Street Footwear,50,161,8050,Online
Kohl'S,2021-04-11,West,Wyoming,Women'S Apparel,36,149,5364,Online
Kohl'S,2021-03-10,West,California,Women'S Athletic Footwear,41,160,6560,Online
Kohl'S,2021-07-10,West,Wyoming,Women'S Street Footwear,38,149,5662,Online
West Gear,2020-01-14,West,Nevada,Men'S Street Footwear,43,160,6880,Online
Foot Locker,2021-07-23,Southeast,Virginia,Women'S Athletic Footwear,82,149,12218,Online
West Gear,2021-04-03,Midwest,Wisconsin,Men'S Athletic Footwear,20,150,3000,In-Store
West Gear,2020-06-13,West,Washington,Men'S Street Footwear,68,160,10880,Online
Foot Locker,2021-11-24,Southeast,Virginia,Women'S Apparel,74,149,11026,Online
West Gear,2021-04-03,Midwest,Wisconsin,Women'S Street Footwear,10,150,1500,In-Store
Foot Locker,2020-11-22,Midwest,Minnesota,Men'S Street Footwear,49,160,7840,Online
Sports Direct,2021-01-19,Southeast,Virginia,Women'S Street Footwear,23,149,3427,Online
West Gear,2021-05-04,Midwest,Wisconsin,Women'S Athletic Footwear,35,150,5250,In-Store
West Gear,2021-11-11,West,Utah,Men'S Street Footwear,29,149,4321,Online
West Gear,2021-09-04,Midwest,Wisconsin,Women'S Street Footwear,25,150,3750,In-Store
Kohl'S,2021-02-20,Midwest,Montana,Men'S Street Footwear,44,160,7040,Online
Amazon,2021-11-01,Northeast,Maine,Women'S Street Footwear,30,150,4500,Outlet
West Gear,2021-11-24,West,Oregon,Women'S Apparel,76,149,11324,Online
West Gear,2021-01-10,Midwest,Wisconsin,Women'S Athletic Footwear,30,150,4500,In-Store
Amazon,2021-11-09,Northeast,Maine,Men'S Apparel,55,150,8250,Outlet
Kohl'S,2021-06-26,West,New Mexico,Women'S Street Footwear,54,149,8046,Online
West Gear,2021-09-11,Midwest,Indiana,Women'S Athletic Footwear,25,150,3750,In-Store
Kohl'S,2021-10-26,West,New Mexico,Men'S Athletic Footwear,50,149,7450,Online
Kohl'S,2021-02-21,Midwest,Montana,Men'S Athletic Footwear,49,160,7840,Online
West Gear,2021-09-11,Midwest,Indiana,Men'S Apparel,35,150,5250,In-Store
Sports Direct,2021-10-04,Southeast,North Carolina,Men'S Apparel,42,149,6258,Online
Amazon,2021-05-20,West,Alaska,Men'S Street Footwear,59,160,9440,Online
West Gear,2021-10-10,Midwest,Indiana,Women'S Street Footwear,35,150,5250,In-Store
Kohl'S,2021-01-16,South,Oklahoma,Men'S Street Footwear,23,149,3427,Online
Sports Direct,2021-03-16,Southeast,Florida,Men'S Street Footwear,46,160,7360,Online
West Gear,2021-10-10,Midwest,Indiana,Women'S Athletic Footwear,35,150,5250,In-Store
West Gear,2021-07-02,Midwest,Wisconsin,Men'S Street Footwear,45,149,6705,Online
West Gear,2021-05-08,Northeast,New York,Women'S Street Footwear,49,160,7840,Online
West Gear,2021-07-09,Midwest,Indiana,Men'S Street Footwear,51,149,7599,Online
Amazon,2021-12-25,Northeast,Maine,Men'S Apparel,55,150,8250,Outlet
West Gear,2021-02-17,Midwest,Indiana,Men'S Street Footwear,33,149,4917,Online
Amazon,2021-12-29,Northeast,Maine,Women'S Street Footwear,45,150,6750,Outlet
Sports Direct,2021-12-06,Northeast,New Jersey,Men'S Street Footwear,55,149,8195,Online
Sports Direct,2021-02-05,Northeast,New Jersey,Men'S Street Footwear,39,149,5811,Online
Kohl'S,2021-04-11,West,California,Men'S Apparel,38,149,5662,Outlet
West Gear,2021-10-10,Midwest,Indiana,Men'S Apparel,45,150,6750,In-Store
Amazon,2021-04-21,West,Alaska,Women'S Athletic Footwear,50,150,7500,Outlet
Sports Direct,2021-09-01,South,Texas,Women'S Athletic Footwear,20,149,2980,Outlet
Foot Locker,2021-07-22,West,Arizona,Men'S Apparel,40,145,5800,Outlet
West Gear,2021-01-17,Midwest,Indiana,Women'S Athletic Footwear,30,150,4500,In-Store
Amazon,2021-04-21,West,Alaska,Men'S Apparel,60,150,9000,Outlet
Sports Direct,2021-10-02,South,Texas,Men'S Apparel,37,149,5513,Outlet
West Gear,2021-03-20,Northeast,Maryland,Men'S Athletic Footwear,35,150,5250,In-Store
Foot Locker,2021-07-22,West,Arizona,Women'S Apparel,46,145,6670,Outlet
Foot Locker,2021-02-10,West,Hawaii,Men'S Apparel,50,150,7500,Outlet
West Gear,2020-03-15,West,Nevada,Men'S Street Footwear,20,149,2980,Outlet
West Gear,2021-05-20,Northeast,Maryland,Women'S Street Footwear,40,150,6000,In-Store
Sports Direct,2021-10-04,South,Alabama,Men'S Apparel,37,149,5513,Outlet
Foot Locker,2021-06-22,Northeast,Maryland,Women'S Athletic Footwear,40,150,6000,In-Store
Foot Locker,2021-04-10,West,Hawaii,Men'S Apparel,55,150,8250,Outlet
Sports Direct,2021-03-16,Southeast,Florida,Women'S Street Footwear,47,149,7003,Outlet
Foot Locker,2021-06-22,Northeast,Maryland,Men'S Apparel,50,150,7500,In-Store
Foot Locker,2021-01-24,West,Wyoming,Men'S Apparel,45,150,6750,In-Store
Foot Locker,2021-09-25,Southeast,Virginia,Men'S Street Footwear,35,149,5215,Outlet
Sports Direct,2021-07-20,Northeast,Maryland,Women'S Athletic Footwear,40,150,6000,In-Store
West Gear,2021-02-11,West,Utah,Women'S Apparel,18,149,2682,Outlet
Sports Direct,2021-08-21,Northeast,Maryland,Women'S Athletic Footwear,40,150,6000,In-Store
West Gear,2021-09-25,West,Oregon,Men'S Street Footwear,34,149,5066,Outlet
West Gear,2021-01-24,West,Utah,Men'S Apparel,45,150,6750,In-Store
West Gear,2021-11-24,West,Oregon,Women'S Athletic Footwear,39,149,5811,Outlet
West Gear,2021-03-16,South,Louisiana,Men'S Apparel,60,150,9000,In-Store
Sports Direct,2021-11-05,West,Idaho,Men'S Apparel,41,149,6109,Outlet
Foot Locker,2021-11-21,Northeast,Maryland,Women'S Athletic Footwear,50,150,7500,In-Store
Foot Locker,2021-02-23,West,Arizona,Men'S Apparel,45,150,6750,Online
Kohl'S,2021-07-25,West,New Mexico,Women'S Athletic Footwear,39,149,5811,Outlet
Foot Locker,2021-02-15,Northeast,Delaware,Women'S Athletic Footwear,35,150,5250,In-Store
Kohl'S,2021-11-26,West,New Mexico,Women'S Street Footwear,46,149,6854,Outlet
Foot Locker,2021-04-14,Northeast,Delaware,Women'S Athletic Footwear,35,150,5250,In-Store
Sports Direct,2021-01-13,West,New Mexico,Men'S Street Footwear,24,149,3576,Outlet
Foot Locker,2021-09-24,West,Arizona,Women'S Street Footwear,34,145,4930,Outlet
Foot Locker,2021-04-14,Northeast,Delaware,Men'S Apparel,50,150,7500,In-Store
Kohl'S,2021-09-27,West,New Mexico,Women'S Athletic Footwear,37,145,5365,Outlet
Sports Direct,2021-08-13,Southeast,Georgia,Women'S Athletic Footwear,42,149,6258,Outlet
Kohl'S,2021-09-06,Northeast,New Jersey,Women'S Athletic Footwear,40,150,6000,In-Store
Kohl'S,2021-09-27,West,New Mexico,Men'S Apparel,40,145,5800,Outlet
Foot Locker,2021-06-18,South,Mississippi,Women'S Athletic Footwear,34,149,5066,Outlet
Sports Direct,2021-05-14,Southeast,Georgia,Women'S Street Footwear,40,145,5800,Outlet
Walmart,2021-06-21,South,Arkansas,Men'S Athletic Footwear,25,149,3725,Outlet
Sports Direct,2021-11-13,Southeast,Georgia,Women'S Street Footwear,39,145,5655,Outlet
Walmart,2021-07-19,South,Arkansas,Men'S Apparel,40,149,5960,Outlet
Kohl'S,2021-09-06,Northeast,New Jersey,Men'S Apparel,50,150,7500,In-Store
Walmart,2021-09-16,South,Mississippi,Women'S Street Footwear,15,145,2175,Outlet
West Gear,2021-12-19,South,Arkansas,Women'S Street Footwear,43,149,6407,Outlet
Kohl'S,2021-10-08,Northeast,New Jersey,Women'S Street Footwear,50,150,7500,In-Store
Walmart,2021-02-21,South,Arkansas,Women'S Apparel,16,145,2320,Outlet
Kohl'S,2021-12-19,South,Oklahoma,Men'S Athletic Footwear,47,149,7003,Outlet
Sports Direct,2021-01-07,Northeast,New Jersey,Women'S Athletic Footwear,35,150,5250,In-Store
Walmart,2021-05-19,South,Arkansas,Women'S Apparel,33,145,4785,Outlet
Foot Locker,2021-11-04,Northeast,Connecticut,Men'S Street Footwear,51,149,7599,Outlet
Sports Direct,2021-03-03,Northeast,Connecticut,Men'S Apparel,50,150,7500,In-Store
Amazon,2021-07-10,Northeast,Vermont,Men'S Athletic Footwear,42,145,6090,Outlet
Foot Locker,2021-01-10,Northeast,Connecticut,Men'S Street Footwear,23,149,3427,Outlet
Sports Direct,2021-10-05,Northeast,Connecticut,Women'S Athletic Footwear,55,150,8250,In-Store
Amazon,2021-12-10,Northeast,Vermont,Women'S Apparel,60,145,8700,Outlet
Sports Direct,2021-04-14,Northeast,Massachusetts,Men'S Street Footwear,28,149,4172,Outlet
Foot Locker,2021-03-06,Northeast,Rhode Island,Men'S Athletic Footwear,35,150,5250,In-Store
Foot Locker,2021-04-23,West,Arizona,Men'S Apparel,55,150,8250,Online
Amazon,2021-08-18,Northeast,New Hampshire,Women'S Apparel,46,145,6670,Outlet
Amazon,2021-08-11,Northeast,Vermont,Men'S Athletic Footwear,43,149,6407,Outlet
Foot Locker,2021-05-06,Northeast,Rhode Island,Women'S Athletic Footwear,40,150,6000,In-Store
Foot Locker,2021-06-12,Midwest,Illinois,Men'S Street Footwear,47,144,6768,Online
Amazon,2021-07-17,Northeast,New Hampshire,Men'S Athletic Footwear,47,149,7003,Outlet
Foot Locker,2021-08-07,Northeast,Rhode Island,Women'S Athletic Footwear,40,150,6000,In-Store
Sports Direct,2021-03-12,Southeast,Georgia,Men'S Apparel,55,150,8250,Online
Foot Locker,2021-11-18,Northeast,New Hampshire,Men'S Street Footwear,59,149,8791,Outlet
Sports Direct,2021-01-17,Northeast,Rhode Island,Men'S Apparel,50,150,7500,In-Store
Amazon,2021-01-22,Midwest,Ohio,Women'S Athletic Footwear,35,150,5250,Online
Walmart,2020-08-10,South,Texas,Men'S Apparel,42,147,6174,Online
Sports Direct,2021-02-15,Northeast,Rhode Island,Men'S Athletic Footwear,40,150,6000,In-Store
Sports Direct,2021-08-16,South,Texas,Women'S Apparel,33,147,4851,Online
Sports Direct,2021-02-15,Northeast,Massachusetts,Men'S Apparel,50,150,7500,In-Store
Sports Direct,2021-04-14,Northeast,Massachusetts,Men'S Athletic Footwear,40,150,6000,In-Store
Sports Direct,2021-09-25,South,Texas,Women'S Athletic Footwear,47,147,6909,Online
Amazon,2021-03-21,Southeast,Kentucky,Men'S Apparel,55,150,8250,Online
Sports Direct,2021-04-14,Northeast,Massachusetts,Women'S Street Footwear,30,150,4500,In-Store
Kohl'S,2021-01-28,Midwest,Montana,Men'S Athletic Footwear,42,147,6174,Online
Amazon,2021-05-23,Southeast,Kentucky,Men'S Apparel,50,150,7500,Online
Sports Direct,2021-08-14,Northeast,Massachusetts,Men'S Apparel,55,150,8250,In-Store
Sports Direct,2021-05-05,South,Tennessee,Women'S Street Footwear,36,147,5292,Online
Amazon,2021-10-22,Southeast,Kentucky,Women'S Athletic Footwear,45,150,6750,Online
Sports Direct,2021-09-13,Northeast,Massachusetts,Women'S Street Footwear,45,150,6750,In-Store
Amazon,2021-12-21,Northeast,Maine,Men'S Street Footwear,50,147,7350,Online
Amazon,2021-10-22,Southeast,Kentucky,Men'S Apparel,55,150,8250,Online
Walmart,2021-08-10,West,Hawaii,Men'S Apparel,69,147,10143,Online
Amazon,2021-02-12,Northeast,Vermont,Women'S Athletic Footwear,40,150,6000,In-Store
Walmart,2021-11-17,Southeast,Florida,Women'S Street Footwear,53,147,7791,Online
Amazon,2021-04-11,Northeast,Vermont,Women'S Athletic Footwear,40,150,6000,In-Store
West Gear,2021-04-20,South,Oklahoma,Women'S Athletic Footwear,20,150,3000,Online
West Gear,2021-12-16,Southeast,Florida,Men'S Apparel,86,147,12642,Online
Amazon,2021-04-11,Northeast,Vermont,Men'S Apparel,55,150,8250,In-Store
West Gear,2021-04-09,Northeast,New York,Men'S Athletic Footwear,43,147,6321,Online
Amazon,2021-03-17,Northeast,New Hampshire,Women'S Athletic Footwear,45,150,6750,In-Store
Kohl'S,2021-02-14,Midwest,Kansas,Women'S Athletic Footwear,20,150,3000,Online
West Gear,2021-11-09,Northeast,New York,Women'S Street Footwear,45,147,6615,Online
Foot Locker,2021-01-24,Northeast,New Hampshire,Women'S Athletic Footwear,50,150,7500,Outlet
Kohl'S,2021-03-12,Midwest,Kansas,Men'S Apparel,35,150,5250,Online
Kohl'S,2021-08-11,West,Wyoming,Women'S Athletic Footwear,38,147,5586,Online
Walmart,2020-09-15,South,Texas,Men'S Apparel,42,150,6300,Online
Kohl'S,2021-04-13,Midwest,Kansas,Men'S Apparel,40,150,6000,Online
West Gear,2021-03-16,South,Louisiana,Men'S Street Footwear,44,147,6468,Online
West Gear,2020-11-10,West,California,Women'S Athletic Footwear,47,150,7050,Online
Foot Locker,2021-04-12,Midwest,South Dakota,Men'S Athletic Footwear,40,150,6000,Online
Foot Locker,2021-05-24,West,Arizona,Men'S Street Footwear,47,147,6909,Online
Foot Locker,2021-08-05,Midwest,Illinois,Men'S Street Footwear,57,150,8550,Online
Foot Locker,2021-04-12,Midwest,South Dakota,Women'S Street Footwear,30,150,4500,Online
Foot Locker,2021-11-23,West,Arizona,Men'S Athletic Footwear,46,147,6762,Online
Sports Direct,2021-09-19,South,Texas,Women'S Athletic Footwear,43,150,6450,Online
Kohl'S,2021-02-26,West,Arizona,Men'S Street Footwear,33,147,4851,Online
West Gear,2020-03-04,West,Nevada,Men'S Athletic Footwear,64,150,9600,Online
Foot Locker,2021-09-13,Midwest,South Dakota,Women'S Athletic Footwear,35,150,5250,Online
Sports Direct,2021-06-13,Southeast,Georgia,Men'S Athletic Footwear,54,147,7938,Online
West Gear,2020-03-14,West,Nevada,Women'S Apparel,74,150,11100,Online
Amazon,2021-10-11,Midwest,Ohio,Women'S Apparel,38,147,5586,Online
West Gear,2020-04-16,West,Colorado,Women'S Street Footwear,64,150,9600,Online
Foot Locker,2021-09-13,Midwest,South Dakota,Men'S Apparel,45,150,6750,Online
West Gear,2020-05-14,West,Colorado,Men'S Street Footwear,52,150,7800,Online
Foot Locker,2021-10-12,Midwest,South Dakota,Women'S Street Footwear,45,150,6750,Online
West Gear,2021-12-09,Midwest,Ohio,Women'S Athletic Footwear,63,147,9261,Online
West Gear,2020-05-15,West,Colorado,Men'S Athletic Footwear,55,150,8250,Online
Sports Direct,2021-11-12,Midwest,South Dakota,Men'S Apparel,60,150,9000,Online
Walmart,2021-08-17,South,Mississippi,Women'S Street Footwear,48,147,7056,Online
West Gear,2020-08-05,West,Washington,Women'S Apparel,86,150,12900,Online
Walmart,2021-09-16,South,Mississippi,Men'S Athletic Footwear,42,147,6174,Online
Sports Direct,2021-10-06,South,Texas,Women'S Street Footwear,41,144,5904,Online
Walmart,2021-07-19,South,Arkansas,Men'S Athletic Footwear,47,147,6909,Online
Kohl'S,2021-01-21,Midwest,Montana,Men'S Street Footwear,39,150,5850,Online
West Gear,2020-04-15,West,Colorado,Men'S Athletic Footwear,59,144,8496,Online
Sports Direct,2021-08-09,Midwest,North Dakota,Men'S Street Footwear,46,147,6762,Online
Kohl'S,2021-02-01,Midwest,Montana,Women'S Apparel,55,150,8250,Online
West Gear,2020-07-05,West,Washington,Men'S Apparel,77,144,11088,Online
West Gear,2021-12-05,Midwest,Iowa,Men'S Street Footwear,54,147,7938,Online
Sports Direct,2021-05-04,South,Tennessee,Men'S Athletic Footwear,32,150,4800,Online
Sports Direct,2021-09-19,South,Alabama,Men'S Athletic Footwear,50,144,7200,Online
Sports Direct,2021-09-23,South,Alabama,Women'S Apparel,37,150,5550,Online
Sports Direct,2021-10-02,South,Alabama,Women'S Street Footwear,43,144,6192,Online
Foot Locker,2021-07-09,West,Hawaii,Women'S Street Footwear,79,150,11850,Online
Kohl'S,2021-02-08,Northeast,Delaware,Men'S Street Footwear,34,147,4998,Online
Amazon,2021-11-05,Northeast,Maine,Men'S Street Footwear,52,144,7488,Online
Walmart,2021-10-17,Southeast,Florida,Men'S Athletic Footwear,59,144,8496,Online
Amazon,2021-11-10,Midwest,Ohio,Men'S Athletic Footwear,24,140,3360,Online
West Gear,2021-06-10,Northeast,New York,Women'S Athletic Footwear,49,144,7056,Online
Walmart,2021-11-17,Southeast,Florida,Women'S Athletic Footwear,64,150,9600,Online
Foot Locker,2021-05-16,South,Mississippi,Women'S Apparel,47,140,6580,Online
West Gear,2021-11-09,Northeast,New York,Women'S Athletic Footwear,47,144,6768,Online
Foot Locker,2021-05-31,West,California,Men'S Street Footwear,36,147,5292,Outlet
West Gear,2021-06-10,Northeast,New York,Women'S Street Footwear,48,150,7200,Online
West Gear,2021-12-19,South,Arkansas,Men'S Athletic Footwear,54,140,7560,Online
Sports Direct,2021-08-16,Midwest,Michigan,Women'S Street Footwear,42,144,6048,Online
Sports Direct,2021-09-29,South,Alabama,Women'S Apparel,26,147,3822,Outlet
Foot Locker,2021-04-18,Midwest,Missouri,Men'S Street Footwear,33,144,4752,Online
Walmart,2021-08-17,Southeast,Florida,Women'S Athletic Footwear,64,147,9408,Outlet
West Gear,2021-06-10,Northeast,New York,Men'S Apparel,62,150,9300,Online
Foot Locker,2021-03-05,Southeast,South Carolina,Women'S Athletic Footwear,27,144,3888,Online
Walmart,2021-11-17,Southeast,Florida,Men'S Apparel,58,147,8526,Outlet
West Gear,2021-07-08,Northeast,New York,Women'S Athletic Footwear,53,150,7950,Online
Sports Direct,2021-04-03,Southeast,North Carolina,Women'S Street Footwear,20,144,2880,Online
West Gear,2021-08-09,Northeast,New York,Women'S Athletic Footwear,41,150,6150,Online
Sports Direct,2021-12-16,South,Mississippi,Women'S Apparel,71,144,10224,Online
Foot Locker,2021-04-24,Southeast,Virginia,Men'S Street Footwear,38,147,5586,Outlet
West Gear,2021-10-10,Northeast,New York,Men'S Apparel,59,150,8850,Online
Kohl'S,2021-06-14,Midwest,Kansas,Men'S Street Footwear,37,144,5328,Online
West Gear,2021-11-17,South,Louisiana,Men'S Apparel,53,147,7791,Outlet
Foot Locker,2021-02-15,Northeast,Maryland,Men'S Street Footwear,39,144,5616,Online
Kohl'S,2021-03-06,Northeast,New Jersey,Men'S Street Footwear,32,144,4608,Online
Kohl'S,2021-07-10,West,Wyoming,Women'S Athletic Footwear,39,150,5850,Online
West Gear,2021-01-05,South,Louisiana,Women'S Apparel,23,147,3381,Outlet
Foot Locker,2021-12-04,West,Idaho,Men'S Apparel,43,147,6321,Outlet
Kohl'S,2021-09-10,West,Wyoming,Men'S Athletic Footwear,44,150,6600,Online
Foot Locker,2021-06-23,West,Arizona,Women'S Street Footwear,41,147,6027,Outlet
Kohl'S,2021-10-12,West,Wyoming,Women'S Apparel,55,150,8250,Online
Kohl'S,2021-01-26,West,Arizona,Men'S Athletic Footwear,30,147,4410,Outlet
Sports Direct,2021-12-23,Southeast,Virginia,Women'S Apparel,82,150,12300,Online
Kohl'S,2021-07-12,Midwest,Kansas,Women'S Apparel,60,140,8400,Online
Sports Direct,2021-02-17,Southeast,Virginia,Women'S Street Footwear,23,150,3450,Online
Sports Direct,2021-12-11,Midwest,South Dakota,Men'S Street Footwear,58,140,8120,Online
Kohl'S,2021-09-27,West,New Mexico,Women'S Street Footwear,39,147,5733,Outlet
Sports Direct,2021-05-15,Midwest,Michigan,Men'S Athletic Footwear,47,150,7050,Online
West Gear,2021-02-03,Midwest,Iowa,Men'S Street Footwear,29,140,4060,Online
Foot Locker,2021-12-12,Southeast,Georgia,Women'S Street Footwear,36,147,5292,Outlet
West Gear,2021-01-10,Midwest,Wisconsin,Men'S Street Footwear,32,140,4480,Online
Sports Direct,2021-05-15,Midwest,Michigan,Women'S Apparel,55,150,8250,Online
Sports Direct,2021-02-15,Northeast,Rhode Island,Men'S Street Footwear,36,140,5040,Online
Foot Locker,2021-04-17,South,Mississippi,Women'S Apparel,22,147,3234,Outlet
Kohl'S,2021-03-17,West,California,Men'S Apparel,40,140,5600,Outlet
West Gear,2020-02-21,West,Nevada,Women'S Street Footwear,46,144,6624,Outlet
Walmart,2021-08-17,South,Mississippi,Women'S Athletic Footwear,32,147,4704,Outlet
Kohl'S,2021-04-17,West,California,Men'S Apparel,38,140,5320,Outlet
Foot Locker,2021-11-18,Midwest,Missouri,Men'S Street Footwear,34,150,5100,Online
Sports Direct,2021-08-12,South,Alabama,Women'S Apparel,27,144,3888,Outlet
Kohl'S,2021-11-11,West,Wyoming,Women'S Street Footwear,42,146,6132,Online
West Gear,2021-06-11,West,Utah,Women'S Apparel,38,150,5700,Online
Sports Direct,2021-08-26,South,Texas,Women'S Athletic Footwear,26,140,3640,Outlet
West Gear,2021-07-10,West,Utah,Women'S Apparel,38,150,5700,Online
Foot Locker,2021-11-09,Northeast,Pennsylvania,Men'S Street Footwear,35,140,4900,Outlet
Foot Locker,2021-05-07,Midwest,Iowa,Men'S Street Footwear,57,146,8322,Online
West Gear,2021-07-23,West,Oregon,Women'S Apparel,97,150,14550,Online
West Gear,2020-01-04,Northeast,Pennsylvania,Women'S Street Footwear,36,140,5040,Outlet
Foot Locker,2020-12-18,Midwest,Minnesota,Women'S Street Footwear,40,145,5800,Outlet
Sports Direct,2021-11-05,West,Idaho,Women'S Street Footwear,58,150,8700,Online
West Gear,2020-01-10,West,Nevada,Women'S Street Footwear,31,140,4340,Outlet
West Gear,2020-12-23,West,California,Men'S Apparel,62,145,8990,Online
West Gear,2020-01-13,West,Nevada,Women'S Apparel,31,140,4340,Outlet
West Gear,2020-01-31,West,Nevada,Women'S Apparel,54,140,7560,Outlet
West Gear,2020-02-10,West,Nevada,Women'S Athletic Footwear,46,140,6440,Outlet
Kohl'S,2021-03-11,West,California,Men'S Apparel,49,145,7105,Online
West Gear,2020-02-24,West,Nevada,Women'S Apparel,54,140,7560,Outlet
Kohl'S,2021-05-27,West,New Mexico,Men'S Street Footwear,51,150,7650,Online
Sports Direct,2021-08-25,South,Texas,Women'S Street Footwear,28,145,4060,Online
West Gear,2020-03-05,West,Nevada,Women'S Street Footwear,44,140,6160,Outlet
Kohl'S,2021-11-26,West,New Mexico,Men'S Athletic Footwear,59,150,8850,Online
Sports Direct,2021-09-14,South,Texas,Men'S Apparel,45,145,6525,Online
Sports Direct,2021-03-18,South,Tennessee,Women'S Street Footwear,23,140,3220,Outlet
Sports Direct,2021-06-13,Southeast,Georgia,Women'S Apparel,67,150,10050,Online
Sports Direct,2021-05-13,South,Tennessee,Men'S Apparel,43,140,6020,Outlet
Sports Direct,2021-08-13,Southeast,Georgia,Women'S Street Footwear,54,150,8100,Online
Sports Direct,2021-03-02,Southeast,North Carolina,Men'S Athletic Footwear,29,150,4350,Online
Foot Locker,2021-05-21,South,Tennessee,Men'S Street Footwear,27,140,3780,Outlet
Sports Direct,2021-08-15,South,Alabama,Women'S Street Footwear,20,144,2880,Outlet
Sports Direct,2021-05-02,Southeast,North Carolina,Women'S Athletic Footwear,38,150,5700,Online
Sports Direct,2021-09-15,South,Alabama,Women'S Athletic Footwear,37,140,5180,Outlet
Foot Locker,2021-11-24,Southeast,Virginia,Women'S Athletic Footwear,36,144,5184,Outlet
Sports Direct,2021-09-16,South,Alabama,Men'S Apparel,42,140,5880,Outlet
Amazon,2021-10-12,South,Alabama,Men'S Street Footwear,27,140,3780,Outlet
Walmart,2021-10-17,Southeast,Florida,Men'S Street Footwear,39,140,5460,Outlet
Walmart,2021-10-17,Southeast,Florida,Women'S Apparel,53,140,7420,Outlet
Sports Direct,2021-01-19,Southeast,Virginia,Men'S Apparel,30,140,4200,Outlet
West Gear,2021-03-10,West,Utah,Women'S Street Footwear,16,140,2240,Outlet
West Gear,2021-03-10,West,Utah,Women'S Apparel,21,140,2940,Outlet
West Gear,2021-07-10,West,Utah,Men'S Apparel,28,140,3920,Outlet
West Gear,2021-10-11,West,Utah,Women'S Apparel,25,140,3500,Outlet
West Gear,2021-06-24,West,Oregon,Men'S Apparel,67,140,9380,Outlet
West Gear,2021-01-17,West,Oregon,Women'S Apparel,34,140,4760,Outlet
West Gear,2021-10-17,South,Louisiana,Women'S Apparel,44,140,6160,Outlet
Sports Direct,2021-09-05,West,Idaho,Men'S Apparel,42,140,5880,Outlet
Foot Locker,2021-12-17,Northeast,New Hampshire,Women'S Apparel,61,144,8784,Outlet
Foot Locker,2021-01-23,West,Idaho,Men'S Athletic Footwear,30,140,4200,Outlet
Foot Locker,2021-12-09,Northeast,Pennsylvania,Men'S Street Footwear,62,143,8866,Online
West Gear,2020-01-20,West,Nevada,Men'S Street Footwear,58,143,8294,Online
West Gear,2020-02-09,West,Nevada,Women'S Street Footwear,61,143,8723,Online
West Gear,2020-04-23,West,Colorado,Women'S Athletic Footwear,61,143,8723,Online
West Gear,2020-04-28,West,Colorado,Women'S Street Footwear,67,143,9581,Online
Kohl'S,2021-02-04,Midwest,Montana,Women'S Street Footwear,44,143,6292,Online
Foot Locker,2021-01-23,West,Idaho,Women'S Apparel,27,140,3780,Outlet
Kohl'S,2021-02-07,Midwest,Montana,Women'S Apparel,58,143,8294,Online
Foot Locker,2021-11-23,West,Arizona,Women'S Apparel,39,140,5460,Outlet
Kohl'S,2021-03-07,Midwest,Montana,Women'S Athletic Footwear,43,143,6149,Online
Kohl'S,2021-02-26,West,New Mexico,Women'S Apparel,35,140,4900,Outlet
Sports Direct,2021-09-29,South,Alabama,Women'S Apparel,36,143,5148,Online
Kohl'S,2021-04-26,West,New Mexico,Women'S Street Footwear,44,140,6160,Outlet
Sports Direct,2021-10-09,South,Alabama,Women'S Athletic Footwear,63,143,9009,Online
Sports Direct,2021-01-13,West,New Mexico,Men'S Athletic Footwear,27,140,3780,Outlet
Amazon,2021-11-17,Northeast,Maine,Men'S Street Footwear,51,143,7293,Online
Sports Direct,2021-01-13,West,New Mexico,Women'S Street Footwear,32,140,4480,Outlet
Foot Locker,2021-02-10,West,Alaska,Men'S Street Footwear,33,143,4719,Online
Sports Direct,2021-01-13,West,New Mexico,Women'S Apparel,28,140,3920,Outlet
Foot Locker,2021-05-11,West,Hawaii,Women'S Apparel,69,143,9867,Online
Sports Direct,2021-08-13,Southeast,Georgia,Men'S Apparel,51,140,7140,Outlet
Walmart,2021-08-17,Southeast,Florida,Women'S Athletic Footwear,77,143,11011,Online
Sports Direct,2021-11-13,Southeast,Georgia,Women'S Athletic Footwear,37,140,5180,Outlet
Walmart,2021-08-17,Southeast,Florida,Men'S Apparel,74,143,10582,Online
Foot Locker,2021-05-16,South,Mississippi,Men'S Athletic Footwear,28,140,3920,Outlet
Kohl'S,2021-02-12,Northeast,New York,Women'S Street Footwear,29,143,4147,Online
Sports Direct,2021-01-23,South,Mississippi,Women'S Street Footwear,11,140,1540,Outlet
Kohl'S,2021-08-11,West,Wyoming,Women'S Street Footwear,38,143,5434,Online
Walmart,2021-07-19,South,Arkansas,Women'S Street Footwear,32,140,4480,Outlet
Kohl'S,2021-11-11,West,Wyoming,Men'S Apparel,51,143,7293,Online
Sports Direct,2021-10-13,South,Texas,Women'S Athletic Footwear,59,145,8555,Online
Walmart,2021-09-19,South,Arkansas,Women'S Apparel,22,140,3080,Outlet
Foot Locker,2021-03-23,Southeast,Virginia,Men'S Street Footwear,38,143,5434,Online
Foot Locker,2021-11-27,Northeast,Pennsylvania,Men'S Street Footwear,60,145,8700,Online
West Gear,2021-08-20,South,Oklahoma,Men'S Athletic Footwear,37,140,5180,Outlet
Sports Direct,2021-03-15,Midwest,Michigan,Women'S Apparel,33,143,4719,Online
West Gear,2020-02-12,West,Nevada,Women'S Apparel,78,145,11310,Online
Sports Direct,2021-01-17,Northeast,Rhode Island,Men'S Street Footwear,28,140,3920,Outlet
Sports Direct,2021-07-15,Midwest,Michigan,Men'S Apparel,54,143,7722,Online
West Gear,2021-11-11,Northeast,Vermont,Men'S Street Footwear,54,140,7560,Outlet
Foot Locker,2021-12-15,Midwest,Michigan,Men'S Apparel,55,143,7865,Online
Sports Direct,2021-05-02,Southeast,North Carolina,Men'S Apparel,46,150,6900,Online
Amazon,2021-05-17,Northeast,New Hampshire,Women'S Apparel,46,140,6440,Outlet
Foot Locker,2021-08-18,Midwest,Missouri,Men'S Athletic Footwear,38,143,5434,Online
Sports Direct,2021-04-13,South,Tennessee,Men'S Apparel,43,145,6235,Online
Amazon,2021-06-19,Northeast,New Hampshire,Men'S Athletic Footwear,40,140,5600,Outlet
West Gear,2021-01-11,Midwest,Missouri,Women'S Street Footwear,14,143,2002,Online
Foot Locker,2021-07-02,Midwest,Nebraska,Men'S Street Footwear,41,145,5945,Online
Sports Direct,2021-09-02,Southeast,North Carolina,Women'S Athletic Footwear,28,150,4200,Online
Foot Locker,2021-05-13,Midwest,South Dakota,Men'S Street Footwear,58,139,8062,Online
West Gear,2021-12-23,West,Oregon,Women'S Athletic Footwear,67,143,9581,Online
Sports Direct,2021-10-14,South,Texas,Men'S Apparel,56,138,7728,Online
Sports Direct,2021-10-04,Southeast,North Carolina,Women'S Street Footwear,34,150,5100,Online
West Gear,2021-01-05,South,Louisiana,Women'S Apparel,34,143,4862,Online
Amazon,2021-01-13,Southeast,North Carolina,Men'S Athletic Footwear,33,150,4950,Online
West Gear,2020-02-17,West,Nevada,Men'S Apparel,68,138,9384,Online
Sports Direct,2021-09-04,South,Alabama,Men'S Apparel,49,145,7105,Online
Amazon,2021-06-11,Midwest,Ohio,Men'S Apparel,62,150,9300,Online
Sports Direct,2021-10-10,South,Alabama,Men'S Apparel,58,145,8410,Online
West Gear,2020-02-25,West,Nevada,Men'S Street Footwear,56,138,7728,Online
Sports Direct,2021-12-09,West,Hawaii,Women'S Athletic Footwear,73,145,10585,Online
West Gear,2020-06-01,West,Washington,Men'S Street Footwear,36,138,4968,Online
Amazon,2021-08-10,Midwest,Ohio,Women'S Street Footwear,53,150,7950,Online
West Gear,2020-07-20,West,Washington,Men'S Athletic Footwear,64,138,8832,Online
West Gear,2021-01-12,Southeast,Florida,Women'S Athletic Footwear,37,145,5365,Online
Walmart,2021-07-16,South,Mississippi,Men'S Apparel,59,150,8850,Online
West Gear,2020-07-30,West,Washington,Women'S Apparel,88,138,12144,Online
West Gear,2020-08-02,West,Washington,Women'S Street Footwear,73,138,10074,Online
Kohl'S,2021-01-14,Northeast,New York,Men'S Apparel,49,145,7105,Online
West Gear,2020-08-03,West,Washington,Women'S Athletic Footwear,76,138,10488,Online
Kohl'S,2021-02-12,Northeast,New York,Men'S Athletic Footwear,37,145,5365,Online
Kohl'S,2021-01-02,Midwest,Montana,Women'S Apparel,43,138,5934,Online
Walmart,2021-07-19,South,Arkansas,Women'S Apparel,63,150,9450,Online
Sports Direct,2021-08-03,Midwest,Nebraska,Women'S Street Footwear,28,138,3864,Online
Walmart,2021-10-21,South,Arkansas,Men'S Street Footwear,27,150,4050,Online
Sports Direct,2021-08-04,Midwest,Nebraska,Women'S Athletic Footwear,33,138,4554,Online
Kohl'S,2021-02-12,West,Wyoming,Men'S Apparel,47,145,6815,Online
West Gear,2021-06-04,West,Idaho,Women'S Athletic Footwear,48,143,6864,Online
West Gear,2021-12-19,South,Arkansas,Women'S Apparel,70,150,10500,Online
Sports Direct,2021-08-06,South,Alabama,Women'S Apparel,32,138,4416,Online
Kohl'S,2021-04-11,West,Wyoming,Women'S Street Footwear,28,145,4060,Online
Foot Locker,2021-02-23,West,Idaho,Men'S Street Footwear,29,143,4147,Online
West Gear,2021-09-19,South,Oklahoma,Men'S Street Footwear,49,150,7350,Online
Amazon,2021-12-17,Northeast,Maine,Men'S Street Footwear,62,138,8556,Online
Kohl'S,2021-05-10,West,Wyoming,Women'S Street Footwear,39,145,5655,Online
Kohl'S,2021-08-26,West,New Mexico,Women'S Athletic Footwear,55,143,7865,Online
Walmart,2021-10-10,West,Hawaii,Men'S Athletic Footwear,61,138,8418,Online
Foot Locker,2021-12-10,West,Wyoming,Men'S Apparel,54,145,7830,Online
Kohl'S,2021-09-27,West,New Mexico,Women'S Street Footwear,46,143,6578,Online
Walmart,2021-04-17,Southeast,Florida,Men'S Street Footwear,62,138,8556,Online
Kohl'S,2021-04-13,Midwest,Kansas,Men'S Street Footwear,24,150,3600,Online
Sports Direct,2021-07-12,Southeast,Georgia,Women'S Apparel,67,143,9581,Online
West Gear,2021-02-10,Southeast,Florida,Men'S Athletic Footwear,42,138,5796,Online
Foot Locker,2021-12-12,Midwest,Kansas,Men'S Street Footwear,66,150,9900,Online
Amazon,2021-02-11,Southeast,North Carolina,Men'S Athletic Footwear,33,143,4719,Online
Sports Direct,2021-09-15,Midwest,Michigan,Women'S Street Footwear,34,145,4930,Online
West Gear,2021-09-08,Northeast,New York,Women'S Street Footwear,41,138,5658,Online
Amazon,2021-02-11,Midwest,Ohio,Women'S Apparel,29,143,4147,Online
Foot Locker,2021-11-24,Southeast,Virginia,Women'S Street Footwear,43,138,5934,Online
Amazon,2021-05-09,Midwest,Ohio,Women'S Street Footwear,39,143,5577,Online
Foot Locker,2021-12-08,Midwest,North Dakota,Men'S Street Footwear,55,150,8250,Online
Sports Direct,2021-11-16,Midwest,Michigan,Men'S Athletic Footwear,42,145,6090,Online
Sports Direct,2021-01-19,Southeast,Virginia,Women'S Apparel,33,138,4554,Online
West Gear,2021-12-09,Midwest,Indiana,Men'S Street Footwear,58,150,8700,Online
West Gear,2021-12-10,West,Utah,Men'S Athletic Footwear,28,145,4060,Online
West Gear,2021-06-17,Northeast,West Virginia,Men'S Street Footwear,43,150,6450,Online
Amazon,2021-05-09,Midwest,Ohio,Women'S Apparel,53,143,7579,Online
West Gear,2021-05-25,West,Oregon,Men'S Street Footwear,48,145,6960,Online
Foot Locker,2021-06-18,South,Mississippi,Women'S Street Footwear,41,143,5863,Online
West Gear,2021-09-18,South,Louisiana,Men'S Street Footwear,43,145,6235,Online
Sports Direct,2021-04-04,Northeast,Connecticut,Men'S Street Footwear,36,150,5400,Online
Foot Locker,2021-03-22,West,Arizona,Men'S Street Footwear,37,145,5365,Online
Foot Locker,2021-12-03,Northeast,Connecticut,Men'S Street Footwear,59,150,8850,Online
Walmart,2021-08-20,South,Arkansas,Women'S Apparel,50,143,7150,Online
Foot Locker,2021-10-23,West,Arizona,Men'S Athletic Footwear,47,145,6815,Online
Sports Direct,2021-07-13,Northeast,Massachusetts,Men'S Street Footwear,52,150,7800,Online
West Gear,2021-11-20,South,Arkansas,Men'S Street Footwear,24,143,3432,Online
Kohl'S,2021-05-12,Midwest,Kansas,Men'S Street Footwear,36,143,5148,Online
Amazon,2021-12-13,Northeast,Massachusetts,Men'S Street Footwear,64,150,9600,Online
Kohl'S,2021-07-25,West,New Mexico,Men'S Apparel,57,145,8265,Online
Sports Direct,2021-09-14,South,Texas,Men'S Apparel,40,150,6000,Outlet
Sports Direct,2021-12-25,West,New Mexico,Women'S Athletic Footwear,55,145,7975,Online
Foot Locker,2021-11-15,Northeast,Pennsylvania,Men'S Street Footwear,44,150,6600,Outlet
Sports Direct,2021-02-13,West,New Mexico,Men'S Street Footwear,29,145,4205,Online
Walmart,2021-10-18,South,Mississippi,Men'S Athletic Footwear,25,145,3625,Online
West Gear,2020-02-11,West,Nevada,Men'S Apparel,47,150,7050,Outlet
Sports Direct,2021-02-17,Midwest,Michigan,Women'S Apparel,33,138,4554,Online
Kohl'S,2021-10-14,Midwest,Kansas,Men'S Street Footwear,29,145,4205,Online
Sports Direct,2021-04-13,South,Tennessee,Men'S Apparel,30,150,4500,Outlet
Walmart,2021-09-18,Southeast,Florida,Men'S Athletic Footwear,45,150,6750,Outlet
Foot Locker,2021-02-06,Midwest,North Dakota,Men'S Street Footwear,28,145,4060,Online
Foot Locker,2021-11-23,West,Arizona,Men'S Street Footwear,31,150,4650,Outlet
Sports Direct,2021-06-17,Midwest,Michigan,Women'S Street Footwear,41,138,5658,Online
Sports Direct,2021-12-25,West,New Mexico,Women'S Street Footwear,44,150,6600,Outlet
Foot Locker,2021-07-13,Northeast,Delaware,Women'S Apparel,55,145,7975,Online
Sports Direct,2021-11-16,Midwest,Michigan,Women'S Athletic Footwear,41,138,5658,Online
Foot Locker,2021-12-15,Midwest,Michigan,Women'S Athletic Footwear,48,138,6624,Online
Foot Locker,2021-01-24,Northeast,New Hampshire,Men'S Street Footwear,52,145,7540,Online
Sports Direct,2021-02-13,West,New Mexico,Men'S Street Footwear,23,150,3450,Outlet
Sports Direct,2021-10-07,South,Texas,Women'S Athletic Footwear,30,145,4350,Outlet
West Gear,2021-01-11,Midwest,Missouri,Women'S Apparel,24,138,3312,Online
Sports Direct,2021-08-13,Southeast,Georgia,Women'S Street Footwear,42,150,6300,Outlet
West Gear,2021-07-10,West,Utah,Women'S Street Footwear,24,138,3312,Online
West Gear,2021-09-04,Midwest,Wisconsin,Men'S Street Footwear,33,143,4719,Online
Foot Locker,2021-05-16,South,Mississippi,Women'S Apparel,35,150,5250,Outlet
Foot Locker,2021-06-18,South,Mississippi,Men'S Athletic Footwear,29,150,4350,Outlet
West Gear,2021-08-17,South,Louisiana,Men'S Apparel,64,138,8832,Online
West Gear,2021-04-17,Northeast,West Virginia,Men'S Street Footwear,27,143,3861,Online
Walmart,2021-07-16,South,Mississippi,Men'S Apparel,46,150,6900,Outlet
Sports Direct,2021-07-03,Northeast,Connecticut,Women'S Apparel,56,143,8008,Online
West Gear,2021-04-05,West,Idaho,Women'S Street Footwear,24,138,3312,Online
Foot Locker,2021-05-06,Northeast,Rhode Island,Men'S Street Footwear,39,150,5850,Outlet
Foot Locker,2021-08-07,Northeast,Rhode Island,Men'S Street Footwear,46,143,6578,Online
West Gear,2021-04-05,West,Idaho,Women'S Apparel,28,138,3864,Online
Sports Direct,2021-08-19,South,Texas,Women'S Street Footwear,27,143,3861,Outlet
Foot Locker,2021-06-23,West,Arizona,Men'S Athletic Footwear,51,138,7038,Online
Foot Locker,2021-12-27,Northeast,Pennsylvania,Men'S Street Footwear,53,143,7579,Outlet
Foot Locker,2021-06-23,West,Arizona,Women'S Street Footwear,51,138,7038,Online
Kohl'S,2021-01-26,West,Arizona,Men'S Athletic Footwear,42,138,5796,Online
West Gear,2020-01-09,West,Nevada,Men'S Athletic Footwear,35,145,5075,Outlet
Sports Direct,2021-03-21,South,Tennessee,Women'S Apparel,28,143,4004,Outlet
West Gear,2020-02-04,West,Nevada,Women'S Athletic Footwear,47,145,6815,Outlet
Sports Direct,2021-08-09,South,Alabama,Women'S Street Footwear,26,136,3536,Outlet
Kohl'S,2021-01-26,West,Arizona,Women'S Street Footwear,42,138,5796,Online
Foot Locker,2021-08-24,Southeast,Virginia,Women'S Athletic Footwear,52,136,7072,Outlet
Sports Direct,2021-07-12,Southeast,Georgia,Men'S Apparel,54,138,7452,Online
Sports Direct,2021-04-25,South,Tennessee,Men'S Apparel,35,143,5005,Outlet
Foot Locker,2021-11-24,Southeast,Virginia,Men'S Apparel,56,136,7616,Outlet
West Gear,2020-03-16,West,Nevada,Men'S Athletic Footwear,31,145,4495,Outlet
Foot Locker,2021-11-24,Southeast,Virginia,Women'S Street Footwear,33,143,4719,Outlet
Sports Direct,2021-01-19,Southeast,Virginia,Women'S Athletic Footwear,21,136,2856,Outlet
West Gear,2021-03-23,West,Oregon,Men'S Street Footwear,28,143,4004,Outlet
Foot Locker,2021-12-12,Southeast,Georgia,Women'S Street Footwear,53,138,7314,Online
Sports Direct,2021-03-27,South,Tennessee,Women'S Apparel,25,145,3625,Outlet
West Gear,2021-08-17,South,Louisiana,Women'S Athletic Footwear,55,143,7865,Outlet
Amazon,2021-06-11,Midwest,Ohio,Men'S Athletic Footwear,41,138,5658,Online
West Gear,2021-04-11,West,Utah,Women'S Apparel,20,136,2720,Outlet
West Gear,2021-11-24,West,Oregon,Men'S Apparel,50,145,7250,Outlet
Foot Locker,2021-06-23,West,Arizona,Men'S Athletic Footwear,36,143,5148,Outlet
Amazon,2021-09-09,Midwest,Ohio,Women'S Street Footwear,23,138,3174,Online
West Gear,2021-11-11,West,Utah,Men'S Athletic Footwear,14,136,1904,Outlet
Foot Locker,2021-01-23,West,Idaho,Women'S Street Footwear,31,145,4495,Outlet
West Gear,2021-12-10,West,Utah,Women'S Athletic Footwear,22,136,2992,Outlet
West Gear,2021-08-24,West,Oregon,Men'S Apparel,53,136,7208,Outlet
Amazon,2021-09-09,Midwest,Ohio,Women'S Apparel,37,138,5106,Online
West Gear,2021-05-18,South,Louisiana,Women'S Street Footwear,37,136,5032,Outlet
Amazon,2021-10-11,Midwest,Ohio,Men'S Athletic Footwear,29,138,4002,Online
Foot Locker,2021-12-12,Southeast,Georgia,Women'S Athletic Footwear,40,143,5720,Outlet
Sports Direct,2021-09-05,West,Idaho,Women'S Athletic Footwear,40,136,5440,Outlet
Amazon,2021-11-10,Midwest,Ohio,Men'S Apparel,76,138,10488,Online
Foot Locker,2021-01-23,West,Idaho,Men'S Street Footwear,23,136,3128,Outlet
West Gear,2021-02-17,West,Oregon,Women'S Street Footwear,34,132,4488,Outlet
Walmart,2021-07-16,South,Mississippi,Women'S Athletic Footwear,33,143,4719,Outlet
Foot Locker,2021-08-23,West,Arizona,Men'S Apparel,45,136,6120,Outlet
Amazon,2021-02-22,Midwest,Ohio,Men'S Street Footwear,38,138,5244,Online
Sports Direct,2021-12-16,South,Mississippi,Women'S Athletic Footwear,41,143,5863,Outlet
Foot Locker,2021-05-24,West,Arizona,Women'S Street Footwear,41,132,5412,Outlet
Kohl'S,2021-12-22,West,Arizona,Women'S Street Footwear,35,136,4760,Outlet
Foot Locker,2021-01-12,Midwest,Kansas,Men'S Street Footwear,38,138,5244,Online
West Gear,2021-06-21,South,Oklahoma,Women'S Apparel,40,143,5720,Outlet
Foot Locker,2021-09-24,West,Arizona,Women'S Apparel,43,132,5676,Outlet
Kohl'S,2021-02-26,West,Arizona,Men'S Athletic Footwear,36,136,4896,Outlet
Foot Locker,2021-09-13,Midwest,South Dakota,Men'S Street Footwear,42,138,5796,Online
Sports Direct,2021-09-26,South,Texas,Men'S Apparel,53,142,7526,Online
Kohl'S,2021-02-26,West,Arizona,Women'S Street Footwear,35,132,4620,Outlet
Kohl'S,2021-03-25,West,New Mexico,Men'S Athletic Footwear,36,136,4896,Outlet
Kohl'S,2021-05-27,West,New Mexico,Men'S Athletic Footwear,46,136,6256,Outlet
Kohl'S,2021-05-27,West,New Mexico,Women'S Apparel,56,132,7392,Outlet
Kohl'S,2021-11-26,West,New Mexico,Women'S Athletic Footwear,40,136,5440,Outlet
Sports Direct,2021-06-13,Southeast,Georgia,Women'S Athletic Footwear,33,132,4356,Outlet
Sports Direct,2021-04-06,South,Tennessee,Women'S Athletic Footwear,27,142,3834,Online
Sports Direct,2021-05-14,Southeast,Georgia,Men'S Athletic Footwear,36,136,4896,Outlet
Sports Direct,2021-09-14,Southeast,Georgia,Men'S Apparel,36,132,4752,Outlet
Foot Locker,2021-08-10,West,Hawaii,Women'S Athletic Footwear,67,142,9514,Online
Foot Locker,2021-02-18,South,Mississippi,Men'S Apparel,26,136,3536,Outlet
Foot Locker,2021-05-16,South,Mississippi,Men'S Apparel,34,132,4488,Outlet
Foot Locker,2021-03-16,South,Mississippi,Women'S Street Footwear,11,136,1496,Outlet
Walmart,2021-09-16,South,Mississippi,Men'S Apparel,22,132,2904,Outlet
Sports Direct,2021-12-09,West,Hawaii,Women'S Apparel,89,142,12638,Online
Foot Locker,2021-03-16,South,Mississippi,Women'S Apparel,17,136,2312,Outlet
Sports Direct,2021-11-17,South,Mississippi,Men'S Apparel,59,132,7788,Outlet
Foot Locker,2021-06-24,Southeast,Virginia,Women'S Athletic Footwear,72,142,10224,Online
Foot Locker,2021-05-16,South,Mississippi,Women'S Street Footwear,26,136,3536,Outlet
Walmart,2021-08-20,South,Arkansas,Women'S Athletic Footwear,29,132,3828,Outlet
Foot Locker,2021-10-24,Southeast,Virginia,Men'S Athletic Footwear,51,142,7242,Online
Sports Direct,2021-02-21,South,Mississippi,Women'S Street Footwear,11,136,1496,Outlet
Walmart,2021-10-21,South,Arkansas,Men'S Athletic Footwear,14,132,1848,Outlet
Foot Locker,2021-07-06,Northeast,Rhode Island,Women'S Apparel,38,136,5168,Outlet
West Gear,2021-10-21,South,Arkansas,Women'S Apparel,20,132,2640,Outlet
Amazon,2021-08-11,Northeast,Vermont,Women'S Apparel,44,136,5984,Outlet
West Gear,2021-12-19,South,Arkansas,Men'S Apparel,50,132,6600,Outlet
Foot Locker,2021-06-30,Midwest,Illinois,Men'S Street Footwear,46,135,6210,Online
Sports Direct,2021-08-16,Midwest,Michigan,Women'S Athletic Footwear,34,142,4828,Online
Foot Locker,2021-04-07,Northeast,Rhode Island,Men'S Street Footwear,28,132,3696,Outlet
Foot Locker,2021-07-18,Midwest,Illinois,Men'S Street Footwear,47,135,6345,Online
Sports Direct,2021-07-13,Northeast,Massachusetts,Women'S Apparel,41,132,5412,Outlet
Sports Direct,2021-08-28,South,Texas,Women'S Apparel,32,135,4320,Online
Sports Direct,2021-10-15,Northeast,Massachusetts,Men'S Street Footwear,40,132,5280,Outlet
Foot Locker,2021-06-18,Midwest,Missouri,Women'S Apparel,42,142,5964,Online
Sports Direct,2021-10-02,South,Texas,Men'S Apparel,53,135,7155,Online
Amazon,2021-12-10,Northeast,Vermont,Men'S Athletic Footwear,41,132,5412,Outlet
West Gear,2021-10-24,West,Oregon,Men'S Athletic Footwear,50,142,7100,Online
Kohl'S,2021-04-17,West,California,Men'S Apparel,45,131,5895,Online
Sports Direct,2021-09-08,South,Texas,Men'S Apparel,49,131,6419,Online
West Gear,2020-01-31,West,Nevada,Women'S Apparel,78,131,10218,Online
West Gear,2020-03-21,West,Colorado,Men'S Street Footwear,27,131,3537,Online
Foot Locker,2021-07-05,Midwest,Iowa,Men'S Street Footwear,49,138,6762,Online
West Gear,2020-04-02,West,Colorado,Men'S Street Footwear,55,131,7205,Online
West Gear,2021-12-02,Midwest,Wisconsin,Men'S Street Footwear,58,138,8004,Online
West Gear,2020-04-08,West,Colorado,Men'S Street Footwear,55,131,7205,Online
Foot Locker,2021-02-22,Northeast,West Virginia,Men'S Street Footwear,32,138,4416,Online
West Gear,2020-04-24,West,Colorado,Men'S Apparel,67,131,8777,Online
West Gear,2020-05-27,West,Colorado,Men'S Athletic Footwear,48,131,6288,Online
West Gear,2020-06-02,West,Washington,Men'S Athletic Footwear,47,131,6157,Online
Kohl'S,2021-01-10,Northeast,Delaware,Men'S Street Footwear,32,138,4416,Online
Foot Locker,2020-10-17,Southeast,Florida,Men'S Street Footwear,33,131,4323,Online
Foot Locker,2021-06-08,Northeast,Rhode Island,Men'S Street Footwear,47,138,6486,Online
Sports Direct,2021-05-08,South,Tennessee,Women'S Apparel,43,131,5633,Online
Sports Direct,2021-09-10,South,Alabama,Men'S Apparel,45,131,5895,Online
Foot Locker,2021-11-21,Northeast,Pennsylvania,Men'S Street Footwear,64,135,8640,Online
Sports Direct,2021-09-24,South,Alabama,Men'S Street Footwear,29,131,3799,Online
Amazon,2021-06-19,Northeast,New Hampshire,Women'S Apparel,66,138,9108,Online
West Gear,2020-04-17,West,Colorado,Women'S Athletic Footwear,62,135,8370,Online
Sports Direct,2021-10-03,South,Alabama,Women'S Athletic Footwear,44,131,5764,Online
West Gear,2020-04-25,West,Colorado,Women'S Apparel,78,137,10686,Online
West Gear,2020-04-29,West,Colorado,Women'S Athletic Footwear,63,135,8505,Online
Amazon,2021-04-21,West,Alaska,Men'S Street Footwear,54,131,7074,Online
West Gear,2020-05-08,West,Colorado,Men'S Street Footwear,51,137,6987,Online
Amazon,2021-09-20,West,Alaska,Men'S Street Footwear,64,131,8384,Online
West Gear,2020-05-28,West,Colorado,Women'S Street Footwear,46,135,6210,Online
West Gear,2020-05-25,West,Colorado,Women'S Apparel,75,137,10275,Online
West Gear,2021-09-08,Northeast,New York,Men'S Apparel,51,131,6681,Online
West Gear,2020-07-15,West,Washington,Women'S Street Footwear,63,135,8505,Online
Kohl'S,2021-01-14,Northeast,New York,Women'S Athletic Footwear,34,131,4454,Online
Foot Locker,2020-10-23,Midwest,Minnesota,Men'S Street Footwear,32,135,4320,Online
West Gear,2020-07-04,West,Washington,Women'S Athletic Footwear,78,137,10686,Online
Kohl'S,2021-03-10,West,Wyoming,Men'S Athletic Footwear,37,131,4847,Online
Sports Direct,2021-03-13,Midwest,Montana,Women'S Athletic Footwear,32,135,4320,Online
Foot Locker,2020-11-28,Midwest,Minnesota,Men'S Street Footwear,47,137,6439,Online
Kohl'S,2021-05-10,West,Wyoming,Women'S Athletic Footwear,39,131,5109,Online
Sports Direct,2021-03-30,South,Tennessee,Women'S Street Footwear,19,135,2565,Online
West Gear,2021-04-17,South,Louisiana,Men'S Street Footwear,48,142,6816,Online
Kohl'S,2021-06-12,West,Wyoming,Women'S Street Footwear,38,131,4978,Online
Sports Direct,2021-08-28,South,Alabama,Women'S Athletic Footwear,34,135,4590,Online
Sports Direct,2021-10-04,West,Idaho,Women'S Apparel,42,142,5964,Online
Foot Locker,2021-10-18,Midwest,Missouri,Men'S Street Footwear,34,131,4454,Online
Foot Locker,2021-03-09,West,Hawaii,Men'S Street Footwear,44,135,5940,Online
Foot Locker,2021-12-04,West,Idaho,Women'S Athletic Footwear,59,142,8378,Online
West Gear,2021-02-11,West,Utah,Women'S Apparel,24,131,3144,Online
Sports Direct,2021-12-09,West,Hawaii,Women'S Street Footwear,74,135,9990,Online
West Gear,2021-08-11,West,Utah,Men'S Athletic Footwear,34,131,4454,Online
Walmart,2021-09-18,Southeast,Florida,Men'S Athletic Footwear,60,135,8100,Online
Foot Locker,2021-07-22,West,Arizona,Men'S Athletic Footwear,50,142,7100,Online
West Gear,2021-11-24,West,Oregon,Women'S Athletic Footwear,51,131,6681,Online
West Gear,2021-04-09,Northeast,New York,Women'S Athletic Footwear,37,135,4995,Online
Kohl'S,2021-08-26,West,New Mexico,Women'S Street Footwear,58,142,8236,Online
West Gear,2021-10-10,Northeast,New York,Women'S Athletic Footwear,45,135,6075,Online
Foot Locker,2021-12-16,South,Louisiana,Men'S Apparel,82,131,10742,Online
Sports Direct,2021-04-13,Southeast,Georgia,Men'S Street Footwear,45,142,6390,Online
Kohl'S,2021-06-12,West,Wyoming,Men'S Apparel,49,135,6615,Online
Foot Locker,2021-02-04,West,Idaho,Women'S Apparel,34,131,4454,Online
Kohl'S,2021-09-10,West,Wyoming,Women'S Athletic Footwear,38,135,5130,Online
West Gear,2021-07-06,West,Idaho,Men'S Apparel,53,131,6943,Online
Kohl'S,2021-11-11,West,Wyoming,Women'S Athletic Footwear,42,135,5670,Online
Sports Direct,2021-06-13,Southeast,Georgia,Women'S Street Footwear,52,142,7384,Online
Foot Locker,2021-12-10,West,Wyoming,Women'S Athletic Footwear,44,135,5940,Online
Sports Direct,2021-10-13,Southeast,Georgia,Men'S Athletic Footwear,47,142,6674,Online
Sports Direct,2021-04-16,Midwest,Michigan,Women'S Street Footwear,27,135,3645,Online
Sports Direct,2021-02-17,West,Hawaii,Men'S Street Footwear,36,137,4932,Online
Sports Direct,2021-02-04,Southeast,North Carolina,Women'S Athletic Footwear,29,142,4118,Online
Sports Direct,2021-08-16,Midwest,Michigan,Men'S Apparel,42,135,5670,Online
West Gear,2021-05-08,Northeast,New York,Men'S Apparel,56,137,7672,Online
Foot Locker,2021-10-23,West,Arizona,Men'S Street Footwear,41,135,5535,Online
West Gear,2021-09-08,Northeast,New York,Women'S Athletic Footwear,44,137,6028,Online
Foot Locker,2021-11-23,West,Arizona,Men'S Street Footwear,42,135,5670,Online
West Gear,2021-10-10,Northeast,New York,Women'S Street Footwear,46,137,6302,Online
Amazon,2021-06-11,Midwest,Ohio,Women'S Street Footwear,49,142,6958,Online
Kohl'S,2021-12-22,West,Arizona,Women'S Apparel,58,135,7830,Online
West Gear,2021-12-09,Midwest,Ohio,Men'S Apparel,68,142,9656,Online
Kohl'S,2021-07-25,West,New Mexico,Women'S Athletic Footwear,54,135,7290,Online
Amazon,2021-06-22,Southeast,Kentucky,Men'S Street Footwear,36,142,5112,Online
Kohl'S,2021-07-10,West,Wyoming,Men'S Apparel,48,137,6576,Online
Sports Direct,2021-01-13,West,New Mexico,Men'S Athletic Footwear,39,135,5265,Online
Sports Direct,2021-09-14,Southeast,Georgia,Women'S Street Footwear,42,135,5670,Online
Foot Locker,2021-12-12,Southeast,Georgia,Women'S Apparel,64,135,8640,Online
Kohl'S,2021-09-10,West,Wyoming,Women'S Street Footwear,38,137,5206,Online
Foot Locker,2021-01-20,Southeast,Kentucky,Men'S Athletic Footwear,29,142,4118,Online
Amazon,2021-05-09,Midwest,Ohio,Men'S Athletic Footwear,44,135,5940,Online
Sports Direct,2021-10-17,Midwest,Michigan,Women'S Apparel,52,137,7124,Online
Walmart,2021-07-16,South,Mississippi,Women'S Street Footwear,48,142,6816,Online
Amazon,2021-08-10,Midwest,Ohio,Men'S Apparel,50,135,6750,Online
West Gear,2021-11-17,South,Louisiana,Women'S Street Footwear,38,137,5206,Online
Amazon,2021-11-10,Midwest,Ohio,Women'S Athletic Footwear,59,135,7965,Online
West Gear,2021-07-06,West,Idaho,Women'S Athletic Footwear,47,137,6439,Online
West Gear,2021-07-19,South,Oklahoma,Women'S Apparel,61,142,8662,Online
Sports Direct,2021-03-12,Southeast,Georgia,Men'S Street Footwear,37,137,5069,Online
Sports Direct,2021-10-04,West,Idaho,Women'S Street Footwear,41,131,5371,Online
Foot Locker,2021-09-13,Northeast,Delaware,Men'S Street Footwear,50,142,7100,Online
Amazon,2021-01-22,Midwest,Ohio,Men'S Street Footwear,37,135,4995,Online
Foot Locker,2021-06-23,West,Arizona,Women'S Apparel,69,131,9039,Online
Sports Direct,2021-05-03,Northeast,Connecticut,Men'S Street Footwear,54,142,7668,Online
Foot Locker,2021-06-18,South,Mississippi,Men'S Apparel,57,135,7695,Online
Sports Direct,2021-12-25,West,New Mexico,Women'S Apparel,72,131,9432,Online
Amazon,2021-03-10,Northeast,Vermont,Men'S Street Footwear,44,142,6248,Online
Foot Locker,2021-06-12,Midwest,South Dakota,Men'S Street Footwear,41,135,5535,Online
Sports Direct,2021-07-12,Southeast,Georgia,Women'S Street Footwear,50,137,6850,Online
Sports Direct,2021-01-13,West,New Mexico,Men'S Street Footwear,29,131,3799,Online
Foot Locker,2021-12-16,Northeast,West Virginia,Men'S Athletic Footwear,52,135,7020,Online
Sports Direct,2021-09-14,Southeast,Georgia,Women'S Apparel,59,131,7729,Online
Sports Direct,2021-08-21,Northeast,Maryland,Men'S Street Footwear,48,135,6480,Online
West Gear,2021-03-02,Midwest,Wisconsin,Men'S Street Footwear,19,141,2679,Online
Sports Direct,2021-11-13,Southeast,Georgia,Men'S Street Footwear,51,137,6987,Online
Sports Direct,2021-10-13,Southeast,Georgia,Men'S Street Footwear,42,131,5502,Online
Foot Locker,2021-06-15,Northeast,Delaware,Women'S Apparel,56,135,7560,Online
West Gear,2020-11-11,West,California,Men'S Apparel,50,140,7000,Online
Amazon,2021-04-10,Midwest,Ohio,Women'S Apparel,34,137,4658,Online
Sports Direct,2021-04-03,Southeast,North Carolina,Men'S Apparel,42,131,5502,Online
Kohl'S,2021-11-14,Northeast,Delaware,Men'S Street Footwear,60,135,8100,Online
Amazon,2021-09-23,Southeast,Kentucky,Men'S Street Footwear,48,137,6576,Online
Foot Locker,2021-05-16,South,Mississippi,Men'S Athletic Footwear,37,131,4847,Online
Sports Direct,2021-12-06,Northeast,Rhode Island,Men'S Street Footwear,54,135,7290,Online
Sports Direct,2021-12-16,South,Mississippi,Women'S Street Footwear,59,137,8083,Online
Sports Direct,2021-01-23,South,Mississippi,Men'S Athletic Footwear,25,131,3275,Online
Sports Direct,2021-09-13,Northeast,Massachusetts,Men'S Street Footwear,53,135,7155,Online
West Gear,2021-10-21,South,Oklahoma,Men'S Street Footwear,29,137,3973,Online
Foot Locker,2021-08-12,Midwest,South Dakota,Men'S Street Footwear,49,131,6419,Online
Amazon,2021-08-18,Northeast,New Hampshire,Men'S Athletic Footwear,58,135,7830,Online
Foot Locker,2021-08-06,Midwest,Iowa,Men'S Street Footwear,49,131,6419,Online
Sports Direct,2021-10-01,South,Texas,Women'S Athletic Footwear,41,135,5535,Outlet
West Gear,2021-08-17,Northeast,West Virginia,Men'S Street Footwear,46,131,6026,Online
West Gear,2020-01-03,Northeast,Pennsylvania,Men'S Athletic Footwear,35,135,4725,Outlet
Foot Locker,2021-07-20,Northeast,Maryland,Men'S Street Footwear,49,131,6419,Online
Sports Direct,2021-10-03,South,Alabama,Women'S Athletic Footwear,36,135,4860,Outlet
Foot Locker,2021-06-06,Midwest,Iowa,Men'S Street Footwear,32,137,4384,Online
Foot Locker,2021-04-14,Northeast,Delaware,Men'S Street Footwear,36,131,4716,Online
Foot Locker,2021-01-17,Northeast,Maryland,Men'S Street Footwear,36,137,4932,Online
Kohl'S,2021-07-06,Northeast,New Jersey,Women'S Apparel,54,131,7074,Online
Amazon,2021-04-11,Northeast,Vermont,Men'S Street Footwear,41,137,5617,Online
Foot Locker,2021-02-04,West,Idaho,Women'S Apparel,26,135,3510,Outlet
Amazon,2021-01-21,Northeast,Vermont,Men'S Street Footwear,49,131,6419,Online
Amazon,2021-09-10,Northeast,Vermont,Men'S Street Footwear,56,137,7672,Online
Foot Locker,2021-03-06,West,Idaho,Women'S Street Footwear,20,135,2700,Outlet
Amazon,2021-07-17,Northeast,New Hampshire,Men'S Athletic Footwear,55,131,7205,Online
Amazon,2021-07-17,Northeast,New Hampshire,Women'S Apparel,64,137,8768,Online
Kohl'S,2021-12-22,West,Arizona,Women'S Apparel,43,135,5805,Outlet
Sports Direct,2021-05-06,South,Tennessee,Women'S Athletic Footwear,30,131,3930,Outlet
Kohl'S,2021-05-27,West,New Mexico,Women'S Street Footwear,46,135,6210,Outlet
Foot Locker,2021-11-15,Northeast,Pennsylvania,Men'S Street Footwear,58,136,7888,Online
Sports Direct,2021-08-22,South,Texas,Women'S Apparel,32,140,4480,Online
Sports Direct,2021-03-16,Southeast,Florida,Women'S Apparel,48,131,6288,Outlet
Sports Direct,2021-09-14,Southeast,Georgia,Women'S Street Footwear,32,135,4320,Outlet
Sports Direct,2021-09-14,Southeast,Georgia,Women'S Apparel,46,135,6210,Outlet
West Gear,2021-02-17,South,Louisiana,Women'S Apparel,32,131,4192,Outlet
Foot Locker,2021-03-05,Midwest,Iowa,Men'S Street Footwear,19,136,2584,Online
Foot Locker,2021-08-23,West,Arizona,Women'S Apparel,48,131,6288,Outlet
Sports Direct,2021-08-20,South,Texas,Women'S Athletic Footwear,28,136,3808,Outlet
Kohl'S,2021-03-25,West,New Mexico,Women'S Apparel,44,131,5764,Outlet
West Gear,2020-03-13,West,Nevada,Men'S Apparel,49,136,6664,Outlet
Kohl'S,2021-10-26,West,New Mexico,Women'S Apparel,57,131,7467,Outlet
Sports Direct,2021-04-30,South,Tennessee,Women'S Athletic Footwear,40,136,5440,Outlet
Kohl'S,2021-11-26,West,New Mexico,Men'S Apparel,54,131,7074,Outlet
Foot Locker,2021-06-18,South,Mississippi,Men'S Apparel,47,135,6345,Outlet
Sports Direct,2021-01-23,South,Mississippi,Men'S Athletic Footwear,18,135,2430,Outlet
Walmart,2021-08-20,South,Arkansas,Women'S Street Footwear,40,135,5400,Outlet
Sports Direct,2021-02-13,Southeast,Georgia,Women'S Apparel,28,131,3668,Outlet
West Gear,2021-01-23,South,Arkansas,Women'S Street Footwear,10,131,1310,Outlet
West Gear,2021-07-19,South,Oklahoma,Women'S Street Footwear,33,131,4323,Outlet
Walmart,2021-09-19,South,Arkansas,Men'S Athletic Footwear,26,135,3510,Outlet
West Gear,2020-03-17,West,Nevada,Women'S Street Footwear,26,128,3328,Outlet
Kohl'S,2021-12-19,South,Oklahoma,Women'S Street Footwear,44,131,5764,Outlet
West Gear,2021-11-20,South,Arkansas,Women'S Apparel,53,135,7155,Outlet
Sports Direct,2021-03-19,South,Tennessee,Women'S Athletic Footwear,28,128,3584,Outlet
Foot Locker,2021-12-03,Northeast,Connecticut,Men'S Athletic Footwear,37,131,4847,Outlet
West Gear,2021-07-19,South,Oklahoma,Men'S Athletic Footwear,35,135,4725,Outlet
Amazon,2021-12-10,Northeast,Vermont,Women'S Street Footwear,44,131,5764,Outlet
Sports Direct,2021-03-31,South,Tennessee,Women'S Athletic Footwear,20,128,2560,Outlet
West Gear,2020-04-30,West,Colorado,Men'S Apparel,74,140,10360,Online
Walmart,2021-10-17,Southeast,Florida,Women'S Street Footwear,43,128,5504,Outlet
Amazon,2021-08-18,Northeast,New Hampshire,Men'S Athletic Footwear,39,135,5265,Outlet
West Gear,2020-02-11,West,Nevada,Men'S Apparel,60,130,7800,Online
Sports Direct,2021-05-19,South,Tennessee,Men'S Apparel,50,140,7000,Online
Foot Locker,2021-06-24,Southeast,Virginia,Men'S Apparel,68,128,8704,Outlet
Foot Locker,2021-06-24,Midwest,Illinois,Men'S Street Footwear,58,134,7772,Online
Amazon,2021-10-18,Northeast,Maine,Men'S Street Footwear,38,140,5320,Online
West Gear,2021-05-12,West,Utah,Men'S Athletic Footwear,22,128,2816,Outlet
Sports Direct,2021-03-08,Midwest,North Dakota,Men'S Street Footwear,29,134,3886,Online
West Gear,2020-05-19,West,Colorado,Women'S Apparel,73,130,9490,Online
West Gear,2021-05-12,West,Utah,Women'S Apparel,32,128,4096,Outlet
Kohl'S,2021-02-10,Midwest,Montana,Women'S Street Footwear,49,130,6370,Online
Walmart,2021-11-10,West,Hawaii,Women'S Apparel,82,140,11480,Online
West Gear,2021-06-11,West,Utah,Women'S Street Footwear,13,128,1664,Outlet
West Gear,2021-05-04,Midwest,Wisconsin,Men'S Street Footwear,58,134,7772,Online
West Gear,2021-07-10,West,Utah,Women'S Athletic Footwear,16,128,2048,Outlet
West Gear,2020-03-08,West,Nevada,Women'S Apparel,68,133,9044,Online
West Gear,2021-08-24,West,Oregon,Women'S Athletic Footwear,50,128,6400,Outlet
Walmart,2021-09-18,Southeast,Florida,Men'S Street Footwear,58,140,8120,Online
West Gear,2020-03-12,West,Nevada,Women'S Athletic Footwear,57,133,7581,Online
Kohl'S,2021-04-11,West,Wyoming,Men'S Athletic Footwear,39,140,5460,Online
West Gear,2020-04-13,West,Colorado,Women'S Apparel,74,133,9842,Online
Kohl'S,2021-06-12,West,Wyoming,Women'S Athletic Footwear,38,140,5320,Online
Kohl'S,2021-08-11,West,Wyoming,Men'S Apparel,47,140,6580,Online
Kohl'S,2021-03-09,Midwest,Montana,Women'S Apparel,55,130,7150,Online
West Gear,2021-01-17,West,Oregon,Women'S Street Footwear,33,128,4224,Outlet
West Gear,2020-08-04,West,Washington,Men'S Apparel,82,133,10906,Online
West Gear,2021-02-17,West,Oregon,Men'S Street Footwear,33,140,4620,Online
Sports Direct,2021-03-12,Midwest,Montana,Women'S Street Footwear,27,130,3510,Online
West Gear,2021-05-18,South,Louisiana,Men'S Athletic Footwear,40,128,5120,Outlet
West Gear,2021-10-17,South,Louisiana,Women'S Street Footwear,33,128,4224,Outlet
Kohl'S,2021-07-25,West,New Mexico,Women'S Apparel,69,140,9660,Online
Foot Locker,2021-02-04,South,Louisiana,Women'S Street Footwear,28,128,3584,Outlet
Amazon,2021-07-20,West,Alaska,Women'S Apparel,67,130,8710,Online
Foot Locker,2021-02-23,West,Idaho,Men'S Athletic Footwear,28,128,3584,Outlet
Foot Locker,2021-04-10,West,Hawaii,Men'S Street Footwear,59,130,7670,Online
Foot Locker,2021-09-24,West,Arizona,Men'S Apparel,41,128,5248,Outlet
Kohl'S,2021-11-26,West,New Mexico,Women'S Apparel,72,140,10080,Online
Kohl'S,2021-12-22,West,Arizona,Women'S Athletic Footwear,32,128,4096,Outlet
Sports Direct,2021-04-03,Southeast,North Carolina,Women'S Athletic Footwear,24,140,3360,Online
Foot Locker,2021-07-09,West,Hawaii,Women'S Athletic Footwear,73,130,9490,Online
Kohl'S,2021-06-26,West,New Mexico,Women'S Athletic Footwear,37,128,4736,Outlet
Amazon,2021-06-11,Midwest,Ohio,Women'S Athletic Footwear,49,140,6860,Online
West Gear,2021-05-08,Northeast,New York,Women'S Athletic Footwear,47,130,6110,Online
Foot Locker,2021-07-17,Midwest,Missouri,Men'S Athletic Footwear,33,130,4290,Online
West Gear,2021-05-05,West,Idaho,Women'S Athletic Footwear,33,130,4290,Online
Foot Locker,2021-04-23,West,Arizona,Men'S Street Footwear,48,130,6240,Online
Sports Direct,2021-12-25,West,New Mexico,Men'S Apparel,55,128,7040,Outlet
Kohl'S,2021-01-10,Northeast,Delaware,Women'S Athletic Footwear,30,125,3750,In-Store
Sports Direct,2021-12-25,West,New Mexico,Women'S Street Footwear,59,130,7670,Online
Sports Direct,2021-07-12,Southeast,Georgia,Women'S Athletic Footwear,39,128,4992,Outlet
Kohl'S,2021-03-06,Northeast,New Jersey,Men'S Apparel,45,125,5625,In-Store
Sports Direct,2021-08-13,Southeast,Georgia,Women'S Apparel,50,128,6400,Outlet
Kohl'S,2021-10-08,Northeast,New Jersey,Women'S Athletic Footwear,50,125,6250,In-Store
Foot Locker,2021-03-16,South,Mississippi,Men'S Athletic Footwear,20,128,2560,Outlet
Kohl'S,2021-10-08,Northeast,New Jersey,Men'S Apparel,60,125,7500,In-Store
West Gear,2021-11-20,South,Arkansas,Women'S Athletic Footwear,41,128,5248,Outlet
Sports Direct,2021-02-05,Northeast,Connecticut,Women'S Athletic Footwear,35,125,4375,In-Store
West Gear,2021-09-19,South,Oklahoma,Men'S Athletic Footwear,28,128,3584,Outlet
Sports Direct,2021-04-04,Northeast,Connecticut,Women'S Athletic Footwear,35,125,4375,In-Store
Kohl'S,2021-11-20,South,Oklahoma,Women'S Apparel,60,128,7680,Outlet
Sports Direct,2021-04-04,Northeast,Connecticut,Men'S Apparel,50,125,6250,In-Store
Kohl'S,2021-12-19,South,Oklahoma,Women'S Apparel,51,128,6528,Outlet
Foot Locker,2021-01-10,Northeast,Connecticut,Men'S Apparel,45,125,5625,In-Store
Sports Direct,2021-05-03,Northeast,Connecticut,Women'S Apparel,41,128,5248,Outlet
Foot Locker,2021-02-08,Northeast,Connecticut,Men'S Athletic Footwear,35,125,4375,In-Store
Sports Direct,2021-06-05,Northeast,Connecticut,Women'S Apparel,39,128,4992,Outlet
Kohl'S,2021-03-03,Midwest,Montana,Women'S Apparel,56,133,7448,Online
Foot Locker,2021-02-08,Northeast,Rhode Island,Men'S Apparel,45,125,5625,In-Store
Sports Direct,2021-08-04,Northeast,Connecticut,Men'S Athletic Footwear,34,128,4352,Outlet
Kohl'S,2021-03-06,Midwest,Montana,Women'S Street Footwear,42,133,5586,Online
Foot Locker,2021-04-07,Northeast,Rhode Island,Men'S Athletic Footwear,35,125,4375,In-Store
Sports Direct,2021-03-21,South,Tennessee,Women'S Apparel,32,133,4256,Online
Foot Locker,2021-04-07,Northeast,Rhode Island,Women'S Street Footwear,25,125,3125,In-Store
Sports Direct,2021-04-24,South,Tennessee,Women'S Athletic Footwear,42,133,5586,Online
Foot Locker,2021-08-07,Northeast,Rhode Island,Men'S Apparel,50,125,6250,In-Store
Sports Direct,2021-04-25,South,Tennessee,Men'S Apparel,49,133,6517,Online
Foot Locker,2021-09-06,Northeast,Rhode Island,Women'S Street Footwear,40,125,5000,In-Store
Sports Direct,2021-04-14,Northeast,Massachusetts,Women'S Athletic Footwear,35,125,4375,In-Store
Sports Direct,2021-04-14,Northeast,Massachusetts,Men'S Apparel,50,125,6250,In-Store
Sports Direct,2021-09-13,Northeast,Massachusetts,Women'S Athletic Footwear,45,125,5625,In-Store
Sports Direct,2021-09-13,Northeast,Massachusetts,Men'S Apparel,55,125,6875,In-Store
Sports Direct,2021-10-15,Northeast,Massachusetts,Women'S Street Footwear,55,125,6875,In-Store
Amazon,2021-03-10,Northeast,Vermont,Women'S Athletic Footwear,40,125,5000,In-Store
Sports Direct,2020-07-29,South,Texas,Men'S Apparel,38,125,4750,Online
Sports Direct,2020-08-04,South,Texas,Men'S Apparel,41,125,5125,Online
Kohl'S,2021-04-23,West,California,Men'S Apparel,45,125,5625,Online
West Gear,2020-05-22,West,Colorado,Women'S Street Footwear,60,125,7500,Online
Foot Locker,2021-09-06,Northeast,Rhode Island,Men'S Street Footwear,39,128,4992,Outlet
West Gear,2020-05-23,West,Colorado,Women'S Athletic Footwear,63,125,7875,Online
Walmart,2021-09-16,South,Mississippi,Women'S Apparel,32,130,4160,Online
Amazon,2021-12-13,Northeast,Massachusetts,Women'S Apparel,51,128,6528,Outlet
West Gear,2020-05-31,West,Washington,Women'S Apparel,46,125,5750,Online
Amazon,2021-11-11,Northeast,Vermont,Women'S Apparel,57,128,7296,Outlet
Kohl'S,2021-05-06,Northeast,New Jersey,Men'S Street Footwear,48,130,6240,Online
West Gear,2020-06-24,West,Washington,Women'S Apparel,75,125,9375,Online
Sports Direct,2021-03-03,Northeast,Connecticut,Men'S Street Footwear,39,130,5070,Online
Amazon,2021-07-17,Northeast,New Hampshire,Women'S Street Footwear,37,128,4736,Outlet
West Gear,2020-06-28,West,Washington,Women'S Athletic Footwear,75,125,9375,Online
Foot Locker,2021-12-17,Northeast,New Hampshire,Men'S Athletic Footwear,49,128,6272,Outlet
Sports Direct,2021-03-15,South,Tennessee,Women'S Apparel,33,125,4125,Online
Foot Locker,2021-12-17,Northeast,New Hampshire,Women'S Street Footwear,47,128,6016,Outlet
Sports Direct,2021-05-10,Midwest,North Dakota,Men'S Street Footwear,55,129,7095,Online
Amazon,2021-10-24,Northeast,Maine,Men'S Street Footwear,39,127,4953,Online
Sports Direct,2021-05-13,Northeast,Massachusetts,Men'S Street Footwear,53,129,6837,Online
Sports Direct,2021-03-13,Northeast,Massachusetts,Men'S Street Footwear,38,127,4826,Online
Sports Direct,2021-08-20,South,Texas,Women'S Athletic Footwear,32,128,4096,Online
Sports Direct,2021-10-01,South,Texas,Women'S Athletic Footwear,56,126,7056,Online
Sports Direct,2021-09-01,South,Texas,Women'S Athletic Footwear,29,128,3712,Online
Sports Direct,2021-08-12,South,Alabama,Women'S Apparel,33,126,4158,Online
Amazon,2021-06-22,West,Alaska,Women'S Apparel,67,126,8442,Online
Sports Direct,2021-05-12,South,Tennessee,Women'S Athletic Footwear,52,133,6916,Online
West Gear,2020-01-07,West,Nevada,Women'S Apparel,41,128,5248,Online
Walmart,2021-06-17,Southeast,Florida,Men'S Apparel,89,126,11214,Online
West Gear,2020-01-09,West,Nevada,Men'S Athletic Footwear,43,128,5504,Online
Kohl'S,2021-03-10,West,Wyoming,Men'S Apparel,47,126,5922,Online
Sports Direct,2021-02-17,Midwest,Michigan,Men'S Apparel,41,126,5166,Online
Foot Locker,2021-06-10,West,Hawaii,Women'S Athletic Footwear,74,133,9842,Online
Sports Direct,2021-03-15,Midwest,Michigan,Men'S Athletic Footwear,32,126,4032,Online
West Gear,2020-03-20,West,Colorado,Women'S Apparel,37,128,4736,Online
West Gear,2021-02-10,Northeast,New York,Women'S Athletic Footwear,37,133,4921,Online
Sports Direct,2021-05-15,Midwest,Michigan,Women'S Athletic Footwear,42,126,5292,Online
West Gear,2020-05-16,West,Colorado,Women'S Street Footwear,51,128,6528,Online
West Gear,2021-03-08,Northeast,New York,Men'S Apparel,51,133,6783,Online
Sports Direct,2021-11-16,Midwest,Michigan,Men'S Apparel,59,126,7434,Online
Kohl'S,2020-12-29,Midwest,Minnesota,Men'S Athletic Footwear,43,128,5504,Online
West Gear,2021-12-17,Midwest,Missouri,Women'S Apparel,47,126,5922,Online
Kohl'S,2021-09-10,West,Wyoming,Men'S Apparel,48,125,6000,Online
Kohl'S,2021-01-11,Midwest,Montana,Women'S Street Footwear,42,128,5376,Online
Kohl'S,2021-05-27,West,New Mexico,Women'S Street Footwear,56,126,7056,Online
Kohl'S,2021-10-12,West,Wyoming,Women'S Street Footwear,42,125,5250,Online
Kohl'S,2021-08-26,West,New Mexico,Women'S Apparel,70,126,8820,Online
Foot Locker,2021-05-25,Southeast,Virginia,Men'S Street Footwear,46,125,5750,Online
Kohl'S,2021-05-10,West,Wyoming,Men'S Apparel,45,133,5985,Online
Sports Direct,2021-01-13,West,New Mexico,Women'S Street Footwear,38,126,4788,Online
Sports Direct,2021-08-09,South,Alabama,Women'S Street Footwear,32,128,4096,Online
West Gear,2021-12-10,West,Utah,Women'S Apparel,42,125,5250,Online
Sports Direct,2021-12-23,Southeast,Virginia,Men'S Apparel,72,133,9576,Online
Sports Direct,2021-08-13,Southeast,Georgia,Men'S Apparel,60,126,7560,Online
West Gear,2021-09-18,South,Louisiana,Men'S Athletic Footwear,46,125,5750,Online
Amazon,2021-03-09,Midwest,Ohio,Men'S Athletic Footwear,27,126,3402,Online
West Gear,2021-11-17,South,Louisiana,Women'S Athletic Footwear,48,125,6000,Online
Sports Direct,2021-12-09,West,Hawaii,Men'S Apparel,84,128,10752,Online
Amazon,2021-05-09,Midwest,Ohio,Men'S Apparel,49,126,6174,Online
Foot Locker,2021-02-18,South,Mississippi,Women'S Apparel,24,125,3000,Online
Walmart,2021-05-18,Southeast,Florida,Men'S Athletic Footwear,60,128,7680,Online
Foot Locker,2021-06-18,South,Mississippi,Men'S Athletic Footwear,37,125,4625,Online
Sports Direct,2021-05-15,Midwest,Michigan,Women'S Street Footwear,44,133,5852,Online
Kohl'S,2021-10-12,West,Wyoming,Men'S Apparel,54,128,6912,Online
Sports Direct,2021-06-09,Midwest,North Dakota,Men'S Street Footwear,36,125,4500,Online
West Gear,2021-01-11,Midwest,Missouri,Men'S Athletic Footwear,23,133,3059,Online
Sports Direct,2021-09-15,Midwest,Michigan,Men'S Apparel,41,128,5248,Online
West Gear,2021-12-23,West,Oregon,Men'S Apparel,72,133,9576,Online
Foot Locker,2021-07-17,Midwest,Missouri,Women'S Street Footwear,29,128,3712,Online
Amazon,2021-10-22,Southeast,Kentucky,Men'S Street Footwear,53,126,6678,Online
Foot Locker,2021-01-05,South,Louisiana,Women'S Athletic Footwear,33,133,4389,Online
Walmart,2021-07-19,South,Arkansas,Women'S Street Footwear,43,126,5418,Online
Sports Direct,2021-08-08,West,Idaho,Men'S Apparel,52,133,6916,Online
Foot Locker,2021-08-18,Midwest,Missouri,Women'S Apparel,36,128,4608,Online
Walmart,2021-08-20,South,Arkansas,Women'S Street Footwear,47,126,5922,Online
Foot Locker,2021-12-04,West,Idaho,Men'S Apparel,50,133,6650,Online
Walmart,2021-09-19,South,Arkansas,Men'S Athletic Footwear,39,126,4914,Online
West Gear,2021-12-19,South,Arkansas,Women'S Street Footwear,55,126,6930,Online
West Gear,2021-07-10,West,Utah,Men'S Apparel,32,128,4096,Online
West Gear,2021-01-03,Midwest,Iowa,Men'S Street Footwear,28,126,3528,Online
West Gear,2021-03-23,West,Oregon,Men'S Street Footwear,38,128,4864,Online
Sports Direct,2021-01-17,Northeast,Rhode Island,Men'S Street Footwear,38,126,4788,Online
West Gear,2021-08-24,West,Oregon,Men'S Apparel,65,128,8320,Online
Foot Locker,2021-07-22,West,Arizona,Women'S Street Footwear,51,133,6783,Online
West Gear,2021-11-11,Northeast,Vermont,Men'S Street Footwear,64,126,8064,Online
West Gear,2021-11-24,West,Oregon,Women'S Street Footwear,42,128,5376,Online
Kohl'S,2021-01-26,West,Arizona,Men'S Street Footwear,33,133,4389,Online
Foot Locker,2021-06-03,West,California,Women'S Athletic Footwear,40,125,5000,Outlet
West Gear,2021-08-17,South,Louisiana,Women'S Athletic Footwear,74,128,9472,Online
Kohl'S,2021-09-27,West,New Mexico,Women'S Apparel,59,133,7847,Online
Foot Locker,2021-06-16,Midwest,Illinois,Men'S Apparel,60,125,7500,Outlet
Sports Direct,2021-12-16,South,Mississippi,Women'S Athletic Footwear,56,133,7448,Online
Foot Locker,2021-06-28,Midwest,Illinois,Men'S Apparel,60,125,7500,Outlet
Kohl'S,2021-11-20,South,Oklahoma,Men'S Street Footwear,23,133,3059,Online
Foot Locker,2021-07-27,Midwest,Illinois,Women'S Athletic Footwear,50,125,6250,Outlet
Foot Locker,2021-02-04,South,Louisiana,Women'S Street Footwear,34,128,4352,Online
Foot Locker,2021-07-28,Midwest,Illinois,Men'S Apparel,60,125,7500,Outlet
Foot Locker,2021-07-22,West,Arizona,Men'S Apparel,52,128,6656,Online
Sports Direct,2021-09-10,Midwest,North Dakota,Men'S Street Footwear,36,133,4788,Online
Foot Locker,2021-10-26,Northeast,Pennsylvania,Men'S Apparel,55,125,6875,Outlet
Foot Locker,2021-09-24,West,Arizona,Women'S Street Footwear,43,128,5504,Online
Foot Locker,2021-10-29,Northeast,Pennsylvania,Men'S Athletic Footwear,45,125,5625,Outlet
Kohl'S,2021-01-26,West,Arizona,Women'S Apparel,42,128,5376,Online
Foot Locker,2021-09-07,Midwest,Iowa,Men'S Street Footwear,34,133,4522,Online
Foot Locker,2021-11-01,Northeast,Pennsylvania,Men'S Apparel,55,125,6875,Outlet
Sports Direct,2021-07-12,Southeast,Georgia,Women'S Athletic Footwear,46,128,5888,Online
West Gear,2021-09-11,Midwest,Indiana,Men'S Street Footwear,33,133,4389,Online
Foot Locker,2021-11-19,Northeast,Pennsylvania,Men'S Apparel,65,125,8125,Outlet
Foot Locker,2021-12-12,Southeast,Georgia,Women'S Athletic Footwear,51,128,6528,Online
West Gear,2021-07-16,Northeast,West Virginia,Women'S Apparel,63,133,8379,Online
Foot Locker,2021-12-13,Northeast,Pennsylvania,Men'S Apparel,55,125,6875,Outlet
Kohl'S,2021-04-07,Northeast,New Jersey,Men'S Street Footwear,34,133,4522,Online
Foot Locker,2021-12-17,Northeast,Pennsylvania,Women'S Street Footwear,50,125,6250,Outlet
Amazon,2021-01-13,Southeast,North Carolina,Men'S Apparel,44,128,5632,Online
Amazon,2021-10-12,Northeast,Vermont,Men'S Street Footwear,62,133,8246,Online
Foot Locker,2020-10-30,Midwest,Minnesota,Men'S Athletic Footwear,40,125,5000,In-Store
Foot Locker,2020-11-12,Midwest,Minnesota,Women'S Street Footwear,40,125,5000,In-Store
West Gear,2021-04-10,Midwest,Indiana,Men'S Street Footwear,23,125,2875,Online
Amazon,2021-03-09,Midwest,Ohio,Women'S Apparel,28,128,3584,Online
Foot Locker,2020-12-07,Midwest,Minnesota,Women'S Athletic Footwear,25,125,3125,Outlet
West Gear,2021-01-17,Midwest,Indiana,Men'S Street Footwear,32,125,4000,Online
Foot Locker,2021-03-16,South,Mississippi,Women'S Street Footwear,14,128,1792,Online
West Gear,2021-03-20,Northeast,Maryland,Men'S Street Footwear,32,125,4000,Online
Walmart,2021-08-17,South,Mississippi,Women'S Athletic Footwear,39,128,4992,Online
Foot Locker,2020-12-08,Midwest,Minnesota,Men'S Apparel,35,125,4375,Outlet
West Gear,2021-06-22,Northeast,Maryland,Men'S Street Footwear,47,125,5875,Online
Sports Direct,2021-01-09,Midwest,South Dakota,Men'S Street Footwear,33,128,4224,Online
Sports Direct,2021-01-07,Northeast,New Jersey,Men'S Street Footwear,38,125,4750,Online
Sports Direct,2021-09-03,Northeast,Connecticut,Men'S Street Footwear,52,125,6500,Online
Foot Locker,2020-12-20,Midwest,Minnesota,Men'S Apparel,55,125,6875,Outlet
Amazon,2021-07-10,Northeast,Vermont,Women'S Apparel,61,125,7625,Online
West Gear,2021-04-21,Northeast,Maryland,Men'S Street Footwear,33,128,4224,Online
Foot Locker,2021-05-25,Midwest,Nebraska,Men'S Apparel,45,125,5625,Outlet
Foot Locker,2021-05-31,West,California,Men'S Street Footwear,44,124,5456,Online
Sports Direct,2021-09-20,Northeast,Maryland,Men'S Street Footwear,49,128,6272,Online
Foot Locker,2021-05-28,Midwest,Nebraska,Men'S Athletic Footwear,35,125,4375,Outlet
Foot Locker,2021-12-27,Northeast,Pennsylvania,Men'S Street Footwear,67,124,8308,Online
Foot Locker,2021-05-31,Midwest,Nebraska,Men'S Apparel,45,125,5625,Outlet
West Gear,2020-02-16,West,Nevada,Women'S Athletic Footwear,64,124,7936,Online
Foot Locker,2021-06-15,Midwest,Nebraska,Men'S Athletic Footwear,40,125,5000,Outlet
Foot Locker,2021-08-14,Northeast,Delaware,Men'S Athletic Footwear,47,128,6016,Online
West Gear,2020-07-27,West,Washington,Women'S Street Footwear,54,124,6696,Online
Foot Locker,2021-10-15,Northeast,Delaware,Men'S Street Footwear,56,128,7168,Online
Foot Locker,2020-12-22,Midwest,Minnesota,Men'S Street Footwear,50,124,6200,Online
Sports Direct,2021-07-13,Northeast,Massachusetts,Women'S Apparel,55,128,7040,Online
Kohl'S,2021-02-06,Midwest,Montana,Men'S Apparel,42,124,5208,Online
Kohl'S,2021-03-23,West,California,Men'S Apparel,36,128,4608,Outlet
Foot Locker,2021-07-05,Midwest,Nebraska,Women'S Athletic Footwear,30,125,3750,Outlet
Sports Direct,2021-03-24,South,Tennessee,Women'S Street Footwear,28,124,3472,Online
Foot Locker,2021-07-23,Midwest,Nebraska,Women'S Athletic Footwear,30,125,3750,Outlet
Sports Direct,2021-09-26,South,Alabama,Women'S Street Footwear,32,124,3968,Online
Amazon,2021-11-08,Northeast,Maine,Women'S Athletic Footwear,45,125,5625,Outlet
Walmart,2021-10-10,West,Hawaii,Men'S Street Footwear,52,124,6448,Online
Sports Direct,2021-10-08,South,Texas,Men'S Apparel,30,128,3840,Outlet
Amazon,2021-12-30,Northeast,Maine,Women'S Athletic Footwear,45,125,5625,Outlet
Sports Direct,2021-01-17,West,Hawaii,Women'S Apparel,49,124,6076,Online
Foot Locker,2021-10-22,South,Texas,Men'S Street Footwear,34,128,4352,Outlet
Amazon,2021-12-31,Northeast,Maine,Men'S Apparel,55,125,6875,Outlet
Walmart,2021-11-17,Southeast,Florida,Men'S Apparel,77,124,9548,Online
Amazon,2021-10-19,Northeast,Maine,Women'S Street Footwear,55,125,6875,Outlet
West Gear,2021-04-09,Northeast,New York,Men'S Apparel,50,124,6200,Online
West Gear,2020-01-16,West,Nevada,Women'S Street Footwear,43,128,5504,Outlet
Foot Locker,2021-04-24,Southeast,Virginia,Men'S Street Footwear,52,124,6448,Online
West Gear,2020-02-18,West,Nevada,Women'S Apparel,55,128,7040,Outlet
Sports Direct,2021-03-15,Midwest,Michigan,Women'S Street Footwear,25,124,3100,Online
West Gear,2020-02-23,West,Nevada,Men'S Apparel,53,128,6784,Outlet
Sports Direct,2021-05-15,Midwest,Michigan,Men'S Apparel,52,124,6448,Online
Amazon,2021-03-20,West,Alaska,Women'S Athletic Footwear,50,125,6250,Outlet
West Gear,2020-01-28,West,Nevada,Women'S Street Footwear,49,132,6468,Outlet
Foot Locker,2021-03-09,West,Hawaii,Men'S Apparel,60,125,7500,Outlet
Foot Locker,2021-02-24,Southeast,Virginia,Men'S Apparel,45,125,5625,In-Store
Foot Locker,2021-04-24,Southeast,Virginia,Men'S Apparel,50,125,6250,In-Store
West Gear,2020-03-06,West,Nevada,Women'S Athletic Footwear,43,132,5676,Outlet
West Gear,2021-02-24,West,Oregon,Men'S Apparel,45,125,5625,In-Store
Sports Direct,2021-04-07,South,Tennessee,Men'S Apparel,33,132,4356,Outlet
Walmart,2021-09-16,South,Mississippi,Women'S Street Footwear,19,123,2337,Online
Sports Direct,2021-08-29,South,Alabama,Men'S Apparel,39,132,5148,Outlet
Sports Direct,2021-11-17,South,Mississippi,Men'S Apparel,71,123,8733,Online
Walmart,2021-04-17,Southeast,Florida,Women'S Street Footwear,49,132,6468,Outlet
West Gear,2021-04-24,West,Oregon,Men'S Apparel,50,125,6250,In-Store
Kohl'S,2021-12-19,South,Oklahoma,Women'S Apparel,68,123,8364,Online
West Gear,2021-11-10,Midwest,Indiana,Men'S Street Footwear,41,123,5043,Online
Walmart,2021-05-18,Southeast,Florida,Men'S Athletic Footwear,46,132,6072,Outlet
Kohl'S,2021-12-13,Northeast,Delaware,Women'S Apparel,65,123,7995,Online
Walmart,2021-05-18,Southeast,Florida,Women'S Street Footwear,46,132,6072,Outlet
Sports Direct,2021-06-05,Northeast,Connecticut,Women'S Apparel,56,123,6888,Online
Amazon,2021-06-19,Northeast,New Hampshire,Men'S Athletic Footwear,56,123,6888,Online
Foot Locker,2021-12-08,Northeast,Pennsylvania,Women'S Apparel,49,123,6027,Outlet
Foot Locker,2021-08-24,Southeast,Virginia,Men'S Apparel,51,132,6732,Outlet
West Gear,2020-01-25,West,Nevada,Women'S Apparel,54,123,6642,Outlet
West Gear,2021-06-11,West,Utah,Men'S Athletic Footwear,18,132,2376,Outlet
Sports Direct,2021-03-14,South,Tennessee,Men'S Apparel,30,123,3690,Outlet
West Gear,2021-06-11,West,Utah,Women'S Athletic Footwear,13,132,1716,Outlet
West Gear,2021-06-11,West,Utah,Men'S Apparel,24,132,3168,Outlet
West Gear,2021-11-11,West,Utah,Men'S Apparel,28,123,3444,Outlet
West Gear,2021-04-24,West,Oregon,Men'S Street Footwear,51,124,6324,Online
West Gear,2021-01-24,West,Utah,Men'S Athletic Footwear,29,123,3567,Outlet
Foot Locker,2021-08-08,West,Idaho,Women'S Athletic Footwear,48,124,5952,Online
West Gear,2021-02-24,West,Utah,Men'S Athletic Footwear,29,123,3567,Outlet
Kohl'S,2021-08-26,West,New Mexico,Men'S Apparel,67,124,8308,Online
West Gear,2021-09-12,West,Utah,Women'S Apparel,18,132,2376,Outlet
West Gear,2021-02-24,West,Utah,Women'S Street Footwear,28,123,3444,Outlet
West Gear,2021-10-11,West,Utah,Men'S Athletic Footwear,14,132,1848,Outlet
Sports Direct,2021-11-13,Southeast,Georgia,Women'S Apparel,65,124,8060,Online
West Gear,2021-10-24,West,Oregon,Women'S Apparel,41,123,5043,Outlet
Sports Direct,2021-03-02,Southeast,North Carolina,Women'S Athletic Footwear,25,124,3100,Online
West Gear,2021-04-17,South,Louisiana,Women'S Apparel,39,123,4797,Outlet
Amazon,2021-03-09,Midwest,Ohio,Women'S Street Footwear,20,124,2480,Online
West Gear,2021-01-24,West,Utah,Women'S Apparel,28,132,3696,Outlet
Sports Direct,2021-10-04,West,Idaho,Men'S Apparel,25,123,3075,Outlet
Foot Locker,2021-02-18,Southeast,Kentucky,Women'S Street Footwear,18,124,2232,Online
Foot Locker,2021-04-23,West,Arizona,Women'S Street Footwear,42,123,5166,Outlet
Foot Locker,2021-04-17,South,Mississippi,Women'S Apparel,28,124,3472,Online
Sports Direct,2021-10-13,Southeast,Georgia,Women'S Street Footwear,32,123,3936,Outlet
Walmart,2021-07-16,South,Mississippi,Women'S Athletic Footwear,48,124,5952,Online
Sports Direct,2021-01-23,South,Mississippi,Men'S Apparel,26,123,3198,Outlet
Sports Direct,2021-10-18,South,Mississippi,Women'S Apparel,33,124,4092,Online
Foot Locker,2021-03-22,West,Arizona,Men'S Apparel,55,125,6875,Online
Walmart,2021-09-19,South,Arkansas,Women'S Street Footwear,11,123,1353,Outlet
Amazon,2021-02-22,Southeast,Kentucky,Women'S Athletic Footwear,35,125,4375,Online
West Gear,2021-06-21,South,Oklahoma,Men'S Athletic Footwear,25,123,3075,Outlet
West Gear,2021-08-24,West,Oregon,Women'S Athletic Footwear,68,119,8092,Online
Sports Direct,2021-12-16,South,Mississippi,Men'S Apparel,65,124,8060,Online
Amazon,2021-04-22,Southeast,Kentucky,Men'S Apparel,50,125,6250,Online
Amazon,2021-11-14,Northeast,Massachusetts,Women'S Apparel,48,123,5904,Outlet
West Gear,2021-11-17,South,Louisiana,Men'S Apparel,68,119,8092,Online
West Gear,2021-06-21,South,Oklahoma,Women'S Apparel,55,124,6820,Online
Foot Locker,2021-12-17,Northeast,New Hampshire,Men'S Apparel,50,123,6150,Outlet
Amazon,2021-05-23,Southeast,Kentucky,Women'S Athletic Footwear,40,125,5000,Online
Foot Locker,2021-01-05,South,Louisiana,Women'S Street Footwear,28,119,3332,Online
West Gear,2021-08-20,South,Oklahoma,Women'S Apparel,50,124,6200,Online
Foot Locker,2021-06-18,Midwest,Illinois,Men'S Street Footwear,48,122,5856,Online
West Gear,2021-03-19,South,Oklahoma,Women'S Athletic Footwear,20,125,2500,Online
Foot Locker,2021-01-23,West,Idaho,Men'S Street Footwear,29,119,3451,Online
Foot Locker,2021-03-11,Midwest,South Dakota,Men'S Street Footwear,39,124,4836,Online
Foot Locker,2021-11-09,Northeast,Pennsylvania,Men'S Street Footwear,46,122,5612,Online
Foot Locker,2021-09-24,West,Arizona,Women'S Apparel,56,119,6664,Online
Foot Locker,2021-04-06,Midwest,Iowa,Men'S Street Footwear,20,124,2480,Online
West Gear,2020-01-02,Northeast,Pennsylvania,Men'S Street Footwear,32,122,3904,Online
Kohl'S,2021-09-06,Northeast,New Jersey,Men'S Street Footwear,46,124,5704,Online
Kohl'S,2021-04-13,Midwest,Kansas,Women'S Athletic Footwear,20,125,2500,Online
West Gear,2020-06-03,West,Washington,Women'S Street Footwear,47,122,5734,Online
Foot Locker,2021-01-12,Midwest,Kansas,Women'S Athletic Footwear,35,125,4375,Online
Sports Direct,2021-12-25,West,New Mexico,Men'S Apparel,64,119,7616,Online
Kohl'S,2021-01-05,Midwest,Montana,Women'S Street Footwear,43,122,5246,Online
Kohl'S,2021-02-19,Midwest,Montana,Women'S Apparel,59,122,7198,Online
Sports Direct,2021-08-13,Southeast,Georgia,Women'S Apparel,68,119,8092,Online
Sports Direct,2021-03-18,South,Tennessee,Women'S Street Footwear,32,122,3904,Online
Foot Locker,2021-03-11,Midwest,South Dakota,Men'S Apparel,50,125,6250,Online
Amazon,2021-04-22,Southeast,Kentucky,Men'S Street Footwear,41,119,4879,Online
Foot Locker,2021-12-15,Northeast,Pennsylvania,Men'S Street Footwear,47,124,5828,Outlet
Foot Locker,2021-06-02,Midwest,Nebraska,Men'S Street Footwear,38,122,4636,Online
Foot Locker,2021-05-16,South,Mississippi,Women'S Street Footwear,33,119,3927,Online
Foot Locker,2021-05-13,Midwest,South Dakota,Men'S Apparel,55,125,6875,Online
Foot Locker,2021-12-21,Northeast,Pennsylvania,Men'S Street Footwear,48,124,5952,Outlet
Amazon,2021-10-30,Northeast,Maine,Men'S Street Footwear,37,122,4514,Online
Walmart,2021-07-19,South,Arkansas,Men'S Apparel,55,119,6545,Online
West Gear,2020-01-15,West,Nevada,Men'S Athletic Footwear,42,124,5208,Outlet
Amazon,2021-12-27,Northeast,Maine,Men'S Street Footwear,53,122,6466,Online
West Gear,2020-01-19,West,Nevada,Women'S Apparel,39,124,4836,Outlet
Sports Direct,2021-01-19,Southeast,Virginia,Men'S Apparel,43,122,5246,Online
West Gear,2020-02-22,West,Nevada,Women'S Athletic Footwear,43,124,5332,Outlet
West Gear,2021-09-12,West,Utah,Men'S Athletic Footwear,23,122,2806,Online
Sports Direct,2021-03-25,South,Tennessee,Women'S Athletic Footwear,25,124,3100,Outlet
West Gear,2021-09-25,West,Oregon,Men'S Street Footwear,46,122,5612,Online
Sports Direct,2021-02-17,Southeast,Florida,Women'S Apparel,33,124,4092,Outlet
West Gear,2021-09-25,West,Oregon,Men'S Athletic Footwear,51,122,6222,Online
Sports Direct,2021-03-16,Southeast,Florida,Men'S Athletic Footwear,44,124,5456,Outlet
West Gear,2021-01-17,West,Oregon,Women'S Apparel,41,122,5002,Online
Walmart,2021-09-19,South,Arkansas,Women'S Apparel,29,119,3451,Online
West Gear,2021-08-11,West,Utah,Women'S Athletic Footwear,14,124,1736,Outlet
Sports Direct,2021-11-05,West,Idaho,Women'S Athletic Footwear,54,122,6588,Online
West Gear,2021-11-11,West,Utah,Women'S Athletic Footwear,15,124,1860,Outlet
Amazon,2021-02-11,Midwest,Ohio,Men'S Apparel,41,122,5002,Online
West Gear,2021-12-10,West,Utah,Men'S Apparel,27,124,3348,Outlet
Amazon,2021-09-09,Midwest,Ohio,Men'S Apparel,32,122,3904,Online
Kohl'S,2021-12-19,South,Oklahoma,Men'S Athletic Footwear,58,119,6902,Online
Walmart,2021-08-17,South,Mississippi,Men'S Apparel,46,122,5612,Online
Foot Locker,2021-10-12,Midwest,South Dakota,Women'S Athletic Footwear,45,125,5625,Online
West Gear,2021-01-17,West,Oregon,Men'S Athletic Footwear,31,124,3844,Outlet
Sports Direct,2021-01-23,South,Mississippi,Women'S Apparel,23,122,2806,Online
Foot Locker,2021-11-13,Midwest,Kansas,Men'S Street Footwear,23,122,2806,Online
West Gear,2021-02-17,West,Oregon,Men'S Athletic Footwear,31,124,3844,Outlet
Foot Locker,2021-10-12,Midwest,South Dakota,Men'S Apparel,55,125,6875,Online
West Gear,2021-10-17,South,Louisiana,Men'S Street Footwear,25,124,3100,Outlet
Sports Direct,2021-01-09,Midwest,South Dakota,Women'S Athletic Footwear,30,125,3750,Online
West Gear,2021-03-06,West,Idaho,Women'S Apparel,25,124,3100,Outlet
Sports Direct,2021-03-08,Midwest,North Dakota,Men'S Apparel,40,125,5000,Online
West Gear,2021-04-03,Midwest,Wisconsin,Men'S Street Footwear,18,122,2196,Online
Foot Locker,2021-02-23,West,Idaho,Women'S Street Footwear,28,124,3472,Outlet
Foot Locker,2021-12-16,Northeast,West Virginia,Women'S Apparel,68,122,8296,Online
Foot Locker,2021-12-20,Northeast,Maryland,Men'S Street Footwear,57,122,6954,Online
Sports Direct,2021-05-10,Midwest,North Dakota,Men'S Apparel,50,125,6250,In-Store
Foot Locker,2021-05-24,West,Arizona,Women'S Apparel,53,124,6572,Outlet
Foot Locker,2021-05-06,Northeast,Rhode Island,Men'S Street Footwear,49,122,5978,Online
Sports Direct,2021-10-09,Midwest,North Dakota,Women'S Athletic Footwear,40,125,5000,In-Store
Foot Locker,2021-09-24,West,Arizona,Women'S Athletic Footwear,33,124,4092,Outlet
Foot Locker,2021-07-11,Midwest,Illinois,Women'S Apparel,54,120,6480,Online
Sports Direct,2021-10-09,Midwest,North Dakota,Men'S Apparel,50,125,6250,In-Store
Foot Locker,2021-11-03,Northeast,Pennsylvania,Men'S Street Footwear,49,120,5880,Online
Foot Locker,2021-11-23,West,Arizona,Women'S Street Footwear,33,124,4092,Outlet
West Gear,2020-01-15,West,Nevada,Men'S Athletic Footwear,50,120,6000,Online
Foot Locker,2021-04-06,Midwest,Iowa,Men'S Apparel,60,125,7500,In-Store
Kohl'S,2021-03-25,West,New Mexico,Women'S Street Footwear,44,124,5456,Outlet
West Gear,2020-01-22,West,Nevada,Women'S Street Footwear,61,120,7320,Online
Foot Locker,2021-05-07,Midwest,Iowa,Women'S Athletic Footwear,35,125,4375,In-Store
Sports Direct,2021-02-13,West,New Mexico,Men'S Athletic Footwear,27,124,3348,Outlet
West Gear,2020-02-23,West,Nevada,Men'S Apparel,67,120,8040,Online
Foot Locker,2021-10-06,Midwest,Iowa,Women'S Athletic Footwear,35,125,4375,In-Store
Sports Direct,2021-03-12,Southeast,Georgia,Women'S Street Footwear,39,124,4836,Outlet
Kohl'S,2021-07-12,Midwest,Kansas,Men'S Athletic Footwear,49,119,5831,Online
West Gear,2020-05-06,West,Colorado,Men'S Apparel,74,120,8880,Online
West Gear,2021-06-17,Northeast,West Virginia,Men'S Athletic Footwear,37,119,4403,Online
West Gear,2020-06-15,West,Washington,Women'S Street Footwear,74,120,8880,Online
Foot Locker,2021-10-06,Midwest,Iowa,Men'S Apparel,45,125,5625,In-Store
Foot Locker,2021-07-13,Northeast,Delaware,Men'S Athletic Footwear,47,119,5593,Online
West Gear,2020-06-21,West,Washington,Women'S Street Footwear,61,120,7320,Online
West Gear,2021-03-02,Midwest,Wisconsin,Men'S Apparel,30,125,3750,In-Store
Kohl'S,2021-10-08,Northeast,New Jersey,Men'S Street Footwear,53,119,6307,Online
Foot Locker,2020-11-04,Midwest,Minnesota,Men'S Street Footwear,36,120,4320,Online
Foot Locker,2021-02-08,Northeast,Connecticut,Men'S Street Footwear,34,119,4046,Online
Kohl'S,2021-01-17,Midwest,Montana,Women'S Street Footwear,44,120,5280,Online
Foot Locker,2021-10-19,Northeast,New Hampshire,Men'S Street Footwear,64,119,7616,Online
Kohl'S,2021-03-08,Midwest,Montana,Men'S Apparel,53,120,6360,Online
West Gear,2021-09-04,Midwest,Wisconsin,Women'S Athletic Footwear,25,125,3125,In-Store
West Gear,2020-02-28,West,Nevada,Women'S Athletic Footwear,43,119,5117,Outlet
Sports Direct,2021-05-01,South,Tennessee,Men'S Apparel,47,120,5640,Online
West Gear,2021-09-04,Midwest,Wisconsin,Men'S Apparel,35,125,4375,In-Store
West Gear,2020-03-07,West,Nevada,Men'S Apparel,46,119,5474,Outlet
Foot Locker,2021-06-20,Midwest,Nebraska,Men'S Street Footwear,36,120,4320,Online
West Gear,2021-10-03,Midwest,Wisconsin,Women'S Street Footwear,35,125,4375,In-Store
Foot Locker,2021-10-24,Southeast,Virginia,Men'S Street Footwear,28,119,3332,Outlet
Sports Direct,2021-08-29,South,Alabama,Men'S Apparel,49,120,5880,Online
West Gear,2021-10-03,Midwest,Wisconsin,Women'S Athletic Footwear,35,125,4375,In-Store
Foot Locker,2021-10-24,Southeast,Virginia,Women'S Street Footwear,39,119,4641,Outlet
West Gear,2021-05-25,West,Oregon,Women'S Street Footwear,39,119,4641,Outlet
West Gear,2021-10-03,Midwest,Wisconsin,Men'S Apparel,45,125,5625,In-Store
West Gear,2021-10-24,West,Oregon,Men'S Street Footwear,29,119,3451,Outlet
West Gear,2021-02-10,Midwest,Indiana,Women'S Athletic Footwear,30,125,3750,In-Store
Foot Locker,2021-03-22,West,Arizona,Women'S Street Footwear,37,119,4403,Outlet
Sports Direct,2021-11-13,Southeast,Georgia,Men'S Apparel,47,119,5593,Outlet
Sports Direct,2021-11-17,South,Mississippi,Women'S Street Footwear,22,119,2618,Outlet
West Gear,2021-03-09,Midwest,Indiana,Women'S Athletic Footwear,20,125,2500,In-Store
Walmart,2021-05-19,South,Arkansas,Women'S Street Footwear,27,119,3213,Outlet
West Gear,2021-04-10,Midwest,Indiana,Women'S Athletic Footwear,20,125,2500,In-Store
West Gear,2021-09-19,South,Oklahoma,Women'S Apparel,23,119,2737,Outlet
Foot Locker,2021-01-24,Northeast,West Virginia,Men'S Apparel,45,125,5625,In-Store
Kohl'S,2021-01-16,South,Oklahoma,Women'S Apparel,17,119,2023,Outlet
West Gear,2021-02-22,Northeast,West Virginia,Men'S Athletic Footwear,35,125,4375,In-Store
Foot Locker,2021-06-08,Northeast,Rhode Island,Women'S Apparel,43,119,5117,Outlet
Sports Direct,2021-05-14,Southeast,Georgia,Women'S Apparel,53,124,6572,Outlet
Amazon,2021-07-17,Northeast,New Hampshire,Men'S Apparel,47,119,5593,Outlet
Foot Locker,2021-04-17,South,Mississippi,Women'S Street Footwear,11,124,1364,Outlet
Foot Locker,2021-06-14,Midwest,Nebraska,Men'S Street Footwear,44,118,5192,Online
West Gear,2021-02-22,Northeast,Maryland,Men'S Apparel,45,125,5625,In-Store
Amazon,2021-10-19,Northeast,Maine,Men'S Street Footwear,55,120,6600,Online
West Gear,2021-05-20,Northeast,Maryland,Men'S Street Footwear,49,118,5782,Online
Walmart,2021-04-17,Southeast,Florida,Women'S Street Footwear,66,120,7920,Online
Walmart,2021-06-21,South,Arkansas,Women'S Street Footwear,28,124,3472,Outlet
West Gear,2021-04-21,Northeast,Maryland,Men'S Athletic Footwear,35,125,4375,In-Store
Walmart,2021-06-21,South,Arkansas,Women'S Athletic Footwear,29,124,3596,Outlet
Sports Direct,2021-04-16,Midwest,Michigan,Men'S Apparel,45,120,5400,Online
West Gear,2021-04-21,Northeast,Maryland,Women'S Street Footwear,25,125,3125,In-Store
West Gear,2021-12-19,South,Arkansas,Women'S Athletic Footwear,40,124,4960,Outlet
West Gear,2021-05-20,Northeast,Maryland,Men'S Apparel,50,125,6250,In-Store
Sports Direct,2021-11-16,Midwest,Michigan,Women'S Street Footwear,43,120,5160,Online
Sports Direct,2021-08-21,Northeast,Maryland,Men'S Apparel,50,125,6250,In-Store
Foot Locker,2021-02-18,Midwest,Missouri,Women'S Apparel,28,120,3360,Online
Sports Direct,2021-09-20,Northeast,Maryland,Women'S Street Footwear,40,125,5000,In-Store
West Gear,2021-01-23,South,Arkansas,Men'S Athletic Footwear,18,124,2232,Outlet
West Gear,2020-01-03,Northeast,Pennsylvania,Men'S Athletic Footwear,44,117,5148,Online
West Gear,2021-01-23,South,Arkansas,Women'S Apparel,18,124,2232,Outlet
West Gear,2020-01-04,Northeast,Pennsylvania,Women'S Street Footwear,41,117,4797,Online
Sports Direct,2021-06-05,Northeast,Connecticut,Men'S Athletic Footwear,38,124,4712,Outlet
Foot Locker,2021-11-21,Northeast,Maryland,Men'S Apparel,60,125,7500,In-Store
West Gear,2020-02-10,West,Nevada,Women'S Athletic Footwear,55,117,6435,Online
West Gear,2020-02-21,West,Nevada,Women'S Street Footwear,57,117,6669,Online
Sports Direct,2021-08-04,Northeast,Connecticut,Women'S Apparel,44,124,5456,Outlet
West Gear,2020-05-26,West,Colorado,Men'S Street Footwear,36,117,4212,Online
Foot Locker,2021-08-18,Midwest,Missouri,Women'S Street Footwear,32,120,3840,Online
Foot Locker,2021-03-13,Northeast,Delaware,Women'S Athletic Footwear,35,125,4375,In-Store
Amazon,2021-02-19,Northeast,New Hampshire,Women'S Apparel,36,124,4464,Outlet
West Gear,2020-07-28,West,Washington,Women'S Athletic Footwear,69,117,8073,Online
West Gear,2021-12-17,Midwest,Missouri,Women'S Street Footwear,32,120,3840,Online
West Gear,2020-03-15,West,Nevada,Men'S Street Footwear,28,123,3444,Online
Kohl'S,2021-02-16,Midwest,Montana,Women'S Street Footwear,42,117,4914,Online
Foot Locker,2021-07-26,Midwest,Nebraska,Men'S Street Footwear,49,117,5733,Online
Sports Direct,2021-08-15,South,Alabama,Women'S Street Footwear,27,117,3159,Online
West Gear,2021-05-12,West,Utah,Women'S Apparel,44,120,5280,Online
Amazon,2021-10-12,South,Alabama,Men'S Street Footwear,38,117,4446,Online
West Gear,2020-03-16,West,Nevada,Men'S Athletic Footwear,38,123,4674,Online
Kohl'S,2021-05-27,West,New Mexico,Women'S Apparel,69,115,7935,Online
West Gear,2021-09-12,West,Utah,Women'S Apparel,24,120,2880,Online
Sports Direct,2021-02-17,Southeast,Virginia,Men'S Athletic Footwear,33,117,3861,Online
West Gear,2020-03-23,West,Colorado,Women'S Street Footwear,38,123,4674,Online
West Gear,2021-02-17,West,Oregon,Women'S Street Footwear,41,120,4920,Online
West Gear,2020-06-06,West,Washington,Women'S Apparel,46,123,5658,Online
West Gear,2021-02-24,West,Utah,Men'S Street Footwear,29,117,3393,Online
West Gear,2021-06-17,South,Louisiana,Men'S Apparel,92,117,10764,Online
West Gear,2021-05-05,West,Idaho,Men'S Apparel,47,120,5640,Online
West Gear,2021-06-04,West,Idaho,Men'S Apparel,52,117,6084,Online
Kohl'S,2021-01-04,Midwest,Montana,Men'S Athletic Footwear,42,123,5166,Online
Foot Locker,2021-05-24,West,Arizona,Women'S Street Footwear,50,120,6000,Online
Kohl'S,2021-11-26,West,New Mexico,Women'S Street Footwear,54,117,6318,Online
Kohl'S,2021-02-28,Midwest,Montana,Women'S Street Footwear,37,123,4551,Online
Sports Direct,2021-05-14,Southeast,Georgia,Women'S Apparel,64,120,7680,Online
Sports Direct,2021-01-13,West,New Mexico,Women'S Apparel,36,117,4212,Online
Foot Locker,2021-06-18,South,Mississippi,Women'S Athletic Footwear,43,117,5031,Online
Sports Direct,2021-09-16,South,Alabama,Men'S Apparel,50,123,6150,Online
Sports Direct,2021-11-17,South,Mississippi,Men'S Athletic Footwear,18,117,2106,Online
Sports Direct,2021-06-13,Southeast,Georgia,Women'S Athletic Footwear,49,120,5880,Online
Sports Direct,2021-11-17,South,Mississippi,Women'S Athletic Footwear,54,117,6318,Online
Amazon,2021-11-21,West,Alaska,Men'S Street Footwear,68,123,8364,Online
Sports Direct,2021-01-23,South,Mississippi,Women'S Street Footwear,14,117,1638,Online
Foot Locker,2021-01-10,West,Alaska,Women'S Apparel,42,123,5166,Online
West Gear,2021-11-20,South,Arkansas,Women'S Apparel,73,117,8541,Online
Walmart,2021-11-10,West,Hawaii,Women'S Street Footwear,50,123,6150,Online
West Gear,2021-07-19,South,Oklahoma,Men'S Athletic Footwear,45,117,5265,Online
Kohl'S,2021-06-14,Midwest,Kansas,Women'S Apparel,58,117,6786,Online
Sports Direct,2021-01-17,West,Hawaii,Men'S Athletic Footwear,48,123,5904,Online
Foot Locker,2021-11-17,Northeast,West Virginia,Men'S Street Footwear,44,117,5148,Online
Sports Direct,2021-01-17,West,Hawaii,Women'S Street Footwear,45,123,5535,Online
Sports Direct,2021-04-14,Northeast,Massachusetts,Men'S Street Footwear,38,117,4446,Online
Amazon,2021-06-12,Northeast,Vermont,Women'S Apparel,62,117,7254,Online
Kohl'S,2021-02-12,West,Wyoming,Women'S Athletic Footwear,32,123,3936,Online
Foot Locker,2021-11-18,Northeast,New Hampshire,Men'S Street Footwear,68,117,7956,Online
Sports Direct,2021-10-17,Midwest,Michigan,Women'S Street Footwear,37,123,4551,Online
Foot Locker,2021-12-17,Northeast,New Hampshire,Women'S Apparel,74,117,8658,Online
Kohl'S,2021-11-26,West,New Mexico,Women'S Athletic Footwear,55,115,6325,Online
Sports Direct,2021-09-14,Southeast,Georgia,Women'S Athletic Footwear,43,120,5160,Online
Foot Locker,2021-01-18,Midwest,Michigan,Men'S Athletic Footwear,29,123,3567,Online
Sports Direct,2021-08-26,South,Texas,Women'S Athletic Footwear,32,116,3712,Online
Sports Direct,2021-11-13,Southeast,Georgia,Women'S Street Footwear,54,115,6210,Online
Amazon,2021-08-22,Southeast,Kentucky,Women'S Apparel,51,120,6120,Online
West Gear,2020-01-13,West,Nevada,Women'S Apparel,41,116,4756,Online
Foot Locker,2021-01-18,Midwest,Michigan,Women'S Street Footwear,19,123,2337,Online
Amazon,2021-07-21,Southeast,Kentucky,Women'S Apparel,50,115,5750,Online
Sports Direct,2021-02-21,South,Mississippi,Women'S Street Footwear,14,120,1680,Online
West Gear,2020-01-28,West,Nevada,Women'S Street Footwear,63,116,7308,Online
West Gear,2021-12-19,South,Arkansas,Women'S Athletic Footwear,57,120,6840,Online
West Gear,2020-03-26,West,Colorado,Women'S Apparel,37,116,4292,Online
Foot Locker,2021-01-18,Midwest,Michigan,Women'S Apparel,29,123,3567,Online
West Gear,2020-03-29,West,Colorado,Women'S Street Footwear,51,116,5916,Online
Foot Locker,2021-01-20,Southeast,Kentucky,Men'S Apparel,38,115,4370,Online
Foot Locker,2021-12-12,Midwest,Kansas,Men'S Athletic Footwear,59,120,7080,Online
West Gear,2020-05-17,West,Colorado,Women'S Athletic Footwear,60,116,6960,Online
Walmart,2021-02-21,South,Arkansas,Women'S Apparel,19,115,2185,Online
Foot Locker,2021-11-09,Midwest,North Dakota,Men'S Street Footwear,49,120,5880,Online
Foot Locker,2021-07-22,West,Arizona,Women'S Apparel,67,123,8241,Online
West Gear,2021-06-17,Northeast,West Virginia,Women'S Apparel,59,115,6785,Online
Kohl'S,2021-12-22,West,Arizona,Women'S Street Footwear,43,123,5289,Online
West Gear,2021-08-17,Northeast,West Virginia,Women'S Apparel,54,115,6210,Online
Kohl'S,2021-09-27,West,New Mexico,Women'S Athletic Footwear,49,123,6027,Online
West Gear,2021-12-09,Midwest,Indiana,Women'S Apparel,62,120,7440,Online
West Gear,2021-10-17,Northeast,West Virginia,Men'S Street Footwear,41,115,4715,Online
Sports Direct,2021-05-14,Southeast,Georgia,Women'S Street Footwear,52,123,6396,Online
Foot Locker,2021-06-15,Northeast,Delaware,Men'S Athletic Footwear,48,120,5760,Online
Foot Locker,2021-01-10,Northeast,Connecticut,Men'S Street Footwear,34,115,3910,Online
Amazon,2021-01-13,Southeast,North Carolina,Women'S Athletic Footwear,29,123,3567,Online
Foot Locker,2021-08-14,Northeast,Delaware,Women'S Apparel,59,120,7080,Online
Amazon,2021-07-10,Northeast,Vermont,Men'S Athletic Footwear,51,115,5865,Online
Amazon,2021-05-09,Midwest,Ohio,Women'S Athletic Footwear,38,123,4674,Online
Kohl'S,2021-06-08,Northeast,New Jersey,Women'S Apparel,50,120,6000,Online
Amazon,2021-05-17,Northeast,New Hampshire,Women'S Apparel,65,115,7475,Online
Foot Locker,2021-12-17,Northeast,New Hampshire,Men'S Athletic Footwear,59,115,6785,Online
Sports Direct,2021-08-05,South,Alabama,Men'S Apparel,31,114,3534,Outlet
Sports Direct,2021-03-16,Southeast,Florida,Women'S Athletic Footwear,42,114,4788,Outlet
Amazon,2021-11-22,Southeast,Kentucky,Men'S Street Footwear,48,123,5904,Online
Foot Locker,2021-04-24,Southeast,Virginia,Women'S Street Footwear,41,114,4674,Outlet
Foot Locker,2021-03-16,South,Mississippi,Women'S Apparel,24,123,2952,Online
West Gear,2021-09-12,West,Utah,Men'S Apparel,16,114,1824,Outlet
West Gear,2021-04-24,West,Oregon,Women'S Street Footwear,47,114,5358,Outlet
Foot Locker,2020-10-29,Midwest,Minnesota,Men'S Street Footwear,39,116,4524,Online
West Gear,2021-10-24,West,Oregon,Women'S Athletic Footwear,34,114,3876,Outlet
Foot Locker,2020-11-10,Midwest,Minnesota,Men'S Street Footwear,48,116,5568,Online
Kohl'S,2021-10-26,West,New Mexico,Men'S Apparel,41,114,4674,Outlet
Kohl'S,2021-02-17,Midwest,Montana,Women'S Athletic Footwear,41,116,4756,Online
Sports Direct,2021-05-14,Southeast,Georgia,Women'S Athletic Footwear,34,114,3876,Outlet
Kohl'S,2021-02-22,Midwest,Montana,Women'S Street Footwear,41,116,4756,Online
Sports Direct,2021-10-13,Southeast,Georgia,Women'S Athletic Footwear,32,114,3648,Outlet
Foot Locker,2021-03-06,West,Idaho,Women'S Athletic Footwear,26,112,2912,Outlet
Foot Locker,2021-01-24,West,Wyoming,Women'S Apparel,38,116,4408,Online
Kohl'S,2021-10-26,West,New Mexico,Women'S Athletic Footwear,35,112,3920,Outlet
Kohl'S,2021-12-19,South,Oklahoma,Women'S Athletic Footwear,45,114,5130,Outlet
Sports Direct,2021-01-19,Southeast,Virginia,Women'S Athletic Footwear,29,116,3364,Online
Sports Direct,2021-03-12,Southeast,Georgia,Women'S Apparel,40,112,4480,Outlet
Foot Locker,2021-07-06,Northeast,Rhode Island,Men'S Athletic Footwear,32,114,3648,Outlet
Sports Direct,2021-10-17,Midwest,Michigan,Women'S Athletic Footwear,38,116,4408,Online
Sports Direct,2021-04-13,Southeast,Georgia,Women'S Apparel,56,112,6272,Outlet
West Gear,2021-02-17,West,Oregon,Men'S Athletic Footwear,41,116,4756,Online
Sports Direct,2021-02-21,South,Mississippi,Men'S Athletic Footwear,17,112,1904,Outlet
Walmart,2021-03-19,South,Arkansas,Women'S Street Footwear,8,112,896,Outlet
Walmart,2021-03-19,South,Arkansas,Women'S Apparel,20,112,2240,Outlet
West Gear,2021-03-16,South,Louisiana,Women'S Street Footwear,56,116,6496,Online
West Gear,2021-02-21,South,Oklahoma,Women'S Apparel,14,112,1568,Outlet
West Gear,2021-10-21,South,Oklahoma,Men'S Athletic Footwear,14,112,1568,Outlet
Sports Direct,2021-10-15,Northeast,Massachusetts,Men'S Street Footwear,57,120,6840,Online
West Gear,2021-03-06,West,Idaho,Women'S Apparel,33,116,3828,Online
Sports Direct,2021-09-05,West,Idaho,Women'S Athletic Footwear,55,116,6380,Online
Amazon,2021-05-10,Northeast,Vermont,Women'S Apparel,60,120,7200,Online
Foot Locker,2021-08-23,West,Arizona,Men'S Apparel,59,116,6844,Online
Kohl'S,2021-04-26,West,New Mexico,Women'S Street Footwear,55,116,6380,Online
West Gear,2020-01-22,West,Nevada,Women'S Street Footwear,47,120,5640,Outlet
West Gear,2020-01-27,West,Nevada,Men'S Athletic Footwear,43,120,5160,Outlet
Sports Direct,2021-11-13,Southeast,Georgia,Women'S Athletic Footwear,51,116,5916,Online
West Gear,2020-03-02,West,Nevada,Women'S Apparel,53,120,6360,Outlet
Foot Locker,2021-12-12,Southeast,Georgia,Men'S Apparel,64,116,7424,Online
Sports Direct,2021-05-01,South,Tennessee,Men'S Apparel,39,120,4680,Outlet
Sports Direct,2021-08-18,South,Alabama,Women'S Apparel,26,120,3120,Outlet
Amazon,2021-10-11,Midwest,Ohio,Men'S Apparel,37,116,4292,Online
Sports Direct,2021-06-15,Northeast,Massachusetts,Men'S Athletic Footwear,36,114,4104,Outlet
Amazon,2021-11-10,Midwest,Ohio,Women'S Street Footwear,32,116,3712,Online
Amazon,2021-07-10,Northeast,Vermont,Men'S Apparel,39,114,4446,Outlet
Foot Locker,2021-05-16,South,Mississippi,Men'S Apparel,41,116,4756,Online
Amazon,2021-06-19,Northeast,New Hampshire,Men'S Apparel,47,114,5358,Outlet
Walmart,2021-04-20,South,Arkansas,Women'S Apparel,28,116,3248,Online
Foot Locker,2021-11-18,Northeast,New Hampshire,Men'S Athletic Footwear,42,114,4788,Outlet
Foot Locker,2021-11-18,Northeast,New Hampshire,Women'S Street Footwear,51,114,5814,Outlet
Foot Locker,2021-11-18,Northeast,New Hampshire,Women'S Athletic Footwear,43,114,4902,Outlet
Kohl'S,2021-03-17,West,California,Men'S Apparel,46,113,5198,Online
Foot Locker,2021-12-21,Northeast,Pennsylvania,Men'S Street Footwear,66,113,7458,Online
West Gear,2020-02-24,West,Nevada,Women'S Apparel,74,113,8362,Online
West Gear,2020-04-04,West,Colorado,Women'S Street Footwear,61,113,6893,Online
West Gear,2020-05-04,West,Colorado,Women'S Street Footwear,60,113,6780,Online
West Gear,2020-07-18,West,Washington,Women'S Apparel,62,113,7006,Online
West Gear,2020-07-21,West,Washington,Women'S Street Footwear,56,113,6328,Online
Foot Locker,2020-12-04,Midwest,Minnesota,Men'S Street Footwear,43,113,4859,Online
Kohl'S,2021-02-05,Midwest,Montana,Women'S Athletic Footwear,36,113,4068,Online
Kohl'S,2021-03-02,Midwest,Montana,Men'S Apparel,51,113,5763,Online
Sports Direct,2021-08-14,Northeast,Massachusetts,Men'S Athletic Footwear,33,112,3696,Outlet
Walmart,2021-10-17,Southeast,Florida,Women'S Athletic Footwear,40,120,4800,Outlet
Sports Direct,2021-05-13,South,Tennessee,Men'S Apparel,51,113,5763,Online
Amazon,2021-12-13,Northeast,Massachusetts,Women'S Street Footwear,36,112,4032,Outlet
Sports Direct,2021-08-22,South,Alabama,Women'S Athletic Footwear,18,113,2034,Online
Sports Direct,2021-10-07,South,Texas,Women'S Athletic Footwear,41,111,4551,Online
Amazon,2021-12-20,Northeast,Maine,Women'S Apparel,58,113,6554,Online
Foot Locker,2021-10-22,South,Texas,Men'S Street Footwear,44,111,4884,Online
West Gear,2021-02-11,West,Utah,Men'S Apparel,28,120,3360,Outlet
Amazon,2021-10-22,West,Alaska,Men'S Street Footwear,68,113,7684,Online
West Gear,2020-02-04,West,Nevada,Women'S Athletic Footwear,58,111,6438,Online
West Gear,2021-01-17,West,Oregon,Men'S Street Footwear,28,120,3360,Outlet
Foot Locker,2021-01-10,West,Alaska,Women'S Street Footwear,41,113,4633,Online
West Gear,2020-03-22,West,Colorado,Men'S Athletic Footwear,38,111,4218,Online
West Gear,2021-03-16,South,Louisiana,Men'S Athletic Footwear,38,120,4560,Outlet
Walmart,2021-07-19,South,Arkansas,Women'S Athletic Footwear,41,116,4756,Online
Walmart,2021-11-10,West,Hawaii,Men'S Apparel,83,113,9379,Online
West Gear,2020-07-17,West,Washington,Men'S Apparel,72,111,7992,Online
Sports Direct,2021-10-09,Midwest,North Dakota,Men'S Street Footwear,49,116,5684,Online
Walmart,2021-10-17,Southeast,Florida,Women'S Athletic Footwear,51,113,5763,Online
Kohl'S,2021-01-23,Midwest,Montana,Women'S Street Footwear,44,111,4884,Online
Foot Locker,2021-02-24,West,Wyoming,Men'S Street Footwear,27,113,3051,Online
Sports Direct,2021-03-27,South,Tennessee,Women'S Apparel,33,111,3663,Online
West Gear,2021-10-10,Midwest,Indiana,Men'S Street Footwear,41,116,4756,Online
Sports Direct,2021-10-04,South,Alabama,Men'S Apparel,48,111,5328,Online
West Gear,2021-07-16,Northeast,West Virginia,Men'S Athletic Footwear,50,116,5800,Online
Amazon,2021-07-20,West,Alaska,Men'S Athletic Footwear,59,111,6549,Online
Foot Locker,2021-07-06,Northeast,Rhode Island,Women'S Apparel,50,116,5800,Online
Sports Direct,2021-02-17,West,Hawaii,Men'S Athletic Footwear,49,111,5439,Online
Sports Direct,2021-02-17,West,Hawaii,Women'S Street Footwear,49,111,5439,Online
Foot Locker,2021-08-24,Southeast,Virginia,Women'S Athletic Footwear,66,111,7326,Online
Amazon,2021-06-12,Northeast,Vermont,Men'S Athletic Footwear,53,116,6148,Online
Foot Locker,2021-11-24,Southeast,Virginia,Men'S Apparel,73,111,8103,Online
Foot Locker,2021-11-18,Northeast,New Hampshire,Women'S Apparel,78,116,9048,Online
Sports Direct,2021-04-16,Midwest,Michigan,Men'S Athletic Footwear,38,111,4218,Online
Foot Locker,2021-12-02,Northeast,Pennsylvania,Women'S Apparel,50,116,5800,Outlet
West Gear,2021-11-24,West,Oregon,Men'S Apparel,68,111,7548,Online
Foot Locker,2021-01-23,West,Idaho,Women'S Apparel,36,111,3996,Online
West Gear,2020-01-21,West,Nevada,Men'S Athletic Footwear,46,116,5336,Outlet
Foot Locker,2021-11-23,West,Arizona,Women'S Apparel,55,111,6105,Online
Sports Direct,2021-08-16,South,Alabama,Women'S Athletic Footwear,23,116,2668,Outlet
Kohl'S,2021-02-26,West,Arizona,Women'S Street Footwear,41,111,4551,Online
Sports Direct,2021-08-22,South,Alabama,Women'S Athletic Footwear,15,116,1740,Outlet
Kohl'S,2021-05-27,West,New Mexico,Men'S Athletic Footwear,58,111,6438,Online
West Gear,2021-03-16,South,Louisiana,Women'S Street Footwear,39,120,4680,Outlet
Kohl'S,2021-09-27,West,New Mexico,Men'S Apparel,54,111,5994,Online
West Gear,2021-04-17,South,Louisiana,Women'S Street Footwear,40,120,4800,Outlet
Amazon,2021-04-10,Midwest,Ohio,Men'S Athletic Footwear,28,111,3108,Online
Sports Direct,2021-09-22,South,Alabama,Men'S Apparel,35,116,4060,Outlet
West Gear,2021-10-17,South,Louisiana,Women'S Athletic Footwear,31,120,3720,Outlet
Sports Direct,2021-11-17,South,Mississippi,Women'S Street Footwear,28,111,3108,Online
Foot Locker,2021-09-25,Southeast,Virginia,Men'S Street Footwear,46,113,5198,Online
Walmart,2021-05-19,South,Arkansas,Women'S Apparel,44,111,4884,Online
Foot Locker,2021-09-25,Southeast,Virginia,Men'S Athletic Footwear,52,113,5876,Online
West Gear,2021-05-05,West,Idaho,Men'S Apparel,34,120,4080,Outlet
Kohl'S,2021-08-13,Midwest,Kansas,Men'S Athletic Footwear,51,111,5661,Online
Foot Locker,2021-11-24,Southeast,Virginia,Women'S Athletic Footwear,52,113,5876,Online
Foot Locker,2021-08-23,West,Arizona,Women'S Athletic Footwear,43,120,5160,Outlet
Foot Locker,2021-11-04,Northeast,Connecticut,Men'S Street Footwear,60,111,6660,Online
Foot Locker,2021-02-18,Midwest,Michigan,Women'S Street Footwear,19,113,2147,Online
Foot Locker,2021-03-06,Northeast,Rhode Island,Men'S Street Footwear,34,111,3774,Online
Foot Locker,2021-06-18,Midwest,Missouri,Women'S Street Footwear,23,113,2599,Online
Walmart,2021-10-17,Southeast,Florida,Men'S Apparel,47,116,5452,Outlet
Foot Locker,2021-04-07,Northeast,Rhode Island,Men'S Street Footwear,32,111,3552,Online
Kohl'S,2021-10-26,West,New Mexico,Women'S Street Footwear,34,120,4080,Outlet
Foot Locker,2021-02-04,West,Idaho,Women'S Athletic Footwear,27,116,3132,Outlet
Foot Locker,2021-09-06,Northeast,Rhode Island,Men'S Street Footwear,45,111,4995,Online
Sports Direct,2021-02-13,West,New Mexico,Women'S Street Footwear,28,120,3360,Outlet
West Gear,2021-04-11,West,Utah,Men'S Athletic Footwear,20,111,2220,Outlet
Sports Direct,2021-09-14,Southeast,Georgia,Women'S Athletic Footwear,35,120,4200,Outlet
West Gear,2021-09-12,West,Utah,Women'S Athletic Footwear,7,111,777,Outlet
West Gear,2021-04-05,West,Idaho,Women'S Athletic Footwear,20,116,2320,Outlet
Foot Locker,2021-12-12,Southeast,Georgia,Men'S Apparel,44,120,5280,Outlet
Sports Direct,2021-10-04,West,Idaho,Women'S Athletic Footwear,35,116,4060,Outlet
Foot Locker,2021-01-05,South,Louisiana,Men'S Apparel,28,111,3108,Outlet
Foot Locker,2021-04-23,West,Arizona,Women'S Apparel,49,111,5439,Outlet
Walmart,2021-09-16,South,Mississippi,Women'S Athletic Footwear,16,120,1920,Outlet
Foot Locker,2021-02-23,West,Arizona,Women'S Apparel,31,116,3596,Outlet
Walmart,2021-10-18,South,Mississippi,Women'S Street Footwear,19,120,2280,Outlet
Foot Locker,2021-03-22,West,Arizona,Men'S Athletic Footwear,38,116,4408,Outlet
Foot Locker,2021-05-24,West,Arizona,Men'S Athletic Footwear,36,116,4176,Outlet
Foot Locker,2021-11-23,West,Arizona,Women'S Athletic Footwear,33,116,3828,Outlet
Walmart,2021-04-20,South,Arkansas,Women'S Apparel,24,120,2880,Outlet
Kohl'S,2021-04-26,West,New Mexico,Women'S Apparel,56,116,6496,Outlet
Walmart,2021-07-19,South,Arkansas,Women'S Athletic Footwear,35,120,4200,Outlet
Foot Locker,2021-04-17,South,Mississippi,Men'S Athletic Footwear,20,116,2320,Outlet
Sports Direct,2021-07-03,Northeast,Connecticut,Men'S Athletic Footwear,38,120,4560,Outlet
Foot Locker,2021-12-03,Northeast,Connecticut,Women'S Apparel,52,120,6240,Outlet
Foot Locker,2021-12-17,Midwest,Missouri,Men'S Athletic Footwear,32,113,3616,Online
West Gear,2021-08-11,West,Utah,Women'S Street Footwear,29,113,3277,Online
Foot Locker,2021-05-16,South,Mississippi,Women'S Athletic Footwear,24,116,2784,Outlet
West Gear,2021-11-11,West,Utah,Women'S Athletic Footwear,19,113,2147,Online
Walmart,2021-05-19,South,Arkansas,Men'S Athletic Footwear,28,116,3248,Outlet
Sports Direct,2021-06-15,Northeast,Massachusetts,Women'S Apparel,47,120,5640,Outlet
West Gear,2021-11-11,West,Utah,Women'S Apparel,43,113,4859,Online
Walmart,2021-06-21,South,Arkansas,Men'S Apparel,37,116,4292,Outlet
West Gear,2021-12-10,West,Utah,Women'S Street Footwear,29,113,3277,Online
West Gear,2021-11-20,South,Arkansas,Men'S Athletic Footwear,11,116,1276,Outlet
Amazon,2021-11-14,Northeast,Massachusetts,Men'S Street Footwear,49,120,5880,Outlet
Foot Locker,2021-03-06,West,Idaho,Women'S Street Footwear,28,113,3164,Online
Amazon,2021-05-10,Northeast,Vermont,Women'S Apparel,47,120,5640,Outlet
Foot Locker,2021-10-23,West,Arizona,Women'S Street Footwear,31,111,3441,Outlet
West Gear,2021-05-19,South,Oklahoma,Women'S Apparel,33,116,3828,Outlet
Amazon,2021-06-12,Northeast,Vermont,Men'S Athletic Footwear,44,120,5280,Outlet
Sports Direct,2021-04-13,Southeast,Georgia,Men'S Athletic Footwear,40,111,4440,Outlet
Foot Locker,2021-11-18,Northeast,New Hampshire,Women'S Apparel,61,120,7320,Outlet
Walmart,2021-02-21,South,Arkansas,Men'S Apparel,23,111,2553,Outlet
West Gear,2021-07-19,South,Oklahoma,Men'S Apparel,43,116,4988,Outlet
Kohl'S,2021-04-11,West,California,Men'S Apparel,49,119,5831,Online
Walmart,2021-05-19,South,Arkansas,Men'S Apparel,32,111,3552,Outlet
Kohl'S,2021-01-16,South,Oklahoma,Women'S Street Footwear,12,116,1392,Outlet
Walmart,2021-09-19,South,Arkansas,Men'S Apparel,18,111,1998,Outlet
Foot Locker,2021-11-04,Northeast,Connecticut,Women'S Apparel,52,116,6032,Outlet
West Gear,2021-04-20,South,Oklahoma,Women'S Apparel,22,111,2442,Outlet
Sports Direct,2021-08-19,South,Texas,Women'S Street Footwear,34,119,4046,Online
Foot Locker,2021-12-03,Northeast,Connecticut,Women'S Street Footwear,43,116,4988,Outlet
West Gear,2021-08-20,South,Oklahoma,Women'S Athletic Footwear,32,111,3552,Outlet
Amazon,2021-08-11,Northeast,Vermont,Women'S Street Footwear,34,116,3944,Outlet
Sports Direct,2021-07-03,Northeast,Connecticut,Women'S Street Footwear,29,111,3219,Outlet
Foot Locker,2021-10-28,Northeast,Pennsylvania,Men'S Street Footwear,42,119,4998,Online
Foot Locker,2021-08-07,Northeast,Rhode Island,Men'S Athletic Footwear,31,111,3441,Outlet
West Gear,2020-01-10,West,Nevada,Women'S Street Footwear,41,119,4879,Online
Amazon,2021-09-17,Northeast,New Hampshire,Men'S Athletic Footwear,43,116,4988,Outlet
West Gear,2020-03-11,West,Nevada,Women'S Street Footwear,59,119,7021,Online
Kohl'S,2020-12-28,Midwest,Minnesota,Men'S Street Footwear,32,119,3808,Online
Foot Locker,2021-12-17,Northeast,New Hampshire,Women'S Athletic Footwear,49,116,5684,Outlet
Kohl'S,2020-12-30,Midwest,Minnesota,Women'S Street Footwear,41,119,4879,Online
Foot Locker,2021-07-24,Midwest,Illinois,Men'S Street Footwear,56,115,6440,Online
West Gear,2020-03-17,West,Nevada,Women'S Street Footwear,39,115,4485,Online
Sports Direct,2021-12-06,Northeast,Rhode Island,Women'S Apparel,51,111,5661,Outlet
West Gear,2020-05-24,West,Colorado,Men'S Apparel,68,115,7820,Online
West Gear,2020-06-08,West,Washington,Men'S Athletic Footwear,58,115,6670,Online
Amazon,2021-09-10,Northeast,Vermont,Men'S Athletic Footwear,42,111,4662,Outlet
Kohl'S,2021-01-08,Midwest,Montana,Women'S Apparel,43,119,5117,Online
Amazon,2021-01-21,Northeast,Vermont,Men'S Athletic Footwear,39,111,4329,Outlet
Kohl'S,2021-03-01,Midwest,Montana,Women'S Athletic Footwear,39,119,4641,Online
West Gear,2020-02-27,West,Nevada,Women'S Street Footwear,54,109,5886,Online
Foot Locker,2021-05-21,South,Tennessee,Men'S Street Footwear,32,119,3808,Online
West Gear,2021-01-10,Northeast,Maine,Men'S Athletic Footwear,41,109,4469,Online
Foot Locker,2021-05-27,Midwest,Nebraska,Men'S Street Footwear,32,119,3808,Online
Foot Locker,2021-01-10,West,Alaska,Men'S Street Footwear,33,109,3597,Online
Sports Direct,2021-08-21,South,Alabama,Women'S Street Footwear,14,119,1666,Online
Foot Locker,2021-01-10,West,Alaska,Men'S Athletic Footwear,43,109,4687,Online
Sports Direct,2021-09-15,South,Alabama,Women'S Athletic Footwear,46,119,5474,Online
Walmart,2021-04-17,Southeast,Florida,Women'S Apparel,72,109,7848,Online
Sports Direct,2021-02-17,Midwest,Michigan,Women'S Athletic Footwear,28,109,3052,Online
Sports Direct,2021-04-16,Midwest,Michigan,Women'S Athletic Footwear,32,109,3488,Online
Foot Locker,2021-02-04,West,Idaho,Women'S Athletic Footwear,32,109,3488,Online
Walmart,2021-05-18,Southeast,Florida,Women'S Street Footwear,59,119,7021,Online
Foot Locker,2021-04-17,South,Mississippi,Men'S Athletic Footwear,23,109,2507,Online
Kohl'S,2021-04-11,West,Wyoming,Women'S Athletic Footwear,33,119,3927,Online
West Gear,2021-11-20,South,Arkansas,Women'S Athletic Footwear,51,109,5559,Online
Kohl'S,2021-10-12,West,Wyoming,Women'S Athletic Footwear,41,119,4879,Online
West Gear,2021-01-23,South,Arkansas,Men'S Athletic Footwear,25,109,2725,Online
Sports Direct,2021-09-15,Midwest,Michigan,Women'S Athletic Footwear,34,119,4046,Online
Kohl'S,2021-12-13,Northeast,Delaware,Women'S Street Footwear,50,109,5450,Online
Amazon,2021-07-17,Northeast,New Hampshire,Women'S Street Footwear,54,109,5886,Online
Sports Direct,2021-05-07,South,Tennessee,Men'S Apparel,28,109,3052,Outlet
West Gear,2020-06-09,West,Washington,Women'S Street Footwear,60,115,6900,Online
Foot Locker,2021-05-25,Southeast,Virginia,Women'S Street Footwear,37,109,4033,Outlet
West Gear,2020-07-29,West,Washington,Men'S Apparel,85,115,9775,Online
West Gear,2021-04-05,West,Idaho,Women'S Athletic Footwear,29,113,3277,Online
Kohl'S,2021-01-10,Midwest,Montana,Men'S Athletic Footwear,41,115,4715,Online
Foot Locker,2021-02-23,West,Idaho,Men'S Athletic Footwear,38,113,4294,Online
Sports Direct,2021-11-05,West,Idaho,Men'S Apparel,54,106,5724,Online
Foot Locker,2021-10-24,Southeast,Virginia,Women'S Apparel,40,109,4360,Outlet
Sports Direct,2021-01-17,West,Hawaii,Men'S Street Footwear,38,115,4370,Online
Foot Locker,2021-05-24,West,Arizona,Men'S Athletic Footwear,53,113,5989,Online
Foot Locker,2021-01-23,West,Idaho,Men'S Athletic Footwear,37,106,3922,Online
West Gear,2021-05-12,West,Utah,Women'S Street Footwear,19,109,2071,Outlet
Foot Locker,2021-08-23,West,Arizona,Women'S Street Footwear,54,113,6102,Online
Sports Direct,2021-03-16,Southeast,Florida,Women'S Street Footwear,59,115,6785,Online
Foot Locker,2021-01-23,West,Idaho,Women'S Street Footwear,37,106,3922,Online
West Gear,2021-08-11,West,Utah,Men'S Apparel,23,109,2507,Outlet
Foot Locker,2021-09-24,West,Arizona,Women'S Athletic Footwear,41,113,4633,Online
West Gear,2021-02-11,Midwest,Missouri,Women'S Street Footwear,14,115,1610,Online
Kohl'S,2021-02-26,West,Arizona,Men'S Athletic Footwear,44,106,4664,Online
West Gear,2021-01-24,West,Utah,Men'S Street Footwear,24,109,2616,Outlet
Kohl'S,2021-11-26,West,New Mexico,Men'S Apparel,65,113,7345,Online
Kohl'S,2021-06-26,West,New Mexico,Women'S Athletic Footwear,54,106,5724,Online
West Gear,2021-05-25,West,Oregon,Men'S Athletic Footwear,36,109,3924,Outlet
Sports Direct,2021-03-12,Southeast,Georgia,Women'S Street Footwear,49,113,5537,Online
West Gear,2021-10-24,West,Oregon,Women'S Street Footwear,37,109,4033,Outlet
Amazon,2021-04-10,Midwest,Ohio,Women'S Street Footwear,19,106,2014,Online
Sports Direct,2021-08-13,Southeast,Georgia,Women'S Athletic Footwear,53,113,5989,Online
Amazon,2021-10-11,Midwest,Ohio,Women'S Street Footwear,27,106,2862,Online
West Gear,2021-06-11,West,Utah,Women'S Street Footwear,19,115,2185,Online
Amazon,2021-03-09,Midwest,Ohio,Men'S Apparel,37,113,4181,Online
Foot Locker,2021-02-18,Southeast,Kentucky,Men'S Athletic Footwear,27,106,2862,Online
West Gear,2021-07-10,West,Utah,Women'S Athletic Footwear,23,115,2645,Online
Amazon,2021-09-09,Midwest,Ohio,Women'S Athletic Footwear,24,113,2712,Online
Walmart,2021-06-21,South,Arkansas,Men'S Athletic Footwear,32,106,3392,Online
Kohl'S,2021-12-22,West,Arizona,Women'S Athletic Footwear,44,115,5060,Online
Walmart,2021-05-19,South,Arkansas,Men'S Athletic Footwear,38,113,4294,Online
Walmart,2021-10-21,South,Arkansas,Men'S Athletic Footwear,19,106,2014,Online
Walmart,2021-08-20,South,Arkansas,Men'S Apparel,48,113,5424,Online
Foot Locker,2021-01-24,Northeast,West Virginia,Men'S Street Footwear,33,106,3498,Online
West Gear,2021-08-20,South,Oklahoma,Men'S Athletic Footwear,51,113,5763,Online
Amazon,2021-08-11,Northeast,Vermont,Men'S Athletic Footwear,53,106,5618,Online
Amazon,2021-12-10,Northeast,Vermont,Women'S Apparel,68,106,7208,Online
West Gear,2021-08-20,South,Oklahoma,Women'S Street Footwear,47,113,5311,Online
Amazon,2021-08-18,Northeast,New Hampshire,Women'S Apparel,64,106,6784,Online
Kohl'S,2021-08-13,Midwest,Kansas,Women'S Apparel,52,113,5876,Online
Foot Locker,2021-07-05,Midwest,Illinois,Women'S Apparel,51,105,5355,Online
Foot Locker,2021-04-12,Midwest,South Dakota,Men'S Street Footwear,38,113,4294,Online
West Gear,2020-02-28,West,Nevada,Women'S Athletic Footwear,54,105,5670,Online
Sports Direct,2021-04-09,Midwest,North Dakota,Men'S Street Footwear,28,113,3164,Online
West Gear,2020-04-09,West,Colorado,Men'S Athletic Footwear,60,105,6300,Online
West Gear,2021-03-16,South,Louisiana,Women'S Apparel,29,109,3161,Outlet
West Gear,2020-05-13,West,Colorado,Women'S Apparel,65,105,6825,Online
Kohl'S,2021-01-16,South,Oklahoma,Women'S Apparel,23,102,2346,Online
West Gear,2020-05-18,West,Colorado,Men'S Apparel,68,105,7140,Online
Foot Locker,2021-01-06,Midwest,North Dakota,Men'S Street Footwear,27,113,3051,Online
Kohl'S,2021-07-12,Midwest,Kansas,Women'S Street Footwear,42,102,4284,Online
West Gear,2020-06-12,West,Washington,Women'S Apparel,62,105,6510,Online
Kohl'S,2021-12-22,West,Arizona,Men'S Apparel,42,109,4578,Outlet
West Gear,2021-10-03,Midwest,Wisconsin,Men'S Street Footwear,43,113,4859,Online
West Gear,2020-06-29,West,Washington,Men'S Apparel,82,105,8610,Online
Kohl'S,2021-04-26,West,New Mexico,Men'S Athletic Footwear,43,109,4687,Outlet
Kohl'S,2021-02-23,Midwest,Montana,Women'S Athletic Footwear,44,105,4620,Online
Kohl'S,2021-05-27,West,New Mexico,Women'S Athletic Footwear,43,109,4687,Outlet
Sports Direct,2021-10-22,Northeast,Maryland,Men'S Street Footwear,52,113,5876,Online
Foot Locker,2021-06-08,Midwest,Nebraska,Men'S Street Footwear,38,105,3990,Online
Sports Direct,2021-10-13,Southeast,Georgia,Women'S Apparel,46,109,5014,Outlet
Sports Direct,2021-05-03,Northeast,Connecticut,Women'S Apparel,55,113,6215,Online
Sports Direct,2021-08-16,South,Alabama,Women'S Athletic Footwear,33,105,3465,Online
Sports Direct,2021-10-05,Northeast,Connecticut,Men'S Street Footwear,59,113,6667,Online
Walmart,2021-09-11,West,Hawaii,Women'S Street Footwear,64,105,6720,Online
Walmart,2021-10-18,South,Mississippi,Women'S Athletic Footwear,20,109,2180,Outlet
Walmart,2021-09-11,West,Hawaii,Women'S Apparel,56,105,5880,Online
Amazon,2021-07-10,Northeast,Vermont,Women'S Street Footwear,33,109,3597,Outlet
Foot Locker,2021-01-24,West,Wyoming,Men'S Athletic Footwear,36,105,3780,Online
Kohl'S,2021-08-13,Midwest,Kansas,Women'S Street Footwear,47,102,4794,Online
Foot Locker,2021-02-24,West,Wyoming,Men'S Athletic Footwear,36,105,3780,Online
Amazon,2021-06-19,Northeast,New Hampshire,Women'S Street Footwear,43,109,4687,Outlet
Foot Locker,2021-04-18,Midwest,Missouri,Women'S Apparel,28,105,2940,Online
Amazon,2021-11-14,Northeast,Massachusetts,Men'S Street Footwear,62,113,7006,Online
West Gear,2020-02-18,West,Nevada,Women'S Apparel,78,108,8424,Online
Foot Locker,2021-05-19,Midwest,Missouri,Women'S Apparel,45,105,4725,Online
Amazon,2021-12-10,Northeast,Vermont,Women'S Street Footwear,55,113,6215,Online
West Gear,2020-03-06,West,Nevada,Women'S Athletic Footwear,56,108,6048,Online
West Gear,2021-08-11,West,Utah,Men'S Apparel,29,105,3045,Online
Sports Direct,2021-08-15,South,Texas,Men'S Apparel,26,113,2938,Outlet
West Gear,2020-06-20,West,Washington,Men'S Athletic Footwear,60,108,6480,Online
West Gear,2021-01-24,West,Utah,Men'S Athletic Footwear,39,105,4095,Online
West Gear,2021-08-03,Midwest,Wisconsin,Women'S Apparel,52,102,5304,Online
West Gear,2021-01-24,West,Utah,Women'S Street Footwear,39,105,4095,Online
West Gear,2021-12-02,Midwest,Wisconsin,Men'S Athletic Footwear,49,102,4998,Online
West Gear,2020-02-27,West,Nevada,Women'S Street Footwear,47,113,5311,Outlet
West Gear,2021-05-25,West,Oregon,Men'S Athletic Footwear,50,105,5250,Online
West Gear,2020-07-12,West,Washington,Women'S Apparel,76,108,8208,Online
Foot Locker,2021-12-16,Northeast,West Virginia,Women'S Athletic Footwear,53,102,5406,Online
Sports Direct,2021-08-10,South,Alabama,Women'S Athletic Footwear,24,113,2712,Outlet
West Gear,2021-10-24,West,Oregon,Women'S Apparel,58,105,6090,Online
Kohl'S,2021-01-26,Midwest,Montana,Women'S Apparel,59,108,6372,Online
Sports Direct,2021-07-20,Northeast,Maryland,Women'S Apparel,54,102,5508,Online
Walmart,2021-04-17,Southeast,Florida,Women'S Apparel,57,113,6441,Outlet
West Gear,2021-02-17,South,Louisiana,Women'S Apparel,44,105,4620,Online
Foot Locker,2021-07-13,Northeast,Delaware,Women'S Street Footwear,41,102,4182,Online
West Gear,2021-04-17,South,Louisiana,Women'S Street Footwear,52,105,5460,Online
Kohl'S,2021-05-06,Northeast,New Jersey,Women'S Apparel,51,102,5202,Online
West Gear,2021-04-17,South,Louisiana,Women'S Apparel,55,105,5775,Online
Amazon,2021-07-17,Northeast,New Hampshire,Men'S Apparel,60,102,6120,Online
West Gear,2021-10-17,South,Louisiana,Women'S Athletic Footwear,36,105,3780,Online
Foot Locker,2021-12-04,Northeast,Pennsylvania,Men'S Athletic Footwear,44,102,4488,Outlet
Foot Locker,2021-03-06,West,Idaho,Women'S Athletic Footwear,33,105,3465,Online
Foot Locker,2021-03-23,Southeast,Virginia,Women'S Apparel,35,102,3570,Outlet
Foot Locker,2021-02-23,West,Idaho,Women'S Street Footwear,38,105,3990,Online
West Gear,2021-08-17,South,Louisiana,Women'S Apparel,46,102,4692,Outlet
Foot Locker,2021-09-24,West,Arizona,Men'S Apparel,54,105,5670,Online
Foot Locker,2021-10-23,West,Arizona,Women'S Athletic Footwear,32,102,3264,Outlet
Foot Locker,2021-11-23,West,Arizona,Women'S Street Footwear,44,105,4620,Online
Sports Direct,2021-10-13,Southeast,Georgia,Men'S Apparel,41,102,4182,Outlet
Kohl'S,2021-10-26,West,New Mexico,Women'S Street Footwear,48,105,5040,Online
Sports Direct,2021-01-23,South,Mississippi,Women'S Athletic Footwear,13,102,1326,Outlet
Kohl'S,2021-10-26,West,New Mexico,Women'S Apparel,68,105,7140,Online
Walmart,2021-04-20,South,Arkansas,Men'S Athletic Footwear,20,102,2040,Outlet
Sports Direct,2021-04-13,Southeast,Georgia,Women'S Apparel,63,105,6615,Online
West Gear,2021-11-20,South,Arkansas,Women'S Street Footwear,19,102,1938,Outlet
Sports Direct,2021-10-13,Southeast,Georgia,Women'S Street Footwear,42,105,4410,Online
West Gear,2021-06-21,South,Oklahoma,Women'S Athletic Footwear,29,102,2958,Outlet
Walmart,2021-10-18,South,Mississippi,Women'S Athletic Footwear,23,105,2415,Online
Sports Direct,2021-12-06,Northeast,Rhode Island,Men'S Athletic Footwear,37,102,3774,Outlet
Sports Direct,2021-02-21,South,Mississippi,Men'S Athletic Footwear,24,105,2520,Online
Amazon,2021-11-14,Northeast,Massachusetts,Men'S Athletic Footwear,40,102,4080,Outlet
Kohl'S,2021-11-20,South,Oklahoma,Women'S Apparel,72,105,7560,Online
Amazon,2021-06-12,Northeast,Vermont,Women'S Athletic Footwear,38,102,3876,Outlet
West Gear,2021-12-09,Midwest,Indiana,Women'S Street Footwear,49,105,5145,Online
West Gear,2021-11-11,Northeast,Vermont,Women'S Street Footwear,46,102,4692,Outlet
West Gear,2021-02-17,Northeast,West Virginia,Women'S Apparel,24,105,2520,Online
West Gear,2020-07-24,West,Washington,Women'S Apparel,71,101,7171,Online
Foot Locker,2021-08-14,Northeast,Delaware,Women'S Street Footwear,42,105,4410,Online
Kohl'S,2021-01-16,Midwest,Montana,Men'S Athletic Footwear,43,101,4343,Online
Kohl'S,2021-06-08,Northeast,New Jersey,Men'S Athletic Footwear,44,105,4620,Online
Kohl'S,2021-01-20,Midwest,Montana,Women'S Apparel,55,101,5555,Online
Kohl'S,2021-08-07,Northeast,New Jersey,Women'S Apparel,52,105,5460,Online
Sports Direct,2021-03-25,South,Tennessee,Women'S Athletic Footwear,33,101,3333,Online
Foot Locker,2021-07-22,West,Arizona,Women'S Athletic Footwear,36,113,4068,Outlet
Sports Direct,2021-12-06,Northeast,New Jersey,Men'S Athletic Footwear,49,105,5145,Online
West Gear,2021-01-10,Northeast,Maine,Women'S Street Footwear,43,101,4343,Online
Sports Direct,2021-08-04,Northeast,Connecticut,Women'S Apparel,55,105,5775,Online
Sports Direct,2021-03-12,Southeast,Georgia,Men'S Athletic Footwear,37,113,4181,Outlet
Amazon,2021-11-21,West,Alaska,Women'S Apparel,74,101,7474,Online
Sports Direct,2021-07-13,Northeast,Massachusetts,Men'S Athletic Footwear,49,105,5145,Online
Sports Direct,2021-04-13,Southeast,Georgia,Women'S Street Footwear,36,113,4068,Outlet
Foot Locker,2021-03-09,West,Hawaii,Women'S Street Footwear,57,101,5757,Online
Amazon,2021-12-13,Northeast,Massachusetts,Men'S Athletic Footwear,53,105,5565,Online
Sports Direct,2021-03-16,Southeast,Florida,Women'S Apparel,54,101,5454,Online
Amazon,2021-08-11,Northeast,Vermont,Women'S Street Footwear,48,105,5040,Online
Walmart,2021-08-20,South,Arkansas,Men'S Apparel,40,113,4520,Outlet
Foot Locker,2021-07-17,Midwest,Missouri,Women'S Athletic Footwear,29,101,2929,Online
Amazon,2021-08-18,Northeast,New Hampshire,Women'S Street Footwear,52,105,5460,Online
West Gear,2021-08-20,South,Oklahoma,Women'S Street Footwear,38,113,4294,Outlet
West Gear,2021-02-11,Midwest,Missouri,Men'S Athletic Footwear,24,101,2424,Online
Foot Locker,2021-12-17,Northeast,New Hampshire,Men'S Apparel,74,105,7770,Online
West Gear,2021-02-11,West,Utah,Men'S Apparel,32,101,3232,Online
West Gear,2021-05-12,West,Utah,Men'S Athletic Footwear,29,101,2929,Online
Foot Locker,2021-10-08,Northeast,Rhode Island,Men'S Street Footwear,37,113,4181,Outlet
West Gear,2021-08-11,West,Utah,Women'S Athletic Footwear,19,101,1919,Online
Amazon,2021-12-13,Northeast,Massachusetts,Men'S Athletic Footwear,37,113,4181,Outlet
West Gear,2021-03-16,South,Louisiana,Men'S Athletic Footwear,51,101,5151,Online
Amazon,2021-08-18,Northeast,New Hampshire,Women'S Street Footwear,39,113,4407,Outlet
Sports Direct,2021-10-04,West,Idaho,Women'S Athletic Footwear,44,101,4444,Online
Foot Locker,2021-07-30,Midwest,Illinois,Men'S Street Footwear,55,112,6160,Online
Foot Locker,2021-11-26,Northeast,Pennsylvania,Women'S Apparel,52,105,5460,Outlet
Kohl'S,2021-02-25,Midwest,Montana,Women'S Apparel,58,108,6264,Online
West Gear,2020-01-29,West,Nevada,Women'S Athletic Footwear,47,105,4935,Outlet
Sports Direct,2021-03-19,South,Tennessee,Women'S Athletic Footwear,33,108,3564,Online
West Gear,2020-02-22,West,Nevada,Women'S Athletic Footwear,58,112,6496,Online
West Gear,2020-02-05,West,Nevada,Men'S Apparel,47,105,4935,Outlet
Sports Direct,2021-02-17,Southeast,Florida,Women'S Apparel,47,108,5076,Online
West Gear,2020-03-13,West,Nevada,Men'S Apparel,69,112,7728,Online
Sports Direct,2021-04-01,South,Tennessee,Men'S Apparel,20,105,2100,Outlet
Sports Direct,2021-09-21,South,Alabama,Women'S Athletic Footwear,44,105,4620,Outlet
Foot Locker,2021-11-18,Midwest,Missouri,Women'S Apparel,48,108,5184,Online
Sports Direct,2021-09-28,South,Alabama,Men'S Apparel,22,105,2310,Outlet
West Gear,2020-03-28,West,Colorado,Men'S Athletic Footwear,48,112,5376,Online
West Gear,2021-06-11,West,Utah,Women'S Athletic Footwear,19,108,2052,Online
West Gear,2020-07-16,West,Washington,Women'S Athletic Footwear,67,112,7504,Online
Walmart,2021-04-17,Southeast,Florida,Men'S Athletic Footwear,51,105,5355,Outlet
West Gear,2021-06-11,West,Utah,Men'S Apparel,34,108,3672,Online
Kohl'S,2021-01-14,Midwest,Montana,Women'S Apparel,42,112,4704,Online
Foot Locker,2021-05-25,Southeast,Virginia,Men'S Athletic Footwear,40,105,4200,Outlet
Kohl'S,2021-02-13,Midwest,Montana,Women'S Apparel,56,112,6272,Online
West Gear,2021-11-11,West,Utah,Men'S Athletic Footwear,20,108,2160,Online
West Gear,2021-01-24,West,Utah,Women'S Apparel,39,108,4212,Online
Foot Locker,2021-10-24,Southeast,Virginia,Men'S Apparel,42,105,4410,Outlet
West Gear,2021-06-24,West,Oregon,Men'S Apparel,86,108,9288,Online
West Gear,2021-03-10,West,Utah,Men'S Athletic Footwear,22,105,2310,Outlet
Sports Direct,2021-03-31,South,Tennessee,Women'S Athletic Footwear,23,112,2576,Online
Foot Locker,2021-07-22,West,Arizona,Women'S Athletic Footwear,48,101,4848,Online
West Gear,2021-09-12,West,Utah,Women'S Street Footwear,7,105,735,Outlet
Kohl'S,2021-04-26,West,New Mexico,Women'S Apparel,69,101,6969,Online
West Gear,2021-01-24,West,Utah,Women'S Street Footwear,31,105,3255,Outlet
West Gear,2021-10-17,South,Louisiana,Women'S Apparel,50,108,5400,Online
Sports Direct,2021-03-12,Southeast,Georgia,Men'S Athletic Footwear,46,101,4646,Online
Foot Locker,2021-07-08,Midwest,Nebraska,Men'S Street Footwear,38,112,4256,Online
Foot Locker,2021-06-23,West,Arizona,Women'S Athletic Footwear,38,105,3990,Outlet
Sports Direct,2021-05-14,Southeast,Georgia,Men'S Athletic Footwear,52,108,5616,Online
Amazon,2021-02-11,Midwest,Ohio,Women'S Athletic Footwear,29,101,2929,Online
Walmart,2021-10-18,South,Mississippi,Men'S Apparel,25,105,2625,Outlet
Foot Locker,2021-02-18,South,Mississippi,Men'S Apparel,39,108,4212,Online
Amazon,2021-04-10,Midwest,Ohio,Men'S Apparel,42,101,4242,Online
Amazon,2021-06-22,Southeast,Kentucky,Women'S Apparel,52,101,5252,Online
Foot Locker,2021-01-20,Southeast,Kentucky,Women'S Athletic Footwear,23,101,2323,Online
West Gear,2021-11-20,South,Arkansas,Men'S Apparel,56,105,5880,Outlet
Foot Locker,2021-04-17,South,Mississippi,Women'S Street Footwear,14,101,1414,Online
Foot Locker,2021-05-16,South,Mississippi,Women'S Athletic Footwear,33,101,3333,Online
Walmart,2021-09-16,South,Mississippi,Men'S Apparel,29,108,3132,Online
West Gear,2021-01-23,South,Arkansas,Women'S Apparel,23,101,2323,Online
West Gear,2021-12-09,Midwest,Indiana,Men'S Athletic Footwear,49,108,5292,Online
Kohl'S,2021-12-19,South,Oklahoma,Women'S Street Footwear,55,101,5555,Online
West Gear,2021-07-09,Midwest,Indiana,Women'S Apparel,54,101,5454,Online
Kohl'S,2021-08-07,Northeast,New Jersey,Men'S Athletic Footwear,42,101,4242,Online
Sports Direct,2021-11-07,Northeast,New Jersey,Men'S Street Footwear,59,108,6372,Online
Sports Direct,2021-12-06,Northeast,New Jersey,Women'S Apparel,59,101,5959,Online
Sports Direct,2021-08-04,Northeast,Connecticut,Men'S Athletic Footwear,48,108,5184,Online
Amazon,2021-06-22,West,Alaska,Men'S Athletic Footwear,55,112,6160,Online
Foot Locker,2021-12-03,Northeast,Connecticut,Men'S Athletic Footwear,51,101,5151,Online
Foot Locker,2021-12-17,Northeast,New Hampshire,Women'S Street Footwear,62,108,6696,Online
Amazon,2021-12-20,West,Alaska,Men'S Athletic Footwear,60,112,6720,Online
Sports Direct,2021-06-15,Northeast,Massachusetts,Women'S Apparel,54,101,5454,Online
Sports Direct,2021-09-02,South,Texas,Men'S Apparel,26,107,2782,Outlet
Walmart,2021-10-17,Southeast,Florida,Women'S Street Footwear,55,112,6160,Online
Foot Locker,2021-10-24,Southeast,Virginia,Women'S Athletic Footwear,31,101,3131,Outlet
West Gear,2020-03-01,West,Nevada,Men'S Apparel,48,107,5136,Outlet
Kohl'S,2021-03-10,West,Wyoming,Women'S Athletic Footwear,33,112,3696,Online
West Gear,2021-05-18,South,Louisiana,Women'S Athletic Footwear,33,101,3333,Outlet
Kohl'S,2021-01-26,West,Arizona,Women'S Athletic Footwear,30,101,3030,Outlet
Walmart,2021-05-18,Southeast,Florida,Women'S Athletic Footwear,39,107,4173,Outlet
Kohl'S,2021-10-21,South,Oklahoma,Women'S Apparel,22,101,2222,Outlet
Amazon,2021-01-14,Northeast,Massachusetts,Women'S Street Footwear,27,101,2727,Outlet
Sports Direct,2021-10-17,Midwest,Michigan,Men'S Apparel,48,112,5376,Online
Amazon,2021-12-10,Northeast,Vermont,Women'S Athletic Footwear,44,101,4444,Outlet
Foot Locker,2021-02-24,Southeast,Virginia,Women'S Apparel,30,107,3210,Outlet
Amazon,2021-01-21,Northeast,Vermont,Women'S Street Footwear,28,101,2828,Outlet
West Gear,2021-04-11,West,Utah,Women'S Street Footwear,10,107,1070,Outlet
Amazon,2021-01-21,Northeast,Vermont,Women'S Apparel,35,101,3535,Outlet
West Gear,2021-11-11,West,Utah,Women'S Street Footwear,14,107,1498,Outlet
West Gear,2021-03-10,West,Utah,Women'S Street Footwear,18,112,2016,Online
Amazon,2021-04-18,Northeast,New Hampshire,Women'S Apparel,33,101,3333,Outlet
West Gear,2021-04-17,South,Louisiana,Men'S Athletic Footwear,36,107,3852,Outlet
West Gear,2021-04-11,West,Utah,Women'S Apparel,24,112,2688,Online
Amazon,2021-05-17,Northeast,New Hampshire,Women'S Street Footwear,42,101,4242,Outlet
Foot Locker,2021-03-22,West,Arizona,Women'S Apparel,37,107,3959,Outlet
Foot Locker,2021-06-22,Midwest,Illinois,Men'S Apparel,60,100,6000,Outlet
West Gear,2021-06-11,West,Utah,Men'S Athletic Footwear,24,112,2688,Online
West Gear,2021-12-10,West,Utah,Women'S Athletic Footwear,27,112,3024,Online
West Gear,2021-12-10,West,Utah,Men'S Apparel,38,112,4256,Online
West Gear,2021-06-21,South,Oklahoma,Men'S Apparel,41,105,4305,Outlet
Foot Locker,2021-06-27,Midwest,Illinois,Women'S Athletic Footwear,50,100,5000,Outlet
Foot Locker,2021-10-23,West,Arizona,Women'S Apparel,47,107,5029,Outlet
West Gear,2021-08-20,South,Oklahoma,Men'S Apparel,40,105,4200,Outlet
Foot Locker,2021-11-18,Northeast,Pennsylvania,Women'S Athletic Footwear,55,100,5500,Outlet
West Gear,2021-01-17,West,Oregon,Women'S Street Footwear,43,112,4816,Online
Kohl'S,2021-01-16,South,Oklahoma,Men'S Athletic Footwear,16,105,1680,Outlet
Foot Locker,2021-12-18,Northeast,Pennsylvania,Women'S Athletic Footwear,50,100,5000,Outlet
Foot Locker,2021-11-04,Northeast,Connecticut,Men'S Athletic Footwear,37,105,3885,Outlet
Foot Locker,2021-12-19,Northeast,Pennsylvania,Men'S Apparel,60,100,6000,Outlet
Foot Locker,2020-10-20,Southeast,Florida,Women'S Athletic Footwear,30,100,3000,In-Store
Foot Locker,2020-11-05,Midwest,Minnesota,Men'S Athletic Footwear,40,100,4000,In-Store
Foot Locker,2021-06-08,Northeast,Rhode Island,Men'S Athletic Footwear,35,105,3675,Outlet
Walmart,2021-03-19,South,Arkansas,Men'S Athletic Footwear,14,107,1498,Outlet
Sports Direct,2021-11-07,Northeast,Rhode Island,Men'S Street Footwear,40,105,4200,Outlet
West Gear,2021-06-21,South,Oklahoma,Women'S Street Footwear,27,107,2889,Outlet
West Gear,2021-07-19,South,Oklahoma,Women'S Athletic Footwear,36,107,3852,Outlet
Sports Direct,2021-07-13,Northeast,Massachusetts,Men'S Athletic Footwear,36,105,3780,Outlet
Foot Locker,2020-11-06,Midwest,Minnesota,Women'S Street Footwear,30,100,3000,In-Store
Sports Direct,2021-08-04,Northeast,Connecticut,Women'S Street Footwear,36,107,3852,Outlet
Amazon,2021-12-13,Northeast,Massachusetts,Women'S Athletic Footwear,43,105,4515,Outlet
Foot Locker,2020-12-12,Midwest,Minnesota,Women'S Street Footwear,35,100,3500,Outlet
Amazon,2021-01-14,Northeast,Massachusetts,Men'S Athletic Footwear,36,107,3852,Outlet
Amazon,2021-06-12,Northeast,Vermont,Men'S Apparel,44,105,4620,Outlet
Foot Locker,2021-06-03,Midwest,Nebraska,Men'S Athletic Footwear,40,100,4000,Outlet
Amazon,2021-03-17,Northeast,New Hampshire,Women'S Street Footwear,32,105,3360,Outlet
Foot Locker,2021-06-16,Midwest,Nebraska,Women'S Street Footwear,35,100,3500,Outlet
Foot Locker,2021-07-06,Midwest,Nebraska,Men'S Apparel,40,100,4000,Outlet
Amazon,2021-02-12,Northeast,Vermont,Women'S Apparel,35,107,3745,Outlet
Foot Locker,2021-01-24,Northeast,New Hampshire,Women'S Apparel,41,105,4305,Outlet
Amazon,2021-07-17,Northeast,New Hampshire,Women'S Athletic Footwear,39,107,4173,Outlet
Foot Locker,2021-12-15,Northeast,Pennsylvania,Men'S Street Footwear,55,104,5720,Online
Kohl'S,2021-03-23,West,California,Men'S Apparel,46,106,4876,Online
Foot Locker,2021-07-10,Midwest,Nebraska,Women'S Street Footwear,20,100,2000,Outlet
West Gear,2020-03-05,West,Nevada,Women'S Street Footwear,55,106,5830,Online
Foot Locker,2021-07-24,Midwest,Nebraska,Men'S Apparel,50,100,5000,Outlet
West Gear,2020-05-07,West,Colorado,Women'S Apparel,65,106,6890,Online
West Gear,2020-01-16,West,Nevada,Women'S Street Footwear,52,104,5408,Online
Amazon,2021-10-15,South,Alabama,Women'S Athletic Footwear,35,100,3500,Outlet
West Gear,2020-01-27,West,Nevada,Men'S Athletic Footwear,60,104,6240,Online
Amazon,2021-10-28,Northeast,Maine,Men'S Apparel,50,100,5000,Outlet
Sports Direct,2021-08-18,South,Alabama,Women'S Apparel,34,104,3536,Online
Foot Locker,2020-11-16,Midwest,Minnesota,Men'S Street Footwear,44,106,4664,Online
Amazon,2021-10-19,Northeast,Maine,Women'S Athletic Footwear,55,100,5500,Outlet
Kohl'S,2021-01-22,Midwest,Montana,Men'S Athletic Footwear,41,106,4346,Online
Amazon,2021-08-21,West,Alaska,Women'S Apparel,67,104,6968,Online
Kohl'S,2021-01-30,Midwest,Montana,Women'S Athletic Footwear,38,106,4028,Online
Walmart,2021-11-10,West,Hawaii,Women'S Athletic Footwear,60,104,6240,Online
West Gear,2021-05-18,South,Louisiana,Women'S Street Footwear,49,112,5488,Online
Walmart,2021-10-17,Southeast,Florida,Women'S Apparel,65,104,6760,Online
West Gear,2021-10-17,South,Louisiana,Men'S Street Footwear,34,112,3808,Online
Foot Locker,2021-08-23,West,Arizona,Women'S Athletic Footwear,52,112,5824,Online
Kohl'S,2021-02-11,Midwest,Montana,Women'S Athletic Footwear,41,106,4346,Online
Kohl'S,2021-03-25,West,New Mexico,Men'S Athletic Footwear,51,112,5712,Online
Foot Locker,2021-06-24,Southeast,Virginia,Men'S Apparel,81,104,8424,Online
Kohl'S,2021-02-12,Midwest,Montana,Men'S Apparel,52,106,5512,Online
Kohl'S,2021-03-25,West,New Mexico,Women'S Street Footwear,52,112,5824,Online
West Gear,2021-10-11,West,Utah,Women'S Apparel,32,104,3328,Online
Sports Direct,2021-04-07,South,Tennessee,Men'S Apparel,41,106,4346,Online
Sports Direct,2021-09-05,West,Idaho,Men'S Apparel,50,104,5200,Online
Sports Direct,2021-02-13,West,New Mexico,Men'S Athletic Footwear,37,112,4144,Online
Amazon,2021-08-21,West,Alaska,Men'S Athletic Footwear,56,106,5936,Online
Kohl'S,2021-02-26,West,New Mexico,Women'S Apparel,41,104,4264,Online
Amazon,2021-10-11,Midwest,Ohio,Women'S Athletic Footwear,29,112,3248,Online
Sports Direct,2021-02-13,West,New Mexico,Women'S Street Footwear,37,104,3848,Online
West Gear,2021-03-08,Northeast,New York,Women'S Athletic Footwear,39,106,4134,Online
West Gear,2021-12-19,South,Arkansas,Men'S Apparel,64,112,7168,Online
Walmart,2021-06-21,South,Arkansas,Women'S Street Footwear,38,104,3952,Online
Kohl'S,2021-04-11,West,Wyoming,Men'S Apparel,47,106,4982,Online
Foot Locker,2021-12-12,Midwest,Kansas,Women'S Apparel,68,112,7616,Online
Foot Locker,2021-08-24,Southeast,Virginia,Men'S Apparel,64,106,6784,Online
Foot Locker,2021-10-06,Midwest,Iowa,Men'S Street Footwear,43,112,4816,Online
Walmart,2021-08-20,South,Arkansas,Women'S Athletic Footwear,39,104,4056,Online
West Gear,2021-11-06,Midwest,Iowa,Men'S Street Footwear,41,112,4592,Online
West Gear,2021-10-21,South,Arkansas,Women'S Apparel,29,104,3016,Online
West Gear,2021-12-16,Northeast,West Virginia,Women'S Street Footwear,50,112,5600,Online
Kohl'S,2021-12-13,Northeast,Delaware,Men'S Athletic Footwear,50,100,5000,Online
Foot Locker,2021-10-12,Midwest,South Dakota,Men'S Street Footwear,54,104,5616,Online
Amazon,2021-12-10,Northeast,Vermont,Men'S Athletic Footwear,55,100,5500,Online
Sports Direct,2021-07-03,Northeast,Connecticut,Men'S Athletic Footwear,48,112,5376,Online
Sports Direct,2021-11-12,Midwest,South Dakota,Men'S Street Footwear,53,104,5512,Online
Amazon,2021-10-19,Northeast,Maine,Men'S Apparel,65,100,6500,Outlet
Foot Locker,2021-11-28,Northeast,Pennsylvania,Men'S Athletic Footwear,45,99,4455,Outlet
Foot Locker,2021-12-03,Northeast,Connecticut,Women'S Apparel,67,112,7504,Online
West Gear,2021-11-03,Midwest,Wisconsin,Men'S Street Footwear,41,104,4264,Online
Foot Locker,2021-03-23,Southeast,Virginia,Men'S Apparel,55,100,5500,In-Store
Walmart,2021-09-18,Southeast,Florida,Women'S Apparel,42,99,4158,Outlet
Foot Locker,2021-05-13,Northeast,Delaware,Women'S Apparel,54,104,5616,Online
West Gear,2021-03-23,West,Oregon,Men'S Apparel,55,100,5500,In-Store
Foot Locker,2021-11-23,West,Arizona,Men'S Apparel,44,99,4356,Outlet
Amazon,2021-08-11,Northeast,Vermont,Women'S Apparel,61,104,6344,Online
Amazon,2021-03-21,Southeast,Kentucky,Women'S Athletic Footwear,40,100,4000,Online
Sports Direct,2021-01-13,West,New Mexico,Women'S Athletic Footwear,28,99,2772,Outlet
Amazon,2021-04-22,Southeast,Kentucky,Women'S Athletic Footwear,45,100,4500,Online
Walmart,2021-10-21,South,Arkansas,Women'S Street Footwear,16,99,1584,Outlet
Kohl'S,2021-03-12,Midwest,Kansas,Women'S Athletic Footwear,20,100,2000,Online
Foot Locker,2021-11-18,Northeast,New Hampshire,Women'S Street Footwear,63,104,6552,Online
Foot Locker,2021-12-03,Northeast,Connecticut,Men'S Apparel,42,99,4158,Outlet
Amazon,2021-10-12,Northeast,Vermont,Men'S Athletic Footwear,44,99,4356,Outlet
Amazon,2021-03-17,Northeast,New Hampshire,Women'S Apparel,36,99,3564,Outlet
Foot Locker,2021-03-16,South,Mississippi,Men'S Apparel,25,104,2600,Outlet
Foot Locker,2021-10-19,Northeast,New Hampshire,Men'S Athletic Footwear,44,99,4356,Outlet
Foot Locker,2021-02-12,Midwest,South Dakota,Women'S Athletic Footwear,35,100,3500,Online
Walmart,2021-09-19,South,Arkansas,Women'S Athletic Footwear,12,104,1248,Outlet
Foot Locker,2021-01-24,Northeast,New Hampshire,Women'S Street Footwear,35,99,3465,Outlet
Foot Locker,2021-04-12,Midwest,South Dakota,Men'S Apparel,60,100,6000,Online
Sports Direct,2021-05-13,Northeast,Massachusetts,Women'S Apparel,43,104,4472,Outlet
Foot Locker,2021-12-02,Northeast,Pennsylvania,Women'S Apparel,64,98,6272,Online
Foot Locker,2021-05-13,Midwest,South Dakota,Women'S Athletic Footwear,45,100,4500,Online
Amazon,2021-01-14,Northeast,Massachusetts,Women'S Apparel,34,104,3536,Outlet
West Gear,2020-04-07,West,Colorado,Women'S Apparel,72,98,7056,Online
Sports Direct,2021-02-09,Midwest,North Dakota,Women'S Athletic Footwear,30,100,3000,Online
Amazon,2021-06-12,Northeast,Vermont,Women'S Street Footwear,35,104,3640,Outlet
West Gear,2020-04-10,West,Colorado,Women'S Street Footwear,59,98,5782,Online
Sports Direct,2021-04-09,Midwest,North Dakota,Men'S Apparel,60,100,6000,In-Store
West Gear,2020-07-22,West,Washington,Women'S Athletic Footwear,58,98,5684,Online
Foot Locker,2020-11-27,Midwest,Minnesota,Women'S Apparel,54,98,5292,Online
Sports Direct,2021-05-10,Midwest,North Dakota,Women'S Athletic Footwear,40,100,4000,In-Store
Foot Locker,2020-12-10,Midwest,Minnesota,Men'S Street Footwear,41,98,4018,Online
Amazon,2021-12-13,Northeast,Massachusetts,Women'S Apparel,65,112,7280,Online
Amazon,2021-12-10,Northeast,Vermont,Men'S Apparel,48,104,4992,Outlet
Kohl'S,2020-12-31,Midwest,Minnesota,Women'S Athletic Footwear,44,98,4312,Online
Foot Locker,2021-03-23,Southeast,Virginia,Women'S Street Footwear,43,112,4816,Outlet
Amazon,2021-06-19,Northeast,New Hampshire,Women'S Athletic Footwear,37,104,3848,Outlet
Kohl'S,2021-02-24,Midwest,Montana,Men'S Apparel,54,98,5292,Online
Foot Locker,2021-01-06,Midwest,North Dakota,Women'S Athletic Footwear,25,100,2500,In-Store
Amazon,2021-09-17,Northeast,New Hampshire,Women'S Apparel,53,104,5512,Outlet
Sports Direct,2021-05-06,South,Tennessee,Women'S Athletic Footwear,38,98,3724,Online
Foot Locker,2021-03-05,Midwest,Iowa,Women'S Athletic Footwear,15,100,1500,In-Store
West Gear,2021-03-23,West,Oregon,Women'S Street Footwear,41,112,4592,Outlet
Foot Locker,2021-11-04,Northeast,Connecticut,Women'S Street Footwear,36,103,3708,Outlet
Sports Direct,2021-08-10,South,Alabama,Women'S Athletic Footwear,32,98,3136,Online
Foot Locker,2021-04-06,Midwest,Iowa,Women'S Athletic Footwear,15,100,1500,In-Store
West Gear,2020-01-21,West,Nevada,Men'S Athletic Footwear,62,102,6324,Online
West Gear,2021-10-17,South,Louisiana,Men'S Apparel,39,112,4368,Outlet
Amazon,2021-11-18,Northeast,Maine,Men'S Street Footwear,62,98,6076,Online
West Gear,2021-01-03,Midwest,Iowa,Women'S Athletic Footwear,25,100,2500,In-Store
West Gear,2020-05-10,West,Colorado,Women'S Street Footwear,51,102,5202,Online
West Gear,2021-01-10,Northeast,Maine,Men'S Street Footwear,33,98,3234,Online
West Gear,2021-04-03,Midwest,Wisconsin,Men'S Apparel,60,100,6000,In-Store
Foot Locker,2021-02-10,West,Alaska,Men'S Athletic Footwear,42,98,4116,Online
Foot Locker,2021-05-11,West,Hawaii,Men'S Athletic Footwear,58,98,5684,Online
West Gear,2021-05-20,Northeast,Maryland,Women'S Athletic Footwear,40,100,4000,In-Store
Foot Locker,2021-05-11,West,Hawaii,Women'S Street Footwear,56,98,5488,Online
Amazon,2021-02-22,West,Alaska,Women'S Apparel,52,102,5304,Online
Walmart,2021-04-17,Southeast,Florida,Men'S Athletic Footwear,66,98,6468,Online
Amazon,2021-07-20,West,Alaska,Women'S Street Footwear,53,102,5406,Online
Sports Direct,2021-09-20,Northeast,Maryland,Women'S Athletic Footwear,40,100,4000,In-Store
Foot Locker,2021-07-13,Midwest,Illinois,Men'S Athletic Footwear,41,94,3854,Online
Amazon,2021-08-21,West,Alaska,Women'S Street Footwear,54,102,5508,Online
Sports Direct,2021-09-20,Northeast,Maryland,Men'S Apparel,50,100,5000,In-Store
Foot Locker,2021-02-10,West,Hawaii,Women'S Apparel,44,102,4488,Online
Foot Locker,2021-07-17,Midwest,Illinois,Women'S Apparel,50,94,4700,Online
Sports Direct,2021-10-22,Northeast,Maryland,Women'S Street Footwear,50,100,5000,In-Store
Sports Direct,2021-08-15,South,Texas,Men'S Apparel,37,94,3478,Online
Kohl'S,2021-02-08,Northeast,New Jersey,Women'S Athletic Footwear,30,100,3000,In-Store
West Gear,2020-01-19,West,Nevada,Women'S Apparel,54,94,5076,Online
West Gear,2020-03-02,West,Nevada,Women'S Apparel,68,94,6392,Online
Walmart,2021-10-17,Southeast,Florida,Men'S Apparel,59,98,5782,Online
Kohl'S,2021-04-07,Northeast,New Jersey,Women'S Athletic Footwear,30,100,3000,In-Store
West Gear,2020-04-03,West,Colorado,Men'S Athletic Footwear,59,94,5546,Online
Foot Locker,2021-05-25,Southeast,Virginia,Men'S Athletic Footwear,51,98,4998,Online
Kohl'S,2021-04-07,Northeast,New Jersey,Men'S Apparel,45,100,4500,In-Store
Foot Locker,2021-10-24,Southeast,Virginia,Women'S Athletic Footwear,41,98,4018,Online
Foot Locker,2021-01-18,Midwest,Michigan,Men'S Apparel,39,98,3822,Online
West Gear,2020-07-23,West,Washington,Men'S Apparel,69,94,6486,Online
West Gear,2021-01-11,Midwest,Missouri,Men'S Apparel,33,98,3234,Online
Foot Locker,2021-07-14,Midwest,Nebraska,Men'S Street Footwear,36,94,3384,Online
Sports Direct,2021-03-03,Northeast,Connecticut,Women'S Athletic Footwear,35,100,3500,In-Store
Foot Locker,2021-10-24,Southeast,Virginia,Men'S Street Footwear,38,102,3876,Online
West Gear,2021-04-11,West,Utah,Women'S Street Footwear,14,98,1372,Online
Foot Locker,2021-02-10,West,Alaska,Women'S Street Footwear,44,94,4136,Online
Foot Locker,2021-09-06,Northeast,Rhode Island,Women'S Athletic Footwear,40,100,4000,In-Store
West Gear,2021-05-12,West,Utah,Women'S Street Footwear,25,98,2450,Online
Foot Locker,2021-04-10,West,Hawaii,Women'S Apparel,66,94,6204,Online
Foot Locker,2021-09-06,Northeast,Rhode Island,Men'S Apparel,50,100,5000,In-Store
West Gear,2021-01-24,West,Utah,Men'S Street Footwear,27,98,2646,Online
Foot Locker,2021-10-24,Southeast,Virginia,Women'S Apparel,59,102,6018,Online
Foot Locker,2021-10-08,Northeast,Rhode Island,Women'S Street Footwear,50,100,5000,In-Store
Sports Direct,2021-03-15,Midwest,Michigan,Men'S Apparel,43,94,4042,Online
Foot Locker,2021-05-24,West,Arizona,Women'S Apparel,64,98,6272,Online
Foot Locker,2021-02-18,Midwest,Michigan,Men'S Athletic Footwear,28,94,2632,Online
Foot Locker,2021-11-23,West,Arizona,Women'S Athletic Footwear,42,98,4116,Online
Kohl'S,2021-03-25,West,New Mexico,Women'S Apparel,50,98,4900,Online
Foot Locker,2021-03-17,Midwest,Missouri,Women'S Apparel,34,102,3468,Online
Sports Direct,2021-01-17,Northeast,Rhode Island,Women'S Athletic Footwear,35,100,3500,In-Store
Kohl'S,2021-04-26,West,New Mexico,Men'S Athletic Footwear,59,98,5782,Online
Foot Locker,2021-06-18,Midwest,Missouri,Men'S Apparel,38,102,3876,Online
Sports Direct,2021-03-13,Northeast,Massachusetts,Men'S Apparel,50,100,5000,In-Store
West Gear,2021-03-10,West,Utah,Men'S Athletic Footwear,28,102,2856,Online
West Gear,2021-10-24,West,Oregon,Men'S Street Footwear,38,102,3876,Online
Sports Direct,2021-10-15,Northeast,Massachusetts,Women'S Athletic Footwear,55,100,5500,In-Store
Foot Locker,2021-04-23,West,Arizona,Women'S Street Footwear,50,102,5100,Online
Sports Direct,2021-10-15,Northeast,Massachusetts,Men'S Apparel,65,100,6500,In-Store
Foot Locker,2021-07-17,Midwest,Missouri,Men'S Apparel,37,94,3478,Online
Sports Direct,2021-10-08,South,Texas,Men'S Apparel,36,100,3600,Online
West Gear,2021-04-11,West,Utah,Men'S Athletic Footwear,25,94,2350,Online
Foot Locker,2021-04-23,West,Arizona,Women'S Apparel,67,94,6298,Online
Sports Direct,2021-10-13,Southeast,Georgia,Women'S Apparel,64,102,6528,Online
Foot Locker,2021-08-23,West,Arizona,Women'S Apparel,65,94,6110,Online
West Gear,2020-05-01,West,Colorado,Women'S Apparel,74,100,7400,Online
Sports Direct,2021-04-13,Southeast,Georgia,Women'S Street Footwear,50,94,4700,Online
West Gear,2020-05-05,West,Colorado,Women'S Athletic Footwear,59,100,5900,Online
Sports Direct,2021-11-13,Southeast,Georgia,Men'S Apparel,60,102,6120,Online
Amazon,2021-09-23,Southeast,Kentucky,Men'S Athletic Footwear,44,94,4136,Online
Kohl'S,2021-02-18,Midwest,Montana,Men'S Apparel,50,100,5000,Online
Amazon,2021-04-10,Midwest,Ohio,Women'S Athletic Footwear,24,102,2448,Online
Walmart,2021-09-19,South,Arkansas,Men'S Apparel,23,94,2162,Online
Walmart,2021-03-19,South,Arkansas,Women'S Apparel,24,102,2448,Online
West Gear,2021-11-20,South,Arkansas,Men'S Athletic Footwear,14,94,1316,Online
Sports Direct,2021-04-30,South,Tennessee,Women'S Athletic Footwear,53,100,5300,Online
West Gear,2021-04-20,South,Oklahoma,Women'S Apparel,28,94,2632,Online
Amazon,2021-05-20,West,Alaska,Women'S Apparel,67,100,6700,Online
West Gear,2021-07-19,South,Oklahoma,Women'S Street Footwear,44,94,4136,Online
Sports Direct,2021-03-16,Southeast,Florida,Men'S Athletic Footwear,58,100,5800,Online
Kohl'S,2021-12-19,South,Oklahoma,Women'S Athletic Footwear,54,94,5076,Online
Kohl'S,2021-05-12,Midwest,Kansas,Women'S Apparel,42,94,3948,Online
Kohl'S,2021-02-26,West,New Mexico,Women'S Athletic Footwear,29,91,2639,Outlet
Kohl'S,2021-06-14,Midwest,Kansas,Men'S Athletic Footwear,32,94,3008,Online
Walmart,2021-10-17,Southeast,Florida,Men'S Street Footwear,47,100,4700,Online
Walmart,2021-10-21,South,Arkansas,Men'S Apparel,21,91,1911,Outlet
Kohl'S,2021-09-12,Midwest,Kansas,Women'S Apparel,29,94,2726,Online
Foot Locker,2021-09-19,Midwest,Missouri,Men'S Athletic Footwear,28,100,2800,Online
West Gear,2021-01-23,South,Arkansas,Men'S Apparel,23,91,2093,Outlet
Foot Locker,2021-06-12,Midwest,South Dakota,Women'S Apparel,50,94,4700,Online
West Gear,2021-03-10,West,Utah,Women'S Apparel,29,100,2900,Online
West Gear,2021-09-19,South,Oklahoma,Women'S Street Footwear,12,91,1092,Outlet
Sports Direct,2021-06-05,Northeast,Connecticut,Men'S Apparel,36,91,3276,Outlet
West Gear,2021-10-11,West,Utah,Men'S Athletic Footwear,19,100,1900,Online
Amazon,2021-11-14,Northeast,Massachusetts,Women'S Street Footwear,44,91,4004,Outlet
West Gear,2021-01-17,West,Oregon,Men'S Street Footwear,33,100,3300,Online
Amazon,2021-05-10,Northeast,Vermont,Men'S Apparel,46,91,4186,Outlet
Amazon,2021-11-11,Northeast,Vermont,Men'S Apparel,50,91,4550,Outlet
West Gear,2021-01-17,West,Oregon,Men'S Athletic Footwear,42,100,4200,Online
Amazon,2021-05-17,Northeast,New Hampshire,Women'S Athletic Footwear,41,91,3731,Outlet
West Gear,2021-05-18,South,Louisiana,Men'S Athletic Footwear,47,100,4700,Online
Sports Direct,2021-02-13,Southeast,Georgia,Women'S Apparel,37,98,3626,Online
Foot Locker,2021-11-28,Northeast,Pennsylvania,Men'S Athletic Footwear,55,90,4950,Online
West Gear,2021-10-17,South,Louisiana,Women'S Street Footwear,42,100,4200,Online
Amazon,2021-03-09,Midwest,Ohio,Women'S Athletic Footwear,24,98,2352,Online
West Gear,2020-01-29,West,Nevada,Women'S Athletic Footwear,57,90,5130,Online
Sports Direct,2021-09-14,Southeast,Georgia,Men'S Apparel,54,100,5400,Online
Foot Locker,2021-12-21,Southeast,Kentucky,Men'S Athletic Footwear,52,98,5096,Online
West Gear,2020-03-30,West,Colorado,Women'S Athletic Footwear,51,90,4590,Online
West Gear,2020-06-16,West,Washington,Women'S Athletic Footwear,55,90,4950,Online
Foot Locker,2021-12-21,Southeast,Kentucky,Women'S Apparel,64,98,6272,Online
Foot Locker,2021-03-16,South,Mississippi,Men'S Athletic Footwear,24,100,2400,Online
West Gear,2020-06-22,West,Washington,Women'S Athletic Footwear,59,90,5310,Online
Walmart,2021-10-18,South,Mississippi,Women'S Street Footwear,24,98,2352,Online
Walmart,2021-09-16,South,Mississippi,Women'S Athletic Footwear,19,100,1900,Online
Amazon,2021-12-22,Northeast,Maine,Men'S Athletic Footwear,49,90,4410,Online
Walmart,2021-10-18,South,Mississippi,Men'S Apparel,32,98,3136,Online
Amazon,2021-06-22,West,Alaska,Women'S Athletic Footwear,53,90,4770,Online
Walmart,2021-02-21,South,Arkansas,Men'S Apparel,34,98,3332,Online
Foot Locker,2021-07-11,Midwest,South Dakota,Women'S Apparel,53,94,4982,Online
Foot Locker,2021-11-17,Northeast,West Virginia,Women'S Apparel,64,100,6400,Online
Walmart,2021-03-19,South,Arkansas,Men'S Athletic Footwear,20,98,1960,Online
Foot Locker,2021-07-05,Midwest,Iowa,Women'S Apparel,51,94,4794,Online
Walmart,2021-06-21,South,Arkansas,Women'S Athletic Footwear,37,98,3626,Online
West Gear,2021-07-02,Midwest,Wisconsin,Women'S Apparel,52,94,4888,Online
Walmart,2021-06-21,South,Arkansas,Men'S Apparel,54,98,5292,Online
West Gear,2021-06-10,Midwest,Indiana,Men'S Athletic Footwear,32,94,3008,Online
West Gear,2021-01-23,South,Arkansas,Women'S Street Footwear,15,98,1470,Online
West Gear,2021-04-17,Northeast,West Virginia,Women'S Apparel,47,94,4418,Online
West Gear,2021-02-21,South,Oklahoma,Women'S Apparel,18,98,1764,Online
Foot Locker,2021-07-13,Northeast,Delaware,Men'S Apparel,51,94,4794,Online
West Gear,2021-05-19,South,Oklahoma,Women'S Apparel,42,98,4116,Online
West Gear,2020-06-04,West,Washington,Women'S Athletic Footwear,48,87,4176,Online
Sports Direct,2021-06-05,Northeast,Connecticut,Men'S Athletic Footwear,48,94,4512,Online
West Gear,2021-07-19,South,Oklahoma,Men'S Apparel,59,98,5782,Online
Foot Locker,2021-10-08,Northeast,Rhode Island,Men'S Street Footwear,53,94,4982,Online
Foot Locker,2020-11-29,Midwest,Minnesota,Men'S Athletic Footwear,43,87,3741,Online
West Gear,2021-09-19,South,Oklahoma,Men'S Athletic Footwear,38,98,3724,Online
Sports Direct,2021-06-15,Northeast,Massachusetts,Men'S Athletic Footwear,47,94,4418,Online
Walmart,2021-10-10,West,Hawaii,Women'S Street Footwear,56,87,4872,Online
Kohl'S,2021-02-14,Midwest,Kansas,Women'S Apparel,18,98,1764,Online
Sports Direct,2021-07-08,Midwest,North Dakota,Women'S Apparel,54,98,5292,Online
Foot Locker,2021-08-06,Midwest,Iowa,Women'S Apparel,53,98,5194,Online
Amazon,2021-01-14,Northeast,Massachusetts,Men'S Athletic Footwear,42,94,3948,Online
Walmart,2021-08-17,Southeast,Florida,Women'S Apparel,81,87,7047,Online
West Gear,2021-06-03,Midwest,Wisconsin,Women'S Apparel,51,98,4998,Online
Amazon,2021-07-10,Northeast,Vermont,Men'S Apparel,54,94,5076,Online
Foot Locker,2021-10-24,Southeast,Virginia,Men'S Apparel,53,87,4611,Online
West Gear,2021-11-10,Midwest,Indiana,Men'S Athletic Footwear,33,98,3234,Online
Foot Locker,2021-03-17,Midwest,Missouri,Men'S Athletic Footwear,34,87,2958,Online
Amazon,2021-11-11,Northeast,Vermont,Women'S Apparel,70,94,6580,Online
West Gear,2021-07-16,Northeast,West Virginia,Women'S Street Footwear,49,98,4802,Online
Foot Locker,2021-05-19,Midwest,Missouri,Women'S Street Footwear,29,87,2523,Online
Amazon,2021-06-19,Northeast,New Hampshire,Men'S Apparel,60,94,5640,Online
Foot Locker,2021-02-15,Northeast,Delaware,Women'S Apparel,39,98,3822,Online
West Gear,2021-02-11,West,Utah,Women'S Athletic Footwear,19,87,1653,Online
Foot Locker,2021-06-02,West,California,Women'S Street Footwear,24,94,2256,Outlet
Kohl'S,2021-11-14,Northeast,Delaware,Women'S Apparel,64,98,6272,Online
West Gear,2021-10-11,West,Utah,Women'S Street Footwear,19,87,1653,Online
Sports Direct,2021-03-20,South,Tennessee,Men'S Apparel,29,94,2726,Outlet
Kohl'S,2021-12-13,Northeast,Delaware,Women'S Athletic Footwear,53,98,5194,Online
Sports Direct,2021-02-17,Southeast,Florida,Women'S Athletic Footwear,36,94,3384,Outlet
West Gear,2021-03-23,West,Oregon,Women'S Apparel,49,87,4263,Online
Walmart,2021-09-18,Southeast,Florida,Men'S Apparel,54,94,5076,Outlet
Foot Locker,2021-11-23,West,Arizona,Men'S Apparel,53,87,4611,Online
West Gear,2021-05-12,West,Utah,Women'S Athletic Footwear,19,94,1786,Outlet
Kohl'S,2021-04-26,West,New Mexico,Women'S Athletic Footwear,54,87,4698,Online
West Gear,2021-10-11,West,Utah,Women'S Athletic Footwear,13,94,1222,Outlet
Kohl'S,2021-06-26,West,New Mexico,Men'S Apparel,56,87,4872,Online
West Gear,2021-05-25,West,Oregon,Women'S Athletic Footwear,33,94,3102,Outlet
West Gear,2021-05-19,South,Oklahoma,Men'S Athletic Footwear,39,87,3393,Online
Kohl'S,2021-07-06,Northeast,New Jersey,Men'S Athletic Footwear,42,98,4116,Online
Kohl'S,2021-01-26,West,Arizona,Men'S Apparel,33,94,3102,Outlet
Amazon,2021-11-14,Northeast,Massachusetts,Women'S Apparel,64,98,6272,Online
Sports Direct,2021-06-13,Southeast,Georgia,Men'S Apparel,42,94,3948,Outlet
Amazon,2021-12-13,Northeast,Massachusetts,Women'S Street Footwear,51,98,4998,Online
Walmart,2021-10-21,South,Arkansas,Women'S Athletic Footwear,15,94,1410,Outlet
Amazon,2021-01-14,Northeast,Massachusetts,Women'S Apparel,44,98,4312,Online
Sports Direct,2021-04-04,Northeast,Connecticut,Women'S Apparel,26,94,2444,Outlet
Amazon,2021-07-10,Northeast,Vermont,Women'S Street Footwear,46,98,4508,Online
Amazon,2021-11-21,West,Alaska,Women'S Athletic Footwear,62,90,5580,Online
Sports Direct,2021-07-03,Northeast,Connecticut,Women'S Athletic Footwear,34,94,3196,Outlet
Amazon,2021-02-19,Northeast,New Hampshire,Women'S Apparel,46,98,4508,Online
West Gear,2021-06-21,South,Oklahoma,Women'S Athletic Footwear,38,87,3306,Online
West Gear,2021-08-17,South,Louisiana,Women'S Apparel,63,90,5670,Online
West Gear,2021-06-21,South,Oklahoma,Men'S Apparel,51,87,4437,Online
Foot Locker,2021-04-23,West,Arizona,Men'S Athletic Footwear,53,90,4770,Online
Foot Locker,2021-07-05,Midwest,Iowa,Men'S Athletic Footwear,44,87,3828,Online
Amazon,2021-04-18,Northeast,New Hampshire,Women'S Apparel,46,98,4508,Online
Foot Locker,2021-05-24,West,Arizona,Women'S Athletic Footwear,49,90,4410,Online
West Gear,2021-07-02,Midwest,Wisconsin,Men'S Athletic Footwear,42,87,3654,Online
Amazon,2021-05-17,Northeast,New Hampshire,Women'S Street Footwear,51,98,4998,Online
Foot Locker,2021-10-23,West,Arizona,Women'S Athletic Footwear,43,90,3870,Online
West Gear,2021-12-02,Midwest,Wisconsin,Women'S Street Footwear,45,87,3915,Online
Amazon,2021-09-17,Northeast,New Hampshire,Women'S Apparel,68,98,6664,Online
Sports Direct,2021-10-13,Southeast,Georgia,Men'S Apparel,50,90,4500,Online
West Gear,2021-01-10,Midwest,Wisconsin,Women'S Street Footwear,24,87,2088,Online
Foot Locker,2021-11-18,Northeast,New Hampshire,Men'S Athletic Footwear,62,98,6076,Online
West Gear,2021-08-10,Midwest,Indiana,Men'S Athletic Footwear,41,87,3567,Online
West Gear,2021-11-20,South,Arkansas,Women'S Street Footwear,23,90,2070,Online
Sports Direct,2021-09-27,South,Alabama,Women'S Athletic Footwear,26,98,2548,Outlet
Kohl'S,2021-08-13,Midwest,Kansas,Women'S Athletic Footwear,37,90,3330,Online
West Gear,2021-12-09,Midwest,Indiana,Women'S Athletic Footwear,45,87,3915,Online
Foot Locker,2021-03-23,Southeast,Virginia,Men'S Athletic Footwear,35,98,3430,Outlet
Foot Locker,2021-10-14,Midwest,Kansas,Women'S Apparel,28,90,2520,Online
West Gear,2021-01-17,Midwest,Indiana,Women'S Street Footwear,25,87,2175,Online
Foot Locker,2021-12-12,Midwest,Kansas,Women'S Athletic Footwear,59,90,5310,Online
West Gear,2021-05-18,Northeast,West Virginia,Men'S Athletic Footwear,37,87,3219,Online
West Gear,2021-02-24,West,Oregon,Women'S Apparel,28,98,2744,Outlet
Sports Direct,2021-08-09,Midwest,North Dakota,Men'S Athletic Footwear,42,90,3780,Online
West Gear,2021-07-16,Northeast,West Virginia,Men'S Apparel,54,87,4698,Online
West Gear,2021-08-17,Northeast,West Virginia,Women'S Street Footwear,38,87,3306,Online
West Gear,2021-05-04,Midwest,Wisconsin,Women'S Apparel,47,90,4230,Online
Sports Direct,2021-01-07,Northeast,New Jersey,Men'S Athletic Footwear,37,87,3219,Online
West Gear,2021-03-23,West,Oregon,Men'S Athletic Footwear,40,98,3920,Outlet
West Gear,2021-06-03,Midwest,Wisconsin,Men'S Athletic Footwear,27,90,2430,Online
Sports Direct,2021-10-05,Northeast,Connecticut,Men'S Athletic Footwear,39,94,3666,Outlet
Sports Direct,2021-06-05,Northeast,Connecticut,Women'S Street Footwear,42,87,3654,Online
Foot Locker,2021-02-18,South,Mississippi,Women'S Athletic Footwear,19,98,1862,Outlet
West Gear,2021-08-17,Northeast,West Virginia,Men'S Athletic Footwear,42,90,3780,Online
Foot Locker,2021-10-05,Northeast,Connecticut,Women'S Apparel,46,94,4324,Outlet
Foot Locker,2021-12-03,Northeast,Connecticut,Women'S Athletic Footwear,53,87,4611,Online
Foot Locker,2021-04-17,South,Mississippi,Men'S Apparel,30,98,2940,Outlet
Foot Locker,2021-07-13,Northeast,Delaware,Women'S Athletic Footwear,43,90,3870,Online
Sports Direct,2021-04-14,Northeast,Massachusetts,Women'S Apparel,30,94,2820,Outlet
Foot Locker,2021-08-07,Northeast,Rhode Island,Women'S Apparel,52,87,4524,Online
West Gear,2021-02-21,South,Arkansas,Women'S Street Footwear,12,98,1176,Outlet
Foot Locker,2021-10-15,Northeast,Delaware,Men'S Athletic Footwear,51,90,4590,Online
Amazon,2021-05-10,Northeast,Vermont,Men'S Athletic Footwear,41,94,3854,Outlet
Sports Direct,2021-03-13,Northeast,Massachusetts,Women'S Athletic Footwear,34,87,2958,Online
Sports Direct,2021-01-07,Northeast,New Jersey,Women'S Street Footwear,28,90,2520,Online
Amazon,2021-11-21,West,Alaska,Women'S Street Footwear,59,93,5487,Online
Amazon,2021-05-17,Northeast,New Hampshire,Men'S Athletic Footwear,54,87,4698,Online
Foot Locker,2021-06-08,Northeast,Rhode Island,Men'S Athletic Footwear,41,90,3690,Online
West Gear,2021-11-11,West,Utah,Women'S Street Footwear,19,93,1767,Online
Kohl'S,2021-11-14,Northeast,Delaware,Women'S Street Footwear,52,86,4472,Online
Amazon,2021-11-14,Northeast,Massachusetts,Men'S Athletic Footwear,52,90,4680,Online
Sports Direct,2021-09-02,South,Texas,Men'S Apparel,34,85,2890,Online
Amazon,2021-04-11,Northeast,Vermont,Women'S Apparel,44,90,3960,Online
West Gear,2020-05-11,West,Colorado,Women'S Athletic Footwear,53,85,4505,Online
Amazon,2021-06-12,Northeast,Vermont,Women'S Athletic Footwear,47,90,4230,Online
Sports Direct,2021-08-21,South,Texas,Men'S Apparel,26,93,2418,Outlet
West Gear,2020-06-10,West,Washington,Women'S Athletic Footwear,64,85,5440,Online
Amazon,2021-07-10,Northeast,Vermont,Women'S Athletic Footwear,46,90,4140,Online
West Gear,2020-01-17,West,Nevada,Women'S Athletic Footwear,41,93,3813,Outlet
Foot Locker,2021-06-25,Midwest,Nebraska,Women'S Apparel,49,85,4165,Online
Amazon,2021-02-19,Northeast,Vermont,Women'S Street Footwear,39,90,3510,Online
West Gear,2021-02-11,West,Utah,Women'S Athletic Footwear,16,93,1488,Outlet
Amazon,2021-11-16,Northeast,Maine,Women'S Apparel,56,85,4760,Online
Foot Locker,2021-01-24,Northeast,New Hampshire,Women'S Street Footwear,44,90,3960,Online
Foot Locker,2021-03-09,West,Hawaii,Women'S Apparel,50,85,4250,Online
West Gear,2021-10-24,West,Oregon,Men'S Apparel,40,93,3720,Outlet
West Gear,2020-01-05,Northeast,Pennsylvania,Women'S Athletic Footwear,34,90,3060,Outlet
Walmart,2021-09-11,West,Hawaii,Women'S Athletic Footwear,62,85,5270,Online
Foot Locker,2021-05-24,West,Arizona,Women'S Athletic Footwear,39,93,3627,Outlet
West Gear,2020-01-23,West,Nevada,Women'S Athletic Footwear,40,90,3600,Outlet
Foot Locker,2021-03-23,Southeast,Virginia,Men'S Athletic Footwear,45,85,3825,Online
Kohl'S,2021-06-26,West,New Mexico,Men'S Apparel,44,93,4092,Outlet
Walmart,2021-04-17,Southeast,Florida,Women'S Athletic Footwear,41,90,3690,Outlet
Foot Locker,2021-04-24,Southeast,Virginia,Women'S Street Footwear,57,85,4845,Online
West Gear,2021-05-19,South,Oklahoma,Men'S Athletic Footwear,29,93,2697,Outlet
Foot Locker,2021-04-24,Southeast,Virginia,Women'S Apparel,47,90,4230,Outlet
West Gear,2021-02-24,West,Oregon,Women'S Apparel,37,85,3145,Online
Sports Direct,2021-07-03,Northeast,Connecticut,Men'S Apparel,43,93,3999,Outlet
West Gear,2021-03-10,West,Utah,Men'S Apparel,28,90,2520,Outlet
Kohl'S,2021-12-19,South,Oklahoma,Men'S Apparel,55,98,5390,Outlet
Sports Direct,2021-09-03,Northeast,Connecticut,Men'S Athletic Footwear,40,93,3720,Outlet
West Gear,2021-03-23,West,Oregon,Men'S Athletic Footwear,45,85,3825,Online
West Gear,2021-05-12,West,Utah,Men'S Apparel,29,90,2610,Outlet
Sports Direct,2021-08-14,Northeast,Massachusetts,Women'S Apparel,46,98,4508,Outlet
Foot Locker,2021-05-06,Northeast,Rhode Island,Women'S Apparel,36,93,3348,Outlet
West Gear,2021-04-24,West,Oregon,Women'S Street Footwear,55,85,4675,Online
West Gear,2021-10-11,West,Utah,Women'S Street Footwear,13,90,1170,Outlet
Sports Direct,2021-03-13,Northeast,Massachusetts,Women'S Athletic Footwear,25,93,2325,Outlet
West Gear,2021-03-23,West,Oregon,Women'S Apparel,40,90,3600,Outlet
West Gear,2021-05-18,South,Louisiana,Women'S Athletic Footwear,44,85,3740,Online
West Gear,2021-11-11,Northeast,Vermont,Men'S Athletic Footwear,47,98,4606,Outlet
Amazon,2021-09-10,Northeast,Vermont,Women'S Apparel,45,93,4185,Outlet
West Gear,2021-04-24,West,Oregon,Women'S Apparel,49,90,4410,Outlet
Foot Locker,2021-01-05,South,Louisiana,Men'S Apparel,36,85,3060,Online
West Gear,2021-11-11,Northeast,Vermont,Women'S Street Footwear,57,96,5472,Online
Amazon,2021-05-17,Northeast,New Hampshire,Men'S Athletic Footwear,40,93,3720,Outlet
West Gear,2021-09-18,South,Louisiana,Women'S Apparel,30,90,2700,Outlet
Foot Locker,2021-10-23,West,Arizona,Women'S Apparel,56,85,4760,Online
Sports Direct,2021-08-27,South,Texas,Men'S Apparel,29,96,2784,Outlet
Foot Locker,2021-01-24,Northeast,New Hampshire,Men'S Athletic Footwear,36,93,3348,Outlet
Foot Locker,2021-04-23,West,Arizona,Men'S Athletic Footwear,37,90,3330,Outlet
Kohl'S,2021-01-26,West,Arizona,Women'S Athletic Footwear,43,85,3655,Online
West Gear,2020-03-18,West,Nevada,Women'S Athletic Footwear,26,96,2496,Outlet
Walmart,2021-05-19,South,Arkansas,Women'S Athletic Footwear,24,90,2160,Outlet
West Gear,2020-04-18,West,Colorado,Men'S Apparel,66,91,6006,Online
Kohl'S,2021-11-20,South,Oklahoma,Women'S Athletic Footwear,37,90,3330,Outlet
Foot Locker,2020-12-16,Midwest,Minnesota,Men'S Street Footwear,46,91,4186,Online
Kohl'S,2021-02-14,South,Oklahoma,Women'S Street Footwear,11,90,990,Outlet
Kohl'S,2021-01-12,Midwest,Montana,Women'S Athletic Footwear,44,91,4004,Online
Amazon,2021-12-13,Northeast,Massachusetts,Men'S Apparel,52,90,4680,Outlet
Foot Locker,2021-07-01,Midwest,Nebraska,Women'S Apparel,49,91,4459,Online
Amazon,2021-04-11,Northeast,Vermont,Women'S Apparel,36,90,3240,Outlet
West Gear,2021-10-12,Northeast,Vermont,Women'S Apparel,54,90,4860,Outlet
Amazon,2021-05-17,Northeast,New Hampshire,Men'S Apparel,52,90,4680,Outlet
Sports Direct,2021-09-27,South,Alabama,Women'S Athletic Footwear,32,91,2912,Online
Foot Locker,2021-10-19,Northeast,New Hampshire,Women'S Apparel,64,90,5760,Outlet
Amazon,2021-12-26,Northeast,Maine,Women'S Apparel,54,91,4914,Online
West Gear,2020-03-07,West,Nevada,Men'S Apparel,64,88,5632,Online
Amazon,2021-07-20,West,Alaska,Men'S Apparel,61,91,5551,Online
West Gear,2020-06-14,West,Washington,Men'S Athletic Footwear,71,88,6248,Online
Walmart,2021-05-19,South,Arkansas,Men'S Apparel,42,85,3570,Online
West Gear,2020-06-18,West,Washington,Women'S Apparel,78,88,6864,Online
West Gear,2021-07-19,South,Oklahoma,Women'S Athletic Footwear,41,85,3485,Online
Foot Locker,2020-12-03,Midwest,Minnesota,Women'S Apparel,46,88,4048,Online
Amazon,2021-09-20,West,Alaska,Men'S Athletic Footwear,55,91,5005,Online
Kohl'S,2021-10-14,Midwest,Kansas,Men'S Athletic Footwear,19,85,1615,Online
Kohl'S,2021-01-24,Midwest,Montana,Women'S Athletic Footwear,38,88,3344,Online
Foot Locker,2021-03-09,West,Hawaii,Men'S Athletic Footwear,54,91,4914,Online
Foot Locker,2021-06-06,Midwest,Iowa,Women'S Apparel,51,85,4335,Online
Sports Direct,2021-05-07,South,Tennessee,Men'S Apparel,32,88,2816,Online
Foot Locker,2021-06-15,Northeast,Delaware,Women'S Street Footwear,43,85,3655,Online
Sports Direct,2021-08-05,South,Alabama,Men'S Apparel,37,88,3256,Online
Foot Locker,2021-04-10,West,Hawaii,Women'S Street Footwear,60,91,5460,Online
Foot Locker,2021-09-13,Northeast,Delaware,Men'S Athletic Footwear,47,85,3995,Online
Sports Direct,2021-09-22,South,Alabama,Men'S Apparel,41,88,3608,Online
Walmart,2021-09-11,West,Hawaii,Men'S Apparel,71,91,6461,Online
Kohl'S,2021-11-14,Northeast,Delaware,Men'S Athletic Footwear,53,85,4505,Online
Foot Locker,2021-06-10,West,Hawaii,Men'S Apparel,83,88,7304,Online
Sports Direct,2021-08-04,Northeast,Connecticut,Women'S Street Footwear,41,85,3485,Online
Sports Direct,2021-03-16,Southeast,Florida,Women'S Athletic Footwear,58,91,5278,Online
Walmart,2021-08-10,West,Hawaii,Women'S Apparel,72,88,6336,Online
Sports Direct,2021-12-06,Northeast,Rhode Island,Women'S Apparel,60,85,5100,Online
Foot Locker,2021-01-24,West,Wyoming,Men'S Street Footwear,29,91,2639,Online
Walmart,2021-05-18,Southeast,Florida,Women'S Athletic Footwear,59,88,5192,Online
Amazon,2021-02-12,Northeast,Vermont,Women'S Apparel,43,85,3655,Online
Amazon,2021-09-10,Northeast,Vermont,Men'S Athletic Footwear,50,85,4250,Online
Walmart,2021-08-17,Southeast,Florida,Women'S Apparel,60,96,5760,Outlet
Amazon,2021-07-17,Northeast,New Hampshire,Women'S Athletic Footwear,53,85,4505,Online
Foot Locker,2021-02-24,West,Wyoming,Women'S Street Footwear,39,88,3432,Online
Walmart,2021-09-18,Southeast,Florida,Women'S Street Footwear,39,96,3744,Outlet
Foot Locker,2021-11-18,Northeast,New Hampshire,Women'S Athletic Footwear,64,85,5440,Online
Foot Locker,2021-05-25,Southeast,Virginia,Women'S Street Footwear,50,88,4400,Online
Foot Locker,2021-11-22,Northeast,Pennsylvania,Men'S Athletic Footwear,41,85,3485,Outlet
Foot Locker,2021-02-18,Midwest,Missouri,Men'S Apparel,38,88,3344,Online
Foot Locker,2021-12-28,Northeast,Pennsylvania,Men'S Athletic Footwear,47,85,3995,Outlet
Foot Locker,2021-05-19,Midwest,Missouri,Men'S Athletic Footwear,34,88,2992,Online
West Gear,2021-03-16,South,Louisiana,Women'S Athletic Footwear,43,96,4128,Outlet
West Gear,2020-01-11,West,Nevada,Women'S Athletic Footwear,30,85,2550,Outlet
Foot Locker,2021-10-18,Midwest,Missouri,Women'S Apparel,38,88,3344,Online
West Gear,2021-09-18,South,Louisiana,Women'S Street Footwear,30,96,2880,Outlet
Sports Direct,2021-08-11,South,Alabama,Men'S Apparel,29,85,2465,Outlet
Foot Locker,2021-11-18,Midwest,Missouri,Men'S Athletic Footwear,23,88,2024,Online
Kohl'S,2021-04-26,West,New Mexico,Women'S Athletic Footwear,37,96,3552,Outlet
Foot Locker,2021-04-24,Southeast,Virginia,Men'S Athletic Footwear,44,85,3740,Outlet
Foot Locker,2021-05-25,Southeast,Virginia,Women'S Athletic Footwear,33,85,2805,Outlet
West Gear,2021-10-11,West,Utah,Men'S Apparel,20,85,1700,Outlet
Sports Direct,2021-04-13,Southeast,Georgia,Women'S Athletic Footwear,40,96,3840,Outlet
West Gear,2021-09-25,West,Oregon,Women'S Apparel,36,85,3060,Outlet
Foot Locker,2021-04-17,South,Mississippi,Women'S Athletic Footwear,16,96,1536,Outlet
Foot Locker,2021-03-16,South,Mississippi,Women'S Athletic Footwear,15,85,1275,Outlet
Walmart,2021-04-20,South,Arkansas,Women'S Street Footwear,11,96,1056,Outlet
West Gear,2021-02-21,South,Oklahoma,Men'S Apparel,24,85,2040,Outlet
Kohl'S,2021-11-20,South,Oklahoma,Men'S Apparel,60,85,5100,Outlet
Sports Direct,2021-03-03,Northeast,Connecticut,Women'S Apparel,29,85,2465,Outlet
Kohl'S,2021-11-20,South,Oklahoma,Men'S Athletic Footwear,11,96,1056,Outlet
Sports Direct,2021-06-05,Northeast,Connecticut,Women'S Athletic Footwear,35,85,2975,Outlet
Sports Direct,2021-02-05,Northeast,Connecticut,Women'S Apparel,32,96,3072,Outlet
Foot Locker,2021-08-07,Northeast,Rhode Island,Women'S Street Footwear,30,85,2550,Outlet
Sports Direct,2021-06-05,Northeast,Connecticut,Women'S Street Footwear,35,96,3360,Outlet
Foot Locker,2021-12-03,Northeast,Connecticut,Women'S Athletic Footwear,38,96,3648,Outlet
Foot Locker,2021-08-07,Northeast,Rhode Island,Women'S Apparel,38,96,3648,Outlet
Amazon,2021-03-10,Northeast,Vermont,Women'S Apparel,29,96,2784,Outlet
Amazon,2021-05-10,Northeast,Vermont,Women'S Street Footwear,37,96,3552,Outlet
Amazon,2021-07-10,Northeast,Vermont,Women'S Athletic Footwear,36,96,3456,Outlet
Amazon,2021-11-11,Northeast,Vermont,Women'S Athletic Footwear,42,96,4032,Outlet
Amazon,2021-02-19,Northeast,Vermont,Women'S Street Footwear,31,96,2976,Outlet
Amazon,2021-02-19,Northeast,New Hampshire,Men'S Apparel,41,96,3936,Outlet
Foot Locker,2021-11-18,Northeast,New Hampshire,Men'S Apparel,59,96,5664,Outlet
Foot Locker,2021-07-22,Midwest,Nebraska,Women'S Street Footwear,30,95,2850,Outlet
Foot Locker,2021-12-08,Northeast,Pennsylvania,Women'S Apparel,64,95,6080,Online
West Gear,2020-01-25,West,Nevada,Women'S Apparel,78,95,7410,Online
West Gear,2020-04-01,West,Colorado,Women'S Apparel,52,95,4940,Online
Sports Direct,2021-03-14,South,Tennessee,Men'S Apparel,39,95,3705,Online
Sports Direct,2021-09-21,South,Alabama,Women'S Athletic Footwear,58,95,5510,Online
Foot Locker,2021-10-24,Southeast,Virginia,Women'S Street Footwear,46,95,4370,Online
Foot Locker,2021-03-17,Midwest,Missouri,Women'S Street Footwear,23,95,2185,Online
Foot Locker,2021-09-19,Midwest,Missouri,Women'S Apparel,28,95,2660,Online
West Gear,2021-05-25,West,Oregon,Women'S Street Footwear,50,95,4750,Online
West Gear,2021-03-16,South,Louisiana,Women'S Apparel,41,95,3895,Online
West Gear,2021-10-17,South,Louisiana,Men'S Apparel,47,95,4465,Online
Foot Locker,2021-03-22,West,Arizona,Men'S Athletic Footwear,48,95,4560,Online
Sports Direct,2021-08-14,Northeast,Massachusetts,Women'S Street Footwear,29,85,2465,Outlet
Foot Locker,2021-06-23,West,Arizona,Women'S Athletic Footwear,46,95,4370,Online
Amazon,2021-02-12,Northeast,Massachusetts,Women'S Street Footwear,25,85,2125,Outlet
Kohl'S,2021-10-26,West,New Mexico,Women'S Athletic Footwear,46,95,4370,Online
Amazon,2021-03-10,Northeast,Vermont,Women'S Street Footwear,23,85,1955,Outlet
Sports Direct,2021-03-12,Southeast,Georgia,Women'S Apparel,48,95,4560,Online
Amazon,2021-08-11,Northeast,Vermont,Women'S Athletic Footwear,40,85,3400,Outlet
Amazon,2021-07-21,Southeast,Kentucky,Men'S Athletic Footwear,44,95,4180,Online
Amazon,2021-02-19,Northeast,Vermont,Men'S Athletic Footwear,37,85,3145,Outlet
Sports Direct,2021-01-23,South,Mississippi,Men'S Apparel,34,95,3230,Online
Foot Locker,2021-11-18,Midwest,Missouri,Women'S Athletic Footwear,23,88,2024,Online
West Gear,2021-12-17,Midwest,Missouri,Women'S Athletic Footwear,34,88,2992,Online
Amazon,2021-04-18,Northeast,New Hampshire,Men'S Athletic Footwear,38,85,3230,Outlet
West Gear,2021-12-17,Midwest,Missouri,Men'S Apparel,42,88,3696,Online
West Gear,2021-01-11,Midwest,Missouri,Women'S Athletic Footwear,18,88,1584,Online
West Gear,2021-09-12,West,Utah,Women'S Athletic Footwear,10,88,880,Online
Foot Locker,2021-12-12,Midwest,Kansas,Women'S Street Footwear,58,95,5510,Online
Sports Direct,2021-08-09,Midwest,North Dakota,Women'S Apparel,54,95,5130,Online
West Gear,2021-05-18,Northeast,West Virginia,Women'S Apparel,52,95,4940,Online
Foot Locker,2021-07-19,Midwest,Illinois,Men'S Athletic Footwear,41,84,3444,Online
West Gear,2021-09-12,West,Utah,Men'S Apparel,19,88,1672,Online
Foot Locker,2021-01-24,West,Wyoming,Women'S Street Footwear,39,91,3549,Online
Foot Locker,2021-11-17,Northeast,West Virginia,Men'S Athletic Footwear,33,95,3135,Online
West Gear,2020-01-17,West,Nevada,Women'S Athletic Footwear,50,84,4200,Online
West Gear,2021-02-24,West,Utah,Women'S Street Footwear,36,88,3168,Online
Foot Locker,2021-12-16,Northeast,West Virginia,Men'S Apparel,61,95,5795,Online
Foot Locker,2021-03-23,Southeast,Virginia,Women'S Street Footwear,52,91,4732,Online
Sports Direct,2021-04-01,South,Tennessee,Men'S Apparel,28,84,2352,Online
Foot Locker,2021-11-04,Northeast,Connecticut,Women'S Apparel,67,95,6365,Online
Foot Locker,2021-07-20,Midwest,Nebraska,Men'S Street Footwear,37,84,3108,Online
West Gear,2021-03-23,West,Oregon,Women'S Street Footwear,54,88,4752,Online
Sports Direct,2021-03-15,Midwest,Michigan,Women'S Athletic Footwear,29,91,2639,Online
Amazon,2021-11-18,Northeast,Maine,Men'S Athletic Footwear,46,84,3864,Online
West Gear,2021-04-17,South,Louisiana,Men'S Athletic Footwear,52,88,4576,Online
Foot Locker,2021-06-18,Midwest,Missouri,Men'S Athletic Footwear,27,91,2457,Online
Foot Locker,2021-02-23,West,Arizona,Women'S Apparel,38,88,3344,Online
Foot Locker,2021-06-18,Midwest,Missouri,Women'S Athletic Footwear,23,91,2093,Online
Foot Locker,2021-03-22,West,Arizona,Women'S Apparel,47,88,4136,Online
Sports Direct,2021-11-07,Northeast,Rhode Island,Men'S Street Footwear,55,95,5225,Online
Foot Locker,2021-08-18,Midwest,Missouri,Women'S Athletic Footwear,24,91,2184,Online
Amazon,2021-01-24,West,Alaska,Women'S Apparel,52,84,4368,Online
Amazon,2021-09-17,Northeast,New Hampshire,Men'S Athletic Footwear,54,95,5130,Online
Foot Locker,2021-10-18,Midwest,Missouri,Men'S Athletic Footwear,24,91,2184,Online
Amazon,2021-04-21,West,Alaska,Women'S Apparel,49,84,4116,Online
Kohl'S,2021-12-22,West,Arizona,Men'S Apparel,52,88,4576,Online
Amazon,2021-05-20,West,Alaska,Women'S Street Footwear,53,84,4452,Online
Sports Direct,2021-04-13,Southeast,Georgia,Men'S Athletic Footwear,51,88,4488,Online
Amazon,2021-06-22,West,Alaska,Men'S Apparel,60,84,5040,Online
West Gear,2021-09-12,West,Utah,Women'S Street Footwear,9,91,819,Online
Amazon,2021-09-20,West,Alaska,Women'S Apparel,64,84,5376,Online
Sports Direct,2021-12-06,Northeast,New Jersey,Men'S Apparel,55,83,4565,Online
West Gear,2021-11-11,West,Utah,Men'S Apparel,39,91,3549,Online
Sports Direct,2021-10-13,Southeast,Georgia,Women'S Athletic Footwear,44,88,3872,Online
Sports Direct,2021-09-03,Northeast,Connecticut,Women'S Apparel,54,83,4482,Online
West Gear,2021-02-24,West,Utah,Men'S Athletic Footwear,39,91,3549,Online
Walmart,2021-03-19,South,Arkansas,Women'S Street Footwear,10,88,880,Online
Walmart,2021-04-17,Southeast,Florida,Women'S Athletic Footwear,52,84,4368,Online
Sports Direct,2021-04-14,Northeast,Massachusetts,Women'S Apparel,39,83,3237,Online
West Gear,2021-10-24,West,Oregon,Women'S Street Footwear,46,91,4186,Online
Walmart,2021-09-19,South,Arkansas,Women'S Street Footwear,14,88,1232,Online
West Gear,2021-04-24,West,Oregon,Women'S Apparel,59,84,4956,Online
Amazon,2021-11-14,Northeast,Massachusetts,Women'S Street Footwear,50,83,4150,Online
Sports Direct,2021-10-04,West,Idaho,Men'S Apparel,32,91,2912,Online
Amazon,2021-02-19,Northeast,New Hampshire,Men'S Apparel,56,83,4648,Online
Walmart,2021-09-19,South,Arkansas,Women'S Athletic Footwear,14,88,1232,Online
Foot Locker,2021-02-22,Northeast,New Hampshire,Women'S Street Footwear,43,83,3569,Online
West Gear,2021-06-21,South,Oklahoma,Men'S Athletic Footwear,33,88,2904,Online
West Gear,2021-03-16,South,Louisiana,Women'S Athletic Footwear,50,84,4200,Online
Foot Locker,2020-01-01,Northeast,Pennsylvania,Women'S Apparel,53,83,4399,Outlet
West Gear,2021-06-21,South,Oklahoma,Women'S Street Footwear,36,88,3168,Online
Sports Direct,2021-07-08,Midwest,North Dakota,Men'S Athletic Footwear,44,84,3696,Online
Amazon,2021-10-14,South,Alabama,Women'S Street Footwear,23,83,1909,Outlet
West Gear,2021-08-03,Midwest,Wisconsin,Men'S Athletic Footwear,43,84,3612,Online
Foot Locker,2021-09-25,Southeast,Virginia,Women'S Apparel,33,83,2739,Outlet
West Gear,2021-01-10,Midwest,Wisconsin,Women'S Apparel,32,84,2688,Online
West Gear,2021-08-20,South,Oklahoma,Women'S Athletic Footwear,37,88,3256,Online
West Gear,2021-09-25,West,Oregon,Women'S Street Footwear,39,83,3237,Outlet
West Gear,2021-10-21,South,Oklahoma,Men'S Athletic Footwear,19,88,1672,Online
West Gear,2021-09-18,South,Louisiana,Men'S Apparel,41,83,3403,Outlet
Kohl'S,2021-01-16,South,Oklahoma,Women'S Street Footwear,14,88,1232,Online
West Gear,2021-02-21,South,Arkansas,Men'S Athletic Footwear,17,83,1411,Outlet
West Gear,2021-07-09,Midwest,Indiana,Men'S Athletic Footwear,49,84,4116,Online
West Gear,2021-03-19,South,Oklahoma,Women'S Street Footwear,7,83,581,Outlet
West Gear,2021-12-09,Midwest,Indiana,Men'S Apparel,54,84,4536,Online
West Gear,2021-09-19,South,Oklahoma,Women'S Athletic Footwear,12,83,996,Outlet
Foot Locker,2021-11-13,Midwest,Kansas,Women'S Apparel,73,88,6424,Online
Foot Locker,2021-03-22,West,Arizona,Women'S Street Footwear,49,91,4459,Online
Sports Direct,2021-05-03,Northeast,Connecticut,Men'S Athletic Footwear,35,83,2905,Outlet
Foot Locker,2021-08-12,Midwest,South Dakota,Women'S Apparel,53,88,4664,Online
Sports Direct,2021-05-03,Northeast,Connecticut,Women'S Street Footwear,32,83,2656,Outlet
West Gear,2021-12-05,Midwest,Iowa,Women'S Apparel,59,88,5192,Online
Foot Locker,2021-10-17,Northeast,West Virginia,Women'S Apparel,47,84,3948,Online
Sports Direct,2021-05-03,Northeast,Connecticut,Men'S Apparel,37,83,3071,Outlet
Sports Direct,2021-09-03,Northeast,Connecticut,Women'S Apparel,45,83,3735,Outlet
Foot Locker,2021-11-04,Northeast,Connecticut,Women'S Athletic Footwear,39,83,3237,Outlet
West Gear,2021-12-02,Midwest,Wisconsin,Women'S Apparel,59,88,5192,Online
Foot Locker,2021-06-22,Northeast,Maryland,Women'S Apparel,53,84,4452,Online
Sports Direct,2021-11-07,Northeast,Rhode Island,Women'S Apparel,46,83,3818,Outlet
Foot Locker,2021-11-21,Northeast,Maryland,Men'S Street Footwear,58,88,5104,Online
Sports Direct,2021-01-17,Northeast,Rhode Island,Women'S Apparel,26,83,2158,Outlet
Foot Locker,2021-09-13,Northeast,Delaware,Women'S Apparel,58,84,4872,Online
Amazon,2021-11-14,Northeast,Massachusetts,Women'S Athletic Footwear,42,83,3486,Outlet
Foot Locker,2021-12-03,Northeast,Connecticut,Women'S Street Footwear,50,88,4400,Online
Amazon,2021-05-10,Northeast,Vermont,Women'S Athletic Footwear,40,83,3320,Outlet
Kohl'S,2021-11-14,Northeast,Delaware,Women'S Athletic Footwear,51,84,4284,Online
Foot Locker,2021-06-08,Northeast,Rhode Island,Women'S Apparel,51,88,4488,Online
Foot Locker,2021-02-22,Northeast,New Hampshire,Women'S Street Footwear,29,83,2407,Outlet
Sports Direct,2021-02-05,Northeast,Connecticut,Women'S Apparel,39,84,3276,Online
Sports Direct,2021-05-13,Northeast,Massachusetts,Women'S Apparel,55,88,4840,Online
Foot Locker,2021-07-07,Midwest,Illinois,Men'S Athletic Footwear,43,81,3483,Online
Foot Locker,2021-11-04,Northeast,Connecticut,Men'S Athletic Footwear,51,84,4284,Online
Sports Direct,2021-08-14,Northeast,Massachusetts,Men'S Athletic Footwear,47,88,4136,Online
Foot Locker,2021-08-10,Midwest,Illinois,Women'S Apparel,64,81,5184,Online
Amazon,2021-12-13,Northeast,Massachusetts,Men'S Apparel,62,84,5208,Online
Sports Direct,2021-08-27,South,Texas,Men'S Apparel,38,81,3078,Online
Foot Locker,2021-11-26,Northeast,Pennsylvania,Women'S Apparel,65,81,5265,Online
Amazon,2021-01-21,Northeast,Vermont,Women'S Apparel,49,88,4312,Online
Foot Locker,2021-10-19,Northeast,New Hampshire,Men'S Athletic Footwear,62,84,5208,Online
West Gear,2020-02-05,West,Nevada,Men'S Apparel,59,81,4779,Online
Amazon,2021-06-19,Northeast,New Hampshire,Women'S Street Footwear,53,88,4664,Online
Foot Locker,2021-01-24,Northeast,New Hampshire,Men'S Athletic Footwear,50,84,4200,Online
West Gear,2020-03-01,West,Nevada,Men'S Apparel,63,81,5103,Online
Foot Locker,2020-11-21,Midwest,Minnesota,Women'S Apparel,53,81,4293,Online
Foot Locker,2021-12-17,Northeast,New Hampshire,Women'S Athletic Footwear,62,88,5456,Online
Kohl'S,2021-01-06,Midwest,Montana,Women'S Athletic Footwear,44,81,3564,Online
Foot Locker,2021-06-02,West,California,Women'S Street Footwear,32,83,2656,Online
Sports Direct,2021-03-26,South,Tennessee,Men'S Apparel,27,88,2376,Outlet
Foot Locker,2021-06-27,Midwest,Nebraska,Men'S Athletic Footwear,37,81,2997,Online
Foot Locker,2020-01-01,Northeast,Pennsylvania,Women'S Apparel,68,83,5644,Online
Sports Direct,2021-08-17,South,Alabama,Men'S Apparel,28,88,2464,Outlet
Sports Direct,2021-03-20,South,Tennessee,Men'S Apparel,37,83,3071,Online
Sports Direct,2021-08-23,South,Alabama,Men'S Apparel,19,88,1672,Outlet
Amazon,2021-10-22,West,Alaska,Women'S Apparel,73,83,6059,Online
Amazon,2021-11-21,West,Alaska,Men'S Apparel,69,83,5727,Online
Amazon,2021-10-13,South,Alabama,Men'S Athletic Footwear,30,88,2640,Outlet
Walmart,2021-10-10,West,Hawaii,Women'S Athletic Footwear,50,83,4150,Online
West Gear,2021-04-11,West,Utah,Men'S Apparel,24,88,2112,Outlet
Foot Locker,2021-04-18,Midwest,Missouri,Women'S Street Footwear,18,83,1494,Online
West Gear,2021-04-24,West,Oregon,Men'S Athletic Footwear,39,88,3432,Outlet
Foot Locker,2021-09-19,Midwest,Missouri,Women'S Athletic Footwear,14,83,1162,Online
West Gear,2021-08-24,West,Oregon,Women'S Apparel,53,88,4664,Outlet
West Gear,2021-10-11,West,Utah,Men'S Apparel,29,83,2407,Online
Foot Locker,2021-02-04,West,Idaho,Men'S Apparel,31,88,2728,Outlet
West Gear,2021-04-24,West,Oregon,Men'S Athletic Footwear,54,83,4482,Online
West Gear,2021-03-06,West,Idaho,Men'S Apparel,32,88,2816,Outlet
Amazon,2021-06-22,West,Alaska,Women'S Street Footwear,53,81,4293,Online
West Gear,2021-05-25,West,Oregon,Women'S Athletic Footwear,49,83,4067,Online
Foot Locker,2021-01-23,West,Idaho,Women'S Athletic Footwear,30,88,2640,Outlet
Amazon,2021-11-21,West,Alaska,Men'S Athletic Footwear,59,81,4779,Online
Foot Locker,2021-04-10,West,Hawaii,Men'S Athletic Footwear,61,81,4941,Online
Foot Locker,2021-02-24,Southeast,Virginia,Women'S Apparel,38,81,3078,Online
Foot Locker,2021-10-23,West,Arizona,Men'S Apparel,44,88,3872,Outlet
Foot Locker,2021-08-18,Midwest,Missouri,Men'S Apparel,34,81,2754,Online
Kohl'S,2021-03-25,West,New Mexico,Women'S Athletic Footwear,50,83,4150,Online
Kohl'S,2021-03-25,West,New Mexico,Women'S Athletic Footwear,37,88,3256,Outlet
Foot Locker,2021-11-18,Midwest,Missouri,Men'S Apparel,43,81,3483,Online
Amazon,2021-05-23,Southeast,Kentucky,Women'S Apparel,51,83,4233,Online
Walmart,2021-03-19,South,Arkansas,Men'S Apparel,24,88,2112,Outlet
West Gear,2021-10-24,West,Oregon,Women'S Athletic Footwear,44,81,3564,Online
Amazon,2021-10-22,Southeast,Kentucky,Men'S Athletic Footwear,41,83,3403,Online
West Gear,2021-03-19,South,Oklahoma,Women'S Apparel,18,88,1584,Outlet
Amazon,2021-01-22,Midwest,Ohio,Women'S Apparel,37,81,2997,Online
Foot Locker,2021-10-23,West,Arizona,Women'S Street Footwear,44,91,4004,Online
Amazon,2021-10-22,Southeast,Kentucky,Women'S Apparel,53,83,4399,Online
West Gear,2021-05-19,South,Oklahoma,Women'S Street Footwear,27,88,2376,Outlet
Foot Locker,2021-03-16,South,Mississippi,Men'S Apparel,32,81,2592,Online
Kohl'S,2021-05-27,West,New Mexico,Women'S Athletic Footwear,51,91,4641,Online
Foot Locker,2021-04-17,South,Mississippi,Men'S Apparel,38,81,3078,Online
Kohl'S,2021-10-26,West,New Mexico,Men'S Apparel,56,91,5096,Online
Walmart,2021-04-20,South,Arkansas,Men'S Athletic Footwear,24,81,1944,Online
Sports Direct,2021-05-14,Southeast,Georgia,Women'S Athletic Footwear,47,91,4277,Online
West Gear,2021-08-20,South,Oklahoma,Men'S Apparel,47,81,3807,Online
Kohl'S,2021-01-16,South,Oklahoma,Men'S Apparel,28,88,2464,Outlet
Kohl'S,2021-12-19,South,Oklahoma,Men'S Apparel,69,81,5589,Online
Foot Locker,2021-11-04,Northeast,Connecticut,Men'S Apparel,44,88,3872,Outlet
Kohl'S,2021-04-13,Midwest,Kansas,Women'S Apparel,29,81,2349,Online
Sports Direct,2021-12-06,Northeast,Rhode Island,Women'S Street Footwear,40,88,3520,Outlet
Kohl'S,2021-06-14,Midwest,Kansas,Women'S Street Footwear,37,81,2997,Online
Sports Direct,2021-01-17,Northeast,Rhode Island,Men'S Athletic Footwear,28,88,2464,Outlet
Foot Locker,2021-12-12,Midwest,Kansas,Men'S Apparel,64,81,5184,Online
Sports Direct,2021-07-13,Northeast,Massachusetts,Women'S Street Footwear,32,88,2816,Outlet
Foot Locker,2021-07-11,Midwest,South Dakota,Men'S Athletic Footwear,44,81,3564,Online
Sports Direct,2021-09-13,Northeast,Massachusetts,Men'S Athletic Footwear,35,88,3080,Outlet
West Gear,2021-11-10,Midwest,Indiana,Women'S Street Footwear,32,81,2592,Online
West Gear,2021-03-16,Northeast,West Virginia,Women'S Apparel,29,81,2349,Online
Amazon,2021-08-22,Southeast,Kentucky,Men'S Athletic Footwear,41,91,3731,Online
West Gear,2021-06-17,Northeast,West Virginia,Women'S Street Footwear,33,81,2673,Online
Sports Direct,2021-08-21,Northeast,Maryland,Women'S Apparel,53,81,4293,Online
Walmart,2021-10-21,South,Arkansas,Men'S Apparel,27,83,2241,Online
Foot Locker,2021-01-17,Northeast,Maryland,Men'S Athletic Footwear,38,81,3078,Online
Foot Locker,2021-02-18,South,Mississippi,Women'S Athletic Footwear,25,91,2275,Online
Foot Locker,2021-01-17,Northeast,Maryland,Women'S Apparel,36,81,2916,Online
Foot Locker,2021-05-13,Northeast,Delaware,Women'S Street Footwear,41,81,3321,Online
Walmart,2021-05-19,South,Arkansas,Women'S Street Footwear,34,91,3094,Online
Kohl'S,2021-07-06,Northeast,New Jersey,Women'S Street Footwear,37,81,2997,Online
Kohl'S,2021-06-14,Midwest,Kansas,Men'S Apparel,54,83,4482,Online
Sports Direct,2021-01-07,Northeast,New Jersey,Women'S Apparel,37,81,2997,Online
Foot Locker,2021-11-13,Midwest,Kansas,Women'S Athletic Footwear,54,83,4482,Online
Sports Direct,2021-07-03,Northeast,Connecticut,Women'S Street Footwear,44,81,3564,Online
Foot Locker,2021-01-12,Midwest,Kansas,Women'S Street Footwear,27,83,2241,Online
Sports Direct,2021-07-03,Northeast,Connecticut,Men'S Apparel,53,81,4293,Online
West Gear,2021-12-05,Midwest,Iowa,Women'S Street Footwear,47,83,3901,Online
Foot Locker,2021-05-06,Northeast,Rhode Island,Women'S Apparel,52,81,4212,Online
West Gear,2021-10-10,Midwest,Indiana,Women'S Apparel,48,83,3984,Online
Foot Locker,2021-07-06,Northeast,Rhode Island,Men'S Athletic Footwear,41,81,3321,Online
West Gear,2021-11-10,Midwest,Indiana,Women'S Athletic Footwear,34,83,2822,Online
Amazon,2021-06-12,Northeast,Vermont,Women'S Street Footwear,45,81,3645,Online
Amazon,2021-06-12,Northeast,Vermont,Men'S Apparel,58,81,4698,Online
West Gear,2021-10-12,Northeast,Vermont,Women'S Apparel,71,81,5751,Online
West Gear,2021-11-11,Northeast,Vermont,Men'S Athletic Footwear,55,81,4455,Online
Amazon,2021-12-10,Northeast,Vermont,Women'S Athletic Footwear,56,81,4536,Online
West Gear,2021-11-20,South,Arkansas,Men'S Apparel,69,91,6279,Online
Amazon,2021-12-10,Northeast,Vermont,Men'S Apparel,67,81,5427,Online
Amazon,2021-01-21,Northeast,Vermont,Women'S Street Footwear,38,81,3078,Online
Amazon,2021-03-17,Northeast,New Hampshire,Men'S Athletic Footwear,36,88,3168,Outlet
West Gear,2021-02-21,South,Arkansas,Women'S Street Footwear,15,91,1365,Online
West Gear,2021-09-19,South,Oklahoma,Women'S Apparel,28,91,2548,Online
Kohl'S,2021-10-21,South,Oklahoma,Women'S Apparel,29,91,2639,Online
Foot Locker,2021-10-19,Northeast,New Hampshire,Women'S Apparel,72,81,5832,Online
Foot Locker,2021-11-18,Northeast,New Hampshire,Men'S Apparel,71,81,5751,Online
Kohl'S,2021-11-20,South,Oklahoma,Women'S Street Footwear,19,81,1539,Outlet
Foot Locker,2021-12-10,Northeast,Pennsylvania,Men'S Athletic Footwear,48,80,3840,Online
Foot Locker,2021-07-03,Midwest,Nebraska,Men'S Athletic Footwear,42,80,3360,Online
Foot Locker,2021-05-11,West,Hawaii,Women'S Athletic Footwear,52,80,4160,Online
Amazon,2021-08-18,Northeast,New Hampshire,Women'S Athletic Footwear,42,88,3696,Outlet
Kohl'S,2021-01-16,South,Oklahoma,Men'S Athletic Footwear,23,91,2093,Online
West Gear,2020-01-05,Northeast,Pennsylvania,Women'S Athletic Footwear,43,87,3741,Online
Kohl'S,2021-07-12,Midwest,Kansas,Men'S Apparel,56,91,5096,Online
Foot Locker,2021-11-18,Midwest,Missouri,Women'S Street Footwear,23,80,1840,Online
Kohl'S,2021-09-12,Midwest,Kansas,Men'S Athletic Footwear,38,91,3458,Online
Sports Direct,2021-06-09,Midwest,North Dakota,Women'S Apparel,51,91,4641,Online
West Gear,2021-12-05,Midwest,Iowa,Men'S Athletic Footwear,47,91,4277,Online
West Gear,2021-05-11,Midwest,Indiana,Women'S Apparel,53,91,4823,Online
West Gear,2021-06-10,Midwest,Indiana,Women'S Apparel,56,91,5096,Online
Foot Locker,2021-11-17,Northeast,West Virginia,Men'S Apparel,62,78,4836,Online
Foot Locker,2021-04-14,Northeast,Delaware,Women'S Apparel,38,78,2964,Online
West Gear,2021-08-10,Midwest,Indiana,Women'S Apparel,54,91,4914,Online
Kohl'S,2021-10-15,Northeast,Delaware,Women'S Apparel,63,78,4914,Online
West Gear,2021-11-10,Midwest,Indiana,Women'S Apparel,61,91,5551,Online
Foot Locker,2021-12-03,Northeast,Connecticut,Men'S Apparel,60,78,4680,Online
West Gear,2021-03-16,Northeast,West Virginia,Women'S Street Footwear,19,91,1729,Online
West Gear,2021-09-18,Northeast,West Virginia,Men'S Athletic Footwear,29,91,2639,Online
Sports Direct,2021-12-06,Northeast,Rhode Island,Men'S Athletic Footwear,45,78,3510,Online
Amazon,2021-09-10,Northeast,Vermont,Women'S Apparel,59,78,4602,Online
Amazon,2021-05-17,Northeast,New Hampshire,Men'S Apparel,63,78,4914,Online
Foot Locker,2021-11-17,Northeast,West Virginia,Women'S Athletic Footwear,38,91,3458,Online
Foot Locker,2021-01-24,Northeast,New Hampshire,Women'S Apparel,54,78,4212,Online
Foot Locker,2021-01-17,Northeast,Maryland,Women'S Street Footwear,29,91,2639,Online
Foot Locker,2021-11-20,Northeast,Pennsylvania,Women'S Apparel,51,78,3978,Outlet
Sports Direct,2021-08-21,Northeast,Maryland,Men'S Athletic Footwear,41,83,3403,Online
Walmart,2021-09-18,Southeast,Florida,Women'S Athletic Footwear,44,78,3432,Outlet
Sports Direct,2021-12-06,Northeast,New Jersey,Women'S Athletic Footwear,47,83,3901,Online
Foot Locker,2021-03-23,Southeast,Virginia,Women'S Athletic Footwear,38,78,2964,Outlet
Kohl'S,2021-12-13,Northeast,Delaware,Men'S Apparel,61,91,5551,Online
Foot Locker,2021-09-25,Southeast,Virginia,Women'S Street Footwear,34,78,2652,Outlet
Sports Direct,2021-11-07,Northeast,New Jersey,Women'S Apparel,59,91,5369,Online
West Gear,2021-01-17,West,Oregon,Women'S Athletic Footwear,34,78,2652,Outlet
Sports Direct,2021-12-06,Northeast,New Jersey,Women'S Street Footwear,49,91,4459,Online
Foot Locker,2021-04-23,West,Arizona,Women'S Athletic Footwear,40,78,3120,Outlet
Kohl'S,2021-05-27,West,New Mexico,Men'S Apparel,45,78,3510,Outlet
Foot Locker,2021-08-07,Northeast,Rhode Island,Men'S Athletic Footwear,42,91,3822,Online
Sports Direct,2021-03-12,Southeast,Georgia,Women'S Athletic Footwear,38,78,2964,Outlet
Sports Direct,2021-08-14,Northeast,Massachusetts,Women'S Apparel,58,91,5278,Online
Walmart,2021-02-21,South,Arkansas,Women'S Athletic Footwear,15,78,1170,Outlet
Amazon,2021-01-14,Northeast,Massachusetts,Women'S Street Footwear,32,91,2912,Online
West Gear,2021-03-19,South,Oklahoma,Men'S Athletic Footwear,15,78,1170,Outlet
Sports Direct,2021-12-11,Midwest,South Dakota,Men'S Athletic Footwear,45,75,3375,Online
West Gear,2021-09-19,South,Oklahoma,Men'S Apparel,20,78,1560,Outlet
Foot Locker,2021-07-06,Northeast,Rhode Island,Women'S Street Footwear,27,78,2106,Outlet
Sports Direct,2021-12-11,Midwest,South Dakota,Women'S Apparel,64,75,4800,Online
Amazon,2021-11-14,Northeast,Massachusetts,Men'S Apparel,50,78,3900,Outlet
Sports Direct,2021-05-10,Midwest,North Dakota,Women'S Apparel,52,75,3900,Online
Amazon,2021-09-17,Northeast,New Hampshire,Women'S Street Footwear,43,78,3354,Outlet
Foot Locker,2021-12-08,Midwest,North Dakota,Men'S Athletic Footwear,46,75,3450,Online
Foot Locker,2021-06-01,West,California,Men'S Athletic Footwear,41,77,3157,Online
Foot Locker,2021-01-06,Midwest,North Dakota,Women'S Apparel,28,75,2100,Online
Foot Locker,2021-06-11,Midwest,Illinois,Women'S Apparel,43,77,3311,Online
Kohl'S,2021-01-26,West,Arizona,Men'S Apparel,45,80,3600,Online
Foot Locker,2020-12-23,Midwest,Minnesota,Men'S Athletic Footwear,42,77,3234,Online
Amazon,2021-01-21,Northeast,Vermont,Men'S Athletic Footwear,45,91,4095,Online
Foot Locker,2020-12-27,Midwest,Minnesota,Women'S Apparel,54,77,4158,Online
Amazon,2021-08-22,Southeast,Kentucky,Women'S Street Footwear,36,80,2880,Online
Foot Locker,2021-10-06,Midwest,Iowa,Men'S Athletic Footwear,32,75,2400,Online
Amazon,2021-06-19,Northeast,New Hampshire,Women'S Athletic Footwear,52,91,4732,Online
Kohl'S,2021-01-01,Midwest,Montana,Men'S Apparel,47,77,3619,Online
Foot Locker,2021-11-22,Southeast,Kentucky,Women'S Apparel,66,80,5280,Online
Foot Locker,2021-06-01,West,California,Men'S Athletic Footwear,31,91,2821,Outlet
West Gear,2021-11-03,Midwest,Wisconsin,Women'S Apparel,61,75,4575,Online
Amazon,2021-11-12,Northeast,Maine,Men'S Athletic Footwear,48,77,3696,Online
Foot Locker,2021-03-16,South,Mississippi,Women'S Athletic Footwear,19,80,1520,Online
West Gear,2021-02-10,Midwest,Indiana,Women'S Apparel,19,75,1425,Online
Amazon,2021-02-22,West,Alaska,Women'S Street Footwear,43,77,3311,Online
West Gear,2021-11-10,Midwest,Indiana,Men'S Apparel,55,75,4125,Online
Foot Locker,2021-12-10,Northeast,Pennsylvania,Men'S Athletic Footwear,40,91,3640,Outlet
Amazon,2021-10-22,West,Alaska,Men'S Athletic Footwear,60,77,4620,Online
West Gear,2021-01-17,Midwest,Indiana,Men'S Athletic Footwear,32,75,2400,Online
West Gear,2021-01-23,South,Arkansas,Men'S Apparel,33,80,2640,Online
West Gear,2021-04-17,South,Louisiana,Women'S Athletic Footwear,27,91,2457,Outlet
Sports Direct,2021-01-17,West,Hawaii,Women'S Athletic Footwear,47,77,3619,Online
West Gear,2021-02-21,South,Arkansas,Men'S Athletic Footwear,23,80,1840,Online
West Gear,2021-04-05,West,Idaho,Men'S Apparel,27,91,2457,Outlet
Foot Locker,2021-01-18,Midwest,Michigan,Women'S Athletic Footwear,24,77,1848,Online
Foot Locker,2021-09-19,Midwest,Missouri,Men'S Apparel,23,77,1771,Online
West Gear,2021-03-19,South,Oklahoma,Women'S Street Footwear,9,80,720,Online
West Gear,2021-09-18,South,Louisiana,Men'S Apparel,51,77,3927,Online
Kohl'S,2021-06-14,Midwest,Kansas,Women'S Athletic Footwear,38,80,3040,Online
Foot Locker,2021-01-23,West,Idaho,Women'S Athletic Footwear,38,77,2926,Online
Foot Locker,2021-01-12,Midwest,Kansas,Men'S Athletic Footwear,37,80,2960,Online
West Gear,2021-01-17,Midwest,Indiana,Women'S Apparel,34,75,2550,Online
Amazon,2021-06-22,Southeast,Kentucky,Men'S Athletic Footwear,33,77,2541,Online
Foot Locker,2021-02-12,Midwest,South Dakota,Women'S Apparel,32,80,2560,Online
West Gear,2021-02-17,Midwest,Indiana,Women'S Street Footwear,27,75,2025,Online
Kohl'S,2021-11-20,South,Oklahoma,Men'S Apparel,71,77,5467,Online
West Gear,2021-04-17,Northeast,West Virginia,Men'S Athletic Footwear,28,75,2100,Online
Kohl'S,2021-05-12,Midwest,Kansas,Men'S Athletic Footwear,39,77,3003,Online
West Gear,2021-11-06,Midwest,Iowa,Men'S Athletic Footwear,32,72,2304,Online
West Gear,2021-09-18,Northeast,West Virginia,Women'S Apparel,36,75,2700,Online
Foot Locker,2021-09-13,Midwest,South Dakota,Men'S Athletic Footwear,39,80,3120,Online
Foot Locker,2021-06-06,Midwest,Iowa,Men'S Athletic Footwear,28,77,2156,Online
West Gear,2021-11-06,Midwest,Iowa,Women'S Apparel,59,72,4248,Online
West Gear,2021-06-22,Northeast,Maryland,Men'S Athletic Footwear,41,75,3075,Online
West Gear,2021-10-17,Northeast,West Virginia,Men'S Athletic Footwear,32,80,2560,Online
Foot Locker,2021-09-07,Midwest,Iowa,Men'S Athletic Footwear,27,77,2079,Online
Foot Locker,2021-06-15,Northeast,Delaware,Women'S Athletic Footwear,41,75,3075,Online
Foot Locker,2021-06-15,Northeast,Delaware,Men'S Apparel,50,75,3750,Online
West Gear,2021-05-18,Northeast,West Virginia,Women'S Street Footwear,32,77,2464,Online
Sports Direct,2021-11-07,Northeast,New Jersey,Men'S Athletic Footwear,46,80,3680,Online
Kohl'S,2021-05-06,Northeast,New Jersey,Women'S Street Footwear,38,75,2850,Online
West Gear,2021-07-16,Northeast,West Virginia,Women'S Athletic Footwear,48,77,3696,Online
Kohl'S,2021-08-07,Northeast,New Jersey,Women'S Street Footwear,37,75,2775,Online
Foot Locker,2021-11-17,Northeast,West Virginia,Women'S Street Footwear,32,77,2464,Online
Sports Direct,2021-09-03,Northeast,Connecticut,Men'S Athletic Footwear,47,75,3525,Online
Kohl'S,2021-01-10,Northeast,Delaware,Men'S Athletic Footwear,33,77,2541,Online
Foot Locker,2021-08-07,Northeast,Rhode Island,Women'S Street Footwear,38,75,2850,Online
Sports Direct,2021-06-05,Northeast,Connecticut,Women'S Athletic Footwear,42,80,3360,Online
Sports Direct,2021-11-07,Northeast,Rhode Island,Women'S Apparel,60,77,4620,Online
Sports Direct,2021-07-03,Northeast,Connecticut,Women'S Athletic Footwear,42,80,3360,Online
Sports Direct,2021-02-15,Northeast,Massachusetts,Women'S Apparel,38,75,2850,Online
Sports Direct,2021-07-13,Northeast,Massachusetts,Women'S Street Footwear,41,77,3157,Online
Amazon,2021-12-13,Northeast,Massachusetts,Women'S Athletic Footwear,52,75,3900,Online
Amazon,2021-03-10,Northeast,Vermont,Women'S Street Footwear,34,77,2618,Online
Foot Locker,2021-11-04,Northeast,Connecticut,Women'S Street Footwear,51,80,4080,Online
Amazon,2021-05-10,Northeast,Vermont,Women'S Street Footwear,49,75,3675,Online
West Gear,2021-09-25,West,Oregon,Men'S Apparel,48,77,3696,Outlet
Amazon,2021-10-12,Northeast,Vermont,Men'S Athletic Footwear,54,75,4050,Online
Amazon,2021-11-11,Northeast,Vermont,Women'S Athletic Footwear,55,75,4125,Online
West Gear,2021-05-18,South,Louisiana,Men'S Apparel,32,77,2464,Outlet
Amazon,2021-02-19,Northeast,Vermont,Men'S Athletic Footwear,45,75,3375,Online
Walmart,2021-04-20,South,Arkansas,Women'S Athletic Footwear,13,77,1001,Outlet
Amazon,2021-03-17,Northeast,New Hampshire,Women'S Street Footwear,38,75,2850,Online
Foot Locker,2021-02-08,Northeast,Rhode Island,Women'S Apparel,27,77,2079,Outlet
Amazon,2021-03-17,Northeast,New Hampshire,Women'S Apparel,45,75,3375,Online
Sports Direct,2021-12-06,Northeast,Rhode Island,Women'S Athletic Footwear,34,77,2618,Outlet
Amazon,2021-09-17,Northeast,New Hampshire,Women'S Street Footwear,52,75,3900,Online
Sports Direct,2021-07-13,Northeast,Massachusetts,Women'S Athletic Footwear,34,77,2618,Outlet
Foot Locker,2021-12-26,Northeast,Pennsylvania,Women'S Apparel,53,75,3975,Outlet
Sports Direct,2021-09-13,Northeast,Massachusetts,Women'S Apparel,41,77,3157,Outlet
West Gear,2021-03-10,West,Utah,Women'S Athletic Footwear,20,75,1500,Outlet
Foot Locker,2021-06-15,Midwest,Illinois,Women'S Athletic Footwear,45,75,3375,Outlet
West Gear,2021-04-11,West,Utah,Women'S Athletic Footwear,14,75,1050,Outlet
Foot Locker,2021-06-21,Midwest,Illinois,Women'S Athletic Footwear,45,75,3375,Outlet
West Gear,2021-03-23,West,Oregon,Women'S Athletic Footwear,39,75,2925,Outlet
West Gear,2021-03-09,Midwest,Indiana,Women'S Street Footwear,14,72,1008,Online
Foot Locker,2021-10-25,South,Texas,Women'S Athletic Footwear,40,75,3000,Outlet
West Gear,2021-02-17,South,Louisiana,Women'S Athletic Footwear,33,75,2475,Outlet
West Gear,2021-04-10,Midwest,Indiana,Women'S Apparel,47,72,3384,Online
Foot Locker,2021-11-07,Northeast,Pennsylvania,Men'S Apparel,60,75,4500,Outlet
West Gear,2021-08-17,Northeast,West Virginia,Women'S Athletic Footwear,36,72,2592,Online
Foot Locker,2021-11-12,Northeast,Pennsylvania,Women'S Athletic Footwear,45,75,3375,Outlet
Sports Direct,2021-01-13,West,New Mexico,Men'S Apparel,35,75,2625,Outlet
Sports Direct,2021-07-20,Northeast,Maryland,Men'S Athletic Footwear,42,72,3024,Online
Foot Locker,2021-11-13,Northeast,Pennsylvania,Men'S Apparel,60,75,4500,Outlet
Walmart,2021-04-20,South,Arkansas,Men'S Apparel,31,75,2325,Outlet
Foot Locker,2020-10-26,Midwest,Minnesota,Women'S Athletic Footwear,30,75,2250,In-Store
Kohl'S,2021-02-14,South,Oklahoma,Men'S Athletic Footwear,17,75,1275,Outlet
Foot Locker,2021-12-20,Northeast,Maryland,Women'S Apparel,61,72,4392,Online
Foot Locker,2020-11-02,Midwest,Minnesota,Men'S Apparel,50,75,3750,In-Store
Sports Direct,2021-03-03,Northeast,Connecticut,Women'S Street Footwear,23,75,1725,Outlet
Foot Locker,2021-03-13,Northeast,Delaware,Women'S Apparel,39,72,2808,Online
Foot Locker,2020-11-14,Midwest,Minnesota,Men'S Apparel,55,75,4125,In-Store
Sports Direct,2021-01-17,Northeast,Rhode Island,Women'S Street Footwear,22,75,1650,Outlet
Kohl'S,2021-11-14,Northeast,Delaware,Men'S Apparel,60,72,4320,Online
Foot Locker,2020-12-13,Midwest,Minnesota,Women'S Athletic Footwear,35,75,2625,Outlet
Sports Direct,2021-02-15,Northeast,Massachusetts,Women'S Athletic Footwear,27,75,2025,Outlet
Kohl'S,2021-01-10,Northeast,Delaware,Women'S Street Footwear,24,72,1728,Online
Foot Locker,2020-12-14,Midwest,Minnesota,Men'S Apparel,45,75,3375,Outlet
Sports Direct,2021-06-15,Northeast,Massachusetts,Women'S Street Footwear,36,75,2700,Outlet
Kohl'S,2021-09-06,Northeast,New Jersey,Men'S Athletic Footwear,41,72,2952,Online
West Gear,2020-01-11,West,Nevada,Women'S Athletic Footwear,44,74,3256,Online
Sports Direct,2021-10-05,Northeast,Connecticut,Men'S Athletic Footwear,52,72,3744,Online
West Gear,2020-04-05,West,Colorado,Women'S Athletic Footwear,56,74,4144,Online
Foot Locker,2021-11-04,Northeast,Connecticut,Women'S Athletic Footwear,50,80,4000,Online
Amazon,2021-05-10,Northeast,Vermont,Men'S Apparel,55,72,3960,Online
Sports Direct,2021-08-23,South,Alabama,Men'S Apparel,23,74,1702,Online
Amazon,2021-11-14,Northeast,Massachusetts,Women'S Athletic Footwear,51,80,4080,Online
Foot Locker,2021-05-24,South,Tennessee,Women'S Athletic Footwear,30,75,2250,Outlet
Amazon,2021-08-18,Northeast,New Hampshire,Women'S Athletic Footwear,51,72,3672,Online
Amazon,2021-12-17,Northeast,Maine,Men'S Athletic Footwear,53,74,3922,Online
Foot Locker,2021-10-24,South,Texas,Women'S Street Footwear,28,72,2016,Outlet
Sports Direct,2021-02-17,Southeast,Florida,Women'S Athletic Footwear,45,74,3330,Online
Amazon,2021-03-10,Northeast,Vermont,Women'S Apparel,41,80,3280,Online
Foot Locker,2021-11-29,Northeast,Pennsylvania,Women'S Street Footwear,43,72,3096,Outlet
Walmart,2021-09-18,Southeast,Florida,Men'S Apparel,64,74,4736,Online
Amazon,2021-05-10,Northeast,Vermont,Men'S Athletic Footwear,54,80,4320,Online
Foot Locker,2021-06-23,West,Arizona,Men'S Apparel,43,72,3096,Outlet
West Gear,2021-04-11,West,Utah,Men'S Apparel,33,74,2442,Online
Amazon,2021-11-11,Northeast,Vermont,Men'S Apparel,67,80,5360,Online
Sports Direct,2021-08-04,Northeast,Connecticut,Women'S Athletic Footwear,32,72,2304,Outlet
West Gear,2021-04-17,South,Louisiana,Women'S Athletic Footwear,39,74,2886,Online
Foot Locker,2021-01-10,Northeast,Connecticut,Women'S Street Footwear,19,72,1368,Outlet
Kohl'S,2021-02-26,West,New Mexico,Women'S Athletic Footwear,43,74,3182,Online
Amazon,2021-05-17,Northeast,New Hampshire,Women'S Athletic Footwear,52,80,4160,Online
Foot Locker,2021-01-10,Northeast,Connecticut,Women'S Apparel,26,72,1872,Outlet
Amazon,2021-09-23,Southeast,Kentucky,Women'S Apparel,49,74,3626,Online
West Gear,2020-01-06,West,Nevada,Men'S Apparel,37,80,2960,Outlet
Sports Direct,2021-06-15,Northeast,Massachusetts,Women'S Athletic Footwear,34,72,2448,Outlet
Foot Locker,2021-12-21,Southeast,Kentucky,Women'S Street Footwear,51,74,3774,Online
Foot Locker,2021-08-24,Southeast,Virginia,Women'S Apparel,55,80,4400,Outlet
Foot Locker,2021-06-09,Midwest,Nebraska,Men'S Athletic Footwear,35,75,2625,Outlet
Amazon,2021-02-12,Northeast,Massachusetts,Men'S Athletic Footwear,33,72,2376,Outlet
Kohl'S,2021-11-20,South,Oklahoma,Women'S Street Footwear,23,74,1702,Online
Amazon,2021-08-11,Northeast,Vermont,Men'S Apparel,43,72,3096,Outlet
Foot Locker,2021-06-10,Midwest,Nebraska,Women'S Street Footwear,25,75,1875,Outlet
Sports Direct,2021-01-09,Midwest,South Dakota,Men'S Athletic Footwear,32,74,2368,Online
Amazon,2021-09-10,Northeast,Vermont,Women'S Street Footwear,40,72,2880,Outlet
Foot Locker,2021-07-11,Midwest,Nebraska,Women'S Athletic Footwear,20,75,1500,Outlet
West Gear,2021-09-18,South,Louisiana,Women'S Athletic Footwear,34,80,2720,Outlet
Sports Direct,2021-01-09,Midwest,South Dakota,Women'S Street Footwear,25,74,1850,Online
Foot Locker,2021-11-22,Northeast,Pennsylvania,Men'S Athletic Footwear,59,70,4130,Online
Foot Locker,2021-07-12,Midwest,Nebraska,Men'S Apparel,30,75,2250,Outlet
Sports Direct,2021-02-13,Southeast,Georgia,Women'S Athletic Footwear,30,80,2400,Outlet
West Gear,2021-03-09,Midwest,Indiana,Women'S Apparel,24,74,1776,Online
West Gear,2020-01-06,West,Nevada,Men'S Apparel,47,70,3290,Online
West Gear,2021-09-11,Midwest,Indiana,Men'S Athletic Footwear,29,74,2146,Online
Amazon,2021-12-28,Northeast,Maine,Men'S Athletic Footwear,46,70,3220,Online
West Gear,2021-06-17,Northeast,West Virginia,Men'S Apparel,41,74,3034,Online
West Gear,2021-05-19,South,Oklahoma,Men'S Apparel,33,80,2640,Outlet
Walmart,2021-10-10,West,Hawaii,Men'S Apparel,63,70,4410,Online
Amazon,2021-10-21,Northeast,Maine,Women'S Athletic Footwear,35,75,2625,Outlet
Sports Direct,2021-02-15,Northeast,Massachusetts,Women'S Apparel,30,80,2400,Outlet
Foot Locker,2021-09-25,Southeast,Virginia,Women'S Apparel,42,70,2940,Online
Amazon,2021-11-02,Northeast,Maine,Women'S Athletic Footwear,35,75,2625,Outlet
Sports Direct,2021-07-13,Northeast,Massachusetts,Men'S Apparel,41,80,3280,Outlet
Foot Locker,2021-05-13,Northeast,Delaware,Men'S Apparel,50,74,3700,Online
Foot Locker,2021-02-18,Midwest,Missouri,Women'S Athletic Footwear,24,70,1680,Online
Amazon,2021-03-10,Northeast,Vermont,Men'S Athletic Footwear,36,80,2880,Outlet
Amazon,2021-11-03,Northeast,Maine,Men'S Apparel,50,75,3750,Outlet
Kohl'S,2021-02-08,Northeast,New Jersey,Women'S Apparel,32,74,2368,Online
Foot Locker,2021-05-19,Midwest,Missouri,Men'S Apparel,44,70,3080,Online
Foot Locker,2021-03-11,Midwest,South Dakota,Women'S Athletic Footwear,35,75,2625,Online
Kohl'S,2021-07-06,Northeast,New Jersey,Men'S Apparel,48,74,3552,Online
West Gear,2021-04-11,West,Utah,Women'S Athletic Footwear,18,70,1260,Online
Foot Locker,2021-04-12,Midwest,South Dakota,Women'S Athletic Footwear,35,75,2625,Online
Amazon,2021-04-18,Northeast,New Hampshire,Women'S Street Footwear,26,80,2080,Outlet
Sports Direct,2021-05-03,Northeast,Connecticut,Women'S Street Footwear,43,74,3182,Online
Foot Locker,2021-02-04,West,Idaho,Men'S Apparel,39,70,2730,Online
Amazon,2021-08-18,Northeast,New Hampshire,Men'S Apparel,45,80,3600,Outlet
Sports Direct,2021-06-05,Northeast,Connecticut,Men'S Apparel,53,74,3922,Online
Walmart,2021-02-21,South,Arkansas,Women'S Athletic Footwear,18,70,1260,Online
Foot Locker,2021-10-05,Northeast,Connecticut,Women'S Apparel,63,74,4662,Online
Foot Locker,2021-11-13,Midwest,Kansas,Men'S Apparel,68,70,4760,Online
Sports Direct,2021-12-06,Northeast,Rhode Island,Women'S Street Footwear,47,74,3478,Online
Foot Locker,2021-06-12,Midwest,South Dakota,Men'S Athletic Footwear,39,70,2730,Online
Foot Locker,2021-12-05,Northeast,Pennsylvania,Women'S Street Footwear,38,79,3002,Outlet
Amazon,2021-02-12,Northeast,Massachusetts,Women'S Street Footwear,33,74,2442,Online
Foot Locker,2021-12-14,Northeast,Pennsylvania,Women'S Apparel,48,79,3792,Outlet
Foot Locker,2021-11-02,Northeast,Pennsylvania,Women'S Apparel,30,74,2220,Outlet
Foot Locker,2021-12-29,Northeast,Pennsylvania,Women'S Street Footwear,44,79,3476,Outlet
Foot Locker,2021-12-20,Northeast,Pennsylvania,Women'S Apparel,42,74,3108,Outlet
West Gear,2021-04-20,South,Oklahoma,Men'S Athletic Footwear,18,79,1422,Outlet
Foot Locker,2021-05-23,South,Tennessee,Women'S Street Footwear,19,74,1406,Outlet
Foot Locker,2021-01-10,Northeast,Connecticut,Men'S Athletic Footwear,28,79,2212,Outlet
Foot Locker,2021-09-25,Southeast,Virginia,Men'S Apparel,39,74,2886,Outlet
Foot Locker,2021-09-06,Northeast,Rhode Island,Men'S Athletic Footwear,30,79,2370,Outlet
West Gear,2020-05-29,West,Colorado,Women'S Athletic Footwear,49,78,3822,Online
Kohl'S,2021-01-18,Midwest,Montana,Women'S Athletic Footwear,36,78,2808,Online
Sports Direct,2021-10-12,Midwest,South Dakota,Women'S Apparel,55,70,3850,Online
Sports Direct,2021-05-14,Southeast,Georgia,Men'S Apparel,39,74,2886,Outlet
Sports Direct,2021-09-28,South,Alabama,Men'S Apparel,29,78,2262,Online
Foot Locker,2021-01-06,Midwest,North Dakota,Men'S Athletic Footwear,29,70,2030,Online
West Gear,2021-01-23,South,Arkansas,Women'S Athletic Footwear,13,74,962,Outlet
Foot Locker,2021-03-23,Southeast,Virginia,Women'S Apparel,49,78,3822,Online
West Gear,2021-01-03,Midwest,Iowa,Men'S Athletic Footwear,29,70,2030,Online
West Gear,2021-05-19,South,Oklahoma,Women'S Athletic Footwear,26,74,1924,Outlet
Sports Direct,2021-05-03,Northeast,Connecticut,Men'S Apparel,50,70,3500,Online
West Gear,2021-10-21,South,Oklahoma,Women'S Street Footwear,14,74,1036,Outlet
Foot Locker,2021-04-24,Southeast,Virginia,Women'S Apparel,64,78,4992,Online
Sports Direct,2021-05-03,Northeast,Connecticut,Women'S Athletic Footwear,32,74,2368,Outlet
Sports Direct,2021-01-17,Northeast,Rhode Island,Women'S Apparel,38,70,2660,Online
Amazon,2021-11-14,Northeast,Massachusetts,Men'S Apparel,63,70,4410,Online
Amazon,2021-03-10,Northeast,Vermont,Men'S Athletic Footwear,42,70,2940,Online
West Gear,2021-09-18,South,Louisiana,Women'S Street Footwear,43,78,3354,Online
Foot Locker,2021-06-08,Northeast,Rhode Island,Women'S Street Footwear,32,74,2368,Outlet
Foot Locker,2021-10-27,Northeast,Pennsylvania,Women'S Apparel,32,70,2240,Outlet
Amazon,2021-01-22,Midwest,Ohio,Men'S Athletic Footwear,38,78,2964,Online
West Gear,2020-01-12,West,Nevada,Men'S Apparel,37,70,2590,Outlet
Amazon,2021-02-22,Southeast,Kentucky,Women'S Apparel,39,78,3042,Online
Sports Direct,2021-11-07,Northeast,Rhode Island,Men'S Athletic Footwear,40,74,2960,Outlet
Sports Direct,2021-01-23,South,Mississippi,Women'S Athletic Footwear,19,78,1482,Online
Walmart,2021-05-19,South,Arkansas,Women'S Athletic Footwear,34,78,2652,Online
Walmart,2021-10-21,South,Arkansas,Women'S Street Footwear,19,78,1482,Online
Kohl'S,2021-11-20,South,Oklahoma,Men'S Athletic Footwear,14,78,1092,Online
Foot Locker,2021-08-12,Midwest,South Dakota,Men'S Athletic Footwear,42,78,3276,Online
Foot Locker,2021-12-08,Midwest,North Dakota,Women'S Apparel,63,78,4914,Online
Foot Locker,2021-08-06,Midwest,Iowa,Men'S Athletic Footwear,42,78,3276,Online
West Gear,2021-11-03,Midwest,Wisconsin,Men'S Athletic Footwear,32,78,2496,Online
Foot Locker,2021-05-22,South,Tennessee,Men'S Athletic Footwear,23,70,1610,Outlet
West Gear,2021-01-10,Midwest,Wisconsin,Men'S Athletic Footwear,32,78,2496,Online
Foot Locker,2021-09-25,Southeast,Virginia,Women'S Athletic Footwear,37,70,2590,Outlet
West Gear,2021-04-24,West,Oregon,Women'S Athletic Footwear,34,70,2380,Outlet
Walmart,2021-03-19,South,Arkansas,Women'S Athletic Footwear,15,70,1050,Outlet
West Gear,2021-04-20,South,Oklahoma,Women'S Street Footwear,10,70,700,Outlet
Kohl'S,2021-01-16,South,Oklahoma,Women'S Athletic Footwear,16,70,1120,Outlet
Foot Locker,2021-06-08,Northeast,Rhode Island,Women'S Athletic Footwear,26,70,1820,Outlet
Sports Direct,2021-01-17,Northeast,Rhode Island,Men'S Athletic Footwear,38,68,2584,Online
Sports Direct,2021-02-15,Northeast,Rhode Island,Women'S Street Footwear,24,70,1680,Outlet
Amazon,2021-01-14,Northeast,Massachusetts,Men'S Apparel,37,70,2590,Outlet
Sports Direct,2021-02-15,Northeast,Massachusetts,Women'S Athletic Footwear,32,68,2176,Online
Amazon,2021-09-17,Northeast,New Hampshire,Men'S Apparel,48,70,3360,Outlet
Sports Direct,2021-06-15,Northeast,Massachusetts,Women'S Street Footwear,42,68,2856,Online
Foot Locker,2021-02-22,Northeast,New Hampshire,Men'S Athletic Footwear,42,70,2940,Outlet
Sports Direct,2021-07-13,Northeast,Massachusetts,Men'S Apparel,53,68,3604,Online
Foot Locker,2021-06-05,Midwest,Illinois,Women'S Apparel,41,69,2829,Online
Amazon,2021-01-14,Northeast,Massachusetts,Men'S Apparel,52,68,3536,Online
Foot Locker,2021-12-28,Northeast,Pennsylvania,Men'S Athletic Footwear,55,69,3795,Online
Amazon,2021-08-11,Northeast,Vermont,Women'S Athletic Footwear,49,68,3332,Online
West Gear,2020-04-11,West,Colorado,Women'S Athletic Footwear,58,69,4002,Online
Amazon,2021-04-18,Northeast,New Hampshire,Men'S Athletic Footwear,49,68,3332,Online
Sports Direct,2021-03-26,South,Tennessee,Men'S Apparel,39,69,2691,Online
Foot Locker,2021-10-23,South,Texas,Men'S Athletic Footwear,34,68,2312,Outlet
Foot Locker,2021-12-16,Northeast,Pennsylvania,Men'S Athletic Footwear,35,68,2380,Outlet
Foot Locker,2021-07-07,Midwest,Nebraska,Women'S Apparel,44,69,3036,Online
Foot Locker,2021-12-22,Northeast,Pennsylvania,Men'S Athletic Footwear,43,68,2924,Outlet
Amazon,2021-03-20,West,Alaska,Women'S Street Footwear,41,69,2829,Online
Walmart,2021-05-18,Southeast,Florida,Men'S Apparel,42,68,2856,Outlet
Amazon,2021-05-20,West,Alaska,Men'S Apparel,62,69,4278,Online
Foot Locker,2021-04-24,Southeast,Virginia,Women'S Athletic Footwear,32,68,2176,Outlet
Foot Locker,2021-03-09,West,Hawaii,Women'S Athletic Footwear,52,69,3588,Online
West Gear,2021-01-24,West,Utah,Women'S Athletic Footwear,30,68,2040,Outlet
Foot Locker,2021-04-24,Southeast,Virginia,Men'S Athletic Footwear,59,69,4071,Online
West Gear,2021-01-17,West,Oregon,Men'S Apparel,33,68,2244,Outlet
Foot Locker,2021-05-25,Southeast,Virginia,Women'S Athletic Footwear,47,69,3243,Online
Foot Locker,2021-01-23,West,Idaho,Men'S Apparel,35,68,2380,Outlet
Foot Locker,2021-02-23,West,Arizona,Women'S Athletic Footwear,26,68,1768,Outlet
Foot Locker,2021-03-22,West,Arizona,Women'S Athletic Footwear,38,68,2584,Outlet
West Gear,2021-10-21,South,Oklahoma,Men'S Apparel,22,68,1496,Outlet
Sports Direct,2021-03-03,Northeast,Connecticut,Men'S Athletic Footwear,32,68,2176,Outlet
Foot Locker,2021-07-06,Northeast,Rhode Island,Men'S Apparel,33,68,2244,Outlet
Foot Locker,2021-10-08,Northeast,Rhode Island,Men'S Athletic Footwear,38,68,2584,Outlet
Sports Direct,2021-11-07,Northeast,Rhode Island,Women'S Street Footwear,37,68,2516,Outlet
Sports Direct,2021-11-07,Northeast,Rhode Island,Women'S Athletic Footwear,36,68,2448,Outlet
Sports Direct,2021-03-13,Northeast,Massachusetts,Women'S Apparel,31,68,2108,Outlet
Sports Direct,2021-05-13,Northeast,Massachusetts,Men'S Athletic Footwear,34,68,2312,Outlet
Sports Direct,2021-05-13,Northeast,Massachusetts,Women'S Street Footwear,30,68,2040,Outlet
Sports Direct,2021-10-15,Northeast,Massachusetts,Men'S Athletic Footwear,37,68,2516,Outlet
Amazon,2021-10-15,Northeast,Massachusetts,Women'S Apparel,51,68,3468,Outlet
Foot Locker,2021-10-23,West,Arizona,Men'S Apparel,53,69,3657,Online
Amazon,2021-02-12,Northeast,Vermont,Men'S Apparel,36,68,2448,Outlet
Sports Direct,2021-04-13,Southeast,Georgia,Women'S Athletic Footwear,48,69,3312,Online
Amazon,2021-04-11,Northeast,Vermont,Men'S Athletic Footwear,35,68,2380,Outlet
Amazon,2021-07-21,Southeast,Kentucky,Women'S Street Footwear,38,69,2622,Online
Amazon,2021-09-10,Northeast,Vermont,Men'S Apparel,48,68,3264,Outlet
West Gear,2021-03-19,South,Oklahoma,Women'S Apparel,23,69,1587,Online
Amazon,2021-02-19,Northeast,New Hampshire,Women'S Athletic Footwear,31,68,2108,Outlet
West Gear,2021-09-19,South,Oklahoma,Women'S Street Footwear,14,69,966,Online
Foot Locker,2021-12-23,Northeast,Pennsylvania,Women'S Street Footwear,47,66,3102,Outlet
Kohl'S,2021-08-13,Midwest,Kansas,Men'S Apparel,47,69,3243,Online
West Gear,2020-01-30,West,Nevada,Men'S Apparel,43,66,2838,Outlet
Sports Direct,2021-02-09,Midwest,North Dakota,Women'S Apparel,23,69,1587,Online
Foot Locker,2021-05-07,Midwest,Iowa,Women'S Apparel,46,69,3174,Online
West Gear,2021-11-03,Midwest,Wisconsin,Women'S Street Footwear,33,69,2277,Online
Sports Direct,2021-02-05,Northeast,Connecticut,Men'S Apparel,39,66,2574,Outlet
West Gear,2021-03-16,Northeast,West Virginia,Men'S Athletic Footwear,27,69,1863,Online
Foot Locker,2021-06-08,Northeast,Rhode Island,Men'S Apparel,39,66,2574,Outlet
Sports Direct,2021-10-08,Northeast,Rhode Island,Women'S Apparel,47,66,3102,Outlet
Amazon,2021-09-10,Northeast,Vermont,Women'S Athletic Footwear,35,66,2310,Outlet
Amazon,2021-10-12,Northeast,Vermont,Women'S Street Footwear,40,66,2640,Outlet
Foot Locker,2021-06-23,Midwest,Illinois,Women'S Apparel,49,65,3185,Online
Foot Locker,2021-07-08,Midwest,Illinois,Women'S Street Footwear,36,65,2340,Online
Foot Locker,2021-07-29,Midwest,Illinois,Women'S Apparel,60,65,3900,Online
Foot Locker,2021-07-31,Midwest,Illinois,Men'S Athletic Footwear,46,65,2990,Online
Foot Locker,2021-08-04,Midwest,Illinois,Women'S Apparel,61,65,3965,Online
Foot Locker,2021-12-26,Northeast,Pennsylvania,Women'S Apparel,71,65,4615,Online
Foot Locker,2021-12-29,Northeast,Pennsylvania,Women'S Street Footwear,55,65,3575,Online
West Gear,2020-06-05,West,Washington,Men'S Apparel,52,65,3380,Online
Foot Locker,2020-10-18,Southeast,Florida,Men'S Athletic Footwear,33,65,2145,Online
Foot Locker,2020-10-22,Midwest,Minnesota,Women'S Apparel,32,65,2080,Online
Foot Locker,2020-10-28,Midwest,Minnesota,Women'S Apparel,34,65,2210,Online
Foot Locker,2021-05-23,South,Tennessee,Women'S Street Footwear,24,65,1560,Online
Foot Locker,2021-07-31,Midwest,Nebraska,Women'S Apparel,54,65,3510,Online
Amazon,2021-02-22,West,Alaska,Men'S Athletic Footwear,53,65,3445,Online
Amazon,2021-03-20,West,Alaska,Men'S Athletic Footwear,52,65,3380,Online
West Gear,2021-06-17,Northeast,West Virginia,Women'S Athletic Footwear,33,69,2277,Online
Amazon,2021-08-21,West,Alaska,Men'S Apparel,62,65,4030,Online
Foot Locker,2021-02-15,Northeast,Maryland,Women'S Street Footwear,27,69,1863,Online
Walmart,2021-09-18,Southeast,Florida,Women'S Athletic Footwear,54,65,3510,Online
Foot Locker,2021-03-23,Southeast,Virginia,Women'S Athletic Footwear,48,65,3120,Online
Foot Locker,2021-09-25,Southeast,Virginia,Women'S Street Footwear,47,65,3055,Online
Foot Locker,2021-03-13,Northeast,Delaware,Women'S Street Footwear,29,69,2001,Online
Foot Locker,2021-04-18,Midwest,Missouri,Men'S Apparel,36,65,2340,Online
Foot Locker,2021-05-13,Northeast,Delaware,Men'S Athletic Footwear,47,69,3243,Online
Foot Locker,2021-05-19,Midwest,Missouri,Women'S Athletic Footwear,29,65,1885,Online
Kohl'S,2021-01-10,Northeast,Delaware,Women'S Apparel,33,69,2277,Online
West Gear,2021-03-23,West,Oregon,Women'S Athletic Footwear,49,65,3185,Online
West Gear,2021-05-18,South,Louisiana,Men'S Apparel,36,65,2340,Online
Kohl'S,2021-06-08,Northeast,New Jersey,Women'S Street Footwear,38,69,2622,Online
Kohl'S,2021-05-27,West,New Mexico,Men'S Apparel,56,65,3640,Online
Sports Direct,2021-04-04,Northeast,Connecticut,Women'S Apparel,36,69,2484,Online
Amazon,2021-03-21,Southeast,Kentucky,Women'S Apparel,42,65,2730,Online
Sports Direct,2021-08-14,Northeast,Massachusetts,Women'S Street Footwear,42,69,2898,Online
Amazon,2021-08-22,Southeast,Kentucky,Men'S Apparel,49,65,3185,Online
Amazon,2021-09-23,Southeast,Kentucky,Women'S Street Footwear,33,65,2145,Online
Walmart,2021-03-19,South,Arkansas,Men'S Apparel,32,65,2080,Online
Amazon,2021-03-17,Northeast,New Hampshire,Men'S Athletic Footwear,49,69,3381,Online
West Gear,2021-01-23,South,Arkansas,Women'S Athletic Footwear,18,65,1170,Online
Foot Locker,2021-06-14,Midwest,Illinois,Women'S Street Footwear,37,68,2516,Online
West Gear,2021-04-20,South,Oklahoma,Men'S Athletic Footwear,23,65,1495,Online
Foot Locker,2021-10-23,South,Texas,Men'S Athletic Footwear,41,68,2788,Online
Kohl'S,2021-01-16,South,Oklahoma,Men'S Apparel,33,65,2145,Online
Foot Locker,2021-11-02,Northeast,Pennsylvania,Women'S Apparel,44,68,2992,Online
Kohl'S,2021-02-14,South,Oklahoma,Men'S Athletic Footwear,23,65,1495,Online
Foot Locker,2020-11-30,Midwest,Minnesota,Women'S Street Footwear,37,68,2516,Online
Foot Locker,2021-05-26,Midwest,Nebraska,Women'S Apparel,32,68,2176,Online
Kohl'S,2021-03-12,Midwest,Kansas,Women'S Apparel,23,65,1495,Online
Kohl'S,2021-05-12,Midwest,Kansas,Women'S Street Footwear,32,65,2080,Online
Sports Direct,2021-08-11,South,Alabama,Men'S Apparel,38,68,2584,Online
Kohl'S,2021-09-12,Midwest,Kansas,Women'S Athletic Footwear,14,65,910,Online
Amazon,2021-10-17,Northeast,Maine,Women'S Apparel,38,68,2584,Online
Foot Locker,2021-08-12,Midwest,South Dakota,Women'S Street Footwear,36,65,2340,Online
Foot Locker,2021-09-13,Midwest,South Dakota,Women'S Apparel,46,65,2990,Online
Amazon,2021-12-23,Northeast,Maine,Women'S Street Footwear,41,68,2788,Online
Amazon,2021-12-17,Northeast,Maine,Women'S Street Footwear,52,68,3536,Online
Amazon,2021-08-21,West,Alaska,Women'S Athletic Footwear,53,68,3604,Online
Sports Direct,2021-01-17,West,Hawaii,Men'S Apparel,54,68,3672,Online
Walmart,2021-05-18,Southeast,Florida,Men'S Apparel,52,68,3536,Online
Foot Locker,2021-10-18,Midwest,Missouri,Men'S Apparel,32,68,2176,Online
West Gear,2021-01-17,West,Oregon,Women'S Athletic Footwear,41,68,2788,Online
Foot Locker,2021-03-22,West,Arizona,Women'S Athletic Footwear,47,68,3196,Online
Foot Locker,2021-06-23,West,Arizona,Men'S Apparel,51,68,3468,Online
Amazon,2021-05-23,Southeast,Kentucky,Men'S Athletic Footwear,42,68,2856,Online
Foot Locker,2021-12-21,Southeast,Kentucky,Women'S Athletic Footwear,49,68,3332,Online
Foot Locker,2021-12-21,Southeast,Kentucky,Men'S Apparel,54,68,3672,Online
West Gear,2021-04-20,South,Oklahoma,Women'S Street Footwear,14,68,952,Online
West Gear,2021-09-19,South,Oklahoma,Men'S Apparel,23,68,1564,Online
Kohl'S,2021-02-14,Midwest,Kansas,Men'S Apparel,32,68,2176,Online
Sports Direct,2021-11-12,Midwest,South Dakota,Women'S Apparel,61,65,3965,Online
Foot Locker,2021-05-13,Midwest,South Dakota,Women'S Apparel,58,68,3944,Online
Sports Direct,2021-06-09,Midwest,North Dakota,Men'S Athletic Footwear,32,65,2080,Online
Sports Direct,2021-02-09,Midwest,South Dakota,Women'S Street Footwear,24,68,1632,Online
Foot Locker,2021-11-09,Midwest,North Dakota,Women'S Apparel,60,65,3900,Online
Foot Locker,2021-03-05,Midwest,Iowa,Women'S Street Footwear,9,65,585,Online
Sports Direct,2021-04-09,Midwest,North Dakota,Women'S Apparel,49,68,3332,Online
West Gear,2021-01-03,Midwest,Iowa,Women'S Street Footwear,18,65,1170,Online
Foot Locker,2021-01-06,Midwest,North Dakota,Women'S Street Footwear,19,68,1292,Online
Foot Locker,2021-02-06,Midwest,Iowa,Women'S Apparel,14,68,952,Online
West Gear,2021-02-03,Midwest,Wisconsin,Women'S Apparel,14,65,910,Online
Foot Locker,2021-03-05,Midwest,Iowa,Women'S Apparel,20,68,1360,Online
West Gear,2021-09-04,Midwest,Wisconsin,Men'S Athletic Footwear,29,65,1885,Online
Foot Locker,2021-07-05,Midwest,Iowa,Women'S Street Footwear,36,68,2448,Online
West Gear,2021-10-03,Midwest,Wisconsin,Women'S Apparel,46,65,2990,Online
West Gear,2021-10-03,Midwest,Wisconsin,Men'S Athletic Footwear,33,68,2244,Online
West Gear,2021-11-03,Midwest,Wisconsin,Women'S Athletic Footwear,33,65,2145,Online
West Gear,2021-10-10,Midwest,Indiana,Men'S Athletic Footwear,32,65,2080,Online
West Gear,2021-07-09,Midwest,Indiana,Women'S Street Footwear,42,68,2856,Online
West Gear,2021-02-17,Northeast,West Virginia,Men'S Apparel,48,65,3120,Online
West Gear,2021-09-11,Midwest,Indiana,Women'S Apparel,36,68,2448,Online
West Gear,2021-04-17,Northeast,West Virginia,Women'S Street Footwear,19,68,1292,Online
West Gear,2021-05-18,Northeast,West Virginia,Men'S Apparel,42,68,2856,Online
Foot Locker,2021-12-20,Northeast,Maryland,Men'S Athletic Footwear,46,65,2990,Online
West Gear,2021-08-17,Northeast,West Virginia,Men'S Apparel,49,68,3332,Online
Foot Locker,2021-12-20,Northeast,Maryland,Women'S Street Footwear,45,65,2925,Online
Foot Locker,2021-02-15,Northeast,Delaware,Men'S Apparel,45,65,2925,Online
West Gear,2021-09-18,Northeast,West Virginia,Women'S Street Footwear,24,68,1632,Online
Foot Locker,2021-05-13,Northeast,Delaware,Women'S Athletic Footwear,41,65,2665,Online
Kohl'S,2021-06-08,Northeast,New Jersey,Women'S Athletic Footwear,39,65,2535,Online
Foot Locker,2021-01-24,Northeast,West Virginia,Men'S Athletic Footwear,34,68,2312,Online
Foot Locker,2021-03-13,Northeast,Delaware,Men'S Athletic Footwear,39,68,2652,Online
Kohl'S,2021-04-07,Northeast,New Jersey,Women'S Apparel,33,68,2244,Online
Kohl'S,2021-06-08,Northeast,New Jersey,Men'S Apparel,46,65,2990,Online
Kohl'S,2021-05-06,Northeast,New Jersey,Men'S Athletic Footwear,41,68,2788,Online
Sports Direct,2021-11-07,Northeast,New Jersey,Women'S Athletic Footwear,49,65,3185,Online
Sports Direct,2021-02-05,Northeast,New Jersey,Women'S Street Footwear,29,65,1885,Online
Kohl'S,2021-05-06,Northeast,New Jersey,Men'S Apparel,47,68,3196,Online
Foot Locker,2021-02-08,Northeast,Rhode Island,Women'S Apparel,33,65,2145,Online
Sports Direct,2021-10-08,Northeast,New Jersey,Women'S Apparel,62,68,4216,Online
Foot Locker,2021-06-08,Northeast,Rhode Island,Women'S Street Footwear,39,65,2535,Online
Sports Direct,2021-11-07,Northeast,New Jersey,Women'S Street Footwear,48,68,3264,Online
Foot Locker,2021-07-06,Northeast,Rhode Island,Women'S Street Footwear,37,65,2405,Online
Sports Direct,2021-03-03,Northeast,Connecticut,Women'S Street Footwear,29,68,1972,Online
Sports Direct,2021-08-04,Northeast,Connecticut,Women'S Athletic Footwear,41,68,2788,Online
Foot Locker,2021-11-04,Northeast,Connecticut,Men'S Apparel,60,68,4080,Online
Sports Direct,2021-12-06,Northeast,Rhode Island,Women'S Athletic Footwear,48,65,3120,Online
Sports Direct,2021-06-15,Northeast,Massachusetts,Women'S Athletic Footwear,41,65,2665,Online
Amazon,2021-10-15,Northeast,Massachusetts,Women'S Apparel,66,65,4290,Online
Sports Direct,2021-12-06,Northeast,Rhode Island,Men'S Apparel,56,68,3808,Online
Amazon,2021-04-11,Northeast,Vermont,Women'S Street Footwear,32,65,2080,Online
Amazon,2021-05-10,Northeast,Vermont,Women'S Athletic Footwear,46,65,2990,Online
West Gear,2021-04-24,West,Oregon,Women'S Athletic Footwear,41,63,2583,Online
West Gear,2021-09-18,South,Louisiana,Women'S Athletic Footwear,41,63,2583,Online
Foot Locker,2021-01-23,West,Idaho,Men'S Apparel,42,63,2646,Online
Foot Locker,2021-02-23,West,Arizona,Women'S Athletic Footwear,38,63,2394,Online
Sports Direct,2021-01-13,West,New Mexico,Men'S Apparel,41,63,2583,Online
Sports Direct,2021-02-13,Southeast,Georgia,Women'S Athletic Footwear,36,63,2268,Online
Amazon,2021-02-22,Midwest,Ohio,Women'S Street Footwear,29,63,1827,Online
Amazon,2021-07-21,Southeast,Kentucky,Women'S Athletic Footwear,37,63,2331,Online
Amazon,2021-08-11,Northeast,Vermont,Men'S Apparel,57,65,3705,Online
Walmart,2021-04-20,South,Arkansas,Women'S Athletic Footwear,20,63,1260,Online
Sports Direct,2021-11-07,Northeast,Rhode Island,Women'S Street Footwear,48,64,3072,Online
West Gear,2021-09-19,South,Oklahoma,Women'S Athletic Footwear,14,63,882,Online
Foot Locker,2021-11-14,Northeast,Pennsylvania,Women'S Apparel,39,64,2496,Outlet
Sports Direct,2021-11-12,Midwest,South Dakota,Men'S Athletic Footwear,41,63,2583,Online
Sports Direct,2021-03-08,Midwest,North Dakota,Women'S Apparel,28,63,1764,Online
Foot Locker,2021-12-01,Northeast,Pennsylvania,Men'S Apparel,50,64,3200,Outlet
Sports Direct,2021-08-09,Midwest,North Dakota,Women'S Street Footwear,37,63,2331,Online
Foot Locker,2021-02-24,Southeast,Virginia,Women'S Athletic Footwear,28,64,1792,Outlet
Sports Direct,2021-09-10,Midwest,North Dakota,Women'S Apparel,44,63,2772,Online
West Gear,2021-02-24,West,Oregon,Women'S Athletic Footwear,29,64,1856,Outlet
Foot Locker,2021-04-06,Midwest,Iowa,Women'S Apparel,46,63,2898,Online
Foot Locker,2021-05-07,Midwest,Iowa,Men'S Athletic Footwear,37,63,2331,Online
West Gear,2021-03-02,Midwest,Wisconsin,Women'S Apparel,18,63,1134,Online
Sports Direct,2021-04-04,Northeast,Connecticut,Men'S Athletic Footwear,30,64,1920,Outlet
Foot Locker,2021-01-24,Northeast,West Virginia,Women'S Street Footwear,24,63,1512,Online
Sports Direct,2021-04-04,Northeast,Connecticut,Women'S Street Footwear,20,64,1280,Outlet
West Gear,2021-02-22,Northeast,Maryland,Women'S Apparel,34,63,2142,Online
Sports Direct,2021-09-03,Northeast,Connecticut,Women'S Street Footwear,33,64,2112,Outlet
West Gear,2021-05-20,Northeast,Maryland,Women'S Apparel,52,63,3276,Online
Foot Locker,2021-09-06,Northeast,Rhode Island,Women'S Apparel,41,64,2624,Outlet
Sports Direct,2021-09-20,Northeast,Maryland,Men'S Athletic Footwear,44,63,2772,Online
Foot Locker,2021-01-24,Northeast,New Hampshire,Men'S Apparel,50,64,3200,Outlet
Foot Locker,2021-11-21,Northeast,Maryland,Women'S Apparel,62,63,3906,Online
Foot Locker,2021-08-14,Northeast,Delaware,Women'S Athletic Footwear,41,63,2583,Online
Foot Locker,2021-08-14,Northeast,Delaware,Men'S Apparel,50,63,3150,Online
Kohl'S,2021-02-08,Northeast,Delaware,Women'S Street Footwear,24,63,1512,Online
Foot Locker,2021-06-17,Midwest,Illinois,Women'S Apparel,45,63,2835,Online
Kohl'S,2021-07-06,Northeast,New Jersey,Women'S Athletic Footwear,36,63,2268,Online
Foot Locker,2021-06-29,Midwest,Illinois,Women'S Apparel,64,63,4032,Online
Kohl'S,2021-10-08,Northeast,New Jersey,Men'S Athletic Footwear,48,63,3024,Online
Foot Locker,2021-07-01,Midwest,Illinois,Men'S Athletic Footwear,43,63,2709,Online
Sports Direct,2021-05-03,Northeast,Connecticut,Women'S Athletic Footwear,44,63,2772,Online
Foot Locker,2021-07-15,Midwest,Illinois,Women'S Athletic Footwear,37,63,2331,Online
Foot Locker,2021-01-10,Northeast,Connecticut,Men'S Athletic Footwear,34,63,2142,Online
Foot Locker,2021-11-20,Northeast,Pennsylvania,Women'S Apparel,64,63,4032,Online
Foot Locker,2021-01-10,Northeast,Connecticut,Women'S Street Footwear,24,63,1512,Online
Foot Locker,2021-12-16,Northeast,Pennsylvania,Men'S Athletic Footwear,47,63,2961,Online
Foot Locker,2021-01-10,Northeast,Connecticut,Women'S Apparel,33,63,2079,Online
Foot Locker,2021-07-06,Northeast,Rhode Island,Men'S Apparel,47,63,2961,Online
Sports Direct,2021-11-07,Northeast,Rhode Island,Men'S Athletic Footwear,46,63,2898,Online
Sports Direct,2021-09-13,Northeast,Massachusetts,Men'S Athletic Footwear,49,63,3087,Online
Foot Locker,2021-12-20,Northeast,Pennsylvania,Women'S Apparel,60,63,3780,Online
Sports Direct,2021-09-13,Northeast,Massachusetts,Women'S Apparel,57,63,3591,Online
Foot Locker,2020-10-19,Southeast,Florida,Women'S Street Footwear,24,63,1512,Online
Amazon,2021-02-12,Northeast,Vermont,Men'S Apparel,54,63,3402,Online
Foot Locker,2020-11-24,Midwest,Minnesota,Women'S Street Footwear,36,63,2268,Online
Amazon,2021-09-17,Northeast,New Hampshire,Men'S Apparel,64,63,4032,Online
Foot Locker,2021-06-28,Midwest,Nebraska,Women'S Street Footwear,34,63,2142,Online
Foot Locker,2021-12-06,Northeast,Pennsylvania,Women'S Athletic Footwear,43,62,2666,Outlet
Foot Locker,2021-07-27,Midwest,Nebraska,Men'S Athletic Footwear,36,63,2268,Online
West Gear,2020-01-24,West,Nevada,Men'S Apparel,47,62,2914,Outlet
Sports Direct,2021-02-17,Southeast,Florida,Men'S Apparel,44,62,2728,Outlet
Amazon,2021-10-14,South,Alabama,Women'S Street Footwear,28,63,1764,Online
West Gear,2021-09-25,West,Oregon,Women'S Athletic Footwear,38,62,2356,Outlet
Foot Locker,2021-05-24,West,Arizona,Men'S Apparel,39,62,2418,Outlet
Kohl'S,2021-02-26,West,New Mexico,Men'S Apparel,34,62,2108,Outlet
Amazon,2021-10-23,Northeast,Maine,Women'S Apparel,37,63,2331,Online
West Gear,2021-10-21,South,Oklahoma,Women'S Athletic Footwear,15,62,930,Outlet
Amazon,2021-11-04,Northeast,Maine,Women'S Apparel,39,63,2457,Online
Sports Direct,2021-08-04,Northeast,Connecticut,Men'S Apparel,43,62,2666,Outlet
Amazon,2021-11-19,Northeast,Maine,Women'S Street Footwear,43,63,2709,Online
Foot Locker,2021-06-08,Midwest,Illinois,Women'S Street Footwear,32,61,1952,Online
Amazon,2021-11-18,Northeast,Maine,Women'S Apparel,67,63,4221,Online
Foot Locker,2021-10-27,Northeast,Pennsylvania,Women'S Apparel,43,61,2623,Online
Amazon,2021-05-20,West,Alaska,Women'S Athletic Footwear,51,63,3213,Online
Foot Locker,2021-12-05,Northeast,Pennsylvania,Women'S Street Footwear,54,61,3294,Online
Foot Locker,2021-12-14,Northeast,Pennsylvania,Women'S Apparel,55,61,3355,Online
Foot Locker,2020-12-21,Midwest,Minnesota,Women'S Apparel,59,61,3599,Online
Kohl'S,2021-01-25,Midwest,Montana,Men'S Apparel,41,61,2501,Online
Amazon,2021-04-21,West,Alaska,Men'S Athletic Footwear,50,61,3050,Online
Amazon,2021-04-21,West,Alaska,Women'S Street Footwear,44,61,2684,Online
West Gear,2021-09-25,West,Oregon,Men'S Apparel,58,59,3422,Online
Kohl'S,2021-09-12,Midwest,Kansas,Men'S Apparel,24,61,1464,Online
Foot Locker,2021-04-12,Midwest,South Dakota,Women'S Apparel,48,61,2928,Online
Amazon,2021-03-21,Southeast,Kentucky,Men'S Athletic Footwear,41,59,2419,Online
Foot Locker,2021-07-11,Midwest,South Dakota,Women'S Street Footwear,37,61,2257,Online
West Gear,2021-05-19,South,Oklahoma,Women'S Athletic Footwear,34,59,2006,Online
Foot Locker,2021-08-06,Midwest,Iowa,Women'S Street Footwear,39,61,2379,Online
Kohl'S,2021-03-12,Midwest,Kansas,Men'S Athletic Footwear,19,59,1121,Online
Foot Locker,2021-09-07,Midwest,Iowa,Women'S Apparel,36,61,2196,Online
Foot Locker,2021-02-12,Midwest,Kansas,Women'S Street Footwear,29,59,1711,Online
West Gear,2021-12-05,Midwest,Iowa,Women'S Athletic Footwear,49,61,2989,Online
Foot Locker,2021-03-11,Midwest,South Dakota,Women'S Street Footwear,27,59,1593,Online
West Gear,2021-04-03,Midwest,Wisconsin,Women'S Apparel,49,61,2989,Online
Foot Locker,2021-03-11,Midwest,South Dakota,Women'S Apparel,37,59,2183,Online
West Gear,2021-07-02,Midwest,Wisconsin,Women'S Street Footwear,38,61,2318,Online
Sports Direct,2021-07-08,Midwest,North Dakota,Women'S Street Footwear,37,59,2183,Online
West Gear,2021-03-09,Midwest,Indiana,Men'S Athletic Footwear,23,61,1403,Online
West Gear,2021-12-05,Midwest,Iowa,Men'S Apparel,59,59,3481,Online
West Gear,2021-09-18,Northeast,West Virginia,Men'S Apparel,32,61,1952,Online
West Gear,2021-03-02,Midwest,Wisconsin,Women'S Street Footwear,9,59,531,Online
Foot Locker,2021-02-15,Northeast,Maryland,Men'S Athletic Footwear,37,61,2257,Online
West Gear,2021-03-16,Northeast,West Virginia,Men'S Apparel,37,59,2183,Online
Foot Locker,2021-04-14,Northeast,Delaware,Men'S Athletic Footwear,38,61,2318,Online
West Gear,2021-09-18,Northeast,West Virginia,Women'S Athletic Footwear,23,59,1357,Online
Foot Locker,2021-09-13,Northeast,Delaware,Women'S Street Footwear,43,61,2623,Online
Foot Locker,2021-01-24,Northeast,West Virginia,Women'S Apparel,33,59,1947,Online
Kohl'S,2021-03-06,Northeast,New Jersey,Women'S Apparel,32,61,1952,Online
Foot Locker,2021-01-17,Northeast,Maryland,Men'S Apparel,49,59,2891,Online
Amazon,2021-02-12,Northeast,Massachusetts,Men'S Athletic Footwear,44,61,2684,Online
Foot Locker,2021-04-14,Northeast,Delaware,Women'S Street Footwear,27,59,1593,Online
Foot Locker,2021-11-08,Northeast,Pennsylvania,Women'S Apparel,38,61,2318,Outlet
West Gear,2021-03-19,South,Oklahoma,Men'S Apparel,26,61,1586,Outlet
Kohl'S,2021-03-06,Northeast,New Jersey,Women'S Street Footwear,24,59,1416,Online
Sports Direct,2021-11-07,Northeast,New Jersey,Men'S Apparel,55,59,3245,Online
Sports Direct,2021-06-15,Northeast,Massachusetts,Men'S Apparel,51,59,3009,Online
Sports Direct,2021-10-05,Northeast,Connecticut,Women'S Street Footwear,36,61,2196,Outlet
Foot Locker,2021-02-22,Northeast,New Hampshire,Men'S Athletic Footwear,53,59,3127,Online
Sports Direct,2021-11-07,Northeast,Rhode Island,Men'S Apparel,43,61,2623,Outlet
Foot Locker,2021-08-09,Midwest,Illinois,Men'S Apparel,59,58,3422,Online
Sports Direct,2021-03-13,Northeast,Massachusetts,Men'S Athletic Footwear,31,61,1891,Outlet
Foot Locker,2021-12-06,Northeast,Pennsylvania,Women'S Athletic Footwear,53,58,3074,Online
West Gear,2020-03-25,West,Colorado,Men'S Apparel,43,58,2494,Online
Foot Locker,2020-11-26,Midwest,Minnesota,Men'S Apparel,49,58,2842,Online
Foot Locker,2020-12-11,Midwest,Minnesota,Men'S Athletic Footwear,34,58,1972,Online
Foot Locker,2021-07-25,Midwest,Nebraska,Women'S Apparel,53,58,3074,Online
Amazon,2021-11-13,Northeast,Maine,Women'S Street Footwear,42,58,2436,Online
Walmart,2021-04-17,Southeast,Florida,Men'S Apparel,59,58,3422,Online
Foot Locker,2021-02-24,Southeast,Virginia,Women'S Athletic Footwear,38,58,2204,Online
West Gear,2021-01-24,West,Utah,Women'S Athletic Footwear,39,58,2262,Online
West Gear,2021-02-24,West,Oregon,Women'S Athletic Footwear,39,58,2262,Online
West Gear,2021-01-17,West,Oregon,Men'S Apparel,46,58,2668,Online
Foot Locker,2021-05-24,West,Arizona,Men'S Apparel,51,58,2958,Online
Kohl'S,2021-04-26,West,New Mexico,Men'S Apparel,56,58,3248,Online
Amazon,2021-02-22,Midwest,Ohio,Men'S Athletic Footwear,38,58,2204,Online
Amazon,2021-05-23,Southeast,Kentucky,Women'S Street Footwear,38,58,2204,Online
Amazon,2021-09-23,Southeast,Kentucky,Men'S Apparel,43,58,2494,Online
Kohl'S,2021-04-13,Midwest,Kansas,Men'S Athletic Footwear,25,58,1450,Online
Kohl'S,2021-05-12,Midwest,Kansas,Women'S Athletic Footwear,32,58,1856,Online
Foot Locker,2021-08-12,Midwest,South Dakota,Women'S Athletic Footwear,38,58,2204,Online
Amazon,2021-10-12,Northeast,Vermont,Women'S Athletic Footwear,46,61,2806,Outlet
Sports Direct,2021-03-08,Midwest,North Dakota,Men'S Athletic Footwear,27,58,1566,Online
Amazon,2021-04-18,Northeast,New Hampshire,Men'S Apparel,40,61,2440,Outlet
West Gear,2021-01-10,Midwest,Wisconsin,Men'S Apparel,41,58,2378,Online
Foot Locker,2021-10-19,Northeast,New Hampshire,Women'S Athletic Footwear,44,61,2684,Outlet
West Gear,2021-02-10,Midwest,Indiana,Men'S Apparel,41,58,2378,Online
West Gear,2021-05-11,Midwest,Indiana,Men'S Apparel,44,58,2552,Online
Foot Locker,2021-06-13,Midwest,Illinois,Men'S Athletic Footwear,46,60,2760,Online
Sports Direct,2021-10-22,Northeast,Maryland,Men'S Athletic Footwear,48,58,2784,Online
Foot Locker,2021-07-20,Midwest,Illinois,Women'S Street Footwear,36,60,2160,Online
Kohl'S,2021-03-06,Northeast,New Jersey,Men'S Athletic Footwear,32,58,1856,Online
Foot Locker,2021-12-01,Northeast,Pennsylvania,Men'S Apparel,64,60,3840,Online
Sports Direct,2021-04-04,Northeast,Connecticut,Men'S Athletic Footwear,38,58,2204,Online
Foot Locker,2021-06-08,Northeast,Rhode Island,Men'S Apparel,48,58,2784,Online
Foot Locker,2021-12-22,Northeast,Pennsylvania,Men'S Athletic Footwear,55,60,3300,Online
Foot Locker,2021-07-06,Northeast,Rhode Island,Women'S Athletic Footwear,37,58,2146,Online
Foot Locker,2021-09-06,Northeast,Rhode Island,Women'S Apparel,52,58,3016,Online
Sports Direct,2021-10-08,Northeast,Rhode Island,Women'S Apparel,64,58,3712,Online
Sports Direct,2021-11-07,Northeast,Rhode Island,Women'S Athletic Footwear,48,58,2784,Online
Amazon,2021-02-19,Northeast,New Hampshire,Women'S Athletic Footwear,42,58,2436,Online
Foot Locker,2021-11-05,Northeast,Pennsylvania,Women'S Street Footwear,29,58,1682,Outlet
West Gear,2021-05-25,West,Oregon,Men'S Apparel,33,58,1914,Outlet
West Gear,2021-02-21,South,Oklahoma,Women'S Athletic Footwear,15,58,870,Outlet
Sports Direct,2021-09-03,Northeast,Connecticut,Women'S Athletic Footwear,30,58,1740,Outlet
Sports Direct,2021-09-03,Northeast,Connecticut,Men'S Apparel,41,58,2378,Outlet
Foot Locker,2021-03-06,Northeast,Rhode Island,Women'S Apparel,25,58,1450,Outlet
Foot Locker,2021-05-06,Northeast,Rhode Island,Men'S Athletic Footwear,32,58,1856,Outlet
Sports Direct,2021-08-14,Northeast,Massachusetts,Women'S Athletic Footwear,31,58,1798,Outlet
Amazon,2021-10-12,Northeast,Vermont,Men'S Apparel,55,58,3190,Outlet
Foot Locker,2021-10-19,Northeast,New Hampshire,Men'S Apparel,50,58,2900,Outlet
Amazon,2021-11-22,Southeast,Kentucky,Women'S Street Footwear,41,57,2337,Online
Sports Direct,2021-11-12,Midwest,South Dakota,Women'S Street Footwear,43,57,2451,Online
West Gear,2021-11-06,Midwest,Iowa,Women'S Street Footwear,32,57,1824,Online
Foot Locker,2021-07-10,Midwest,Illinois,Men'S Apparel,47,56,2632,Online
Foot Locker,2021-10-24,South,Texas,Women'S Street Footwear,33,56,1848,Online
West Gear,2020-03-19,West,Colorado,Men'S Apparel,41,56,2296,Online
West Gear,2020-06-17,West,Washington,Men'S Apparel,59,56,3304,Online
Foot Locker,2020-10-25,Midwest,Minnesota,Women'S Street Footwear,25,56,1400,Online
Foot Locker,2020-12-24,Midwest,Minnesota,Women'S Street Footwear,44,56,2464,Online
Kohl'S,2021-01-19,Midwest,Montana,Men'S Apparel,44,56,2464,Online
Foot Locker,2021-05-22,South,Tennessee,Men'S Athletic Footwear,32,56,1792,Online
Foot Locker,2021-07-09,Midwest,Nebraska,Men'S Athletic Footwear,33,56,1848,Online
Amazon,2021-10-19,Northeast,Maine,Women'S Apparel,68,56,3808,Online
Amazon,2021-09-20,West,Alaska,Women'S Athletic Footwear,50,56,2800,Online
Foot Locker,2021-01-10,West,Alaska,Women'S Athletic Footwear,43,56,2408,Online
Foot Locker,2021-02-10,West,Hawaii,Women'S Athletic Footwear,41,56,2296,Online
Foot Locker,2021-04-24,Southeast,Virginia,Women'S Athletic Footwear,42,56,2352,Online
Foot Locker,2021-09-25,Southeast,Virginia,Men'S Apparel,58,56,3248,Online
West Gear,2020-01-30,West,Nevada,Men'S Apparel,60,60,3600,Online
Foot Locker,2020-12-15,Midwest,Minnesota,Women'S Apparel,49,60,2940,Online
Sports Direct,2021-05-14,Southeast,Georgia,Men'S Apparel,50,56,2800,Online
Kohl'S,2021-01-13,Midwest,Montana,Men'S Apparel,48,60,2880,Online
Foot Locker,2021-06-01,Midwest,Nebraska,Women'S Apparel,32,60,1920,Online
Foot Locker,2021-07-28,Midwest,Nebraska,Women'S Street Footwear,39,60,2340,Online
Amazon,2021-06-22,Southeast,Kentucky,Women'S Street Footwear,28,56,1568,Online
Amazon,2021-10-20,Northeast,Maine,Women'S Street Footwear,29,60,1740,Online
West Gear,2021-10-21,South,Oklahoma,Women'S Street Footwear,20,56,1120,Online
Amazon,2021-11-06,Northeast,Maine,Men'S Athletic Footwear,48,60,2880,Online
Sports Direct,2021-03-08,Midwest,North Dakota,Women'S Athletic Footwear,25,75,1875,Online
Kohl'S,2021-01-16,South,Oklahoma,Women'S Athletic Footwear,19,56,1064,Online
Amazon,2021-11-21,Northeast,Maine,Men'S Apparel,53,60,3180,Online
Amazon,2021-09-20,West,Alaska,Men'S Apparel,62,60,3720,Online
Kohl'S,2021-05-12,Midwest,Kansas,Men'S Apparel,43,56,2408,Online
Sports Direct,2021-04-09,Midwest,North Dakota,Women'S Athletic Footwear,25,75,1875,Online
Sports Direct,2021-02-17,Southeast,Florida,Men'S Apparel,52,60,3120,Online
Sports Direct,2021-03-08,Midwest,North Dakota,Women'S Street Footwear,19,56,1064,Online
Foot Locker,2021-02-06,Midwest,Iowa,Women'S Athletic Footwear,25,75,1875,In-Store
Walmart,2021-03-19,South,Arkansas,Women'S Athletic Footwear,19,60,1140,Online
Foot Locker,2021-02-06,Midwest,North Dakota,Women'S Street Footwear,19,56,1064,Online
West Gear,2021-02-03,Midwest,Wisconsin,Women'S Athletic Footwear,25,75,1875,In-Store
Kohl'S,2021-04-13,Midwest,Kansas,Women'S Street Footwear,14,60,840,Online
West Gear,2021-03-02,Midwest,Wisconsin,Women'S Athletic Footwear,15,75,1125,In-Store
West Gear,2021-08-03,Midwest,Wisconsin,Women'S Street Footwear,39,56,2184,Online
Kohl'S,2021-10-14,Midwest,Kansas,Women'S Street Footwear,19,60,1140,Online
West Gear,2021-04-03,Midwest,Wisconsin,Women'S Athletic Footwear,15,75,1125,In-Store
West Gear,2021-11-03,Midwest,Wisconsin,Men'S Apparel,58,56,3248,Online
Foot Locker,2021-05-13,Midwest,South Dakota,Men'S Athletic Footwear,45,60,2700,Online
West Gear,2021-05-11,Midwest,Indiana,Women'S Street Footwear,34,56,1904,Online
Foot Locker,2021-01-24,Northeast,West Virginia,Women'S Athletic Footwear,30,75,2250,In-Store
Sports Direct,2021-06-09,Midwest,North Dakota,Women'S Street Footwear,27,60,1620,Online
West Gear,2021-08-10,Midwest,Indiana,Women'S Street Footwear,37,56,2072,Online
West Gear,2021-03-20,Northeast,Maryland,Men'S Apparel,45,75,3375,In-Store
West Gear,2021-04-17,Northeast,West Virginia,Men'S Apparel,60,56,3360,Online
Foot Locker,2021-10-22,Northeast,Maryland,Women'S Athletic Footwear,50,75,3750,In-Store
Kohl'S,2021-05-06,Northeast,New Jersey,Women'S Athletic Footwear,38,56,2128,Online
Foot Locker,2021-10-22,Northeast,Maryland,Men'S Apparel,60,75,4500,In-Store
Sports Direct,2021-03-03,Northeast,Connecticut,Men'S Athletic Footwear,38,56,2128,Online
Sports Direct,2021-07-08,Midwest,North Dakota,Men'S Apparel,49,60,2940,Online
Sports Direct,2021-04-04,Northeast,Connecticut,Women'S Street Footwear,29,56,1624,Online
Foot Locker,2021-07-05,Midwest,Iowa,Men'S Apparel,46,60,2760,Online
Foot Locker,2021-09-06,Northeast,Rhode Island,Men'S Athletic Footwear,43,56,2408,Online
West Gear,2021-02-03,Midwest,Iowa,Women'S Street Footwear,20,60,1200,Online
Foot Locker,2021-10-08,Northeast,Rhode Island,Men'S Athletic Footwear,46,56,2576,Online
West Gear,2021-08-10,Midwest,Indiana,Women'S Athletic Footwear,38,60,2280,Online
Sports Direct,2021-05-13,Northeast,Massachusetts,Women'S Street Footwear,41,56,2296,Online
Sports Direct,2021-07-20,Northeast,Maryland,Women'S Street Footwear,37,60,2220,Online
Kohl'S,2021-03-06,Northeast,New Jersey,Women'S Athletic Footwear,30,75,2250,In-Store
Sports Direct,2021-07-13,Northeast,Massachusetts,Women'S Athletic Footwear,44,56,2464,Online
Sports Direct,2021-08-21,Northeast,Maryland,Women'S Street Footwear,39,60,2340,Online
Sports Direct,2021-10-15,Northeast,Massachusetts,Men'S Athletic Footwear,53,56,2968,Online
Foot Locker,2021-09-13,Northeast,Delaware,Women'S Athletic Footwear,41,60,2460,Online
Foot Locker,2021-09-13,Northeast,Delaware,Men'S Apparel,50,60,3000,Online
Foot Locker,2021-01-10,Northeast,Connecticut,Women'S Athletic Footwear,30,75,2250,In-Store
Sports Direct,2021-01-07,Northeast,New Jersey,Men'S Apparel,49,60,2940,Online
Foot Locker,2021-03-06,Northeast,Rhode Island,Men'S Apparel,45,75,3375,In-Store
Sports Direct,2021-02-05,Northeast,Connecticut,Men'S Apparel,49,60,2940,Online
Foot Locker,2021-10-08,Northeast,Rhode Island,Women'S Athletic Footwear,50,75,3750,In-Store
Amazon,2021-04-11,Northeast,Vermont,Men'S Athletic Footwear,43,56,2408,Online
Sports Direct,2021-09-03,Northeast,Connecticut,Women'S Street Footwear,41,60,2460,Online
Foot Locker,2021-10-08,Northeast,Rhode Island,Men'S Apparel,60,75,4500,In-Store
Amazon,2021-09-10,Northeast,Vermont,Women'S Street Footwear,46,56,2576,Online
Foot Locker,2021-07-14,Midwest,Illinois,Women'S Street Footwear,38,75,2850,Online
Amazon,2021-01-21,Northeast,Vermont,Men'S Apparel,59,56,3304,Online
Foot Locker,2021-07-25,Midwest,Illinois,Men'S Athletic Footwear,49,75,3675,Online
Foot Locker,2021-08-06,Midwest,Illinois,Men'S Athletic Footwear,46,75,3450,Online
Amazon,2021-09-17,Northeast,New Hampshire,Women'S Athletic Footwear,53,56,2968,Online
Foot Locker,2021-08-07,Midwest,Illinois,Women'S Street Footwear,46,75,3450,Online
Foot Locker,2021-11-30,Northeast,Pennsylvania,Women'S Athletic Footwear,39,56,2184,Outlet
Sports Direct,2021-08-21,South,Texas,Men'S Apparel,38,75,2850,Online
Foot Locker,2021-12-31,Northeast,Pennsylvania,Men'S Apparel,46,56,2576,Outlet
Foot Locker,2021-12-04,Northeast,Pennsylvania,Men'S Athletic Footwear,54,75,4050,Online
West Gear,2021-04-17,South,Louisiana,Men'S Apparel,34,56,1904,Outlet
West Gear,2020-01-23,West,Nevada,Women'S Athletic Footwear,59,75,4425,Online
Sports Direct,2021-04-13,Southeast,Georgia,Men'S Apparel,38,56,2128,Outlet
West Gear,2020-05-12,West,Colorado,Men'S Apparel,64,75,4800,Online
Foot Locker,2021-03-06,Northeast,Rhode Island,Women'S Street Footwear,17,56,952,Outlet
Foot Locker,2021-05-06,Northeast,Rhode Island,Women'S Street Footwear,39,60,2340,Online
Foot Locker,2020-11-23,Midwest,Minnesota,Men'S Athletic Footwear,42,75,3150,Online
Amazon,2021-03-10,Northeast,Vermont,Men'S Apparel,36,56,2016,Outlet
Foot Locker,2021-06-08,Northeast,Rhode Island,Women'S Athletic Footwear,39,60,2340,Online
Kohl'S,2021-01-31,Midwest,Montana,Men'S Apparel,41,75,3075,Online
Foot Locker,2021-12-23,Northeast,Pennsylvania,Women'S Street Footwear,55,55,3025,Online
Sports Direct,2021-02-15,Northeast,Rhode Island,Women'S Street Footwear,29,60,1740,Online
Amazon,2021-10-13,South,Alabama,Men'S Athletic Footwear,38,75,2850,Online
Amazon,2021-11-18,Northeast,Maine,Women'S Street Footwear,52,55,2860,Online
Amazon,2021-03-17,Northeast,New Hampshire,Men'S Apparel,58,60,3480,Online
Foot Locker,2021-11-13,Midwest,Kansas,Women'S Street Footwear,23,55,1265,Online
Amazon,2021-12-17,Northeast,Maine,Women'S Apparel,69,75,5175,Online
Foot Locker,2021-12-11,Northeast,Pennsylvania,Women'S Street Footwear,32,60,1920,Outlet
Foot Locker,2021-06-25,Midwest,Illinois,Men'S Athletic Footwear,53,54,2862,Online
Amazon,2021-02-22,West,Alaska,Men'S Apparel,60,75,4500,Online
Foot Locker,2021-12-24,Northeast,Pennsylvania,Women'S Athletic Footwear,43,60,2580,Outlet
Amazon,2021-07-20,West,Alaska,Women'S Athletic Footwear,51,75,3825,Online
West Gear,2020-01-18,West,Nevada,Men'S Apparel,44,60,2640,Outlet
Walmart,2021-10-10,West,Hawaii,Women'S Apparel,64,75,4800,Online
Sports Direct,2021-03-16,Southeast,Florida,Men'S Apparel,44,60,2640,Outlet
Walmart,2021-09-18,Southeast,Florida,Women'S Street Footwear,54,75,4050,Online
Walmart,2021-04-17,Southeast,Florida,Men'S Apparel,47,60,2820,Outlet
Walmart,2021-09-18,Southeast,Florida,Women'S Apparel,51,75,3825,Online
Kohl'S,2021-04-26,West,New Mexico,Men'S Apparel,46,60,2760,Outlet
Foot Locker,2021-08-24,Southeast,Virginia,Women'S Apparel,73,75,5475,Online
Sports Direct,2021-02-13,Southeast,Georgia,Men'S Apparel,34,60,2040,Outlet
Foot Locker,2021-03-17,Midwest,Missouri,Men'S Apparel,41,75,3075,Online
Foot Locker,2021-04-07,Northeast,Rhode Island,Women'S Apparel,26,60,1560,Outlet
Foot Locker,2021-09-19,Midwest,Missouri,Women'S Street Footwear,14,75,1050,Online
Foot Locker,2021-05-06,Northeast,Rhode Island,Women'S Street Footwear,32,60,1920,Outlet
West Gear,2021-03-10,West,Utah,Men'S Apparel,38,75,2850,Online
Foot Locker,2021-07-06,Northeast,Rhode Island,Women'S Athletic Footwear,31,60,1860,Outlet
West Gear,2021-05-12,West,Utah,Men'S Apparel,39,75,2925,Online
Foot Locker,2021-07-02,Midwest,Illinois,Women'S Street Footwear,39,54,2106,Online
Sports Direct,2021-03-13,Northeast,Massachusetts,Women'S Street Footwear,23,60,1380,Outlet
West Gear,2021-09-25,West,Oregon,Women'S Street Footwear,49,75,3675,Online
Foot Locker,2021-08-08,Midwest,Illinois,Women'S Athletic Footwear,49,54,2646,Online
Sports Direct,2021-05-13,Northeast,Massachusetts,Men'S Apparel,39,60,2340,Outlet
Foot Locker,2021-11-14,Northeast,Pennsylvania,Women'S Apparel,48,54,2592,Online
West Gear,2021-10-24,West,Oregon,Men'S Apparel,51,75,3825,Online
Amazon,2021-01-21,Northeast,Vermont,Women'S Athletic Footwear,36,60,2160,Outlet
Amazon,2021-12-17,Northeast,Maine,Men'S Apparel,60,54,3240,Online
West Gear,2021-09-18,South,Louisiana,Women'S Apparel,39,75,2925,Online
Amazon,2021-03-17,Northeast,New Hampshire,Men'S Apparel,47,60,2820,Outlet
Foot Locker,2021-01-24,West,Wyoming,Women'S Athletic Footwear,38,54,2052,Online
West Gear,2021-03-06,West,Idaho,Men'S Apparel,37,75,2775,Online
Foot Locker,2021-10-19,Northeast,New Hampshire,Women'S Street Footwear,52,60,3120,Outlet
Foot Locker,2021-09-25,Southeast,Virginia,Women'S Athletic Footwear,45,54,2430,Online
Foot Locker,2021-04-23,West,Arizona,Women'S Athletic Footwear,46,75,3450,Online
Foot Locker,2021-11-29,Northeast,Pennsylvania,Women'S Street Footwear,51,59,3009,Online
Foot Locker,2021-03-17,Midwest,Missouri,Women'S Athletic Footwear,28,54,1512,Online
Sports Direct,2021-01-13,West,New Mexico,Women'S Athletic Footwear,39,75,2925,Online
Kohl'S,2021-02-26,West,New Mexico,Men'S Apparel,45,54,2430,Online
Amazon,2021-01-22,Midwest,Ohio,Women'S Street Footwear,28,75,2100,Online
Kohl'S,2021-01-07,Midwest,Montana,Men'S Apparel,48,59,2832,Online
Amazon,2021-02-22,Southeast,Kentucky,Men'S Apparel,48,54,2592,Online
Amazon,2021-04-22,Southeast,Kentucky,Women'S Apparel,36,75,2700,Online
Amazon,2021-09-17,Northeast,Maine,Women'S Apparel,57,59,3363,Online
Amazon,2021-06-22,Southeast,Kentucky,Men'S Apparel,49,54,2646,Online
Amazon,2021-07-21,Southeast,Kentucky,Men'S Apparel,46,75,3450,Online
Amazon,2021-10-19,Northeast,Maine,Men'S Athletic Footwear,54,59,3186,Online
Amazon,2021-08-22,Southeast,Kentucky,Women'S Athletic Footwear,38,75,2850,Online
West Gear,2021-01-10,Northeast,Maine,Women'S Athletic Footwear,43,59,2537,Online
Foot Locker,2021-04-17,South,Mississippi,Women'S Athletic Footwear,19,75,1425,Online
Amazon,2021-09-20,West,Alaska,Women'S Street Footwear,50,59,2950,Online
Walmart,2021-04-20,South,Arkansas,Women'S Street Footwear,14,75,1050,Online
Foot Locker,2021-10-18,Midwest,Missouri,Women'S Athletic Footwear,23,59,1357,Online
West Gear,2021-02-21,South,Oklahoma,Men'S Apparel,34,75,2550,Online
West Gear,2021-05-19,South,Oklahoma,Men'S Apparel,43,75,3225,Online
Kohl'S,2021-11-20,South,Oklahoma,Women'S Athletic Footwear,52,75,3900,Online
Kohl'S,2021-02-14,South,Oklahoma,Women'S Street Footwear,14,75,1050,Online
Amazon,2021-09-23,Southeast,Kentucky,Women'S Athletic Footwear,32,54,1728,Online
Kohl'S,2021-03-12,Midwest,Kansas,Women'S Street Footwear,9,75,675,Online
Foot Locker,2021-06-12,Midwest,South Dakota,Women'S Street Footwear,32,54,1728,Online
Kohl'S,2021-07-12,Midwest,Kansas,Women'S Athletic Footwear,43,75,3225,Online
Kohl'S,2021-09-12,Midwest,Kansas,Women'S Street Footwear,15,75,1125,Online
Sports Direct,2021-05-10,Midwest,North Dakota,Men'S Athletic Footwear,41,54,2214,Online
Foot Locker,2021-10-12,Midwest,South Dakota,Men'S Athletic Footwear,41,75,3075,Online
Foot Locker,2021-12-08,Midwest,North Dakota,Women'S Athletic Footwear,47,54,2538,Online
Foot Locker,2021-12-08,Midwest,North Dakota,Men'S Apparel,58,54,3132,Online
Foot Locker,2021-05-07,Midwest,Iowa,Women'S Street Footwear,33,54,1782,Online
Foot Locker,2021-08-06,Midwest,Iowa,Women'S Athletic Footwear,37,54,1998,Online
West Gear,2021-04-10,Midwest,Indiana,Men'S Athletic Footwear,23,54,1242,Online
West Gear,2021-01-17,Midwest,Indiana,Men'S Apparel,41,54,2214,Online
Foot Locker,2021-02-08,Northeast,Rhode Island,Women'S Athletic Footwear,30,50,1500,In-Store
Sports Direct,2021-02-05,Northeast,New Jersey,Men'S Athletic Footwear,37,54,1998,Online
Foot Locker,2021-04-07,Northeast,Rhode Island,Women'S Athletic Footwear,30,50,1500,In-Store
Sports Direct,2021-03-13,Northeast,Massachusetts,Women'S Apparel,39,54,2106,Online
Foot Locker,2021-04-07,Northeast,Rhode Island,Men'S Apparel,45,50,2250,In-Store
West Gear,2021-01-17,Midwest,Indiana,Women'S Athletic Footwear,29,45,1305,Online
Sports Direct,2021-05-13,Northeast,Massachusetts,Men'S Athletic Footwear,47,54,2538,Online
Foot Locker,2021-07-09,Midwest,Illinois,Women'S Athletic Footwear,39,50,1950,Online
Sports Direct,2021-07-20,Northeast,Maryland,Women'S Athletic Footwear,36,45,1620,Online
Sports Direct,2021-05-13,Northeast,Massachusetts,Men'S Apparel,50,54,2700,Online
Foot Locker,2021-07-16,Midwest,Illinois,Men'S Apparel,49,50,2450,Online
Amazon,2021-10-12,Northeast,Vermont,Women'S Street Footwear,59,54,3186,Online
Foot Locker,2021-12-11,Northeast,Pennsylvania,Women'S Street Footwear,41,50,2050,Online
Foot Locker,2021-10-19,Northeast,New Hampshire,Women'S Street Footwear,59,54,3186,Online
Amazon,2021-10-29,Northeast,Maine,Women'S Apparel,36,50,1800,Online
Foot Locker,2021-01-24,Northeast,New Hampshire,Men'S Apparel,60,54,3240,Online
Foot Locker,2021-02-15,Northeast,Delaware,Women'S Athletic Footwear,33,45,1485,Online
Amazon,2021-12-17,Northeast,Maine,Women'S Athletic Footwear,52,50,2600,Online
Foot Locker,2021-10-30,Northeast,Pennsylvania,Women'S Street Footwear,25,54,1350,Outlet
Foot Locker,2021-04-14,Northeast,Delaware,Men'S Apparel,47,45,2115,Online
West Gear,2021-10-21,South,Oklahoma,Men'S Apparel,29,50,1450,Online
Foot Locker,2021-11-16,Northeast,Pennsylvania,Men'S Athletic Footwear,40,54,2160,Outlet
Sports Direct,2021-04-14,Northeast,Massachusetts,Men'S Athletic Footwear,37,45,1665,Online
Foot Locker,2021-03-11,Midwest,South Dakota,Men'S Athletic Footwear,37,50,1850,Online
Foot Locker,2021-11-23,Northeast,Pennsylvania,Women'S Street Footwear,42,54,2268,Outlet
Amazon,2021-02-12,Northeast,Vermont,Women'S Athletic Footwear,36,45,1620,Online
Sports Direct,2021-12-11,Midwest,South Dakota,Women'S Athletic Footwear,45,50,2250,Online
Foot Locker,2021-12-07,Northeast,Pennsylvania,Men'S Apparel,46,54,2484,Outlet
Sports Direct,2021-03-12,Southeast,Georgia,Men'S Apparel,41,45,1845,Outlet
Sports Direct,2021-12-11,Midwest,South Dakota,Men'S Apparel,56,50,2800,Online
Foot Locker,2021-05-25,Southeast,Virginia,Men'S Apparel,34,54,1836,Outlet
Sports Direct,2021-10-05,Northeast,Connecticut,Women'S Athletic Footwear,43,45,1935,Outlet
Foot Locker,2021-06-06,Midwest,Iowa,Women'S Street Footwear,23,50,1150,Online
West Gear,2021-04-20,South,Oklahoma,Men'S Apparel,27,54,1458,Outlet
Sports Direct,2021-10-05,Northeast,Connecticut,Men'S Apparel,50,45,2250,Outlet
West Gear,2021-05-04,Midwest,Wisconsin,Men'S Athletic Footwear,39,50,1950,Online
Foot Locker,2021-05-06,Northeast,Rhode Island,Men'S Apparel,40,54,2160,Outlet
Foot Locker,2021-03-06,Northeast,Rhode Island,Men'S Athletic Footwear,27,45,1215,Outlet
West Gear,2021-07-02,Midwest,Wisconsin,Men'S Apparel,48,50,2400,Online
Sports Direct,2021-05-13,Northeast,Massachusetts,Women'S Athletic Footwear,32,54,1728,Outlet
Amazon,2021-03-17,Northeast,New Hampshire,Women'S Athletic Footwear,33,45,1485,Outlet
West Gear,2021-08-03,Midwest,Wisconsin,Women'S Athletic Footwear,39,50,1950,Online
Foot Locker,2021-08-02,Midwest,Illinois,Women'S Athletic Footwear,46,53,2438,Online
Foot Locker,2021-06-10,Midwest,Illinois,Men'S Apparel,50,44,2200,Online
West Gear,2021-06-10,Midwest,Indiana,Women'S Street Footwear,27,50,1350,Online
Foot Locker,2021-06-19,Midwest,Illinois,Men'S Athletic Footwear,48,44,2112,Online
West Gear,2021-07-09,Midwest,Indiana,Men'S Apparel,51,50,2550,Online
Foot Locker,2021-06-26,Midwest,Illinois,Women'S Street Footwear,49,44,2156,Online
West Gear,2021-02-17,Midwest,Indiana,Men'S Athletic Footwear,38,50,1900,Online
Foot Locker,2021-07-21,Midwest,Illinois,Women'S Athletic Footwear,36,44,1584,Online
West Gear,2021-05-18,Northeast,West Virginia,Women'S Athletic Footwear,33,50,1650,Online
Foot Locker,2021-11-08,Northeast,Pennsylvania,Women'S Apparel,47,44,2068,Online
Sports Direct,2021-09-20,Northeast,Maryland,Women'S Apparel,54,50,2700,Online
Foot Locker,2021-11-23,Northeast,Pennsylvania,Women'S Street Footwear,52,44,2288,Online
Foot Locker,2021-11-30,Northeast,Pennsylvania,Women'S Athletic Footwear,51,44,2244,Online
Foot Locker,2021-04-07,Northeast,Rhode Island,Women'S Apparel,33,50,1650,Online
Foot Locker,2021-12-24,Northeast,Pennsylvania,Women'S Athletic Footwear,56,44,2464,Online
Sports Direct,2021-03-13,Northeast,Massachusetts,Women'S Street Footwear,28,50,1400,Online
West Gear,2020-04-06,West,Colorado,Men'S Apparel,62,44,2728,Online
Amazon,2021-09-10,Northeast,Vermont,Men'S Apparel,58,50,2900,Online
West Gear,2020-04-12,West,Colorado,Men'S Apparel,63,44,2772,Online
West Gear,2021-03-16,South,Louisiana,Men'S Apparel,40,50,2000,Outlet
Foot Locker,2021-11-16,Northeast,Pennsylvania,Men'S Athletic Footwear,54,53,2862,Online
Foot Locker,2020-10-27,Midwest,Minnesota,Men'S Apparel,41,44,1804,Online
Amazon,2021-04-11,Northeast,Vermont,Women'S Athletic Footwear,30,50,1500,Outlet
Foot Locker,2021-12-12,Northeast,Pennsylvania,Women'S Athletic Footwear,41,53,2173,Online
Foot Locker,2020-11-11,Midwest,Minnesota,Men'S Athletic Footwear,44,44,1936,Online
Foot Locker,2021-07-22,Midwest,Illinois,Men'S Apparel,49,49,2401,Online
Foot Locker,2021-12-30,Northeast,Pennsylvania,Women'S Athletic Footwear,57,53,3021,Online
Foot Locker,2020-12-26,Midwest,Minnesota,Men'S Apparel,54,44,2376,Online
Foot Locker,2021-08-01,Midwest,Illinois,Women'S Street Footwear,48,49,2352,Online
Foot Locker,2021-06-30,Midwest,Nebraska,Men'S Apparel,41,44,1804,Online
Foot Locker,2020-10-31,Midwest,Minnesota,Women'S Street Footwear,29,53,1537,Online
Foot Locker,2020-11-17,Midwest,Minnesota,Men'S Athletic Footwear,38,49,1862,Online
Amazon,2021-10-31,Northeast,Maine,Men'S Athletic Footwear,37,44,1628,Online
Foot Locker,2020-11-09,Midwest,Minnesota,Women'S Apparel,36,53,1908,Online
Foot Locker,2020-12-25,Midwest,Minnesota,Women'S Athletic Footwear,44,49,2156,Online
Amazon,2021-11-01,Northeast,Maine,Women'S Street Footwear,27,44,1188,Online
Amazon,2021-11-15,Northeast,Maine,Men'S Apparel,50,53,2650,Online
Foot Locker,2021-05-25,Southeast,Virginia,Men'S Apparel,44,49,2156,Online
Amazon,2021-11-20,Northeast,Maine,Women'S Athletic Footwear,43,44,1892,Online
Amazon,2021-03-20,West,Alaska,Men'S Apparel,64,53,3392,Online
Amazon,2021-04-22,Southeast,Kentucky,Men'S Athletic Footwear,41,49,2009,Online
Amazon,2021-04-21,West,Alaska,Women'S Athletic Footwear,47,44,2068,Online
West Gear,2021-04-17,South,Louisiana,Men'S Apparel,43,53,2279,Online
Amazon,2021-10-22,West,Alaska,Men'S Apparel,71,44,3124,Online
Kohl'S,2021-03-25,West,New Mexico,Men'S Apparel,55,53,2915,Online
Amazon,2021-04-22,Southeast,Kentucky,Women'S Street Footwear,38,49,1862,Online
Sports Direct,2021-03-16,Southeast,Florida,Men'S Apparel,61,44,2684,Online
Sports Direct,2021-04-13,Southeast,Georgia,Men'S Apparel,52,53,2756,Online
West Gear,2021-02-21,South,Oklahoma,Women'S Athletic Footwear,19,49,931,Online
West Gear,2021-01-24,West,Utah,Men'S Apparel,42,44,1848,Online
Foot Locker,2021-11-22,Southeast,Kentucky,Men'S Apparel,59,53,3127,Online
West Gear,2021-03-19,South,Oklahoma,Men'S Apparel,34,49,1666,Online
West Gear,2021-05-25,West,Oregon,Men'S Apparel,41,44,1804,Online
West Gear,2021-04-20,South,Oklahoma,Men'S Apparel,38,53,2014,Online
Foot Locker,2021-02-23,West,Arizona,Men'S Apparel,42,44,1848,Online
Foot Locker,2021-06-12,Midwest,South Dakota,Women'S Athletic Footwear,32,49,1568,Online
Foot Locker,2021-09-13,Midwest,South Dakota,Women'S Street Footwear,32,53,1696,Online
Amazon,2021-03-21,Southeast,Kentucky,Men'S Apparel,52,44,2288,Online
Sports Direct,2021-01-09,Midwest,South Dakota,Men'S Apparel,43,49,2107,Online
Sports Direct,2021-07-08,Midwest,North Dakota,Women'S Athletic Footwear,38,53,2014,Online
Foot Locker,2021-01-12,Midwest,Kansas,Men'S Apparel,48,44,2112,Online
Foot Locker,2021-04-06,Midwest,Iowa,Men'S Athletic Footwear,18,49,882,Online
Foot Locker,2021-11-09,Midwest,North Dakota,Women'S Street Footwear,39,53,2067,Online
Foot Locker,2021-07-11,Midwest,South Dakota,Women'S Athletic Footwear,38,44,1672,Online
Foot Locker,2021-09-07,Midwest,Iowa,Women'S Street Footwear,24,49,1176,Online
Sports Direct,2021-11-12,Midwest,South Dakota,Women'S Athletic Footwear,43,44,1892,Online
Foot Locker,2021-04-06,Midwest,Iowa,Women'S Street Footwear,10,53,530,Online
West Gear,2021-11-06,Midwest,Iowa,Men'S Apparel,55,49,2695,Online
Sports Direct,2021-04-09,Midwest,North Dakota,Men'S Athletic Footwear,28,44,1232,Online
Sports Direct,2021-12-06,Northeast,Rhode Island,Men'S Apparel,41,74,3034,Outlet
West Gear,2021-05-04,Midwest,Wisconsin,Women'S Street Footwear,33,49,1617,Online
Sports Direct,2021-08-09,Midwest,North Dakota,Men'S Apparel,46,44,2024,Online
West Gear,2021-05-11,Midwest,Indiana,Women'S Athletic Footwear,34,49,1666,Online
Sports Direct,2021-09-10,Midwest,North Dakota,Women'S Athletic Footwear,28,44,1232,Online
Sports Direct,2021-06-15,Northeast,Massachusetts,Men'S Apparel,39,74,2886,Outlet
West Gear,2021-07-09,Midwest,Indiana,Women'S Athletic Footwear,42,49,2058,Online
West Gear,2021-05-04,Midwest,Wisconsin,Men'S Apparel,44,53,2332,Online
Foot Locker,2021-11-09,Midwest,North Dakota,Men'S Apparel,55,44,2420,Online
Amazon,2021-04-11,Northeast,Vermont,Women'S Street Footwear,25,74,1850,Outlet
West Gear,2021-09-11,Midwest,Indiana,Women'S Street Footwear,23,49,1127,Online
West Gear,2021-06-10,Midwest,Indiana,Men'S Apparel,36,53,1908,Online
Foot Locker,2021-06-06,Midwest,Iowa,Women'S Athletic Footwear,24,44,1056,Online
West Gear,2021-02-17,Northeast,West Virginia,Women'S Athletic Footwear,34,49,1666,Online
West Gear,2021-08-10,Midwest,Indiana,Men'S Apparel,47,53,2491,Online
Foot Locker,2021-06-06,Midwest,Iowa,Men'S Apparel,34,44,1496,Online
West Gear,2021-03-16,Northeast,West Virginia,Women'S Athletic Footwear,23,49,1127,Online
West Gear,2021-10-17,Northeast,West Virginia,Men'S Apparel,41,53,2173,Online
West Gear,2021-03-20,Northeast,Maryland,Women'S Apparel,33,49,1617,Online
Amazon,2021-01-21,Northeast,Vermont,Men'S Apparel,43,74,3182,Outlet
West Gear,2021-03-02,Midwest,Wisconsin,Men'S Athletic Footwear,19,44,836,Online
West Gear,2021-03-20,Northeast,Maryland,Women'S Street Footwear,24,53,1272,Online
Foot Locker,2021-03-13,Northeast,Delaware,Men'S Apparel,46,49,2254,Online
West Gear,2021-09-04,Midwest,Wisconsin,Women'S Street Footwear,24,44,1056,Online
Amazon,2021-09-17,Northeast,New Hampshire,Women'S Athletic Footwear,41,74,3034,Outlet
Foot Locker,2021-10-15,Northeast,Delaware,Men'S Apparel,62,49,3038,Online
West Gear,2021-01-10,Midwest,Wisconsin,Women'S Athletic Footwear,28,44,1232,Online
Foot Locker,2021-07-23,Midwest,Illinois,Women'S Apparel,53,73,3869,Online
Sports Direct,2021-10-05,Northeast,Connecticut,Women'S Street Footwear,53,49,2597,Online
West Gear,2021-03-09,Midwest,Indiana,Men'S Apparel,32,44,1408,Online
West Gear,2020-05-30,West,Washington,Men'S Apparel,51,73,3723,Online
Foot Locker,2021-02-08,Northeast,Connecticut,Women'S Street Footwear,24,49,1176,Online
West Gear,2021-10-10,Midwest,Indiana,Women'S Athletic Footwear,33,44,1452,Online
Foot Locker,2020-12-05,Midwest,Minnesota,Men'S Athletic Footwear,37,73,2701,Online
Foot Locker,2021-05-06,Northeast,Rhode Island,Men'S Athletic Footwear,43,49,2107,Online
Sports Direct,2021-08-17,South,Alabama,Men'S Apparel,37,73,2701,Online
Amazon,2021-04-18,Northeast,New Hampshire,Women'S Athletic Footwear,44,49,2156,Online
Foot Locker,2021-04-10,West,Hawaii,Women'S Athletic Footwear,48,73,3504,Online
West Gear,2021-10-17,Northeast,West Virginia,Women'S Street Footwear,33,44,1452,Online
Foot Locker,2021-11-21,Northeast,Maryland,Women'S Street Footwear,49,48,2352,Online
Foot Locker,2021-10-18,Midwest,Missouri,Women'S Street Footwear,23,73,1679,Online
Foot Locker,2021-06-22,Northeast,Maryland,Women'S Athletic Footwear,37,44,1628,Online
Foot Locker,2021-11-25,Northeast,Pennsylvania,Men'S Apparel,43,48,2064,Outlet
West Gear,2021-03-10,West,Utah,Women'S Athletic Footwear,23,73,1679,Online
Sports Direct,2021-08-21,Northeast,Maryland,Women'S Athletic Footwear,37,44,1628,Online
Foot Locker,2021-12-25,Northeast,Pennsylvania,Men'S Apparel,51,48,2448,Outlet
West Gear,2021-08-24,West,Oregon,Women'S Apparel,69,73,5037,Online
Foot Locker,2021-12-20,Northeast,Maryland,Women'S Athletic Footwear,49,44,2156,Online
Amazon,2021-02-12,Northeast,Vermont,Women'S Athletic Footwear,30,48,1440,Outlet
Kohl'S,2021-02-08,Northeast,Delaware,Men'S Athletic Footwear,32,53,1696,Online
West Gear,2021-09-25,West,Oregon,Women'S Apparel,41,73,2993,Online
Foot Locker,2021-04-14,Northeast,Delaware,Women'S Athletic Footwear,32,44,1408,Online
Foot Locker,2021-06-04,Midwest,Illinois,Men'S Apparel,53,47,2491,Online
Amazon,2021-04-18,Northeast,New Hampshire,Men'S Apparel,57,53,3021,Online
West Gear,2021-02-17,South,Louisiana,Women'S Athletic Footwear,44,73,3212,Online
Foot Locker,2021-10-15,Northeast,Delaware,Women'S Athletic Footwear,52,44,2288,Online
Foot Locker,2021-07-03,Midwest,Illinois,Women'S Athletic Footwear,38,47,1786,Online
Foot Locker,2021-11-04,Northeast,Pennsylvania,Men'S Athletic Footwear,33,53,1749,Outlet
Sports Direct,2021-03-12,Southeast,Georgia,Women'S Athletic Footwear,47,73,3431,Online
Foot Locker,2021-12-31,Northeast,Pennsylvania,Men'S Apparel,63,47,2961,Online
Foot Locker,2021-03-06,Northeast,Rhode Island,Men'S Athletic Footwear,34,44,1496,Online
Foot Locker,2021-11-17,Northeast,Pennsylvania,Women'S Street Footwear,38,53,2014,Outlet
Amazon,2021-03-21,Southeast,Kentucky,Women'S Street Footwear,34,73,2482,Online
Foot Locker,2021-05-06,Northeast,Rhode Island,Women'S Athletic Footwear,39,44,1716,Online
Foot Locker,2021-11-24,Northeast,Pennsylvania,Women'S Athletic Footwear,43,53,2279,Outlet
Sports Direct,2021-11-07,Northeast,Rhode Island,Men'S Apparel,58,44,2552,Online
Walmart,2021-04-20,South,Arkansas,Men'S Apparel,37,73,2701,Online
Foot Locker,2021-12-12,Northeast,Pennsylvania,Women'S Athletic Footwear,32,53,1696,Outlet
Sports Direct,2021-08-14,Northeast,Massachusetts,Men'S Apparel,50,44,2200,Online
Foot Locker,2021-12-30,Northeast,Pennsylvania,Women'S Athletic Footwear,40,53,2120,Outlet
West Gear,2021-03-19,South,Oklahoma,Men'S Athletic Footwear,19,73,1387,Online
West Gear,2021-01-24,West,Utah,Men'S Apparel,35,53,1855,Outlet
Amazon,2021-01-14,Northeast,Massachusetts,Women'S Athletic Footwear,39,44,1716,Online
Sports Direct,2021-12-11,Midwest,South Dakota,Women'S Street Footwear,45,73,3285,Online
West Gear,2021-02-17,South,Louisiana,Men'S Apparel,33,53,1749,Outlet
Amazon,2021-04-11,Northeast,Vermont,Women'S Athletic Footwear,36,44,1584,Online
Sports Direct,2021-10-09,Midwest,North Dakota,Men'S Athletic Footwear,36,73,2628,Online
Kohl'S,2021-03-25,West,New Mexico,Men'S Apparel,41,53,2173,Outlet
Foot Locker,2021-10-29,Northeast,Pennsylvania,Men'S Athletic Footwear,32,44,1408,Outlet
Foot Locker,2021-10-09,Midwest,North Dakota,Women'S Apparel,53,73,3869,Online
Sports Direct,2021-03-03,Northeast,Connecticut,Men'S Apparel,39,53,2067,Outlet
Foot Locker,2021-01-10,Northeast,Connecticut,Men'S Apparel,34,44,1496,Outlet
Foot Locker,2021-11-09,Midwest,North Dakota,Men'S Athletic Footwear,36,73,2628,Online
Foot Locker,2021-02-08,Northeast,Connecticut,Women'S Street Footwear,18,53,954,Outlet
Foot Locker,2021-04-07,Northeast,Rhode Island,Women'S Street Footwear,16,44,704,Outlet
Sports Direct,2021-02-15,Northeast,Rhode Island,Men'S Athletic Footwear,31,53,1643,Outlet
Foot Locker,2021-12-08,Midwest,North Dakota,Women'S Street Footwear,48,73,3504,Online
Sports Direct,2021-04-14,Northeast,Massachusetts,Men'S Apparel,33,44,1452,Outlet
Sports Direct,2021-02-15,Northeast,Massachusetts,Men'S Apparel,36,53,1908,Outlet
West Gear,2021-10-06,Midwest,Iowa,Women'S Apparel,49,73,3577,Online
West Gear,2021-02-24,West,Oregon,Men'S Apparel,32,43,1376,Outlet
West Gear,2020-01-18,West,Nevada,Men'S Apparel,55,47,2585,Online
Amazon,2021-01-14,Northeast,Massachusetts,Women'S Athletic Footwear,29,53,1537,Outlet
West Gear,2021-01-03,Midwest,Iowa,Women'S Apparel,28,73,2044,Online
Foot Locker,2021-06-20,Midwest,Illinois,Women'S Street Footwear,36,42,1512,Online
Foot Locker,2020-11-03,Midwest,Minnesota,Women'S Apparel,38,47,1786,Online
Amazon,2021-04-11,Northeast,Vermont,Men'S Apparel,41,53,2173,Outlet
West Gear,2021-12-02,Midwest,Wisconsin,Women'S Athletic Footwear,48,73,3504,Online
Foot Locker,2020-11-18,Midwest,Minnesota,Women'S Street Footwear,33,47,1551,Online
Foot Locker,2021-11-17,Northeast,Pennsylvania,Women'S Street Footwear,52,42,2184,Online
Amazon,2021-04-18,Northeast,New Hampshire,Women'S Athletic Footwear,35,53,1855,Outlet
West Gear,2021-12-02,Midwest,Wisconsin,Men'S Apparel,57,73,4161,Online
Foot Locker,2020-12-01,Midwest,Minnesota,Women'S Athletic Footwear,33,47,1551,Online
West Gear,2020-01-12,West,Nevada,Men'S Apparel,46,52,2392,Online
Foot Locker,2021-05-29,Midwest,Nebraska,Women'S Street Footwear,23,47,1081,Online
West Gear,2020-01-24,West,Nevada,Men'S Apparel,63,52,3276,Online
Amazon,2021-11-07,Northeast,Maine,Women'S Street Footwear,42,47,1974,Online
West Gear,2020-06-23,West,Washington,Men'S Apparel,60,52,3120,Online
West Gear,2021-02-10,Midwest,Wisconsin,Women'S Street Footwear,24,73,1752,Online
Amazon,2021-10-22,Southeast,Kentucky,Women'S Street Footwear,43,47,2021,Online
Foot Locker,2020-12-09,Midwest,Minnesota,Women'S Apparel,39,52,2028,Online
West Gear,2021-05-11,Midwest,Indiana,Men'S Athletic Footwear,37,73,2701,Online
Kohl'S,2021-10-14,Midwest,Kansas,Women'S Athletic Footwear,19,47,893,Online
Foot Locker,2020-12-17,Midwest,Minnesota,Men'S Athletic Footwear,38,52,1976,Online
Kohl'S,2021-09-06,Northeast,New Jersey,Women'S Apparel,50,73,3650,Online
Foot Locker,2021-02-12,Midwest,Kansas,Men'S Athletic Footwear,39,47,1833,Online
Foot Locker,2021-07-04,Midwest,Nebraska,Women'S Street Footwear,36,52,1872,Online
Sports Direct,2021-03-03,Northeast,Connecticut,Women'S Apparel,38,73,2774,Online
Sports Direct,2021-06-09,Midwest,North Dakota,Men'S Apparel,38,47,1786,Online
Amazon,2021-10-26,Northeast,Maine,Women'S Street Footwear,27,52,1404,Online
Foot Locker,2021-12-25,Northeast,Pennsylvania,Men'S Apparel,64,42,2688,Online
Sports Direct,2021-05-03,Northeast,Connecticut,Men'S Athletic Footwear,48,73,3504,Online
Foot Locker,2021-11-09,Midwest,North Dakota,Women'S Athletic Footwear,39,47,1833,Online
Amazon,2021-11-18,Northeast,Maine,Men'S Athletic Footwear,52,52,2704,Online
Foot Locker,2020-12-02,Midwest,Minnesota,Men'S Apparel,42,42,1764,Online
Sports Direct,2021-01-17,Northeast,Rhode Island,Women'S Street Footwear,27,73,1971,Online
Foot Locker,2021-03-05,Midwest,Iowa,Men'S Athletic Footwear,19,47,893,Online
Foot Locker,2021-04-18,Midwest,Missouri,Women'S Athletic Footwear,23,52,1196,Online
Foot Locker,2021-06-24,Midwest,Nebraska,Men'S Apparel,42,42,1764,Online
Amazon,2021-04-18,Northeast,New Hampshire,Women'S Street Footwear,38,73,2774,Online
Foot Locker,2021-07-05,Midwest,Iowa,Women'S Athletic Footwear,37,47,1739,Online
West Gear,2021-09-25,West,Oregon,Women'S Athletic Footwear,49,52,2548,Online
Amazon,2021-10-16,Northeast,Maine,Men'S Apparel,47,42,1974,Online
Amazon,2021-08-18,Northeast,New Hampshire,Men'S Apparel,59,73,4307,Online
West Gear,2021-06-03,Midwest,Wisconsin,Women'S Athletic Footwear,24,47,1128,Online
Amazon,2021-01-22,Midwest,Ohio,Men'S Apparel,46,52,2392,Online
Amazon,2021-11-09,Northeast,Maine,Men'S Apparel,51,42,2142,Online
West Gear,2021-04-17,Northeast,West Virginia,Women'S Athletic Footwear,25,47,1175,Online
West Gear,2020-03-18,West,Nevada,Women'S Athletic Footwear,38,72,2736,Online
Amazon,2021-10-22,West,Alaska,Women'S Athletic Footwear,59,42,2478,Online
West Gear,2021-10-17,Northeast,West Virginia,Women'S Athletic Footwear,32,47,1504,Online
West Gear,2020-03-24,West,Colorado,Women'S Athletic Footwear,36,72,2592,Online
Foot Locker,2021-04-10,West,Hawaii,Men'S Apparel,52,42,2184,Online
Amazon,2021-11-10,Northeast,Maine,Women'S Apparel,56,72,4032,Online
Amazon,2021-01-22,Midwest,Ohio,Women'S Athletic Footwear,34,42,1428,Online
Amazon,2021-03-20,West,Alaska,Women'S Apparel,53,72,3816,Online
Amazon,2021-05-23,Southeast,Kentucky,Men'S Apparel,46,42,1932,Online
West Gear,2021-05-20,Northeast,Maryland,Men'S Athletic Footwear,42,47,1974,Online
Amazon,2021-05-20,West,Alaska,Men'S Athletic Footwear,56,72,4032,Online
Amazon,2021-10-22,Southeast,Kentucky,Women'S Athletic Footwear,41,42,1722,Online
Foot Locker,2021-06-22,Northeast,Maryland,Women'S Street Footwear,37,47,1739,Online
Foot Locker,2021-04-18,Midwest,Missouri,Men'S Athletic Footwear,27,72,1944,Online
Kohl'S,2021-02-14,Midwest,Kansas,Women'S Athletic Footwear,20,42,840,Online
Foot Locker,2021-01-17,Northeast,Maryland,Women'S Athletic Footwear,32,47,1504,Online
West Gear,2021-05-12,West,Utah,Women'S Athletic Footwear,23,72,1656,Online
Kohl'S,2021-01-10,Northeast,Delaware,Men'S Apparel,41,47,1927,Online
Foot Locker,2021-04-12,Midwest,South Dakota,Men'S Athletic Footwear,39,42,1638,Online
West Gear,2021-10-11,West,Utah,Women'S Athletic Footwear,19,72,1368,Online
Kohl'S,2021-02-08,Northeast,New Jersey,Men'S Apparel,41,47,1927,Online
Foot Locker,2021-09-13,Midwest,South Dakota,Men'S Apparel,41,42,1722,Online
West Gear,2021-04-05,West,Idaho,Men'S Apparel,34,72,2448,Online
Sports Direct,2021-03-13,Northeast,Massachusetts,Men'S Athletic Footwear,38,47,1786,Online
Foot Locker,2021-10-12,Midwest,South Dakota,Women'S Street Footwear,43,42,1806,Online
Sports Direct,2021-06-13,Southeast,Georgia,Men'S Apparel,51,72,3672,Online
Sports Direct,2021-05-13,Northeast,Massachusetts,Women'S Athletic Footwear,44,47,2068,Online
Sports Direct,2021-09-10,Midwest,North Dakota,Men'S Apparel,36,42,1512,Online
Amazon,2021-03-10,Northeast,Vermont,Men'S Apparel,51,47,2397,Online
Foot Locker,2021-01-06,Midwest,North Dakota,Men'S Apparel,38,42,1596,Online
Foot Locker,2021-10-19,Northeast,New Hampshire,Women'S Athletic Footwear,62,47,2914,Online
Foot Locker,2021-05-07,Midwest,Iowa,Men'S Apparel,43,42,1806,Online
Foot Locker,2021-04-23,West,Arizona,Men'S Apparel,43,47,2021,Outlet
West Gear,2021-09-11,Midwest,Indiana,Men'S Apparel,33,42,1386,Online
Foot Locker,2021-06-22,Northeast,Maryland,Men'S Apparel,49,42,2058,Online
West Gear,2021-04-20,South,Oklahoma,Women'S Athletic Footwear,15,47,705,Outlet
Amazon,2021-06-22,Southeast,Kentucky,Women'S Athletic Footwear,29,52,1508,Online
Kohl'S,2021-10-08,Northeast,New Jersey,Women'S Street Footwear,46,42,1932,Online
Foot Locker,2021-08-07,Northeast,Rhode Island,Women'S Athletic Footwear,29,47,1363,Outlet
Foot Locker,2021-11-22,Southeast,Kentucky,Women'S Athletic Footwear,52,52,2704,Online
Sports Direct,2021-01-07,Northeast,New Jersey,Women'S Athletic Footwear,33,42,1386,Online
Sports Direct,2021-01-17,Northeast,Rhode Island,Men'S Apparel,39,47,1833,Outlet
Sports Direct,2021-10-05,Northeast,Connecticut,Men'S Apparel,64,42,2688,Online
West Gear,2021-10-21,South,Oklahoma,Women'S Athletic Footwear,18,52,936,Online
Amazon,2021-11-22,Southeast,Kentucky,Men'S Athletic Footwear,39,72,2808,Online
Sports Direct,2021-09-13,Northeast,Massachusetts,Women'S Street Footwear,30,47,1410,Outlet
Foot Locker,2021-08-03,Midwest,Illinois,Men'S Apparel,56,41,2296,Online
Walmart,2021-10-21,South,Arkansas,Women'S Athletic Footwear,19,72,1368,Online
Foot Locker,2021-10-30,Northeast,Pennsylvania,Women'S Street Footwear,34,46,1564,Online
Foot Locker,2021-07-11,Midwest,South Dakota,Men'S Apparel,49,52,2548,Online
Foot Locker,2021-12-07,Northeast,Pennsylvania,Men'S Apparel,61,46,2806,Online
West Gear,2021-05-19,South,Oklahoma,Women'S Street Footwear,34,72,2448,Online
Sports Direct,2021-08-09,Midwest,North Dakota,Women'S Athletic Footwear,38,52,1976,Online
West Gear,2020-06-11,West,Washington,Men'S Apparel,69,46,3174,Online
Foot Locker,2020-12-06,Midwest,Minnesota,Women'S Street Footwear,24,41,984,Online
West Gear,2021-11-06,Midwest,Iowa,Women'S Athletic Footwear,34,52,1768,Online
Foot Locker,2021-06-22,Midwest,Nebraska,Women'S Street Footwear,27,46,1242,Online
Foot Locker,2021-06-19,Midwest,Nebraska,Women'S Apparel,51,41,2091,Online
West Gear,2021-06-03,Midwest,Wisconsin,Women'S Street Footwear,24,52,1248,Online
Foot Locker,2021-07-15,Midwest,Nebraska,Men'S Athletic Footwear,29,41,1189,Online
West Gear,2021-09-04,Midwest,Wisconsin,Women'S Apparel,38,52,1976,Online
Foot Locker,2021-07-21,Midwest,Nebraska,Men'S Athletic Footwear,29,41,1189,Online
Foot Locker,2021-11-13,Midwest,Kansas,Men'S Athletic Footwear,14,72,1008,Online
West Gear,2021-02-10,Midwest,Wisconsin,Men'S Athletic Footwear,34,52,1768,Online
Amazon,2021-12-25,Northeast,Maine,Men'S Apparel,54,41,2214,Online
Foot Locker,2021-01-12,Midwest,Kansas,Women'S Apparel,37,72,2664,Online
West Gear,2021-04-10,Midwest,Indiana,Women'S Street Footwear,14,52,728,Online
Amazon,2021-11-18,Northeast,Maine,Men'S Apparel,60,41,2460,Online
Sports Direct,2021-01-09,Midwest,South Dakota,Women'S Apparel,33,72,2376,Online
West Gear,2021-04-21,Northeast,Maryland,Women'S Apparel,32,52,1664,Online
Amazon,2021-04-21,West,Alaska,Men'S Apparel,56,41,2296,Online
Sports Direct,2021-09-10,Midwest,North Dakota,Men'S Athletic Footwear,34,72,2448,Online
Foot Locker,2021-10-22,Northeast,Maryland,Women'S Apparel,60,52,3120,Online
Foot Locker,2021-06-29,Midwest,Nebraska,Women'S Athletic Footwear,33,46,1518,Online
Foot Locker,2021-10-15,Northeast,Delaware,Women'S Street Footwear,50,52,2600,Online
Amazon,2021-10-25,Northeast,Maine,Men'S Athletic Footwear,39,46,1794,Online
Kohl'S,2021-08-07,Northeast,New Jersey,Women'S Athletic Footwear,36,52,1872,Online
Amazon,2021-11-18,Northeast,Maine,Women'S Athletic Footwear,54,46,2484,Online
Sports Direct,2021-08-04,Northeast,Connecticut,Men'S Apparel,51,52,2652,Online
Amazon,2021-02-22,West,Alaska,Women'S Athletic Footwear,49,46,2254,Online
Amazon,2021-09-10,Northeast,Vermont,Women'S Athletic Footwear,45,52,2340,Online
Foot Locker,2021-06-07,Midwest,Illinois,Men'S Athletic Footwear,43,51,2193,Online
Foot Locker,2021-07-04,Midwest,Illinois,Men'S Apparel,46,51,2346,Online
Amazon,2021-10-22,Southeast,Kentucky,Men'S Apparel,53,41,2173,Online
Foot Locker,2021-11-05,Northeast,Pennsylvania,Women'S Street Footwear,36,51,1836,Online
Foot Locker,2020-11-15,Midwest,Minnesota,Women'S Apparel,58,51,2958,Online
Kohl'S,2021-03-12,Midwest,Kansas,Men'S Apparel,32,41,1312,Online
Amazon,2021-10-22,West,Alaska,Women'S Street Footwear,59,46,2714,Online
Sports Direct,2021-04-09,Midwest,North Dakota,Women'S Street Footwear,19,41,779,Online
West Gear,2021-04-03,Midwest,Wisconsin,Women'S Street Footwear,9,41,369,Online
Foot Locker,2021-01-10,West,Alaska,Men'S Apparel,46,46,2116,Online
Sports Direct,2021-03-12,Southeast,Georgia,Men'S Apparel,51,39,1989,Online
West Gear,2021-09-11,Midwest,Indiana,Women'S Athletic Footwear,24,41,984,Online
Foot Locker,2021-05-11,West,Hawaii,Men'S Apparel,55,46,2530,Online
Foot Locker,2021-09-13,Midwest,South Dakota,Women'S Athletic Footwear,34,39,1326,Online
Foot Locker,2021-11-21,Northeast,Maryland,Women'S Athletic Footwear,48,41,1968,Online
Foot Locker,2020-11-25,Midwest,Minnesota,Women'S Athletic Footwear,38,51,1938,Online
Kohl'S,2021-09-06,Northeast,New Jersey,Men'S Apparel,47,41,1927,Online
Amazon,2021-11-14,Northeast,Maine,Women'S Athletic Footwear,41,51,2091,Online
Sports Direct,2021-10-09,Midwest,North Dakota,Women'S Street Footwear,39,39,1521,Online
Kohl'S,2021-10-14,Midwest,Kansas,Men'S Apparel,29,46,1334,Online
Sports Direct,2021-01-17,Northeast,Rhode Island,Men'S Apparel,48,41,1968,Online
Amazon,2021-12-24,Northeast,Maine,Women'S Athletic Footwear,41,51,2091,Online
Foot Locker,2021-03-05,Midwest,Iowa,Men'S Apparel,28,39,1092,Online
Foot Locker,2021-02-12,Midwest,South Dakota,Men'S Apparel,48,46,2208,Online
West Gear,2021-02-17,South,Louisiana,Men'S Apparel,48,51,2448,Online
Sports Direct,2021-02-15,Northeast,Rhode Island,Men'S Athletic Footwear,38,41,1558,Online
Foot Locker,2021-10-06,Midwest,Iowa,Women'S Street Footwear,34,39,1326,Online
Foot Locker,2021-05-13,Midwest,South Dakota,Women'S Street Footwear,43,46,1978,Online
Sports Direct,2021-02-13,Southeast,Georgia,Men'S Apparel,41,51,2091,Online
Sports Direct,2021-02-15,Northeast,Massachusetts,Men'S Apparel,48,41,1968,Online
West Gear,2021-02-03,Midwest,Iowa,Men'S Athletic Footwear,29,39,1131,Online
Foot Locker,2021-08-12,Midwest,South Dakota,Men'S Apparel,47,46,2162,Online
Foot Locker,2021-06-12,Midwest,South Dakota,Men'S Apparel,41,51,2091,Online
Sports Direct,2021-04-14,Northeast,Massachusetts,Women'S Street Footwear,29,41,1189,Online
West Gear,2021-06-03,Midwest,Wisconsin,Men'S Apparel,34,46,1564,Online
West Gear,2021-04-03,Midwest,Wisconsin,Men'S Athletic Footwear,20,39,780,Online
Sports Direct,2021-02-09,Midwest,South Dakota,Men'S Athletic Footwear,34,51,1734,Online
Foot Locker,2021-06-03,West,California,Women'S Athletic Footwear,27,41,1107,Outlet
West Gear,2021-08-03,Midwest,Wisconsin,Men'S Apparel,48,46,2208,Online
Sports Direct,2021-02-09,Midwest,North Dakota,Men'S Apparel,42,51,2142,Online
West Gear,2021-03-20,Northeast,Maryland,Men'S Athletic Footwear,34,39,1326,Online
West Gear,2021-06-10,Midwest,Indiana,Women'S Athletic Footwear,29,46,1334,Online
Foot Locker,2021-10-26,Northeast,Pennsylvania,Men'S Apparel,42,41,1722,Outlet
Sports Direct,2021-05-10,Midwest,North Dakota,Women'S Street Footwear,37,51,1887,Online
Sports Direct,2021-03-03,Northeast,Connecticut,Men'S Apparel,48,39,1872,Online
West Gear,2021-02-22,Northeast,West Virginia,Women'S Street Footwear,24,46,1104,Online
Foot Locker,2021-12-13,Northeast,Pennsylvania,Men'S Apparel,36,41,1476,Outlet
Sports Direct,2021-06-09,Midwest,North Dakota,Women'S Athletic Footwear,29,51,1479,Online
Foot Locker,2021-08-07,Northeast,Rhode Island,Women'S Athletic Footwear,37,39,1443,Online
Sports Direct,2021-09-10,Midwest,North Dakota,Women'S Street Footwear,27,51,1377,Online
Sports Direct,2021-04-04,Northeast,Connecticut,Women'S Athletic Footwear,26,41,1066,Outlet
Foot Locker,2021-02-08,Northeast,Connecticut,Men'S Athletic Footwear,24,41,984,Outlet
Sports Direct,2021-09-13,Northeast,Massachusetts,Women'S Street Footwear,41,39,1599,Online
Sports Direct,2021-09-13,Northeast,Massachusetts,Men'S Apparel,39,41,1599,Outlet
Foot Locker,2021-01-24,Northeast,New Hampshire,Women'S Athletic Footwear,49,39,1911,Online
Foot Locker,2021-11-01,Northeast,Pennsylvania,Men'S Apparel,39,40,1560,Outlet
Foot Locker,2021-11-19,Northeast,Pennsylvania,Men'S Apparel,51,39,1989,Outlet
Foot Locker,2021-04-24,Southeast,Virginia,Men'S Apparel,40,40,1600,Outlet
Foot Locker,2021-02-24,Southeast,Virginia,Men'S Apparel,29,39,1131,Outlet
Sports Direct,2021-04-04,Northeast,Connecticut,Men'S Apparel,37,40,1480,Outlet
West Gear,2021-04-24,West,Oregon,Men'S Apparel,36,39,1404,Outlet
Foot Locker,2021-02-08,Northeast,Rhode Island,Men'S Apparel,34,40,1360,Outlet
Foot Locker,2021-08-06,Midwest,Iowa,Men'S Apparel,48,51,2448,Online
Foot Locker,2021-03-22,West,Arizona,Men'S Apparel,41,39,1599,Outlet
Foot Locker,2021-04-07,Northeast,Rhode Island,Men'S Athletic Footwear,23,40,920,Outlet
West Gear,2021-07-02,Midwest,Wisconsin,Women'S Athletic Footwear,38,51,1938,Online
West Gear,2021-03-19,South,Oklahoma,Women'S Athletic Footwear,16,39,624,Outlet
Kohl'S,2021-08-07,Northeast,New Jersey,Men'S Apparel,46,46,2116,Online
Foot Locker,2021-08-07,Northeast,Rhode Island,Men'S Apparel,37,40,1480,Outlet
Sports Direct,2021-07-20,Northeast,Maryland,Men'S Apparel,46,51,2346,Online
Sports Direct,2021-02-05,Northeast,Connecticut,Women'S Athletic Footwear,24,39,936,Outlet
Sports Direct,2021-09-03,Northeast,Connecticut,Women'S Athletic Footwear,41,46,1886,Online
Foot Locker,2021-07-26,Midwest,Illinois,Women'S Street Footwear,48,39,1872,Online
Foot Locker,2021-11-21,Northeast,Maryland,Men'S Athletic Footwear,45,51,2295,Online
Foot Locker,2021-09-06,Northeast,Rhode Island,Women'S Street Footwear,29,39,1131,Outlet
Foot Locker,2021-11-24,Northeast,Pennsylvania,Women'S Athletic Footwear,52,39,2028,Online
Foot Locker,2021-12-20,Northeast,Maryland,Men'S Apparel,54,51,2754,Online
Foot Locker,2021-05-06,Northeast,Rhode Island,Men'S Apparel,49,46,2254,Online
West Gear,2020-03-31,West,Colorado,Men'S Apparel,56,39,2184,Online
Amazon,2021-10-12,Northeast,Vermont,Women'S Athletic Footwear,55,46,2530,Online
Kohl'S,2021-04-07,Northeast,New Jersey,Men'S Athletic Footwear,33,51,1683,Online
Foot Locker,2020-10-21,Midwest,Minnesota,Men'S Apparel,43,39,1677,Online
Amazon,2021-01-21,Northeast,Vermont,Women'S Athletic Footwear,43,46,1978,Online
Kohl'S,2021-04-07,Northeast,New Jersey,Women'S Street Footwear,24,51,1224,Online
Sports Direct,2021-04-14,Northeast,Massachusetts,Women'S Athletic Footwear,23,39,897,Outlet
Foot Locker,2021-06-04,Midwest,Nebraska,Women'S Street Footwear,29,39,1131,Online
Foot Locker,2021-10-19,Northeast,New Hampshire,Men'S Apparel,71,46,3266,Online
Kohl'S,2021-09-06,Northeast,New Jersey,Women'S Street Footwear,39,51,1989,Online
Foot Locker,2021-06-13,Midwest,Nebraska,Women'S Apparel,34,39,1326,Online
Sports Direct,2021-09-13,Northeast,Massachusetts,Women'S Athletic Footwear,34,39,1326,Outlet
Foot Locker,2021-11-10,Northeast,Pennsylvania,Men'S Athletic Footwear,45,45,2025,Online
Foot Locker,2021-06-23,Midwest,Nebraska,Women'S Athletic Footwear,27,39,1053,Online
Amazon,2021-03-10,Northeast,Vermont,Women'S Athletic Footwear,30,39,1170,Outlet
Sports Direct,2021-09-03,Northeast,Connecticut,Men'S Apparel,50,51,2550,Online
Foot Locker,2021-11-25,Northeast,Pennsylvania,Men'S Apparel,60,45,2700,Online
Foot Locker,2021-07-13,Midwest,Nebraska,Women'S Apparel,34,39,1326,Online
Foot Locker,2021-06-16,Midwest,Illinois,Men'S Apparel,56,38,2128,Online
Foot Locker,2020-11-19,Midwest,Minnesota,Women'S Athletic Footwear,32,45,1440,Online
Foot Locker,2021-03-06,Northeast,Rhode Island,Women'S Street Footwear,23,51,1173,Online
Foot Locker,2021-07-30,Midwest,Nebraska,Men'S Apparel,45,39,1755,Online
Foot Locker,2021-11-04,Northeast,Pennsylvania,Men'S Athletic Footwear,47,38,1786,Online
Foot Locker,2021-03-06,Northeast,Rhode Island,Women'S Apparel,32,51,1632,Online
West Gear,2021-03-16,South,Louisiana,Men'S Apparel,56,39,2184,Online
Foot Locker,2021-11-11,Northeast,Pennsylvania,Women'S Street Footwear,38,38,1444,Online
Sports Direct,2021-08-14,Northeast,Massachusetts,Women'S Athletic Footwear,42,51,2142,Online
Foot Locker,2020-11-20,Midwest,Minnesota,Men'S Apparel,49,45,2205,Online
Amazon,2021-10-12,Northeast,Vermont,Men'S Apparel,66,51,3366,Online
Foot Locker,2021-04-23,West,Arizona,Men'S Apparel,50,39,1950,Online
Foot Locker,2020-10-24,Midwest,Minnesota,Men'S Athletic Footwear,34,38,1292,Online
Foot Locker,2020-12-19,Midwest,Minnesota,Women'S Athletic Footwear,38,45,1710,Online
Foot Locker,2021-11-10,Northeast,Pennsylvania,Men'S Athletic Footwear,37,51,1887,Outlet
Foot Locker,2020-11-12,Midwest,Minnesota,Women'S Street Footwear,37,38,1406,Online
Foot Locker,2021-06-21,Midwest,Nebraska,Men'S Athletic Footwear,32,45,1440,Online
Foot Locker,2021-11-11,Northeast,Pennsylvania,Women'S Street Footwear,27,51,1377,Outlet
Foot Locker,2020-12-18,Midwest,Minnesota,Women'S Street Footwear,36,38,1368,Online
Amazon,2021-10-19,Northeast,Maine,Men'S Athletic Footwear,38,45,1710,Online
Foot Locker,2021-02-23,West,Arizona,Men'S Apparel,36,51,1836,Outlet
Foot Locker,2021-05-28,Midwest,Nebraska,Men'S Athletic Footwear,33,38,1254,Online
Amazon,2021-10-22,Northeast,Maine,Men'S Apparel,46,45,2070,Online
Foot Locker,2021-05-06,Northeast,Rhode Island,Women'S Athletic Footwear,27,51,1377,Outlet
Foot Locker,2021-06-07,Midwest,Nebraska,Women'S Apparel,37,38,1406,Online
Foot Locker,2021-01-24,West,Wyoming,Men'S Apparel,42,45,1890,Online
Sports Direct,2021-04-14,Northeast,Massachusetts,Men'S Athletic Footwear,28,51,1428,Outlet
Foot Locker,2021-07-05,Midwest,Nebraska,Women'S Athletic Footwear,29,38,1102,Online
West Gear,2021-04-20,South,Oklahoma,Women'S Athletic Footwear,18,45,810,Online
Sports Direct,2021-04-14,Northeast,Massachusetts,Women'S Street Footwear,22,51,1122,Outlet
Foot Locker,2021-07-19,Midwest,Nebraska,Women'S Apparel,44,38,1672,Online
Foot Locker,2021-04-12,Midwest,South Dakota,Women'S Street Footwear,29,45,1305,Online
Sports Direct,2021-08-14,Northeast,Massachusetts,Men'S Apparel,40,51,2040,Outlet
Foot Locker,2021-07-29,Midwest,Nebraska,Women'S Athletic Footwear,38,38,1444,Online
Sports Direct,2021-11-12,Midwest,South Dakota,Men'S Apparel,59,45,2655,Online
Amazon,2021-12-29,Northeast,Maine,Women'S Street Footwear,41,38,1558,Online
Foot Locker,2021-02-06,Midwest,North Dakota,Men'S Athletic Footwear,28,45,1260,Online
Foot Locker,2021-02-10,West,Hawaii,Men'S Apparel,47,38,1786,Online
Foot Locker,2021-09-07,Midwest,Iowa,Men'S Apparel,34,45,1530,Online
Foot Locker,2021-02-24,Southeast,Virginia,Men'S Apparel,42,38,1596,Online
West Gear,2021-01-03,Midwest,Iowa,Men'S Apparel,38,45,1710,Online
West Gear,2021-02-24,West,Oregon,Men'S Apparel,42,38,1596,Online
Foot Locker,2021-11-19,Northeast,Pennsylvania,Men'S Apparel,59,31,1829,Online
West Gear,2021-04-10,Midwest,Indiana,Men'S Apparel,61,45,2745,Online
Amazon,2021-05-23,Southeast,Kentucky,Women'S Athletic Footwear,38,38,1444,Online
Foot Locker,2020-12-07,Midwest,Minnesota,Women'S Athletic Footwear,24,31,744,Online
Kohl'S,2021-04-13,Midwest,Kansas,Men'S Apparel,39,38,1482,Online
Foot Locker,2021-05-31,Midwest,Nebraska,Men'S Apparel,41,31,1271,Online
Foot Locker,2021-05-13,Midwest,South Dakota,Men'S Apparel,51,38,1938,Online
Amazon,2021-10-19,Northeast,Maine,Women'S Street Footwear,52,31,1612,Online
Foot Locker,2021-10-12,Midwest,South Dakota,Men'S Apparel,54,38,2052,Online
Foot Locker,2021-03-22,West,Arizona,Men'S Apparel,54,31,1674,Online
Foot Locker,2021-02-06,Midwest,Iowa,Men'S Apparel,38,38,1444,Online
Foot Locker,2021-03-11,Midwest,South Dakota,Men'S Apparel,47,31,1457,Online
Foot Locker,2021-09-07,Midwest,Iowa,Women'S Athletic Footwear,23,38,874,Online
Foot Locker,2021-01-24,Northeast,New Hampshire,Women'S Athletic Footwear,33,51,1683,Outlet
Sports Direct,2021-05-10,Midwest,North Dakota,Men'S Apparel,46,31,1426,Online
Foot Locker,2021-10-06,Midwest,Iowa,Men'S Apparel,42,38,1596,Online
Foot Locker,2021-04-07,Northeast,Rhode Island,Men'S Apparel,44,15,660,Online
Foot Locker,2021-10-31,Northeast,Pennsylvania,Women'S Athletic Footwear,40,50,2000,Outlet
Foot Locker,2021-10-06,Midwest,Iowa,Women'S Athletic Footwear,34,31,1054,Online
West Gear,2021-02-03,Midwest,Wisconsin,Men'S Apparel,38,38,1444,Online
Foot Locker,2020-11-08,Midwest,Minnesota,Men'S Apparel,50,50,2500,In-Store
West Gear,2021-03-09,Midwest,Indiana,Women'S Athletic Footwear,19,31,589,Online
West Gear,2021-05-04,Midwest,Wisconsin,Women'S Athletic Footwear,32,38,1216,Online
Foot Locker,2020-11-13,Midwest,Minnesota,Women'S Athletic Footwear,40,50,2000,In-Store
West Gear,2021-02-22,Northeast,Maryland,Men'S Apparel,41,31,1271,Online
West Gear,2021-10-10,Midwest,Indiana,Women'S Street Footwear,32,38,1216,Online
Foot Locker,2021-05-30,Midwest,Nebraska,Women'S Athletic Footwear,30,50,1500,Outlet
West Gear,2021-10-10,Midwest,Indiana,Men'S Apparel,41,38,1558,Online
Foot Locker,2021-06-06,Midwest,Nebraska,Men'S Apparel,50,50,2500,Outlet
West Gear,2021-04-21,Northeast,Maryland,Men'S Athletic Footwear,32,31,992,Online
Foot Locker,2021-06-18,Midwest,Nebraska,Men'S Apparel,50,50,2500,Outlet
Foot Locker,2021-11-21,Northeast,Maryland,Men'S Apparel,56,31,1736,Online
Foot Locker,2021-03-13,Northeast,Delaware,Women'S Athletic Footwear,32,31,992,Online
Foot Locker,2021-07-16,Midwest,Nebraska,Women'S Street Footwear,30,50,1500,Outlet
Kohl'S,2021-10-08,Northeast,New Jersey,Women'S Athletic Footwear,48,31,1488,Online
Amazon,2021-10-27,Northeast,Maine,Women'S Athletic Footwear,35,50,1750,Outlet
Foot Locker,2021-08-07,Northeast,Rhode Island,Men'S Apparel,45,31,1395,Online
West Gear,2021-02-22,Northeast,Maryland,Women'S Athletic Footwear,30,50,1500,In-Store
Sports Direct,2021-03-13,Northeast,Massachusetts,Men'S Apparel,36,31,1116,Outlet
Foot Locker,2021-04-07,Northeast,Rhode Island,Men'S Apparel,33,15,495,Outlet
West Gear,2021-04-21,Northeast,Maryland,Women'S Athletic Footwear,30,50,1500,In-Store
Foot Locker,2021-06-16,Midwest,Nebraska,Women'S Street Footwear,32,30,960,Online
Foot Locker,2020-11-08,Midwest,Minnesota,Men'S Apparel,47,14,658,Online
Foot Locker,2021-03-23,Southeast,Virginia,Men'S Apparel,51,30,1530,Online
West Gear,2021-04-21,Northeast,Maryland,Men'S Apparel,45,50,2250,In-Store
Foot Locker,2021-05-30,Midwest,Nebraska,Women'S Athletic Footwear,29,14,406,Online
Foot Locker,2021-07-16,Midwest,Nebraska,Women'S Street Footwear,29,14,406,Online
West Gear,2021-02-22,Northeast,West Virginia,Men'S Athletic Footwear,34,38,1292,Online
West Gear,2021-02-22,Northeast,Maryland,Women'S Athletic Footwear,28,14,392,Online
West Gear,2021-05-20,Northeast,Maryland,Women'S Street Footwear,36,38,1368,Online
Foot Locker,2021-10-31,Northeast,Pennsylvania,Women'S Athletic Footwear,39,13,507,Online
Sports Direct,2021-02-09,Midwest,North Dakota,Women'S Athletic Footwear,29,30,870,Online
Sports Direct,2021-08-21,Northeast,Maryland,Men'S Apparel,47,38,1786,Online
Foot Locker,2020-11-13,Midwest,Minnesota,Women'S Athletic Footwear,36,13,468,Online
Sports Direct,2021-04-09,Midwest,North Dakota,Men'S Apparel,58,30,1740,Online
Kohl'S,2021-01-10,Northeast,Delaware,Women'S Athletic Footwear,27,38,1026,Online
Foot Locker,2021-06-06,Midwest,Nebraska,Men'S Apparel,45,13,585,Online
West Gear,2021-05-20,Northeast,Maryland,Women'S Athletic Footwear,37,30,1110,Online
Kohl'S,2021-09-06,Northeast,New Jersey,Women'S Athletic Footwear,37,38,1406,Online
Foot Locker,2021-06-18,Midwest,Nebraska,Men'S Apparel,46,13,598,Online
Foot Locker,2020-03-14,Northeast,New York,Men'S Apparel,60,925,55500,Outlet
Sports Direct,2021-09-20,Northeast,Maryland,Men'S Apparel,48,30,1440,Online
Kohl'S,2021-10-08,Northeast,New Jersey,Men'S Apparel,58,38,2204,Online
Amazon,2021-10-27,Northeast,Maine,Women'S Athletic Footwear,32,13,416,Online
Foot Locker,2020-03-31,Northeast,New York,Women'S Athletic Footwear,50,925,46250,Outlet
Kohl'S,2021-02-08,Northeast,New Jersey,Women'S Athletic Footwear,29,30,870,Online
Sports Direct,2021-04-04,Northeast,Connecticut,Women'S Athletic Footwear,32,38,1216,Online
West Gear,2021-04-21,Northeast,Maryland,Women'S Athletic Footwear,27,13,351,Online
Walmart,2020-04-21,Northeast,New York,Women'S Street Footwear,50,925,46250,Outlet
Sports Direct,2021-03-03,Northeast,Connecticut,Women'S Athletic Footwear,32,30,960,Online
Foot Locker,2021-02-08,Northeast,Rhode Island,Women'S Athletic Footwear,29,13,377,Online
Sports Direct,2021-10-05,Northeast,Connecticut,Women'S Athletic Footwear,50,38,1900,Online
Walmart,2020-08-12,South,Texas,Men'S Street Footwear,30,925,27750,Outlet
Foot Locker,2021-12-19,Northeast,Pennsylvania,Men'S Apparel,43,30,1290,Outlet
Foot Locker,2021-04-07,Northeast,Rhode Island,Women'S Athletic Footwear,29,13,377,Online
Foot Locker,2021-09-06,Northeast,Rhode Island,Women'S Street Footwear,36,38,1368,Online
Walmart,2020-08-13,South,Texas,Men'S Athletic Footwear,40,925,37000,Outlet
Amazon,2021-10-15,South,Alabama,Women'S Athletic Footwear,25,30,750,Outlet
Foot Locker,2021-11-06,Northeast,Pennsylvania,Women'S Athletic Footwear,43,8,344,Online
Amazon,2021-03-10,Northeast,Vermont,Women'S Athletic Footwear,36,38,1368,Online
Walmart,2020-08-30,South,Texas,Men'S Street Footwear,40,925,37000,Outlet
West Gear,2021-03-23,West,Oregon,Men'S Apparel,43,30,1290,Outlet
Foot Locker,2021-03-06,Northeast,Rhode Island,Women'S Athletic Footwear,29,8,232,Online
Walmart,2020-08-31,South,Texas,Men'S Athletic Footwear,45,925,41625,Outlet
Foot Locker,2021-10-08,Northeast,Rhode Island,Women'S Street Footwear,40,30,1200,Outlet
Foot Locker,2021-11-06,Northeast,Pennsylvania,Women'S Athletic Footwear,32,8,256,Outlet
West Gear,2021-01-19,West,California,Men'S Athletic Footwear,70,925,64750,Outlet
Foot Locker,2021-11-18,Northeast,Pennsylvania,Women'S Athletic Footwear,51,29,1479,Online
Foot Locker,2021-03-06,Northeast,Rhode Island,Women'S Athletic Footwear,20,8,160,Outlet
West Gear,2021-01-24,West,California,Men'S Street Footwear,55,925,50875,Outlet
Foot Locker,2021-12-18,Northeast,Pennsylvania,Women'S Athletic Footwear,48,29,1392,Online
Foot Locker,2020-11-01,Midwest,Minnesota,Women'S Athletic Footwear,32,7,224,Online
Amazon,2021-10-28,Northeast,Maine,Men'S Apparel,49,29,1421,Online
West Gear,2021-01-25,West,California,Men'S Athletic Footwear,60,925,55500,Outlet
Foot Locker,2020-11-07,Midwest,Minnesota,Women'S Athletic Footwear,32,7,224,Online
Amazon,2021-04-22,Southeast,Kentucky,Women'S Athletic Footwear,42,29,1218,Online
Foot Locker,2020-09-22,Southeast,Florida,Women'S Apparel,60,925,55500,In-Store
Foot Locker,2021-06-17,Midwest,Nebraska,Women'S Athletic Footwear,34,7,238,Online
Foot Locker,2021-04-12,Midwest,South Dakota,Men'S Apparel,56,29,1624,Online
Sports Direct,2021-09-14,South,Alabama,Women'S Street Footwear,55,925,50875,Outlet
Foot Locker,2021-07-17,Midwest,Nebraska,Women'S Athletic Footwear,29,7,203,Online
West Gear,2021-01-03,Midwest,Iowa,Women'S Athletic Footwear,23,29,667,Online
West Gear,2021-08-09,Northeast,New York,Men'S Street Footwear,65,925,60125,In-Store
Foot Locker,2021-07-18,Midwest,Nebraska,Men'S Apparel,37,7,259,Online
Foot Locker,2021-10-08,Northeast,Rhode Island,Women'S Street Footwear,45,29,1305,Online
West Gear,2021-07-06,West,Idaho,Women'S Street Footwear,50,925,46250,Online
West Gear,2021-03-20,Northeast,Maryland,Women'S Athletic Footwear,29,7,203,Online
Sports Direct,2021-03-13,Northeast,Massachusetts,Men'S Apparel,46,29,1334,Online
Amazon,2021-04-11,Northeast,Vermont,Men'S Apparel,51,38,1938,Online
Foot Locker,2021-08-08,West,Idaho,Women'S Street Footwear,50,925,46250,Online
Foot Locker,2021-06-12,Midwest,Nebraska,Men'S Apparel,42,6,252,Online
Foot Locker,2021-06-09,Midwest,Illinois,Women'S Athletic Footwear,39,28,1092,Online
Amazon,2021-03-17,Northeast,New Hampshire,Women'S Athletic Footwear,44,38,1672,Online
Foot Locker,2021-08-06,Southeast,South Carolina,Women'S Apparel,60,925,55500,Online
Walmart,2021-06-17,Southeast,Florida,Women'S Apparel,110,750,82500,In-Store
Foot Locker,2021-06-22,Midwest,Illinois,Men'S Apparel,54,28,1512,Online
Foot Locker,2021-12-17,Northeast,Pennsylvania,Women'S Street Footwear,38,38,1444,Outlet
Foot Locker,2021-11-06,Southeast,South Carolina,Men'S Street Footwear,55,925,50875,Online
Foot Locker,2020-03-10,Northeast,New York,Men'S Street Footwear,60,1275,76500,Outlet
Sports Direct,2021-10-15,Northeast,Massachusetts,Women'S Street Footwear,41,38,1558,Outlet
Sports Direct,2021-01-06,Southeast,South Carolina,Men'S Street Footwear,35,925,32375,Online
Foot Locker,2020-03-04,Northeast,New York,Men'S Street Footwear,60,1250,75000,Outlet
Foot Locker,2021-10-26,Northeast,Pennsylvania,Men'S Apparel,54,36,1944,Online
Foot Locker,2021-06-27,Midwest,Illinois,Women'S Athletic Footwear,48,28,1344,Online
Sports Direct,2021-09-02,Southeast,North Carolina,Men'S Street Footwear,55,925,50875,Online
Foot Locker,2020-03-16,Northeast,New York,Men'S Street Footwear,60,1250,75000,Outlet
Foot Locker,2021-11-01,Northeast,Pennsylvania,Men'S Apparel,51,36,1836,Online
Foot Locker,2020-11-05,Midwest,Minnesota,Men'S Athletic Footwear,38,28,1064,Online
Walmart,2020-04-29,Northeast,New York,Women'S Street Footwear,55,920,50600,Outlet
Foot Locker,2020-02-06,Northeast,New York,Men'S Street Footwear,60,1220,73200,Outlet
Amazon,2021-10-15,South,Alabama,Women'S Athletic Footwear,34,28,952,Online
Foot Locker,2021-12-13,Northeast,Pennsylvania,Men'S Apparel,50,36,1800,Online
Sports Direct,2021-03-02,Southeast,North Carolina,Men'S Street Footwear,30,920,27600,Online
Walmart,2020-04-19,Northeast,New York,Men'S Street Footwear,60,1200,72000,Outlet
Foot Locker,2021-03-05,Midwest,Iowa,Women'S Athletic Footwear,14,28,392,Online
Foot Locker,2021-07-23,Midwest,Nebraska,Women'S Athletic Footwear,27,36,972,Online
Foot Locker,2020-01-05,Northeast,New York,Men'S Apparel,60,900,54000,In-Store
Walmart,2020-05-03,Northeast,New York,Men'S Street Footwear,65,1200,78000,Outlet
Foot Locker,2021-04-06,Midwest,Iowa,Women'S Athletic Footwear,15,28,420,Online
Amazon,2021-12-30,Northeast,Maine,Women'S Athletic Footwear,42,36,1512,Online
Foot Locker,2020-01-08,Northeast,New York,Men'S Athletic Footwear,50,900,45000,Outlet
Foot Locker,2021-12-19,Northeast,Pennsylvania,Men'S Apparel,56,27,1512,Online
Amazon,2021-12-31,Northeast,Maine,Men'S Apparel,52,36,1872,Online
Foot Locker,2020-01-23,Northeast,New York,Men'S Apparel,60,900,54000,Outlet
Foot Locker,2021-07-06,Midwest,Nebraska,Men'S Apparel,37,27,999,Online
Amazon,2021-03-20,West,Alaska,Women'S Athletic Footwear,49,36,1764,Online
Foot Locker,2020-02-01,Northeast,New York,Men'S Athletic Footwear,50,900,45000,Outlet
Foot Locker,2021-03-09,West,Hawaii,Men'S Apparel,55,36,1980,Online
Foot Locker,2020-02-02,Northeast,New York,Women'S Street Footwear,40,900,36000,Outlet
Foot Locker,2021-07-24,Midwest,Nebraska,Men'S Apparel,48,27,1296,Online
Foot Locker,2020-02-08,Northeast,New York,Women'S Street Footwear,50,900,45000,Outlet
West Gear,2021-04-24,West,Oregon,Men'S Apparel,48,36,1728,Online
Amazon,2021-10-19,Northeast,Maine,Men'S Apparel,61,27,1647,Online
Foot Locker,2020-03-07,Northeast,New York,Women'S Athletic Footwear,50,900,45000,Outlet
Amazon,2021-03-21,Southeast,Kentucky,Women'S Athletic Footwear,36,27,972,Online
Foot Locker,2021-01-12,Midwest,Kansas,Women'S Athletic Footwear,34,36,1224,Online
Foot Locker,2020-03-08,Northeast,New York,Men'S Apparel,60,900,54000,Outlet
Foot Locker,2021-10-12,Midwest,South Dakota,Women'S Athletic Footwear,43,36,1548,Online
Kohl'S,2021-04-07,Northeast,New Jersey,Women'S Athletic Footwear,27,27,729,Online
Foot Locker,2020-03-13,Northeast,New York,Women'S Athletic Footwear,50,900,45000,Outlet
Sports Direct,2021-03-08,Midwest,North Dakota,Men'S Apparel,36,36,1296,Online
Kohl'S,2021-04-07,Northeast,New Jersey,Men'S Apparel,44,27,1188,Online
Foot Locker,2021-07-05,Southeast,South Carolina,Men'S Street Footwear,65,1150,74750,Online
Walmart,2020-04-17,Northeast,New York,Men'S Apparel,60,900,54000,Outlet
Foot Locker,2021-09-06,Northeast,Rhode Island,Women'S Athletic Footwear,39,27,1053,Online
West Gear,2021-02-10,Midwest,Indiana,Women'S Athletic Footwear,29,36,1044,Online
Walmart,2020-04-27,Northeast,New York,Men'S Street Footwear,65,1150,74750,Outlet
Walmart,2020-04-22,Northeast,New York,Women'S Athletic Footwear,50,900,45000,Outlet
Foot Locker,2021-09-06,Northeast,Rhode Island,Men'S Apparel,47,27,1269,Online
West Gear,2020-09-11,Southeast,Florida,Men'S Street Footwear,65,1150,74750,In-Store
Walmart,2020-04-23,Northeast,New York,Men'S Apparel,60,900,54000,Outlet
Sports Direct,2021-10-15,Northeast,Massachusetts,Women'S Athletic Footwear,54,27,1458,Online
West Gear,2020-09-17,Southeast,Florida,Men'S Street Footwear,65,1125,73125,In-Store
Walmart,2020-04-30,Northeast,New York,Women'S Athletic Footwear,55,900,49500,Outlet
Sports Direct,2021-10-15,Northeast,Massachusetts,Men'S Apparel,62,27,1674,Online
Foot Locker,2021-08-06,Southeast,South Carolina,Men'S Street Footwear,65,1125,73125,Online
Walmart,2020-05-06,Northeast,New York,Women'S Athletic Footwear,55,900,49500,Outlet
Foot Locker,2020-10-20,Southeast,Florida,Women'S Athletic Footwear,29,26,754,Online
Foot Locker,2021-12-05,Southeast,South Carolina,Men'S Street Footwear,70,1075,75250,Online
West Gear,2020-09-16,Southeast,Florida,Women'S Apparel,70,975,68250,In-Store
Foot Locker,2020-11-06,Midwest,Minnesota,Women'S Street Footwear,29,26,754,Online
West Gear,2021-04-10,Midwest,Indiana,Women'S Athletic Footwear,19,36,684,Online
Foot Locker,2021-07-05,Southeast,South Carolina,Women'S Apparel,70,975,68250,Online
Walmart,2020-05-07,Northeast,New York,Men'S Apparel,65,900,58500,Outlet
West Gear,2021-05-20,Northeast,Maryland,Men'S Apparel,49,36,1764,Online
Sports Direct,2020-07-19,Northeast,New York,Men'S Street Footwear,25,900,22500,Outlet
Sports Direct,2021-09-20,Northeast,Maryland,Women'S Street Footwear,38,36,1368,Online
Sports Direct,2020-07-20,Northeast,New York,Men'S Athletic Footwear,35,900,31500,Outlet
West Gear,2020-09-10,Southeast,Florida,Women'S Apparel,70,925,64750,In-Store
Foot Locker,2021-02-08,Northeast,Connecticut,Men'S Athletic Footwear,34,36,1224,Online
Sports Direct,2020-08-06,South,Texas,Men'S Street Footwear,30,900,27000,Outlet
Foot Locker,2021-06-07,Southeast,South Carolina,Women'S Apparel,70,925,64750,Online
Foot Locker,2021-04-07,Northeast,Rhode Island,Women'S Street Footwear,24,36,864,Online
Sports Direct,2020-08-07,South,Texas,Men'S Athletic Footwear,40,900,36000,Outlet
Foot Locker,2021-06-03,Midwest,Nebraska,Men'S Athletic Footwear,39,26,1014,Online
West Gear,2021-07-16,South,Louisiana,Men'S Street Footwear,90,900,81000,Online
Walmart,2020-09-04,South,Texas,Women'S Apparel,50,900,45000,Outlet
Amazon,2021-10-19,Northeast,Maine,Women'S Athletic Footwear,50,26,1300,Online
Walmart,2020-09-07,South,Texas,Women'S Street Footwear,50,900,45000,Outlet
Sports Direct,2021-12-05,Southeast,South Carolina,Women'S Apparel,75,875,65625,Online
Walmart,2020-10-20,South,Texas,Men'S Street Footwear,45,900,40500,Outlet
Sports Direct,2021-10-11,South,Alabama,Women'S Apparel,70,750,52500,Outlet
West Gear,2021-03-23,West,Oregon,Men'S Apparel,54,26,1404,Online
West Gear,2021-06-17,South,Louisiana,Women'S Apparel,110,750,82500,Online
Walmart,2020-10-21,South,Texas,Men'S Athletic Footwear,45,900,40500,Outlet
Foot Locker,2021-06-24,Southeast,Virginia,Women'S Apparel,105,700,73500,In-Store
Kohl'S,2021-03-12,Midwest,Kansas,Women'S Athletic Footwear,20,26,520,Online
West Gear,2021-06-24,West,Oregon,Women'S Apparel,105,700,73500,In-Store
Foot Locker,2021-05-13,Midwest,South Dakota,Women'S Athletic Footwear,43,26,1118,Online
Walmart,2021-07-16,Southeast,Florida,Women'S Apparel,110,650,71500,In-Store
Sports Direct,2021-05-10,Midwest,North Dakota,Women'S Athletic Footwear,36,26,936,Online
Foot Locker,2021-01-06,Midwest,North Dakota,Women'S Athletic Footwear,24,26,624,Online
Walmart,2020-10-31,South,Texas,Women'S Apparel,55,900,49500,Outlet
West Gear,2021-07-16,South,Louisiana,Women'S Apparel,110,650,71500,Online
West Gear,2021-04-03,Midwest,Wisconsin,Men'S Apparel,55,26,1430,Online
Foot Locker,2021-07-23,Southeast,Virginia,Women'S Apparel,105,600,63000,In-Store
Sports Direct,2021-01-17,Northeast,Rhode Island,Women'S Athletic Footwear,34,26,884,Online
West Gear,2021-07-23,West,Oregon,Women'S Apparel,105,600,63000,In-Store
Foot Locker,2021-11-13,Northeast,Pennsylvania,Men'S Apparel,45,26,1170,Outlet
Foot Locker,2020-01-07,Northeast,New York,Men'S Street Footwear,50,1250,62500,In-Store
Foot Locker,2021-11-06,Northeast,Pennsylvania,Women'S Athletic Footwear,45,25,1125,Outlet
Foot Locker,2020-01-25,Northeast,New York,Men'S Street Footwear,50,1220,61000,Outlet
Foot Locker,2020-11-01,Midwest,Minnesota,Women'S Athletic Footwear,35,25,875,In-Store
Foot Locker,2020-01-01,Northeast,New York,Men'S Street Footwear,50,1200,60000,In-Store
Foot Locker,2020-11-07,Midwest,Minnesota,Women'S Athletic Footwear,35,25,875,In-Store
Foot Locker,2020-01-31,Northeast,New York,Men'S Street Footwear,50,1200,60000,Outlet
Foot Locker,2021-06-12,Midwest,Nebraska,Men'S Apparel,45,25,1125,Outlet
Foot Locker,2020-03-15,Northeast,New York,Women'S Apparel,65,1100,71500,Outlet
Foot Locker,2021-06-17,Midwest,Nebraska,Women'S Athletic Footwear,35,25,875,Outlet
Walmart,2020-08-26,South,Texas,Women'S Street Footwear,40,1100,44000,Outlet
Foot Locker,2021-07-17,Midwest,Nebraska,Women'S Athletic Footwear,30,25,750,Outlet
Walmart,2020-09-01,South,Texas,Women'S Street Footwear,40,1100,44000,Outlet
Foot Locker,2021-07-18,Midwest,Nebraska,Men'S Apparel,40,25,1000,Outlet
Foot Locker,2020-08-12,Southeast,Florida,Men'S Street Footwear,45,1100,49500,In-Store
West Gear,2021-03-20,Northeast,Maryland,Women'S Athletic Footwear,30,25,750,In-Store
West Gear,2020-04-24,Southeast,Florida,Men'S Street Footwear,60,1075,64500,In-Store
Foot Locker,2021-03-06,Northeast,Rhode Island,Women'S Athletic Footwear,30,25,750,In-Store
Sports Direct,2020-05-24,Southeast,Florida,Men'S Street Footwear,65,1075,69875,In-Store
Foot Locker,2020-12-12,Midwest,Minnesota,Women'S Street Footwear,32,25,800,Online
Foot Locker,2021-02-07,Southeast,Georgia,Men'S Street Footwear,40,1075,43000,Online
Foot Locker,2021-07-10,Midwest,Nebraska,Women'S Street Footwear,18,25,450,Online
Walmart,2020-04-18,Northeast,New York,Women'S Apparel,65,1075,69875,Outlet
West Gear,2020-12-31,West,California,Men'S Street Footwear,60,900,54000,Outlet
Foot Locker,2021-07-22,Midwest,Nebraska,Women'S Street Footwear,29,25,725,Online
Kohl'S,2021-04-19,West,California,Men'S Street Footwear,45,900,40500,Outlet
Foot Locker,2020-08-18,Southeast,Florida,Men'S Street Footwear,45,1070,48150,In-Store
Foot Locker,2021-02-12,Midwest,South Dakota,Women'S Athletic Footwear,33,25,825,Online
Kohl'S,2021-05-01,West,California,Men'S Street Footwear,50,900,45000,Outlet
Sports Direct,2021-09-20,Northeast,Maryland,Women'S Athletic Footwear,36,25,900,Online
West Gear,2020-04-24,Southeast,Florida,Men'S Street Footwear,55,1070,58850,In-Store
Kohl'S,2021-05-25,West,California,Men'S Street Footwear,50,900,45000,Outlet
Sports Direct,2021-10-22,Northeast,Maryland,Women'S Street Footwear,49,25,1225,Online
Foot Locker,2020-03-09,Northeast,New York,Women'S Apparel,65,1050,68250,Outlet
Kohl'S,2021-05-26,West,California,Men'S Athletic Footwear,55,900,49500,Outlet
Foot Locker,2021-03-06,Northeast,Rhode Island,Men'S Apparel,33,25,825,Outlet
Foot Locker,2020-08-06,West,Washington,Men'S Street Footwear,45,1050,47250,In-Store
Foot Locker,2021-11-07,Northeast,Pennsylvania,Men'S Apparel,41,24,984,Outlet
Foot Locker,2020-09-23,Southeast,Florida,Men'S Street Footwear,55,1050,57750,In-Store
Foot Locker,2021-11-12,Northeast,Pennsylvania,Women'S Athletic Footwear,36,24,864,Outlet
Foot Locker,2021-06-07,Southeast,South Carolina,Men'S Street Footwear,55,1050,57750,Online
Foot Locker,2021-01-10,Northeast,Connecticut,Women'S Athletic Footwear,24,24,576,Outlet
Sports Direct,2021-07-02,Southeast,North Carolina,Men'S Street Footwear,65,1050,68250,Online
Foot Locker,2021-06-09,Midwest,Nebraska,Men'S Athletic Footwear,32,23,736,Online
Foot Locker,2021-05-05,Southeast,South Carolina,Men'S Street Footwear,50,1045,52250,Online
Foot Locker,2021-07-11,Midwest,Nebraska,Women'S Athletic Footwear,19,23,437,Online
Foot Locker,2020-03-11,Northeast,New York,Men'S Athletic Footwear,55,1025,56375,Outlet
Foot Locker,2021-03-11,Midwest,South Dakota,Women'S Athletic Footwear,33,23,759,Online
Foot Locker,2020-03-17,Northeast,New York,Men'S Athletic Footwear,55,1025,56375,Outlet
West Gear,2020-09-12,Southeast,Florida,Men'S Athletic Footwear,60,900,54000,In-Store
Foot Locker,2021-02-06,Midwest,Iowa,Women'S Athletic Footwear,25,23,575,Online
West Gear,2021-01-12,West,California,Men'S Street Footwear,60,1025,61500,Outlet
West Gear,2020-09-18,Southeast,Florida,Men'S Athletic Footwear,60,900,54000,In-Store
Foot Locker,2021-10-08,Northeast,Rhode Island,Women'S Athletic Footwear,47,23,1081,Online
Foot Locker,2020-04-24,Southeast,Florida,Men'S Street Footwear,45,1025,46125,In-Store
Foot Locker,2021-10-25,South,Texas,Women'S Athletic Footwear,28,23,644,Outlet
Foot Locker,2021-05-24,South,Tennessee,Women'S Athletic Footwear,22,23,506,Outlet
Foot Locker,2021-01-09,Southeast,Georgia,Men'S Street Footwear,40,1025,41000,Online
Foot Locker,2021-10-08,Northeast,Rhode Island,Women'S Athletic Footwear,39,23,897,Outlet
Foot Locker,2021-09-05,Southeast,South Carolina,Men'S Street Footwear,55,1025,56375,Online
Sports Direct,2021-08-03,Southeast,North Carolina,Men'S Street Footwear,65,1025,66625,Online
Foot Locker,2021-03-05,Southeast,South Carolina,Men'S Street Footwear,35,1020,35700,Online
Foot Locker,2020-01-02,Northeast,New York,Men'S Athletic Footwear,50,1000,50000,In-Store
Sports Direct,2021-09-13,Northeast,Massachusetts,Women'S Athletic Footwear,42,36,1512,Online
Walmart,2021-07-16,Southeast,Florida,Men'S Street Footwear,90,900,81000,In-Store
West Gear,2021-02-10,Southeast,Florida,Men'S Street Footwear,45,900,40500,In-Store
Foot Locker,2021-10-08,Northeast,Rhode Island,Men'S Apparel,40,23,920,Outlet
Foot Locker,2021-11-13,Northeast,Pennsylvania,Men'S Apparel,55,22,1210,Online
Sports Direct,2021-07-15,Midwest,Michigan,Men'S Street Footwear,60,900,54000,In-Store
Foot Locker,2020-01-03,Northeast,New York,Women'S Street Footwear,40,1000,40000,In-Store
Sports Direct,2021-03-08,Midwest,North Dakota,Women'S Athletic Footwear,25,22,550,Online
Foot Locker,2021-07-05,Southeast,South Carolina,Men'S Athletic Footwear,60,900,54000,Online
Foot Locker,2020-01-06,Northeast,New York,Women'S Apparel,50,1000,50000,In-Store
Sports Direct,2021-04-09,Midwest,North Dakota,Women'S Athletic Footwear,24,22,528,Online
Foot Locker,2021-08-06,Southeast,South Carolina,Men'S Athletic Footwear,60,900,54000,Online
Foot Locker,2020-01-24,Northeast,New York,Women'S Apparel,50,1000,50000,Outlet
West Gear,2021-04-03,Midwest,Wisconsin,Women'S Athletic Footwear,15,22,330,Online
Amazon,2021-07-09,Midwest,Ohio,Men'S Street Footwear,65,900,58500,Online
Foot Locker,2020-03-03,Northeast,New York,Women'S Apparel,65,1000,65000,Outlet
West Gear,2021-03-20,Northeast,Maryland,Men'S Apparel,43,22,946,Online
Foot Locker,2020-02-10,Northeast,New York,Men'S Apparel,60,875,52500,Outlet
Foot Locker,2020-03-05,Northeast,New York,Men'S Athletic Footwear,55,1000,55000,Outlet
Kohl'S,2021-03-06,Northeast,New Jersey,Women'S Athletic Footwear,27,22,594,Online
Walmart,2020-04-20,Northeast,New York,Men'S Athletic Footwear,55,1000,55000,Outlet
Foot Locker,2020-12-13,Midwest,Minnesota,Women'S Athletic Footwear,32,21,672,Online
Foot Locker,2021-06-10,Midwest,Nebraska,Women'S Street Footwear,23,21,483,Online
Walmart,2020-04-24,Northeast,New York,Women'S Apparel,65,1000,65000,Outlet
Foot Locker,2021-07-12,Midwest,Nebraska,Men'S Apparel,29,21,609,Online
Amazon,2021-11-02,Northeast,Maine,Women'S Athletic Footwear,33,21,693,Online
Foot Locker,2021-06-28,Midwest,Illinois,Men'S Apparel,59,35,2065,Online
Foot Locker,2021-10-22,Northeast,Maryland,Women'S Athletic Footwear,49,21,1029,Online
Foot Locker,2021-10-29,Northeast,Pennsylvania,Men'S Athletic Footwear,44,35,1540,Online
Foot Locker,2021-06-21,Midwest,Illinois,Women'S Athletic Footwear,44,20,880,Online
Foot Locker,2020-10-30,Midwest,Minnesota,Men'S Athletic Footwear,38,35,1330,Online
Foot Locker,2021-11-07,Northeast,Pennsylvania,Men'S Apparel,58,20,1160,Online
Walmart,2020-04-26,Northeast,New York,Women'S Apparel,70,1000,70000,Outlet
Foot Locker,2021-05-25,Midwest,Nebraska,Men'S Apparel,43,35,1505,Online
Foot Locker,2021-11-12,Northeast,Pennsylvania,Women'S Athletic Footwear,42,20,840,Online
Walmart,2020-05-04,Northeast,New York,Men'S Athletic Footwear,55,1000,55000,Outlet
Foot Locker,2021-04-24,Southeast,Virginia,Men'S Apparel,49,35,1715,Online
Foot Locker,2020-10-26,Midwest,Minnesota,Women'S Athletic Footwear,27,20,540,Online
Amazon,2021-04-22,Southeast,Kentucky,Men'S Apparel,47,35,1645,Online
Walmart,2020-07-18,Northeast,New York,Women'S Apparel,70,1000,70000,Outlet
Foot Locker,2020-11-14,Midwest,Minnesota,Men'S Apparel,50,20,1000,Online
Walmart,2020-04-25,Northeast,New York,Men'S Apparel,65,875,56875,Outlet
Walmart,2020-08-23,South,Texas,Women'S Apparel,50,1000,50000,Outlet
Amazon,2021-11-03,Northeast,Maine,Men'S Apparel,47,20,940,Online
Kohl'S,2021-04-13,Midwest,Kansas,Women'S Athletic Footwear,19,35,665,Online
Walmart,2020-05-01,Northeast,New York,Men'S Apparel,65,875,56875,Outlet
Sports Direct,2020-09-29,Southeast,Florida,Men'S Street Footwear,60,1000,60000,In-Store
Foot Locker,2021-04-12,Midwest,South Dakota,Women'S Athletic Footwear,34,20,680,Online
Sports Direct,2021-04-04,Northeast,Connecticut,Men'S Apparel,46,35,1610,Online
Sports Direct,2020-07-31,South,Texas,Men'S Street Footwear,30,875,26250,Outlet
Walmart,2020-04-28,Northeast,New York,Men'S Athletic Footwear,55,975,53625,Outlet
West Gear,2021-02-03,Midwest,Wisconsin,Women'S Athletic Footwear,23,20,460,Online
Foot Locker,2021-02-08,Northeast,Rhode Island,Men'S Apparel,41,35,1435,Online
West Gear,2020-12-25,West,California,Men'S Street Footwear,60,875,52500,Outlet
Walmart,2020-05-02,Northeast,New York,Women'S Apparel,70,975,68250,Outlet
West Gear,2021-03-02,Midwest,Wisconsin,Women'S Athletic Footwear,14,20,280,Online
Sports Direct,2021-04-14,Northeast,Massachusetts,Women'S Athletic Footwear,32,35,1120,Online
West Gear,2021-01-11,West,California,Women'S Apparel,80,875,70000,Outlet
Walmart,2020-08-29,South,Texas,Women'S Apparel,50,975,48750,Outlet
Foot Locker,2021-01-24,Northeast,West Virginia,Women'S Athletic Footwear,28,20,560,Online
West Gear,2021-01-13,West,California,Men'S Athletic Footwear,65,875,56875,Outlet
Foot Locker,2021-06-03,West,California,Women'S Athletic Footwear,37,34,1258,Online
Foot Locker,2021-10-22,Northeast,Maryland,Men'S Apparel,56,20,1120,Online
Foot Locker,2021-12-17,Northeast,Pennsylvania,Women'S Street Footwear,48,34,1632,Online
Foot Locker,2021-01-10,Northeast,Connecticut,Women'S Athletic Footwear,29,20,580,Online
West Gear,2021-01-30,West,California,Men'S Street Footwear,55,875,48125,Outlet
Foot Locker,2020-12-08,Midwest,Minnesota,Men'S Apparel,32,34,1088,Online
West Gear,2021-01-31,West,California,Men'S Athletic Footwear,60,875,52500,Outlet
Foot Locker,2021-03-06,Northeast,Rhode Island,Men'S Apparel,44,20,880,Online
West Gear,2021-02-05,West,California,Men'S Street Footwear,55,875,48125,Outlet
Foot Locker,2021-06-15,Midwest,Illinois,Women'S Athletic Footwear,41,19,779,Online
West Gear,2021-02-06,West,California,Men'S Athletic Footwear,60,875,52500,Outlet
Foot Locker,2021-10-25,South,Texas,Women'S Athletic Footwear,38,19,722,Online
Sports Direct,2021-09-15,South,Texas,Women'S Apparel,55,875,48125,Outlet
Foot Locker,2020-11-02,Midwest,Minnesota,Men'S Apparel,47,19,893,Online
Sports Direct,2020-05-24,Southeast,Florida,Men'S Athletic Footwear,55,875,48125,In-Store
West Gear,2021-01-06,West,California,Men'S Street Footwear,60,975,58500,Outlet
Foot Locker,2020-12-14,Midwest,Minnesota,Men'S Apparel,41,19,779,Online
West Gear,2021-01-18,West,California,Men'S Street Footwear,65,975,63375,Outlet
Foot Locker,2021-05-24,South,Tennessee,Women'S Athletic Footwear,27,19,513,Online
Foot Locker,2020-05-24,Southeast,Florida,Women'S Apparel,70,875,61250,In-Store
Foot Locker,2020-12-20,Midwest,Minnesota,Men'S Apparel,52,34,1768,Online
West Gear,2021-02-11,West,California,Men'S Street Footwear,55,975,53625,Outlet
Amazon,2021-10-21,Northeast,Maine,Women'S Athletic Footwear,34,19,646,Online
Sports Direct,2021-04-14,South,Tennessee,Women'S Apparel,50,875,43750,Outlet
Amazon,2021-11-08,Northeast,Maine,Women'S Athletic Footwear,41,34,1394,Online
West Gear,2021-02-12,West,California,Men'S Athletic Footwear,60,975,58500,Outlet
Foot Locker,2021-10-08,Northeast,Rhode Island,Men'S Apparel,55,19,1045,Online
Amazon,2021-02-22,Southeast,Kentucky,Women'S Athletic Footwear,34,34,1156,Online
Sports Direct,2021-09-05,South,Alabama,Women'S Apparel,55,875,48125,Outlet
Foot Locker,2021-10-31,Northeast,Pennsylvania,Women'S Athletic Footwear,28,17,476,Outlet
West Gear,2021-03-19,South,Oklahoma,Women'S Athletic Footwear,20,34,680,Online
West Gear,2021-06-10,Northeast,New York,Men'S Street Footwear,60,875,52500,In-Store
Foot Locker,2021-04-07,Northeast,Rhode Island,Women'S Athletic Footwear,21,17,357,Outlet
West Gear,2021-12-08,Northeast,New York,Men'S Street Footwear,65,875,56875,In-Store
Foot Locker,2021-02-08,Northeast,Rhode Island,Women'S Athletic Footwear,20,16,320,Outlet
Kohl'S,2021-07-10,West,Wyoming,Men'S Street Footwear,50,875,43750,In-Store
West Gear,2021-04-21,Northeast,Maryland,Men'S Apparel,41,15,615,Online
Sports Direct,2021-08-16,Midwest,Michigan,Men'S Street Footwear,60,875,52500,In-Store
Foot Locker,2021-12-05,Southeast,South Carolina,Men'S Athletic Footwear,60,875,52500,Online
Sports Direct,2021-04-03,Southeast,North Carolina,Men'S Street Footwear,30,875,26250,Online
Sports Direct,2021-10-09,Midwest,North Dakota,Men'S Apparel,45,34,1530,Online
Sports Direct,2021-07-02,Southeast,North Carolina,Women'S Apparel,70,875,61250,Online
Sports Direct,2021-09-18,South,Texas,Women'S Street Footwear,45,975,43875,Outlet
Sports Direct,2021-10-04,Southeast,North Carolina,Men'S Street Footwear,45,875,39375,Online
Foot Locker,2021-04-06,Midwest,Iowa,Men'S Apparel,55,34,1870,Online
Sports Direct,2021-09-24,South,Texas,Women'S Street Footwear,50,975,48750,Outlet
Foot Locker,2021-05-07,Midwest,Iowa,Women'S Athletic Footwear,33,34,1122,Online
Amazon,2021-08-10,Midwest,Ohio,Men'S Street Footwear,65,875,56875,Online
Sports Direct,2020-10-05,Southeast,Florida,Men'S Street Footwear,60,975,58500,In-Store
West Gear,2021-03-02,Midwest,Wisconsin,Men'S Apparel,29,34,986,Online
West Gear,2021-03-08,Northeast,New York,Men'S Street Footwear,45,870,39150,In-Store
Sports Direct,2021-04-17,South,Tennessee,Women'S Street Footwear,40,975,39000,Outlet
West Gear,2020-04-24,Southeast,Florida,Men'S Athletic Footwear,55,825,45375,In-Store
West Gear,2021-05-08,Northeast,New York,Men'S Street Footwear,55,870,47850,In-Store
Sports Direct,2021-09-08,South,Alabama,Women'S Street Footwear,45,975,43875,Outlet
West Gear,2020-09-13,Southeast,Florida,Women'S Street Footwear,55,825,45375,In-Store
Foot Locker,2020-01-04,Northeast,New York,Women'S Athletic Footwear,45,850,38250,In-Store
Foot Locker,2021-04-06,Southeast,South Carolina,Men'S Street Footwear,35,975,34125,Online
West Gear,2020-09-19,Southeast,Florida,Women'S Street Footwear,55,825,45375,In-Store
Foot Locker,2020-01-29,Northeast,New York,Men'S Apparel,60,850,51000,Outlet
Foot Locker,2021-10-07,Southeast,South Carolina,Men'S Street Footwear,55,975,53625,Online
Sports Direct,2020-09-28,Southeast,Florida,Women'S Apparel,60,825,49500,In-Store
Foot Locker,2020-02-09,Northeast,New York,Women'S Athletic Footwear,50,850,42500,Outlet
Sports Direct,2021-02-04,Southeast,South Carolina,Men'S Street Footwear,35,975,34125,Online
Sports Direct,2020-07-25,South,Texas,Men'S Street Footwear,25,850,21250,Outlet
Sports Direct,2020-09-30,Southeast,Florida,Men'S Athletic Footwear,50,825,41250,In-Store
Sports Direct,2021-12-02,Southeast,North Carolina,Men'S Street Footwear,70,975,68250,Online
Sports Direct,2020-07-26,South,Texas,Men'S Athletic Footwear,35,850,29750,Outlet
West Gear,2021-09-04,Midwest,Wisconsin,Women'S Athletic Footwear,23,34,782,Online
Sports Direct,2020-10-04,Southeast,Florida,Women'S Apparel,65,825,53625,In-Store
Foot Locker,2020-01-21,Northeast,New York,Women'S Street Footwear,40,950,38000,Outlet
Walmart,2020-09-05,South,Texas,Men'S Street Footwear,45,850,38250,Outlet
Sports Direct,2020-05-24,Southeast,Florida,Women'S Street Footwear,55,825,45375,In-Store
Kohl'S,2021-03-06,Northeast,New Jersey,Men'S Apparel,43,34,1462,Online
Foot Locker,2020-01-27,Northeast,New York,Women'S Street Footwear,40,950,38000,Outlet
Walmart,2020-09-06,South,Texas,Men'S Athletic Footwear,45,850,38250,Outlet
Sports Direct,2021-04-15,South,Tennessee,Men'S Street Footwear,40,825,33000,Outlet
Sports Direct,2021-02-05,Northeast,Connecticut,Women'S Athletic Footwear,32,34,1088,Online
Foot Locker,2020-01-30,Northeast,New York,Women'S Apparel,50,950,47500,Outlet
Walmart,2020-09-10,South,Texas,Women'S Apparel,55,850,46750,Outlet
Sports Direct,2021-04-16,South,Tennessee,Men'S Athletic Footwear,45,825,37125,Outlet
Sports Direct,2021-09-13,Northeast,Massachusetts,Men'S Apparel,52,34,1768,Online
Walmart,2020-10-25,South,Texas,Women'S Apparel,55,850,46750,Outlet
Foot Locker,2020-02-05,Northeast,New York,Women'S Apparel,50,950,47500,Outlet
Sports Direct,2021-04-20,South,Tennessee,Women'S Apparel,55,825,45375,Outlet
Sports Direct,2021-10-15,Northeast,Massachusetts,Women'S Street Footwear,53,34,1802,Online
Foot Locker,2021-11-18,Northeast,Pennsylvania,Women'S Athletic Footwear,42,34,1428,Outlet
Foot Locker,2020-03-12,Northeast,New York,Women'S Street Footwear,50,950,47500,Outlet
Sports Direct,2021-09-06,South,Alabama,Men'S Street Footwear,45,825,37125,Outlet
Foot Locker,2021-12-18,Northeast,Pennsylvania,Women'S Athletic Footwear,40,34,1360,Outlet
Sports Direct,2021-09-07,South,Alabama,Men'S Athletic Footwear,50,825,41250,Outlet
Foot Locker,2020-03-18,Northeast,New York,Women'S Street Footwear,50,950,47500,Outlet
Sports Direct,2021-03-03,Northeast,Connecticut,Women'S Athletic Footwear,27,34,918,Outlet
Walmart,2020-05-05,Northeast,New York,Women'S Street Footwear,55,950,52250,Outlet
Walmart,2021-06-17,Southeast,Florida,Men'S Street Footwear,65,825,53625,Outlet
Walmart,2020-10-28,South,Texas,Women'S Street Footwear,50,850,42500,Outlet
Sports Direct,2021-10-15,Northeast,Massachusetts,Men'S Apparel,51,34,1734,Outlet
Walmart,2020-08-17,South,Texas,Women'S Apparel,40,950,38000,Outlet
Walmart,2021-08-17,Southeast,Florida,Men'S Athletic Footwear,85,825,70125,In-Store
West Gear,2020-11-13,West,California,Men'S Street Footwear,50,850,42500,Outlet
West Gear,2021-04-09,Northeast,New York,Men'S Street Footwear,45,825,37125,In-Store
Kohl'S,2021-05-02,West,California,Men'S Athletic Footwear,55,850,46750,Outlet
Sports Direct,2021-06-17,Midwest,Michigan,Men'S Street Footwear,55,825,45375,In-Store
Walmart,2020-08-18,South,Texas,Men'S Street Footwear,40,950,38000,Outlet
West Gear,2021-06-17,South,Louisiana,Men'S Street Footwear,60,825,49500,Online
Foot Locker,2021-07-27,Midwest,Illinois,Women'S Athletic Footwear,47,33,1551,Online
Walmart,2020-08-19,South,Texas,Men'S Athletic Footwear,45,950,42750,Outlet
West Gear,2021-08-17,South,Louisiana,Men'S Athletic Footwear,85,825,70125,Online
Foot Locker,2021-07-28,Midwest,Illinois,Men'S Apparel,56,33,1848,Online
Walmart,2020-08-24,South,Texas,Men'S Street Footwear,40,950,38000,Outlet
Foot Locker,2021-06-15,Midwest,Nebraska,Men'S Athletic Footwear,38,33,1254,Online
West Gear,2021-06-04,West,Idaho,Women'S Apparel,60,825,49500,Online
Walmart,2020-08-25,South,Texas,Men'S Athletic Footwear,45,950,42750,Outlet
Sports Direct,2021-01-09,Midwest,South Dakota,Women'S Athletic Footwear,28,33,924,Online
Foot Locker,2021-01-09,Southeast,Georgia,Men'S Athletic Footwear,40,825,33000,Online
Walmart,2020-10-26,South,Texas,Men'S Street Footwear,45,950,42750,Outlet
Sports Direct,2021-10-09,Midwest,North Dakota,Women'S Athletic Footwear,38,33,1254,Online
Foot Locker,2021-01-09,Southeast,Georgia,Women'S Street Footwear,30,825,24750,Online
Walmart,2020-10-27,South,Texas,Men'S Athletic Footwear,45,950,42750,Outlet
West Gear,2021-09-04,Midwest,Wisconsin,Men'S Apparel,33,33,1089,Online
Kohl'S,2021-04-25,West,California,Men'S Street Footwear,45,950,42750,Outlet
Foot Locker,2021-01-09,Southeast,Georgia,Women'S Apparel,40,825,33000,Online
West Gear,2021-10-03,Midwest,Wisconsin,Women'S Street Footwear,34,33,1122,Online
Sports Direct,2021-04-23,South,Tennessee,Women'S Street Footwear,50,950,47500,Outlet
Foot Locker,2021-07-05,Southeast,South Carolina,Women'S Street Footwear,55,825,45375,Online
West Gear,2021-10-03,Midwest,Wisconsin,Women'S Athletic Footwear,32,33,1056,Online
West Gear,2021-07-08,Northeast,New York,Men'S Street Footwear,65,950,61750,In-Store
West Gear,2021-10-03,Midwest,Wisconsin,Men'S Apparel,44,33,1452,Online
Foot Locker,2021-08-06,Southeast,South Carolina,Women'S Street Footwear,55,825,45375,Online
Sports Direct,2021-06-04,Southeast,North Carolina,Men'S Street Footwear,50,950,47500,Online
Sports Direct,2021-05-02,Southeast,North Carolina,Men'S Street Footwear,45,945,42525,Online
Foot Locker,2021-01-24,Northeast,West Virginia,Men'S Apparel,42,33,1386,Online
Foot Locker,2021-09-05,Southeast,South Carolina,Men'S Athletic Footwear,50,825,41250,Online
Foot Locker,2020-01-26,Northeast,New York,Men'S Athletic Footwear,50,925,46250,Outlet
West Gear,2021-04-21,Northeast,Maryland,Women'S Street Footwear,24,33,792,Online
Foot Locker,2021-11-06,Southeast,South Carolina,Women'S Apparel,75,825,61875,Online
Foot Locker,2020-02-07,Northeast,New York,Men'S Athletic Footwear,55,925,50875,Outlet
Foot Locker,2021-01-10,Northeast,Connecticut,Men'S Apparel,44,33,1452,Online
Foot Locker,2020-03-06,Northeast,New York,Women'S Street Footwear,50,925,46250,Outlet
Sports Direct,2021-12-05,Southeast,South Carolina,Women'S Street Footwear,60,825,49500,Online
Foot Locker,2021-04-07,Northeast,Rhode Island,Men'S Athletic Footwear,32,33,1056,Online
Sports Direct,2021-06-04,Southeast,North Carolina,Women'S Apparel,70,825,57750,Online
Sports Direct,2021-04-14,Northeast,Massachusetts,Men'S Apparel,49,33,1617,Online
Foot Locker,2021-03-23,Southeast,Virginia,Men'S Apparel,43,33,1419,Outlet
Sports Direct,2021-08-03,Southeast,North Carolina,Women'S Apparel,60,825,49500,Online
Kohl'S,2021-05-07,West,California,Men'S Street Footwear,50,850,42500,Outlet
Foot Locker,2021-09-06,Northeast,Rhode Island,Men'S Apparel,34,33,1122,Outlet
Sports Direct,2021-11-03,Southeast,North Carolina,Men'S Street Footwear,45,825,37125,Online
Kohl'S,2021-05-08,West,California,Men'S Athletic Footwear,55,850,46750,Outlet
Sports Direct,2021-01-17,Northeast,Rhode Island,Women'S Athletic Footwear,25,33,825,Outlet
Amazon,2021-02-11,Southeast,North Carolina,Men'S Street Footwear,35,825,28875,Online
Foot Locker,2021-12-04,West,Idaho,Men'S Athletic Footwear,55,775,42625,Online
Sports Direct,2021-09-21,South,Texas,Women'S Apparel,60,850,51000,Outlet
Foot Locker,2021-09-06,Northeast,Rhode Island,Women'S Athletic Footwear,30,32,960,Outlet
Foot Locker,2021-02-07,Southeast,Georgia,Women'S Street Footwear,30,775,23250,Online
Amazon,2021-12-09,Midwest,Ohio,Men'S Street Footwear,75,825,61875,Online
Sports Direct,2021-10-15,Northeast,Massachusetts,Women'S Athletic Footwear,38,32,1216,Outlet
Foot Locker,2020-08-07,West,Washington,Men'S Athletic Footwear,45,850,38250,In-Store
Foot Locker,2021-04-06,Southeast,South Carolina,Women'S Apparel,40,775,31000,Online
Walmart,2021-08-17,South,Mississippi,Men'S Street Footwear,60,825,49500,Online
Foot Locker,2021-06-07,Southeast,South Carolina,Women'S Street Footwear,50,775,38750,Online
Foot Locker,2020-08-08,West,Washington,Women'S Street Footwear,35,850,29750,In-Store
Kohl'S,2021-03-10,West,Wyoming,Men'S Street Footwear,40,820,32800,In-Store
Foot Locker,2020-08-11,Southeast,Florida,Women'S Apparel,45,850,38250,In-Store
Kohl'S,2021-05-10,West,Wyoming,Men'S Street Footwear,50,820,41000,In-Store
Foot Locker,2020-08-17,Southeast,Florida,Women'S Apparel,45,850,38250,In-Store
Foot Locker,2021-07-05,Southeast,South Carolina,Women'S Athletic Footwear,55,775,42625,Online
Foot Locker,2020-01-28,Northeast,New York,Women'S Athletic Footwear,45,800,36000,Outlet
Foot Locker,2020-09-24,Southeast,Florida,Men'S Athletic Footwear,50,850,42500,In-Store
Foot Locker,2021-08-06,Southeast,South Carolina,Women'S Athletic Footwear,45,775,34875,Online
Foot Locker,2021-10-07,Southeast,South Carolina,Women'S Apparel,60,775,46500,Online
Walmart,2020-08-11,South,Texas,Women'S Apparel,40,800,32000,Outlet
Sports Direct,2020-10-10,Southeast,Florida,Women'S Apparel,70,850,59500,In-Store
Sports Direct,2021-12-05,Southeast,South Carolina,Women'S Athletic Footwear,60,775,46500,Online
Sports Direct,2021-12-05,Southeast,South Carolina,Men'S Apparel,70,775,54250,Online
Walmart,2021-08-17,Southeast,Florida,Men'S Street Footwear,95,850,80750,In-Store
Walmart,2020-08-20,South,Texas,Women'S Street Footwear,40,800,32000,Outlet
Sports Direct,2021-12-02,Southeast,North Carolina,Men'S Athletic Footwear,60,775,46500,Online
Walmart,2020-09-11,South,Texas,Men'S Street Footwear,45,800,36000,Outlet
Amazon,2021-12-02,Southeast,North Carolina,Women'S Apparel,75,775,58125,Online
Amazon,2021-01-13,Southeast,North Carolina,Men'S Street Footwear,35,775,27125,Online
Walmart,2020-09-12,South,Texas,Men'S Athletic Footwear,45,800,36000,Outlet
Amazon,2021-09-09,Midwest,Ohio,Men'S Street Footwear,55,775,42625,Online
Sports Direct,2021-08-03,Southeast,North Carolina,Women'S Street Footwear,55,725,39875,Online
West Gear,2021-01-20,West,California,Women'S Street Footwear,65,800,52000,Outlet
Foot Locker,2021-02-18,Southeast,Kentucky,Men'S Street Footwear,30,775,23250,Online
West Gear,2021-01-12,Southeast,Florida,Men'S Street Footwear,45,850,38250,In-Store
Sports Direct,2021-12-16,South,Mississippi,Men'S Street Footwear,70,775,54250,Online
Sports Direct,2021-09-02,Southeast,North Carolina,Men'S Athletic Footwear,50,725,36250,Online
West Gear,2021-02-16,West,California,Women'S Apparel,70,800,56000,Outlet
West Gear,2021-09-08,Northeast,New York,Men'S Street Footwear,55,850,46750,In-Store
Walmart,2021-07-19,South,Arkansas,Men'S Street Footwear,55,775,42625,Online
Sports Direct,2021-11-03,Southeast,North Carolina,Women'S Apparel,75,725,54375,Online
Kohl'S,2021-03-19,West,California,Men'S Street Footwear,35,800,28000,Outlet
Sports Direct,2021-03-15,Midwest,Michigan,Men'S Street Footwear,35,770,26950,In-Store
Kohl'S,2021-02-12,Northeast,New York,Men'S Street Footwear,40,850,34000,In-Store
Amazon,2021-12-02,Southeast,North Carolina,Women'S Street Footwear,60,725,43500,Online
Amazon,2021-03-09,Midwest,Ohio,Men'S Street Footwear,30,770,23100,Online
Kohl'S,2021-04-07,West,California,Men'S Street Footwear,45,800,36000,Outlet
Walmart,2020-08-21,South,Texas,Women'S Athletic Footwear,40,750,30000,Outlet
Kohl'S,2021-06-12,West,Wyoming,Men'S Street Footwear,50,850,42500,In-Store
Amazon,2021-04-10,Midwest,Ohio,Men'S Street Footwear,30,725,21750,Online
Walmart,2020-09-13,South,Texas,Women'S Street Footwear,50,750,37500,Outlet
Kohl'S,2021-04-13,West,California,Men'S Street Footwear,45,800,36000,Outlet
Kohl'S,2021-08-11,West,Wyoming,Men'S Street Footwear,50,850,42500,In-Store
Amazon,2021-07-09,Midwest,Ohio,Women'S Apparel,70,725,50750,Online
Walmart,2020-09-16,South,Texas,Women'S Apparel,55,750,41250,Outlet
Kohl'S,2021-04-24,West,California,Women'S Apparel,65,800,52000,Outlet
Foot Locker,2021-07-23,Southeast,Virginia,Men'S Street Footwear,85,850,72250,In-Store
West Gear,2021-01-01,West,California,Men'S Athletic Footwear,65,750,48750,Outlet
Amazon,2021-10-11,Midwest,Ohio,Men'S Street Footwear,40,725,29000,Online
West Gear,2021-01-02,West,California,Women'S Street Footwear,65,750,48750,Outlet
Kohl'S,2021-04-26,West,California,Men'S Athletic Footwear,50,800,40000,Outlet
Sports Direct,2021-12-15,Midwest,Michigan,Men'S Street Footwear,60,850,51000,In-Store
Foot Locker,2021-01-20,Southeast,Kentucky,Men'S Street Footwear,30,725,21750,Online
West Gear,2021-01-21,West,California,Women'S Athletic Footwear,65,750,48750,Outlet
Kohl'S,2021-05-13,West,California,Men'S Street Footwear,50,800,40000,Outlet
West Gear,2021-07-23,West,Oregon,Men'S Street Footwear,85,850,72250,In-Store
Walmart,2021-09-16,South,Mississippi,Men'S Street Footwear,50,725,36250,Online
West Gear,2021-01-22,West,California,Men'S Apparel,75,750,56250,Outlet
Kohl'S,2021-03-13,West,California,Men'S Street Footwear,35,750,26250,Outlet
Kohl'S,2021-05-14,West,California,Men'S Athletic Footwear,55,800,44000,Outlet
West Gear,2021-08-17,South,Louisiana,Men'S Street Footwear,95,850,80750,Online
Foot Locker,2021-03-16,South,Mississippi,Men'S Street Footwear,25,720,18000,Online
Kohl'S,2021-04-20,West,California,Men'S Athletic Footwear,50,750,37500,Outlet
Sports Direct,2021-09-09,South,Texas,Women'S Apparel,45,800,36000,Outlet
Kohl'S,2021-04-21,West,California,Women'S Street Footwear,50,750,37500,Outlet
Foot Locker,2021-07-16,South,Mississippi,Men'S Street Footwear,60,850,51000,Online
Sports Direct,2020-07-21,Northeast,New York,Women'S Street Footwear,35,700,24500,Outlet
Kohl'S,2021-04-27,West,California,Women'S Street Footwear,50,750,37500,Outlet
Sports Direct,2021-09-10,South,Texas,Men'S Street Footwear,45,800,36000,Outlet
Sports Direct,2020-07-22,Northeast,New York,Women'S Athletic Footwear,35,700,24500,Outlet
Sports Direct,2021-09-04,South,Texas,Men'S Street Footwear,20,750,15000,Outlet
Sports Direct,2021-09-11,South,Texas,Men'S Athletic Footwear,50,800,40000,Outlet
West Gear,2020-02-07,West,Nevada,Men'S Street Footwear,60,750,45000,Outlet
Sports Direct,2020-07-24,South,Texas,Women'S Apparel,35,700,24500,Outlet
West Gear,2020-06-25,West,Washington,Men'S Street Footwear,75,750,56250,In-Store
Sports Direct,2021-09-22,South,Texas,Men'S Street Footwear,50,800,40000,Outlet
Sports Direct,2020-07-30,South,Texas,Women'S Apparel,35,700,24500,Outlet
West Gear,2020-07-08,West,Washington,Men'S Athletic Footwear,80,750,60000,In-Store
Sports Direct,2020-08-02,South,Texas,Women'S Street Footwear,35,700,24500,Outlet
Sports Direct,2021-09-23,South,Texas,Men'S Athletic Footwear,55,800,44000,Outlet
West Gear,2020-07-31,West,Washington,Men'S Street Footwear,80,750,60000,In-Store
Walmart,2020-08-15,South,Texas,Women'S Athletic Footwear,40,700,28000,Outlet
West Gear,2020-08-01,West,Washington,Men'S Athletic Footwear,85,750,63750,In-Store
Foot Locker,2020-08-14,Southeast,Florida,Women'S Street Footwear,35,800,28000,In-Store
Walmart,2020-08-27,South,Texas,Women'S Athletic Footwear,40,700,28000,Outlet
Walmart,2020-08-28,South,Texas,Men'S Apparel,45,700,31500,Outlet
West Gear,2020-04-24,Southeast,Florida,Women'S Apparel,45,800,36000,In-Store
Walmart,2020-10-29,South,Texas,Women'S Athletic Footwear,50,700,35000,Outlet
Foot Locker,2020-08-10,Southeast,Florida,Men'S Apparel,55,750,41250,In-Store
West Gear,2020-09-07,Southeast,Florida,Women'S Street Footwear,50,800,40000,In-Store
West Gear,2020-11-12,West,California,Women'S Apparel,50,700,35000,Outlet
Foot Locker,2020-08-13,Southeast,Florida,Men'S Athletic Footwear,45,750,33750,In-Store
West Gear,2020-09-15,Southeast,Florida,Men'S Apparel,65,800,52000,In-Store
West Gear,2020-11-14,West,California,Men'S Athletic Footwear,60,700,42000,Outlet
Foot Locker,2020-08-16,Southeast,Florida,Men'S Apparel,55,750,41250,In-Store
Sports Direct,2020-10-06,Southeast,Florida,Men'S Athletic Footwear,50,800,40000,In-Store
Foot Locker,2020-08-19,Southeast,Florida,Men'S Athletic Footwear,45,750,33750,In-Store
West Gear,2020-11-15,West,California,Women'S Street Footwear,60,700,42000,Outlet
Sports Direct,2021-05-15,South,Tennessee,Men'S Street Footwear,55,800,44000,Outlet
West Gear,2020-04-24,Southeast,Florida,Women'S Street Footwear,50,750,37500,In-Store
Foot Locker,2020-01-22,Northeast,New York,Women'S Athletic Footwear,45,825,37125,Outlet
West Gear,2020-12-24,West,California,Women'S Apparel,60,700,42000,Outlet
Foot Locker,2020-09-21,Southeast,Florida,Men'S Apparel,55,750,41250,In-Store
Sports Direct,2021-05-16,South,Tennessee,Men'S Athletic Footwear,55,800,44000,Outlet
Foot Locker,2020-02-03,Northeast,New York,Women'S Athletic Footwear,45,825,37125,Outlet
Sports Direct,2020-09-25,Southeast,Florida,Women'S Street Footwear,45,750,33750,In-Store
Sports Direct,2021-09-11,South,Alabama,Women'S Apparel,60,800,48000,Outlet
Sports Direct,2020-10-09,Southeast,Florida,Men'S Apparel,65,750,48750,In-Store
Foot Locker,2020-02-04,Northeast,New York,Men'S Apparel,60,825,49500,Outlet
Foot Locker,2021-07-09,West,Hawaii,Men'S Street Footwear,80,800,64000,Outlet
Kohl'S,2021-02-02,Midwest,Montana,Men'S Street Footwear,40,750,30000,Outlet
Walmart,2020-10-22,South,Texas,Women'S Street Footwear,50,825,41250,Outlet
Walmart,2021-12-16,Southeast,Florida,Men'S Street Footwear,75,800,60000,In-Store
Sports Direct,2021-04-04,South,Tennessee,Men'S Athletic Footwear,25,750,18750,Outlet
West Gear,2020-11-07,West,California,Men'S Street Footwear,40,825,33000,Outlet
Walmart,2021-12-16,Southeast,Florida,Men'S Athletic Footwear,85,800,68000,In-Store
West Gear,2021-01-07,West,California,Men'S Athletic Footwear,65,825,53625,Outlet
West Gear,2021-10-10,Northeast,New York,Men'S Street Footwear,60,800,48000,In-Store
West Gear,2021-01-08,West,California,Women'S Street Footwear,65,825,53625,Outlet
Kohl'S,2021-01-14,Northeast,New York,Men'S Street Footwear,40,800,32000,In-Store
West Gear,2021-01-14,West,California,Women'S Street Footwear,65,825,53625,Outlet
Kohl'S,2021-05-19,West,California,Men'S Street Footwear,50,825,41250,Outlet
Kohl'S,2021-04-11,West,Wyoming,Men'S Street Footwear,40,800,32000,In-Store
Kohl'S,2021-05-20,West,California,Men'S Athletic Footwear,55,825,45375,Outlet
Kohl'S,2021-09-10,West,Wyoming,Men'S Street Footwear,50,800,40000,In-Store
Sports Direct,2021-09-16,South,Texas,Men'S Street Footwear,45,825,37125,Outlet
West Gear,2021-01-09,West,California,Women'S Athletic Footwear,60,700,42000,Outlet
Kohl'S,2021-12-10,West,Wyoming,Men'S Street Footwear,55,800,44000,In-Store
Foot Locker,2021-08-24,Southeast,Virginia,Men'S Street Footwear,90,800,72000,In-Store
Sports Direct,2021-09-17,South,Texas,Men'S Athletic Footwear,50,825,41250,Outlet
West Gear,2021-02-01,West,California,Women'S Street Footwear,55,700,38500,Outlet
Sports Direct,2021-02-17,Southeast,Virginia,Men'S Street Footwear,35,800,28000,In-Store
Sports Direct,2021-09-15,Midwest,Michigan,Men'S Street Footwear,45,800,36000,In-Store
West Gear,2021-02-04,West,California,Women'S Apparel,70,700,49000,Outlet
West Gear,2021-07-10,West,Utah,Men'S Street Footwear,35,800,28000,In-Store
West Gear,2021-02-08,West,California,Women'S Athletic Footwear,55,700,38500,Outlet
Sports Direct,2021-05-20,South,Tennessee,Women'S Apparel,65,750,48750,Outlet
West Gear,2021-08-24,West,Oregon,Men'S Street Footwear,90,800,72000,In-Store
West Gear,2021-02-15,West,California,Men'S Apparel,65,700,45500,Outlet
Sports Direct,2021-08-30,South,Alabama,Women'S Apparel,45,750,33750,Outlet
West Gear,2021-12-16,South,Louisiana,Men'S Street Footwear,70,800,56000,Online
Sports Direct,2021-08-31,South,Alabama,Men'S Street Footwear,45,750,33750,Outlet
Kohl'S,2021-02-17,West,California,Men'S Street Footwear,35,700,24500,Outlet
West Gear,2021-12-16,South,Louisiana,Men'S Athletic Footwear,80,800,64000,Online
Sports Direct,2021-09-01,South,Alabama,Men'S Athletic Footwear,50,750,37500,Outlet
Foot Locker,2021-07-06,West,Idaho,Women'S Apparel,65,800,52000,Online
Kohl'S,2021-02-18,West,California,Men'S Athletic Footwear,45,700,31500,Outlet
Sports Direct,2021-09-12,South,Alabama,Men'S Street Footwear,40,750,30000,Outlet
Foot Locker,2021-02-07,Southeast,South Carolina,Women'S Apparel,35,800,28000,Online
Kohl'S,2021-03-09,West,California,Women'S Street Footwear,45,700,31500,Outlet
Sports Direct,2021-09-13,South,Alabama,Men'S Athletic Footwear,55,750,41250,Outlet
Foot Locker,2021-05-05,Southeast,South Carolina,Women'S Apparel,60,800,48000,Online
Kohl'S,2021-03-12,West,California,Women'S Apparel,45,700,31500,Outlet
Foot Locker,2021-08-10,West,Hawaii,Men'S Street Footwear,85,750,63750,Outlet
Foot Locker,2021-06-07,Southeast,South Carolina,Men'S Athletic Footwear,50,800,40000,Online
Foot Locker,2021-07-05,Southeast,South Carolina,Men'S Apparel,65,800,52000,Online
Walmart,2021-07-16,Southeast,Florida,Men'S Athletic Footwear,95,750,71250,In-Store
Kohl'S,2021-04-29,West,California,Men'S Apparel,50,700,35000,Outlet
Foot Locker,2021-09-05,Southeast,South Carolina,Women'S Apparel,55,800,44000,Online
Kohl'S,2021-11-11,West,Wyoming,Men'S Street Footwear,55,750,41250,In-Store
Kohl'S,2021-04-30,West,California,Women'S Apparel,65,700,45500,Outlet
Foot Locker,2021-10-07,Southeast,South Carolina,Men'S Athletic Footwear,45,800,36000,Online
Foot Locker,2021-12-23,Southeast,Virginia,Men'S Street Footwear,65,750,48750,In-Store
Sports Direct,2021-07-02,Southeast,North Carolina,Men'S Athletic Footwear,60,800,48000,Online
Kohl'S,2021-05-09,West,California,Women'S Street Footwear,50,700,35000,Outlet
Foot Locker,2021-12-23,Southeast,Virginia,Men'S Athletic Footwear,75,750,56250,In-Store
Sports Direct,2021-08-03,Southeast,North Carolina,Men'S Athletic Footwear,60,800,48000,Online
Kohl'S,2021-05-12,West,California,Women'S Apparel,65,700,45500,Outlet
Sports Direct,2021-01-19,Southeast,Virginia,Men'S Street Footwear,35,750,26250,In-Store
Amazon,2021-06-11,Midwest,Ohio,Men'S Street Footwear,50,800,40000,Online
Kohl'S,2021-05-24,West,California,Women'S Apparel,65,700,45500,Outlet
Sports Direct,2021-10-17,Midwest,Michigan,Men'S Street Footwear,50,750,37500,In-Store
Foot Locker,2021-07-17,Midwest,Missouri,Men'S Street Footwear,40,750,30000,In-Store
Kohl'S,2021-05-27,West,California,Women'S Street Footwear,50,700,35000,Outlet
West Gear,2021-08-11,West,Utah,Men'S Street Footwear,35,750,26250,In-Store
Kohl'S,2021-05-28,West,California,Women'S Athletic Footwear,50,700,35000,Outlet
West Gear,2021-12-23,West,Oregon,Men'S Street Footwear,65,750,48750,In-Store
Sports Direct,2021-08-29,South,Texas,Men'S Street Footwear,20,700,14000,Outlet
West Gear,2021-12-23,West,Oregon,Men'S Athletic Footwear,75,750,56250,In-Store
Sports Direct,2021-05-15,Midwest,Michigan,Men'S Street Footwear,50,795,39750,In-Store
West Gear,2021-07-16,South,Louisiana,Men'S Athletic Footwear,95,750,71250,Online
Sports Direct,2021-08-30,South,Texas,Men'S Athletic Footwear,30,700,21000,Outlet
Amazon,2021-05-09,Midwest,Ohio,Men'S Street Footwear,45,795,35775,Online
West Gear,2021-05-05,West,Idaho,Women'S Apparel,45,750,33750,Online
Walmart,2020-08-14,South,Texas,Women'S Street Footwear,35,775,27125,Outlet
West Gear,2020-02-01,West,Nevada,Men'S Street Footwear,60,700,42000,Outlet
West Gear,2021-06-04,West,Idaho,Men'S Street Footwear,45,750,33750,Online
West Gear,2020-11-01,South,Texas,Men'S Street Footwear,40,775,31000,Outlet
West Gear,2020-02-13,West,Nevada,Men'S Street Footwear,65,700,45500,In-Store
West Gear,2021-06-04,West,Idaho,Men'S Athletic Footwear,50,750,37500,Online
West Gear,2020-11-02,South,Texas,Men'S Athletic Footwear,50,775,38750,Outlet
Foot Locker,2021-08-08,West,Idaho,Men'S Street Footwear,50,750,37500,Online
West Gear,2020-11-03,South,Texas,Women'S Street Footwear,50,775,38750,Outlet
West Gear,2020-05-20,West,Colorado,Men'S Street Footwear,65,700,45500,In-Store
West Gear,2020-11-06,West,California,Women'S Apparel,50,775,38750,Outlet
Foot Locker,2021-08-08,West,Idaho,Men'S Athletic Footwear,55,750,41250,Online
West Gear,2020-05-21,West,Colorado,Men'S Athletic Footwear,70,700,49000,In-Store
West Gear,2021-01-16,West,California,Men'S Apparel,65,775,50375,Outlet
Kohl'S,2021-07-25,West,New Mexico,Men'S Street Footwear,55,750,41250,Online
Foot Locker,2020-08-09,West,Washington,Women'S Athletic Footwear,40,700,28000,In-Store
West Gear,2021-01-17,West,California,Women'S Apparel,80,775,62000,Outlet
Foot Locker,2021-05-05,Southeast,South Carolina,Men'S Athletic Footwear,50,750,37500,Online
West Gear,2021-01-26,West,California,Women'S Street Footwear,55,775,42625,Outlet
Foot Locker,2021-06-07,Southeast,South Carolina,Women'S Athletic Footwear,50,750,37500,Online
West Gear,2020-04-24,Southeast,Florida,Women'S Athletic Footwear,50,700,35000,In-Store
West Gear,2021-01-29,West,California,Women'S Apparel,70,775,54250,Outlet
Sports Direct,2021-10-16,South,Texas,Men'S Street Footwear,60,825,49500,Outlet
Sports Direct,2020-10-02,Southeast,Florida,Women'S Athletic Footwear,50,700,35000,In-Store
Foot Locker,2021-06-07,Southeast,South Carolina,Men'S Apparel,65,750,48750,Online
West Gear,2021-02-10,West,California,Women'S Apparel,70,775,54250,Outlet
Sports Direct,2021-10-17,South,Texas,Men'S Athletic Footwear,60,825,49500,Outlet
Sports Direct,2020-10-03,Southeast,Florida,Men'S Apparel,60,700,42000,In-Store
Foot Locker,2021-08-06,Southeast,South Carolina,Men'S Apparel,55,750,41250,Online
Foot Locker,2021-11-06,Southeast,South Carolina,Men'S Athletic Footwear,45,750,33750,Online
Sports Direct,2021-03-10,Midwest,Montana,Men'S Street Footwear,20,700,14000,Outlet
West Gear,2020-07-01,West,Washington,Men'S Street Footwear,80,825,66000,In-Store
Foot Locker,2021-11-06,Southeast,South Carolina,Women'S Athletic Footwear,55,750,41250,Online
Foot Locker,2021-06-18,South,Mississippi,Men'S Street Footwear,45,750,33750,Online
Sports Direct,2021-03-11,Midwest,Montana,Men'S Athletic Footwear,30,700,21000,Outlet
West Gear,2020-04-24,Southeast,Florida,Women'S Apparel,65,825,53625,In-Store
Walmart,2021-08-20,South,Arkansas,Men'S Street Footwear,60,750,45000,Online
Sports Direct,2021-05-17,South,Tennessee,Women'S Street Footwear,60,700,42000,Outlet
Sports Direct,2020-10-07,Southeast,Florida,Women'S Street Footwear,50,745,37250,In-Store
Foot Locker,2021-05-16,South,Mississippi,Men'S Street Footwear,40,745,29800,Online
Sports Direct,2021-10-08,South,Alabama,Women'S Street Footwear,65,700,45500,Outlet
Sports Direct,2020-08-08,South,Texas,Women'S Street Footwear,35,725,25375,Outlet
Walmart,2021-12-09,West,Hawaii,Men'S Street Footwear,75,700,52500,Outlet
West Gear,2020-11-08,West,California,Men'S Athletic Footwear,50,725,36250,Outlet
West Gear,2020-11-09,West,California,Women'S Street Footwear,50,725,36250,Outlet
Walmart,2021-12-09,West,Hawaii,Men'S Athletic Footwear,85,700,59500,Outlet
West Gear,2020-12-27,West,California,Women'S Street Footwear,65,725,47125,Outlet
Walmart,2021-06-17,Southeast,Florida,Men'S Athletic Footwear,70,700,49000,In-Store
West Gear,2021-01-05,West,California,Women'S Apparel,80,725,58000,Outlet
West Gear,2021-01-15,West,California,Women'S Athletic Footwear,60,725,43500,Outlet
Walmart,2021-06-17,Southeast,Florida,Women'S Street Footwear,85,700,59500,In-Store
Sports Direct,2021-11-16,Midwest,Michigan,Men'S Street Footwear,50,675,33750,In-Store
West Gear,2021-01-23,West,California,Women'S Apparel,80,725,58000,Outlet
West Gear,2021-01-27,West,California,Women'S Athletic Footwear,55,725,39875,Outlet
West Gear,2021-02-13,West,California,Women'S Street Footwear,55,775,42625,Outlet
Walmart,2021-07-16,Southeast,Florida,Women'S Street Footwear,95,700,66500,In-Store
Foot Locker,2021-02-18,Midwest,Michigan,Men'S Street Footwear,30,675,20250,In-Store
West Gear,2021-02-14,West,California,Women'S Athletic Footwear,55,775,42625,Outlet
Sports Direct,2021-09-05,South,Texas,Men'S Athletic Footwear,30,775,23250,Outlet
Walmart,2021-08-17,Southeast,Florida,Women'S Street Footwear,80,700,56000,In-Store
Sports Direct,2021-09-27,South,Texas,Women'S Apparel,60,775,46500,Outlet
Walmart,2021-11-17,Southeast,Florida,Men'S Athletic Footwear,60,700,42000,In-Store
Sports Direct,2021-10-21,South,Texas,Women'S Apparel,70,775,54250,Outlet
West Gear,2021-01-28,West,California,Men'S Apparel,65,725,47125,Outlet
West Gear,2020-04-20,West,Colorado,Men'S Street Footwear,65,775,50375,In-Store
West Gear,2021-02-07,West,California,Women'S Street Footwear,55,725,39875,Outlet
West Gear,2020-07-07,West,Washington,Men'S Street Footwear,85,775,65875,In-Store
Kohl'S,2021-05-03,West,California,Women'S Street Footwear,50,725,36250,Outlet
Foot Locker,2020-08-20,Southeast,Florida,Women'S Street Footwear,35,775,27125,In-Store
Foot Locker,2020-08-23,Southeast,Florida,Women'S Apparel,45,775,34875,In-Store
Kohl'S,2021-05-30,West,California,Women'S Apparel,65,725,47125,Outlet
West Gear,2020-04-24,Southeast,Florida,Men'S Athletic Footwear,55,775,42625,In-Store
Sports Direct,2021-08-11,Midwest,Illinois,Men'S Street Footwear,20,725,14500,Outlet
West Gear,2020-09-08,Southeast,Florida,Women'S Athletic Footwear,50,775,38750,In-Store
Sports Direct,2021-08-12,Midwest,Illinois,Men'S Athletic Footwear,30,725,21750,Outlet
Sports Direct,2021-09-28,South,Texas,Men'S Street Footwear,55,725,39875,Outlet
West Gear,2020-09-09,Southeast,Florida,Men'S Apparel,65,775,50375,In-Store
Sports Direct,2021-09-30,South,Texas,Women'S Street Footwear,60,725,43500,Outlet
West Gear,2020-09-14,Southeast,Florida,Women'S Athletic Footwear,55,775,42625,In-Store
Sports Direct,2021-10-10,South,Texas,Men'S Street Footwear,40,725,29000,Outlet
Sports Direct,2021-10-11,South,Texas,Men'S Athletic Footwear,40,725,29000,Outlet
Sports Direct,2021-10-18,South,Texas,Women'S Street Footwear,65,725,47125,Outlet
West Gear,2020-04-14,West,Colorado,Men'S Street Footwear,60,725,43500,In-Store
West Gear,2021-01-11,Midwest,Missouri,Men'S Street Footwear,25,675,16875,In-Store
West Gear,2020-04-26,West,Colorado,Men'S Street Footwear,70,725,50750,In-Store
Foot Locker,2020-04-24,Southeast,Florida,Men'S Athletic Footwear,45,725,32625,In-Store
Foot Locker,2021-01-05,South,Louisiana,Men'S Street Footwear,20,675,13500,Online
West Gear,2020-04-24,Southeast,Florida,Women'S Street Footwear,35,725,25375,In-Store
West Gear,2021-07-08,Northeast,New York,Men'S Athletic Footwear,60,700,42000,In-Store
West Gear,2020-04-24,Southeast,Florida,Men'S Apparel,60,725,43500,In-Store
Foot Locker,2021-01-05,South,Louisiana,Men'S Athletic Footwear,30,675,20250,Online
Sports Direct,2020-09-26,Southeast,Florida,Women'S Athletic Footwear,45,725,32625,In-Store
West Gear,2021-08-09,Northeast,New York,Men'S Athletic Footwear,60,700,42000,In-Store
Sports Direct,2021-09-05,West,Idaho,Men'S Street Footwear,55,675,37125,Online
Sports Direct,2020-09-27,Southeast,Florida,Men'S Apparel,55,725,39875,In-Store
Foot Locker,2020-09-20,Southeast,Florida,Women'S Athletic Footwear,45,775,34875,In-Store
Kohl'S,2021-07-10,West,Wyoming,Women'S Apparel,55,700,38500,In-Store
Sports Direct,2020-10-01,Southeast,Florida,Women'S Street Footwear,50,725,36250,In-Store
Sports Direct,2021-09-05,West,Idaho,Women'S Street Footwear,60,675,40500,Online
Sports Direct,2020-10-08,Southeast,Florida,Women'S Athletic Footwear,50,775,38750,In-Store
Sports Direct,2021-11-05,West,Idaho,Men'S Street Footwear,35,675,23625,Online
Sports Direct,2020-05-24,Southeast,Florida,Women'S Athletic Footwear,55,775,42625,In-Store
Sports Direct,2021-04-03,South,Tennessee,Men'S Street Footwear,15,725,10875,Outlet
Foot Locker,2020-05-24,Southeast,Florida,Men'S Apparel,65,775,50375,In-Store
Sports Direct,2021-11-05,West,Idaho,Men'S Athletic Footwear,35,675,23625,Online
Sports Direct,2021-04-26,South,Tennessee,Women'S Apparel,55,725,39875,Outlet
Sports Direct,2021-04-08,South,Tennessee,Women'S Apparel,40,775,31000,Outlet
Foot Locker,2021-07-23,Southeast,Virginia,Men'S Athletic Footwear,90,700,63000,In-Store
Foot Locker,2021-12-04,West,Idaho,Women'S Street Footwear,60,675,40500,Online
Sports Direct,2021-04-09,South,Tennessee,Men'S Street Footwear,40,775,31000,Outlet
Sports Direct,2021-08-26,South,Alabama,Men'S Athletic Footwear,20,725,14500,Outlet
Sports Direct,2021-04-10,South,Tennessee,Men'S Athletic Footwear,45,775,34875,Outlet
Foot Locker,2021-08-18,Midwest,Missouri,Men'S Street Footwear,40,700,28000,In-Store
Foot Locker,2021-06-10,West,Hawaii,Men'S Street Footwear,70,725,50750,Outlet
Sports Direct,2021-04-21,South,Tennessee,Men'S Street Footwear,45,775,34875,Outlet
Foot Locker,2021-07-22,West,Arizona,Men'S Street Footwear,50,675,33750,Online
Foot Locker,2021-08-10,West,Hawaii,Men'S Athletic Footwear,75,725,54375,Outlet
Sports Direct,2021-04-22,South,Tennessee,Men'S Athletic Footwear,55,775,42625,Outlet
West Gear,2021-12-10,West,Utah,Men'S Street Footwear,40,700,28000,In-Store
West Gear,2021-06-10,Northeast,New York,Women'S Apparel,70,725,50750,In-Store
Sports Direct,2021-06-13,Southeast,Georgia,Men'S Street Footwear,50,675,33750,Online
Sports Direct,2021-10-06,South,Alabama,Men'S Street Footwear,60,775,46500,Outlet
West Gear,2021-08-09,Northeast,New York,Women'S Apparel,60,725,43500,In-Store
West Gear,2021-07-23,West,Oregon,Men'S Athletic Footwear,90,700,63000,In-Store
Sports Direct,2021-10-07,South,Alabama,Men'S Athletic Footwear,60,775,46500,Outlet
Sports Direct,2021-08-13,Southeast,Georgia,Men'S Street Footwear,55,675,37125,Online
Sports Direct,2021-04-16,Midwest,Michigan,Men'S Street Footwear,35,725,25375,In-Store
West Gear,2021-07-08,Northeast,New York,Women'S Apparel,70,775,54250,In-Store
Sports Direct,2021-07-15,Midwest,Michigan,Women'S Apparel,65,725,47125,In-Store
West Gear,2021-06-17,South,Louisiana,Men'S Athletic Footwear,70,700,49000,Online
West Gear,2021-11-09,Northeast,New York,Men'S Street Footwear,60,775,46500,In-Store
Sports Direct,2021-12-12,Southeast,Georgia,Men'S Street Footwear,55,675,37125,Online
West Gear,2021-02-11,Midwest,Missouri,Men'S Street Footwear,25,725,18125,In-Store
Kohl'S,2021-10-12,West,Wyoming,Men'S Street Footwear,55,775,42625,In-Store
West Gear,2021-06-17,South,Louisiana,Women'S Street Footwear,85,700,59500,Online
Sports Direct,2021-12-12,Southeast,Georgia,Men'S Athletic Footwear,60,675,40500,Online
West Gear,2021-05-05,West,Idaho,Men'S Athletic Footwear,30,725,21750,Online
Foot Locker,2021-06-24,Southeast,Virginia,Men'S Street Footwear,55,775,42625,In-Store
Foot Locker,2021-08-24,Southeast,Virginia,Men'S Athletic Footwear,80,775,62000,In-Store
Sports Direct,2021-08-08,West,Idaho,Women'S Apparel,60,725,43500,Online
Foot Locker,2021-01-09,Southeast,Georgia,Women'S Athletic Footwear,35,675,23625,Online
West Gear,2021-06-24,West,Oregon,Men'S Street Footwear,55,775,42625,In-Store
Foot Locker,2021-12-04,West,Idaho,Women'S Apparel,65,725,47125,Online
Foot Locker,2021-04-06,Southeast,South Carolina,Men'S Athletic Footwear,35,675,23625,Online
West Gear,2021-08-24,West,Oregon,Men'S Athletic Footwear,80,775,62000,In-Store
Sports Direct,2021-07-12,Southeast,Georgia,Men'S Street Footwear,50,725,36250,Online
West Gear,2021-07-06,West,Idaho,Men'S Street Footwear,50,775,38750,Online
Foot Locker,2021-04-06,Southeast,South Carolina,Women'S Street Footwear,25,675,16875,Online
Foot Locker,2021-01-09,Southeast,Georgia,Men'S Apparel,50,725,36250,Online
West Gear,2021-07-06,West,Idaho,Men'S Athletic Footwear,55,775,42625,Online
Foot Locker,2021-02-07,Southeast,Georgia,Men'S Athletic Footwear,40,725,29000,Online
Foot Locker,2021-12-04,West,Idaho,Men'S Street Footwear,55,775,42625,Online
Foot Locker,2021-03-05,Southeast,South Carolina,Women'S Street Footwear,25,725,18125,Online
Foot Locker,2021-03-05,Southeast,South Carolina,Women'S Apparel,35,725,25375,Online
Foot Locker,2021-05-05,Southeast,South Carolina,Women'S Street Footwear,45,725,32625,Online
West Gear,2021-07-16,South,Louisiana,Women'S Street Footwear,95,700,66500,Online
Foot Locker,2021-09-05,Southeast,South Carolina,Women'S Street Footwear,40,725,29000,Online
West Gear,2021-08-17,South,Louisiana,Women'S Street Footwear,75,700,52500,Online
Foot Locker,2021-11-06,Southeast,South Carolina,Men'S Apparel,70,725,50750,Online
Sports Direct,2021-01-06,Southeast,South Carolina,Men'S Athletic Footwear,35,725,25375,Online
West Gear,2021-11-17,South,Louisiana,Men'S Athletic Footwear,45,700,31500,Online
Sports Direct,2021-01-06,Southeast,South Carolina,Women'S Street Footwear,25,725,18125,Online
West Gear,2021-05-05,West,Idaho,Men'S Street Footwear,20,700,14000,Online
Sports Direct,2021-01-06,Southeast,South Carolina,Women'S Apparel,35,725,25375,Online
Walmart,2021-03-19,South,Arkansas,Men'S Street Footwear,20,645,12900,Online
Kohl'S,2021-06-26,West,New Mexico,Men'S Street Footwear,55,700,38500,Online
Sports Direct,2021-07-02,Southeast,North Carolina,Women'S Street Footwear,55,725,39875,Online
Sports Direct,2020-07-28,South,Texas,Women'S Athletic Footwear,35,625,21875,Outlet
Foot Locker,2021-05-05,Southeast,South Carolina,Women'S Athletic Footwear,45,675,30375,Online
Sports Direct,2020-08-09,South,Texas,Women'S Athletic Footwear,40,625,25000,Outlet
Foot Locker,2021-10-07,Southeast,South Carolina,Women'S Street Footwear,45,675,30375,Online
Walmart,2020-09-08,South,Texas,Women'S Athletic Footwear,50,625,31250,Outlet
Sports Direct,2021-02-04,Southeast,South Carolina,Women'S Street Footwear,25,675,16875,Online
Walmart,2020-09-09,South,Texas,Men'S Apparel,45,625,28125,Outlet
West Gear,2020-11-04,South,Texas,Women'S Athletic Footwear,50,625,31250,Outlet
Sports Direct,2021-04-03,Southeast,North Carolina,Women'S Apparel,35,675,23625,Online
West Gear,2020-12-28,West,California,Women'S Athletic Footwear,60,625,37500,Outlet
Kohl'S,2021-08-26,West,New Mexico,Men'S Street Footwear,60,700,42000,Online
Kohl'S,2021-04-06,West,California,Women'S Apparel,45,625,28125,Outlet
Sports Direct,2021-06-04,Southeast,North Carolina,Women'S Street Footwear,50,675,33750,Online
Kohl'S,2021-12-25,West,New Mexico,Men'S Street Footwear,60,700,42000,Online
Kohl'S,2021-04-09,West,California,Women'S Street Footwear,50,625,31250,Outlet
Kohl'S,2021-04-18,West,California,Women'S Apparel,65,625,40625,Outlet
Sports Direct,2021-07-02,Southeast,North Carolina,Women'S Athletic Footwear,55,675,37125,Online
Kohl'S,2021-12-25,West,New Mexico,Men'S Athletic Footwear,65,700,45500,Online
Kohl'S,2021-04-22,West,California,Women'S Athletic Footwear,45,625,28125,Outlet
Sports Direct,2021-08-03,Southeast,North Carolina,Women'S Athletic Footwear,45,675,30375,Online
Kohl'S,2021-01-14,Northeast,New York,Women'S Street Footwear,30,600,18000,In-Store
Kohl'S,2021-05-16,West,California,Women'S Athletic Footwear,50,625,31250,Outlet
Foot Locker,2021-02-07,Southeast,South Carolina,Men'S Apparel,50,700,35000,Online
Kohl'S,2021-05-29,West,California,Men'S Apparel,60,625,37500,Outlet
Sports Direct,2021-10-04,Southeast,North Carolina,Women'S Apparel,50,675,33750,Online
Kohl'S,2021-01-14,Northeast,New York,Women'S Apparel,40,600,24000,In-Store
Sports Direct,2021-09-06,South,Texas,Women'S Street Footwear,25,625,15625,Outlet
Foot Locker,2021-03-05,Southeast,South Carolina,Men'S Athletic Footwear,35,700,24500,Online
Kohl'S,2021-02-12,West,Wyoming,Women'S Apparel,40,600,24000,In-Store
Amazon,2021-12-02,Southeast,North Carolina,Women'S Athletic Footwear,60,675,40500,Online
Sports Direct,2021-10-04,South,Texas,Men'S Street Footwear,40,625,25000,Outlet
Kohl'S,2021-05-10,West,Wyoming,Women'S Apparel,55,600,33000,In-Store
Sports Direct,2021-10-05,South,Texas,Men'S Athletic Footwear,40,625,25000,Outlet
Amazon,2021-12-02,Southeast,North Carolina,Men'S Apparel,70,675,47250,Online
West Gear,2020-04-19,West,Colorado,Women'S Apparel,85,625,53125,In-Store
Amazon,2021-06-11,Midwest,Ohio,Women'S Apparel,70,675,47250,Online
West Gear,2020-04-21,West,Colorado,Men'S Athletic Footwear,70,625,43750,In-Store
West Gear,2020-06-26,West,Washington,Men'S Athletic Footwear,80,625,50000,In-Store
Amazon,2021-08-10,Midwest,Ohio,Women'S Apparel,60,675,40500,Online
West Gear,2020-06-27,West,Washington,Women'S Street Footwear,80,625,50000,In-Store
Amazon,2021-11-10,Midwest,Ohio,Men'S Street Footwear,35,675,23625,Online
West Gear,2020-07-03,West,Washington,Women'S Street Footwear,85,625,53125,In-Store
West Gear,2020-07-09,West,Washington,Women'S Street Footwear,75,625,46875,In-Store
Foot Locker,2021-04-17,South,Mississippi,Men'S Street Footwear,25,675,16875,Online
West Gear,2020-07-26,West,Washington,Men'S Athletic Footwear,65,625,40625,In-Store
Walmart,2021-07-16,South,Mississippi,Women'S Apparel,65,675,43875,Online
Foot Locker,2020-08-21,Southeast,Florida,Women'S Athletic Footwear,40,625,25000,In-Store
Kohl'S,2021-02-09,Midwest,Montana,Men'S Athletic Footwear,55,625,34375,Outlet
Walmart,2021-10-18,South,Mississippi,Men'S Street Footwear,35,675,23625,Online
Sports Direct,2021-03-17,South,Tennessee,Men'S Athletic Footwear,35,625,21875,Outlet
Sports Direct,2021-04-28,South,Tennessee,Men'S Athletic Footwear,50,625,31250,Outlet
Sports Direct,2021-05-02,South,Tennessee,Women'S Apparel,45,625,28125,Outlet
Walmart,2021-06-21,South,Arkansas,Men'S Street Footwear,40,675,27000,Online
Sports Direct,2021-08-07,South,Alabama,Men'S Street Footwear,25,625,15625,Outlet
Sports Direct,2021-08-13,South,Alabama,Men'S Street Footwear,30,625,18750,Outlet
Kohl'S,2021-06-12,West,Wyoming,Men'S Athletic Footwear,45,600,27000,In-Store
West Gear,2021-08-20,South,Oklahoma,Men'S Street Footwear,60,675,40500,Online
Sports Direct,2021-08-14,South,Alabama,Men'S Athletic Footwear,40,625,25000,Outlet
Kohl'S,2021-09-10,West,Wyoming,Men'S Athletic Footwear,45,600,27000,In-Store
Kohl'S,2021-07-12,Midwest,Kansas,Men'S Street Footwear,55,675,37125,Online
Sports Direct,2021-09-18,South,Alabama,Men'S Street Footwear,55,625,34375,Outlet
Kohl'S,2021-09-10,West,Wyoming,Women'S Apparel,55,600,33000,In-Store
Sports Direct,2021-09-20,South,Alabama,Women'S Street Footwear,60,625,37500,Outlet
Foot Locker,2021-07-13,Northeast,Delaware,Men'S Street Footwear,55,675,37125,In-Store
Kohl'S,2021-10-12,West,Wyoming,Men'S Athletic Footwear,45,600,27000,In-Store
Sports Direct,2021-09-30,South,Alabama,Men'S Street Footwear,20,625,12500,Outlet
Kohl'S,2021-10-12,West,Wyoming,Women'S Apparel,60,600,36000,In-Store
Amazon,2021-07-10,Northeast,Vermont,Men'S Street Footwear,60,675,40500,In-Store
Kohl'S,2021-12-10,West,Wyoming,Men'S Athletic Footwear,45,600,27000,In-Store
Amazon,2021-06-19,Northeast,New Hampshire,Men'S Street Footwear,65,675,43875,In-Store
Foot Locker,2021-12-10,West,Wyoming,Women'S Apparel,60,600,36000,In-Store
Amazon,2021-08-18,Northeast,New Hampshire,Men'S Street Footwear,65,675,43875,Outlet
Foot Locker,2021-07-23,Southeast,Virginia,Men'S Apparel,90,600,54000,In-Store
West Gear,2021-03-10,West,Utah,Men'S Street Footwear,30,670,20100,In-Store
Foot Locker,2021-05-05,Southeast,South Carolina,Men'S Apparel,55,700,38500,Online
Sports Direct,2021-09-15,Midwest,Michigan,Men'S Athletic Footwear,40,600,24000,In-Store
Foot Locker,2021-12-15,Midwest,Michigan,Women'S Street Footwear,50,600,30000,In-Store
Foot Locker,2021-09-05,Southeast,South Carolina,Women'S Athletic Footwear,40,700,28000,Online
Foot Locker,2021-06-18,Midwest,Missouri,Men'S Street Footwear,35,600,21000,In-Store
Foot Locker,2021-09-19,Midwest,Missouri,Men'S Street Footwear,35,600,21000,In-Store
Foot Locker,2021-09-05,Southeast,South Carolina,Men'S Apparel,50,700,35000,Online
West Gear,2021-07-10,West,Utah,Women'S Apparel,40,600,24000,In-Store
West Gear,2021-05-12,West,Utah,Men'S Street Footwear,35,670,23450,In-Store
Sports Direct,2021-02-04,Southeast,North Carolina,Women'S Apparel,30,700,21000,Online
West Gear,2021-07-23,West,Oregon,Men'S Apparel,90,600,54000,In-Store
West Gear,2021-07-16,South,Louisiana,Women'S Athletic Footwear,90,600,54000,Online
Sports Direct,2021-05-02,Southeast,North Carolina,Women'S Apparel,55,700,38500,Online
West Gear,2021-11-17,South,Louisiana,Women'S Apparel,85,600,51000,Online
Sports Direct,2021-06-04,Southeast,North Carolina,Men'S Athletic Footwear,45,700,31500,Online
Foot Locker,2021-12-16,South,Louisiana,Women'S Street Footwear,75,600,45000,Online
Foot Locker,2021-12-16,South,Louisiana,Women'S Athletic Footwear,75,600,45000,Online
Sports Direct,2021-07-02,Southeast,North Carolina,Men'S Apparel,65,700,45500,Online
Foot Locker,2021-02-04,South,Louisiana,Men'S Athletic Footwear,35,600,21000,Online
Sports Direct,2021-09-02,Southeast,North Carolina,Women'S Apparel,45,700,31500,Online
West Gear,2021-06-04,West,Idaho,Women'S Street Footwear,50,600,30000,Online
Sports Direct,2021-10-04,Southeast,North Carolina,Men'S Athletic Footwear,35,700,24500,Online
Sports Direct,2021-02-21,South,Mississippi,Men'S Street Footwear,25,700,17500,Online
West Gear,2021-12-19,South,Arkansas,Men'S Street Footwear,70,700,49000,Online
West Gear,2021-07-19,South,Oklahoma,Men'S Street Footwear,55,700,38500,Online
Amazon,2021-07-17,Northeast,New Hampshire,Men'S Street Footwear,65,700,45500,In-Store
Sports Direct,2021-10-01,South,Alabama,Men'S Athletic Footwear,20,625,12500,Outlet
Foot Locker,2021-11-06,Southeast,South Carolina,Women'S Street Footwear,45,695,31275,Online
Sports Direct,2021-10-05,South,Alabama,Women'S Apparel,60,625,37500,Outlet
Walmart,2021-11-17,Southeast,Florida,Men'S Street Footwear,55,625,34375,In-Store
Walmart,2020-10-23,South,Texas,Women'S Athletic Footwear,50,675,33750,Outlet
West Gear,2021-12-16,Southeast,Florida,Women'S Apparel,95,625,59375,In-Store
West Gear,2021-05-08,Northeast,New York,Women'S Apparel,65,625,40625,In-Store
Walmart,2021-05-19,South,Arkansas,Men'S Street Footwear,40,670,26800,Online
Sports Direct,2021-11-05,West,Idaho,Women'S Street Footwear,60,600,36000,Online
West Gear,2021-06-10,Northeast,New York,Men'S Athletic Footwear,55,625,34375,In-Store
Kohl'S,2021-06-26,West,New Mexico,Women'S Apparel,75,600,45000,Online
West Gear,2021-07-08,Northeast,New York,Women'S Street Footwear,55,625,34375,In-Store
Sports Direct,2020-08-05,South,Texas,Women'S Apparel,40,650,26000,Outlet
Kohl'S,2021-07-25,West,New Mexico,Men'S Athletic Footwear,60,600,36000,Online
Walmart,2020-08-22,South,Texas,Men'S Apparel,45,650,29250,Outlet
Kohl'S,2021-11-26,West,New Mexico,Men'S Athletic Footwear,65,600,39000,Online
Sports Direct,2021-09-14,Southeast,Georgia,Men'S Street Footwear,45,600,27000,Online
West Gear,2020-12-26,West,California,Men'S Athletic Footwear,65,675,43875,Outlet
Walmart,2020-09-02,South,Texas,Women'S Athletic Footwear,40,650,26000,Outlet
Sports Direct,2021-09-14,Southeast,Georgia,Men'S Athletic Footwear,50,600,30000,Online
Foot Locker,2021-04-06,Southeast,South Carolina,Women'S Athletic Footwear,30,600,18000,Online
West Gear,2021-02-02,West,California,Women'S Athletic Footwear,55,675,37125,Outlet
Sports Direct,2021-02-04,Southeast,North Carolina,Men'S Apparel,45,600,27000,Online
Kohl'S,2021-03-15,West,California,Women'S Street Footwear,45,675,30375,Outlet
Sports Direct,2021-03-02,Southeast,North Carolina,Men'S Athletic Footwear,30,600,18000,Online
Sports Direct,2021-05-02,Southeast,North Carolina,Men'S Apparel,50,600,30000,Online
Kohl'S,2021-05-04,West,California,Women'S Athletic Footwear,50,675,33750,Outlet
Sports Direct,2021-09-02,Southeast,North Carolina,Women'S Athletic Footwear,30,600,18000,Online
Kohl'S,2021-05-05,West,California,Men'S Apparel,60,675,40500,Outlet
Sports Direct,2021-09-02,Southeast,North Carolina,Men'S Apparel,40,600,24000,Online
Kohl'S,2021-05-21,West,California,Women'S Street Footwear,50,675,33750,Outlet
Amazon,2021-07-21,Southeast,Kentucky,Men'S Street Footwear,50,600,30000,Online
Walmart,2021-07-16,South,Mississippi,Men'S Athletic Footwear,55,600,33000,Online
Sports Direct,2021-08-17,South,Texas,Men'S Street Footwear,25,675,16875,Outlet
West Gear,2021-08-09,Northeast,New York,Women'S Street Footwear,55,625,34375,In-Store
Walmart,2021-08-17,South,Mississippi,Men'S Athletic Footwear,55,600,33000,Online
Sports Direct,2021-08-23,South,Texas,Men'S Street Footwear,30,675,20250,Outlet
West Gear,2021-09-08,Northeast,New York,Women'S Apparel,60,625,37500,In-Store
Walmart,2021-04-20,South,Arkansas,Men'S Street Footwear,25,600,15000,Online
Sports Direct,2021-08-24,South,Texas,Men'S Athletic Footwear,40,675,27000,Outlet
West Gear,2021-10-10,Northeast,New York,Men'S Athletic Footwear,50,625,31250,In-Store
Walmart,2021-07-19,South,Arkansas,Women'S Apparel,65,600,39000,Online
Walmart,2020-09-03,South,Texas,Men'S Apparel,45,650,29250,Outlet
West Gear,2021-10-10,Northeast,New York,Women'S Apparel,65,625,40625,In-Store
Walmart,2021-10-21,South,Arkansas,Men'S Street Footwear,30,600,18000,Online
Sports Direct,2021-09-29,South,Texas,Men'S Athletic Footwear,55,675,37125,Outlet
Kohl'S,2021-12-08,Northeast,New York,Women'S Street Footwear,55,625,34375,In-Store
Walmart,2020-10-24,South,Texas,Men'S Apparel,45,650,29250,Outlet
West Gear,2021-06-21,South,Oklahoma,Men'S Street Footwear,40,600,24000,Online
Kohl'S,2021-07-10,West,Wyoming,Men'S Athletic Footwear,45,625,28125,In-Store
Sports Direct,2021-10-03,South,Texas,Women'S Apparel,50,675,33750,Outlet
Kohl'S,2021-02-14,South,Oklahoma,Men'S Street Footwear,25,600,15000,Online
Kohl'S,2021-08-11,West,Wyoming,Men'S Athletic Footwear,45,625,28125,In-Store
Sports Direct,2021-10-15,South,Texas,Women'S Apparel,70,675,47250,Outlet
Foot Locker,2021-12-12,Midwest,Kansas,Men'S Street Footwear,70,600,42000,Online
Sports Direct,2021-11-16,Midwest,Michigan,Women'S Apparel,65,625,40625,In-Store
West Gear,2021-12-09,Midwest,Indiana,Men'S Street Footwear,60,600,36000,In-Store
Foot Locker,2021-01-18,Midwest,Michigan,Men'S Street Footwear,30,625,18750,In-Store
West Gear,2020-03-09,West,Nevada,Men'S Street Footwear,60,675,40500,In-Store
West Gear,2021-06-17,Northeast,West Virginia,Men'S Street Footwear,45,600,27000,In-Store
West Gear,2021-04-11,West,Utah,Men'S Street Footwear,30,625,18750,In-Store
West Gear,2020-03-10,West,Nevada,Men'S Athletic Footwear,65,675,43875,In-Store
West Gear,2021-11-17,South,Louisiana,Men'S Street Footwear,40,625,25000,Online
West Gear,2020-04-27,West,Colorado,Men'S Athletic Footwear,75,675,50625,In-Store
Foot Locker,2021-12-16,South,Louisiana,Women'S Apparel,90,625,56250,Online
Foot Locker,2021-02-04,South,Louisiana,Men'S Street Footwear,25,625,15625,Online
Foot Locker,2021-03-06,West,Idaho,Men'S Street Footwear,30,625,18750,Online
Walmart,2020-10-30,South,Texas,Men'S Apparel,45,650,29250,Outlet
West Gear,2020-06-30,West,Washington,Women'S Apparel,100,675,67500,In-Store
Foot Locker,2021-03-06,West,Idaho,Men'S Athletic Footwear,40,625,25000,Online
Sports Direct,2021-09-05,West,Idaho,Men'S Athletic Footwear,55,625,34375,Online
West Gear,2021-01-03,West,California,Women'S Athletic Footwear,60,650,39000,Outlet
West Gear,2020-07-02,West,Washington,Men'S Athletic Footwear,85,675,57375,In-Store
Sports Direct,2021-09-05,West,Idaho,Women'S Apparel,50,625,31250,Online
Sports Direct,2021-11-05,West,Idaho,Women'S Apparel,65,625,40625,Online
West Gear,2021-02-03,West,California,Men'S Apparel,65,650,42250,Outlet
West Gear,2020-08-15,Southeast,Florida,Women'S Athletic Footwear,40,675,27000,In-Store
Foot Locker,2021-06-23,West,Arizona,Men'S Street Footwear,50,625,31250,Online
West Gear,2021-02-09,West,California,Men'S Apparel,65,650,42250,Outlet
Foot Locker,2021-08-23,West,Arizona,Men'S Street Footwear,55,625,34375,Online
Foot Locker,2021-12-22,West,Arizona,Men'S Street Footwear,45,625,28125,Online
Kohl'S,2021-03-14,West,California,Men'S Athletic Footwear,45,650,29250,Outlet
Foot Locker,2021-12-22,West,Arizona,Men'S Athletic Footwear,50,625,31250,Online
Foot Locker,2020-08-22,Southeast,Florida,Men'S Apparel,55,675,37125,In-Store
Kohl'S,2021-09-27,West,New Mexico,Men'S Street Footwear,50,625,31250,Online
Kohl'S,2021-03-18,West,California,Women'S Apparel,45,650,29250,Outlet
Kohl'S,2021-12-13,Northeast,Delaware,Men'S Street Footwear,65,600,39000,In-Store
West Gear,2020-04-24,Southeast,Florida,Men'S Apparel,55,675,37125,In-Store
Kohl'S,2021-03-20,West,California,Men'S Athletic Footwear,45,650,29250,Outlet
Kohl'S,2021-06-08,Northeast,New Jersey,Men'S Street Footwear,50,600,30000,In-Store
Kohl'S,2021-01-27,Midwest,Montana,Men'S Street Footwear,40,675,27000,Outlet
Kohl'S,2021-02-08,Midwest,Montana,Men'S Street Footwear,45,675,30375,Outlet
Kohl'S,2021-08-07,Northeast,New Jersey,Men'S Street Footwear,50,600,30000,In-Store
Kohl'S,2021-03-04,Midwest,Montana,Men'S Street Footwear,45,675,30375,Outlet
Sports Direct,2021-07-13,Northeast,Massachusetts,Men'S Street Footwear,55,600,33000,In-Store
Kohl'S,2021-03-05,Midwest,Montana,Men'S Athletic Footwear,50,675,33750,Outlet
Amazon,2021-12-10,Northeast,Vermont,Men'S Street Footwear,70,600,42000,In-Store
Kohl'S,2021-03-21,West,California,Women'S Street Footwear,45,650,29250,Outlet
Amazon,2021-02-19,Northeast,Vermont,Men'S Street Footwear,50,600,30000,In-Store
Sports Direct,2021-03-28,South,Tennessee,Men'S Street Footwear,20,675,13500,Outlet
Sports Direct,2021-11-03,Southeast,North Carolina,Women'S Street Footwear,40,595,23800,Online
Kohl'S,2021-04-14,West,California,Men'S Athletic Footwear,50,650,32500,Outlet
Sports Direct,2021-03-29,South,Tennessee,Men'S Athletic Footwear,25,675,16875,Outlet
West Gear,2021-05-19,South,Oklahoma,Men'S Street Footwear,40,595,23800,Online
West Gear,2021-05-18,Northeast,West Virginia,Men'S Street Footwear,60,595,35700,In-Store
Sports Direct,2021-04-27,South,Tennessee,Men'S Street Footwear,50,675,33750,Outlet
Kohl'S,2021-04-15,West,California,Women'S Street Footwear,50,650,32500,Outlet
Amazon,2021-05-17,Northeast,New Hampshire,Men'S Street Footwear,65,595,38675,In-Store
Walmart,2020-09-15,South,Texas,Men'S Apparel,45,575,25875,Outlet
Sports Direct,2021-04-29,South,Tennessee,Women'S Street Footwear,55,675,37125,Outlet
Kohl'S,2021-04-28,West,California,Women'S Athletic Footwear,45,650,29250,Outlet
West Gear,2020-11-05,West,California,Men'S Apparel,55,575,31625,Outlet
Kohl'S,2021-09-27,West,New Mexico,Men'S Athletic Footwear,55,625,34375,Online
Sports Direct,2021-05-09,South,Tennessee,Men'S Street Footwear,30,675,20250,Outlet
West Gear,2020-11-10,West,California,Women'S Athletic Footwear,50,575,28750,Outlet
Sports Direct,2021-08-13,Southeast,Georgia,Men'S Athletic Footwear,60,625,37500,Online
West Gear,2021-01-10,West,California,Men'S Apparel,65,575,37375,Outlet
Sports Direct,2021-05-10,South,Tennessee,Men'S Athletic Footwear,30,675,20250,Outlet
Foot Locker,2021-02-07,Southeast,South Carolina,Women'S Athletic Footwear,35,625,21875,Online
Foot Locker,2021-07-06,Midwest,Illinois,Men'S Street Footwear,50,575,28750,Outlet
Sports Direct,2021-08-01,Midwest,Nebraska,Men'S Street Footwear,20,675,13500,Outlet
Foot Locker,2021-03-05,Southeast,South Carolina,Men'S Apparel,45,625,28125,Online
Sports Direct,2021-09-19,South,Texas,Women'S Athletic Footwear,45,575,25875,Outlet
Foot Locker,2021-04-06,Southeast,South Carolina,Men'S Apparel,50,625,31250,Online
Sports Direct,2021-08-02,Midwest,Nebraska,Men'S Athletic Footwear,30,675,20250,Outlet
Sports Direct,2021-09-20,South,Texas,Men'S Apparel,50,575,28750,Outlet
Sports Direct,2021-01-06,Southeast,South Carolina,Men'S Apparel,45,625,28125,Online
Sports Direct,2021-09-17,South,Alabama,Women'S Apparel,60,675,40500,Outlet
Sports Direct,2021-10-06,South,Texas,Women'S Street Footwear,45,575,25875,Outlet
Sports Direct,2021-02-04,Southeast,South Carolina,Men'S Athletic Footwear,35,625,21875,Online
Sports Direct,2021-10-09,South,Texas,Women'S Apparel,50,575,28750,Outlet
Amazon,2021-07-20,West,Alaska,Men'S Street Footwear,65,675,43875,Outlet
Sports Direct,2021-03-02,Southeast,North Carolina,Women'S Street Footwear,20,625,12500,Online
Sports Direct,2021-10-19,South,Texas,Women'S Athletic Footwear,65,575,37375,Outlet
Sports Direct,2021-03-02,Southeast,North Carolina,Women'S Apparel,30,625,18750,Online
West Gear,2021-12-08,Northeast,New York,Men'S Athletic Footwear,55,675,37125,In-Store
West Gear,2020-03-03,West,Nevada,Men'S Street Footwear,60,575,34500,In-Store
Sports Direct,2021-05-02,Southeast,North Carolina,Women'S Street Footwear,40,625,25000,Online
Kohl'S,2021-12-08,Northeast,New York,Women'S Apparel,70,675,47250,In-Store
West Gear,2020-03-04,West,Nevada,Men'S Athletic Footwear,65,575,37375,In-Store
Sports Direct,2021-09-02,Southeast,North Carolina,Women'S Street Footwear,30,625,18750,Online
Kohl'S,2021-08-11,West,Wyoming,Women'S Apparel,55,675,37125,In-Store
West Gear,2020-04-15,West,Colorado,Men'S Athletic Footwear,65,575,37375,In-Store
Sports Direct,2021-11-03,Southeast,North Carolina,Men'S Apparel,75,625,46875,Online
West Gear,2020-04-16,West,Colorado,Women'S Street Footwear,65,575,37375,In-Store
Amazon,2021-12-09,Midwest,Ohio,Men'S Athletic Footwear,65,625,40625,Online
Kohl'S,2021-05-06,West,California,Women'S Apparel,65,650,42250,Outlet
Sports Direct,2021-06-17,Midwest,Michigan,Women'S Apparel,65,675,43875,In-Store
West Gear,2020-04-22,West,Colorado,Women'S Street Footwear,70,575,40250,In-Store
West Gear,2021-12-09,Midwest,Ohio,Women'S Apparel,80,625,50000,Online
West Gear,2020-05-14,West,Colorado,Men'S Street Footwear,55,575,31625,In-Store
Kohl'S,2021-05-10,West,California,Women'S Athletic Footwear,50,650,32500,Outlet
Foot Locker,2021-06-18,South,Mississippi,Women'S Apparel,65,625,40625,Online
Sports Direct,2021-08-16,Midwest,Michigan,Women'S Apparel,50,675,33750,In-Store
West Gear,2020-05-15,West,Colorado,Men'S Athletic Footwear,60,575,34500,In-Store
Walmart,2021-08-17,South,Mississippi,Women'S Apparel,55,625,34375,Online
Kohl'S,2021-05-11,West,California,Men'S Apparel,60,650,39000,Outlet
West Gear,2020-06-07,West,Washington,Men'S Street Footwear,50,575,28750,In-Store
Sports Direct,2021-11-17,South,Mississippi,Men'S Street Footwear,30,625,18750,Online
West Gear,2020-07-05,West,Washington,Men'S Apparel,85,575,48875,In-Store
Kohl'S,2021-05-15,West,California,Women'S Street Footwear,50,650,32500,Outlet
West Gear,2021-02-21,South,Arkansas,Men'S Street Footwear,25,625,15625,Online
Kohl'S,2021-12-19,South,Oklahoma,Men'S Street Footwear,70,625,43750,Online
West Gear,2020-07-06,West,Washington,Women'S Apparel,100,575,57500,In-Store
Kohl'S,2021-05-18,West,California,Women'S Apparel,65,650,42250,Outlet
Kohl'S,2021-07-06,Northeast,New Jersey,Men'S Street Footwear,50,625,31250,In-Store
West Gear,2020-07-10,West,Washington,Women'S Athletic Footwear,75,575,43125,In-Store
Sports Direct,2021-06-05,Northeast,Connecticut,Men'S Street Footwear,55,625,34375,In-Store
Kohl'S,2021-05-22,West,California,Women'S Athletic Footwear,50,650,32500,Outlet
West Gear,2020-07-11,West,Washington,Men'S Apparel,75,575,43125,In-Store
Sports Direct,2021-08-04,Northeast,Connecticut,Men'S Street Footwear,55,625,34375,In-Store
West Gear,2020-08-05,West,Washington,Women'S Apparel,95,575,54625,In-Store
Sports Direct,2021-08-18,South,Texas,Men'S Athletic Footwear,35,650,22750,Outlet
Foot Locker,2021-12-17,Northeast,New Hampshire,Men'S Street Footwear,75,625,46875,Outlet
Sports Direct,2021-06-13,Southeast,Georgia,Women'S Apparel,70,575,40250,Online
Kohl'S,2021-01-09,Midwest,Montana,Men'S Street Footwear,35,575,20125,Outlet
Kohl'S,2021-01-15,Midwest,Montana,Men'S Street Footwear,45,575,25875,Outlet
Sports Direct,2021-09-12,South,Texas,Women'S Street Footwear,45,650,29250,Outlet
Sports Direct,2021-07-12,Southeast,Georgia,Men'S Athletic Footwear,55,575,31625,Online
Sports Direct,2021-10-12,South,Texas,Women'S Street Footwear,65,650,42250,Outlet
Sports Direct,2021-11-13,Southeast,Georgia,Men'S Athletic Footwear,60,575,34500,Online
Foot Locker,2021-03-17,Midwest,Missouri,Men'S Street Footwear,35,620,21700,In-Store
West Gear,2020-02-14,West,Nevada,Men'S Athletic Footwear,70,650,45500,In-Store
Foot Locker,2021-05-19,Midwest,Missouri,Men'S Street Footwear,40,620,24800,In-Store
Kohl'S,2021-01-21,Midwest,Montana,Men'S Street Footwear,40,575,23000,Outlet
West Gear,2020-04-24,Southeast,Florida,Women'S Athletic Footwear,40,650,26000,In-Store
Sports Direct,2020-08-03,South,Texas,Women'S Athletic Footwear,40,600,24000,Outlet
Kohl'S,2021-02-26,Midwest,Montana,Men'S Street Footwear,40,575,23000,Outlet
Walmart,2020-08-16,South,Texas,Men'S Apparel,45,600,27000,Outlet
Kohl'S,2021-02-27,Midwest,Montana,Men'S Athletic Footwear,45,575,25875,Outlet
Walmart,2020-09-14,South,Texas,Women'S Athletic Footwear,50,600,30000,Outlet
Sports Direct,2021-03-16,South,Tennessee,Men'S Street Footwear,25,650,16250,Outlet
Sports Direct,2021-04-02,South,Tennessee,Women'S Apparel,25,575,14375,Outlet
West Gear,2020-12-22,West,California,Women'S Athletic Footwear,60,600,36000,Outlet
Sports Direct,2021-04-18,South,Tennessee,Women'S Athletic Footwear,40,575,23000,Outlet
Sports Direct,2021-03-22,South,Tennessee,Men'S Street Footwear,30,650,19500,Outlet
Sports Direct,2021-05-03,South,Tennessee,Men'S Street Footwear,35,575,20125,Outlet
Sports Direct,2021-03-23,South,Tennessee,Men'S Athletic Footwear,40,650,26000,Outlet
Sports Direct,2021-05-04,South,Tennessee,Men'S Athletic Footwear,35,575,20125,Outlet
Sports Direct,2021-04-11,South,Tennessee,Women'S Street Footwear,40,650,26000,Outlet
Sports Direct,2021-09-09,South,Alabama,Women'S Athletic Footwear,45,575,25875,Outlet
Sports Direct,2021-09-19,South,Alabama,Men'S Athletic Footwear,55,575,31625,Outlet
Sports Direct,2021-05-14,South,Tennessee,Women'S Apparel,65,650,42250,Outlet
Kohl'S,2021-04-08,West,California,Men'S Athletic Footwear,50,600,30000,Outlet
Sports Direct,2021-09-23,South,Alabama,Women'S Apparel,40,575,23000,Outlet
Kohl'S,2021-04-12,West,California,Women'S Apparel,65,600,39000,Outlet
Sports Direct,2021-08-19,South,Alabama,Men'S Street Footwear,20,650,13000,Outlet
Sports Direct,2021-10-02,South,Alabama,Women'S Street Footwear,45,575,25875,Outlet
Foot Locker,2021-03-05,Southeast,South Carolina,Women'S Athletic Footwear,30,575,17250,Online
Kohl'S,2021-05-17,West,California,Men'S Apparel,60,600,36000,Outlet
Amazon,2021-02-22,West,Alaska,Men'S Street Footwear,55,575,31625,Outlet
Sports Direct,2021-08-20,South,Alabama,Men'S Athletic Footwear,20,650,13000,Outlet
Kohl'S,2021-05-23,West,California,Men'S Apparel,60,600,36000,Outlet
Walmart,2021-05-18,Southeast,Florida,Men'S Street Footwear,60,575,34500,Outlet
Sports Direct,2021-01-06,Southeast,South Carolina,Women'S Athletic Footwear,30,575,17250,Online
Sports Direct,2021-09-03,South,Texas,Women'S Apparel,30,600,18000,Outlet
Sports Direct,2021-09-02,South,Alabama,Women'S Street Footwear,45,650,29250,Outlet
Walmart,2021-05-18,Southeast,Florida,Women'S Apparel,70,575,40250,Outlet
Sports Direct,2021-09-13,South,Texas,Women'S Athletic Footwear,45,600,27000,Outlet
Sports Direct,2021-04-03,Southeast,North Carolina,Men'S Athletic Footwear,30,575,17250,Online
Amazon,2021-06-22,West,Alaska,Men'S Street Footwear,65,650,42250,Outlet
Walmart,2021-06-17,Southeast,Florida,Women'S Athletic Footwear,85,575,48875,In-Store
West Gear,2020-02-06,West,Nevada,Women'S Apparel,80,600,48000,Outlet
Walmart,2021-10-17,Southeast,Florida,Men'S Athletic Footwear,65,575,37375,In-Store
Sports Direct,2021-04-03,Southeast,North Carolina,Women'S Street Footwear,20,575,11500,Online
Amazon,2021-08-21,West,Alaska,Men'S Street Footwear,65,650,42250,Outlet
West Gear,2020-02-08,West,Nevada,Men'S Athletic Footwear,65,600,39000,Outlet
West Gear,2021-03-08,Northeast,New York,Women'S Street Footwear,35,575,20125,In-Store
West Gear,2020-02-19,West,Nevada,Men'S Street Footwear,60,600,36000,In-Store
Sports Direct,2021-05-02,Southeast,North Carolina,Women'S Athletic Footwear,40,575,23000,Online
Foot Locker,2021-06-10,West,Hawaii,Women'S Apparel,100,650,65000,Outlet
West Gear,2020-02-20,West,Nevada,Men'S Athletic Footwear,65,600,39000,In-Store
West Gear,2021-03-08,Northeast,New York,Women'S Apparel,45,575,25875,In-Store
Sports Direct,2021-10-04,Southeast,North Carolina,Women'S Street Footwear,35,575,20125,Online
West Gear,2020-05-02,West,Colorado,Men'S Street Footwear,65,600,39000,In-Store
Foot Locker,2021-07-09,West,Hawaii,Men'S Athletic Footwear,85,650,55250,Outlet
West Gear,2020-05-03,West,Colorado,Men'S Athletic Footwear,70,600,42000,In-Store
Amazon,2021-01-13,Southeast,North Carolina,Men'S Athletic Footwear,35,575,20125,Online
West Gear,2020-07-13,West,Washington,Men'S Street Footwear,70,600,42000,In-Store
Walmart,2021-07-16,Southeast,Florida,Men'S Apparel,95,650,61750,In-Store
West Gear,2020-07-14,West,Washington,Men'S Athletic Footwear,75,600,45000,In-Store
West Gear,2020-07-25,West,Washington,Men'S Street Footwear,60,600,36000,In-Store
Amazon,2021-01-13,Southeast,North Carolina,Women'S Street Footwear,25,575,14375,Online
Kohl'S,2021-02-01,Midwest,Montana,Women'S Apparel,60,600,36000,Outlet
Amazon,2021-01-13,Southeast,North Carolina,Women'S Apparel,35,575,20125,Online
Kohl'S,2021-02-03,Midwest,Montana,Men'S Athletic Footwear,45,600,27000,Outlet
Amazon,2021-07-09,Midwest,Ohio,Women'S Street Footwear,55,575,31625,Online
Kohl'S,2021-02-14,Midwest,Montana,Men'S Street Footwear,45,600,27000,Outlet
Amazon,2021-08-10,Midwest,Ohio,Women'S Street Footwear,55,575,31625,Online
Kohl'S,2021-02-15,Midwest,Montana,Men'S Athletic Footwear,50,600,30000,Outlet
West Gear,2021-01-12,Southeast,Florida,Men'S Athletic Footwear,45,650,29250,In-Store
Sports Direct,2021-04-05,South,Tennessee,Women'S Street Footwear,20,600,12000,Outlet
Amazon,2021-09-09,Midwest,Ohio,Men'S Athletic Footwear,50,575,28750,Online
Sports Direct,2021-04-12,South,Tennessee,Women'S Athletic Footwear,40,600,24000,Outlet
West Gear,2021-01-12,Southeast,Florida,Women'S Street Footwear,35,650,22750,In-Store
Sports Direct,2021-05-11,South,Tennessee,Women'S Street Footwear,55,600,33000,Outlet
Amazon,2021-11-10,Midwest,Ohio,Women'S Apparel,80,575,46000,Online
West Gear,2021-01-12,Southeast,Florida,Women'S Apparel,45,650,29250,In-Store
Sports Direct,2021-08-08,South,Alabama,Men'S Athletic Footwear,35,600,21000,Outlet
West Gear,2021-12-09,Midwest,Ohio,Women'S Street Footwear,65,575,37375,Online
Sports Direct,2021-09-03,South,Alabama,Women'S Athletic Footwear,45,600,27000,Outlet
Amazon,2021-12-20,West,Alaska,Men'S Street Footwear,75,600,45000,Outlet
Amazon,2021-08-22,Southeast,Kentucky,Men'S Street Footwear,50,575,28750,Online
Foot Locker,2021-06-10,West,Hawaii,Men'S Athletic Footwear,75,600,45000,Outlet
Foot Locker,2021-06-10,West,Hawaii,Women'S Street Footwear,75,600,45000,Outlet
Sports Direct,2021-12-16,South,Mississippi,Men'S Athletic Footwear,60,575,34500,Online
Foot Locker,2021-07-09,West,Hawaii,Women'S Street Footwear,85,600,51000,Outlet
Sports Direct,2021-12-16,South,Mississippi,Women'S Apparel,75,575,43125,Online
Foot Locker,2021-08-10,West,Hawaii,Women'S Street Footwear,70,600,42000,Outlet
West Gear,2021-05-08,Northeast,New York,Men'S Athletic Footwear,55,575,31625,In-Store
West Gear,2021-02-10,Northeast,New York,Women'S Apparel,45,650,29250,In-Store
Walmart,2021-11-10,West,Hawaii,Men'S Athletic Footwear,60,600,36000,Outlet
West Gear,2021-01-23,South,Arkansas,Men'S Street Footwear,25,575,14375,Online
West Gear,2021-06-10,Northeast,New York,Women'S Athletic Footwear,50,575,28750,In-Store
Walmart,2021-07-16,Southeast,Florida,Women'S Athletic Footwear,90,600,54000,In-Store
West Gear,2021-09-08,Northeast,New York,Men'S Athletic Footwear,50,650,32500,In-Store
West Gear,2021-06-10,Northeast,New York,Men'S Apparel,65,575,37375,In-Store
Walmart,2021-11-17,Southeast,Florida,Women'S Apparel,90,600,54000,In-Store
West Gear,2021-09-19,South,Oklahoma,Men'S Street Footwear,50,575,28750,Online
West Gear,2021-07-08,Northeast,New York,Women'S Athletic Footwear,55,575,31625,In-Store
West Gear,2021-12-16,Southeast,Florida,Women'S Street Footwear,80,600,48000,In-Store
West Gear,2021-11-09,Northeast,New York,Women'S Apparel,70,650,45500,In-Store
West Gear,2021-08-09,Northeast,New York,Women'S Athletic Footwear,45,575,25875,In-Store
Kohl'S,2021-06-14,Midwest,Kansas,Men'S Street Footwear,40,575,23000,Online
West Gear,2021-12-16,Southeast,Florida,Women'S Athletic Footwear,80,600,48000,In-Store
West Gear,2021-11-09,Northeast,New York,Women'S Athletic Footwear,50,575,28750,In-Store
Kohl'S,2021-06-12,West,Wyoming,Women'S Apparel,55,650,35750,In-Store
West Gear,2021-06-10,Midwest,Indiana,Men'S Street Footwear,40,575,23000,In-Store
Kohl'S,2021-12-08,Northeast,New York,Women'S Athletic Footwear,55,575,31625,In-Store
Foot Locker,2021-06-24,Southeast,Virginia,Men'S Athletic Footwear,65,650,42250,In-Store
Kohl'S,2021-12-08,Northeast,New York,Men'S Apparel,65,575,37375,In-Store
Foot Locker,2021-02-15,Northeast,Maryland,Men'S Street Footwear,40,575,23000,In-Store
West Gear,2021-02-10,Southeast,Florida,Women'S Street Footwear,35,600,21000,In-Store
Kohl'S,2021-11-11,West,Wyoming,Men'S Athletic Footwear,45,575,25875,In-Store
Foot Locker,2021-06-24,Southeast,Virginia,Women'S Street Footwear,80,650,52000,In-Store
Foot Locker,2021-12-03,Northeast,Connecticut,Men'S Street Footwear,65,575,37375,In-Store
Kohl'S,2021-11-11,West,Wyoming,Women'S Apparel,60,575,34500,In-Store
Foot Locker,2021-07-06,Northeast,Rhode Island,Men'S Street Footwear,50,575,28750,In-Store
Foot Locker,2021-11-24,Southeast,Virginia,Men'S Street Footwear,45,575,25875,In-Store
Sports Direct,2021-12-23,Southeast,Virginia,Women'S Apparel,85,575,48875,In-Store
Sports Direct,2021-06-15,Northeast,Massachusetts,Men'S Street Footwear,55,575,31625,In-Store
Sports Direct,2021-05-15,Midwest,Michigan,Women'S Apparel,60,575,34500,In-Store
Sports Direct,2021-08-14,Northeast,Massachusetts,Men'S Street Footwear,55,575,31625,In-Store
Sports Direct,2021-06-17,Midwest,Michigan,Men'S Athletic Footwear,50,575,28750,In-Store
Sports Direct,2021-07-15,Midwest,Michigan,Women'S Street Footwear,50,575,28750,In-Store
Amazon,2021-12-13,Northeast,Massachusetts,Men'S Street Footwear,65,575,37375,In-Store
Sports Direct,2021-08-16,Midwest,Michigan,Women'S Street Footwear,45,575,25875,In-Store
West Gear,2021-04-09,Northeast,New York,Women'S Apparel,45,600,27000,In-Store
Sports Direct,2021-09-15,Midwest,Michigan,Women'S Apparel,50,575,28750,In-Store
West Gear,2021-06-10,Northeast,New York,Women'S Street Footwear,50,600,30000,In-Store
Sports Direct,2021-10-17,Midwest,Michigan,Men'S Athletic Footwear,40,575,23000,In-Store
West Gear,2021-07-08,Northeast,New York,Men'S Apparel,65,600,39000,In-Store
Foot Locker,2021-04-18,Midwest,Missouri,Men'S Street Footwear,35,575,20125,In-Store
Amazon,2021-02-12,Northeast,Massachusetts,Men'S Street Footwear,45,575,25875,In-Store
West Gear,2021-11-09,Northeast,New York,Men'S Athletic Footwear,50,600,30000,In-Store
West Gear,2021-06-11,West,Utah,Women'S Apparel,40,575,23000,In-Store
Foot Locker,2021-02-22,Northeast,New Hampshire,Men'S Street Footwear,55,575,31625,Outlet
Kohl'S,2021-01-14,Northeast,New York,Men'S Athletic Footwear,40,600,24000,In-Store
West Gear,2021-10-11,West,Utah,Men'S Street Footwear,30,575,17250,In-Store
Amazon,2021-05-20,West,Alaska,Men'S Street Footwear,65,570,37050,Outlet
West Gear,2021-11-24,West,Oregon,Men'S Street Footwear,45,575,25875,In-Store
West Gear,2021-03-19,South,Oklahoma,Men'S Street Footwear,20,570,11400,Online
West Gear,2021-12-23,West,Oregon,Women'S Apparel,85,575,48875,In-Store
Kohl'S,2021-05-12,Midwest,Kansas,Men'S Street Footwear,40,570,22800,Online
West Gear,2021-05-18,South,Louisiana,Women'S Apparel,65,575,37375,Online
Amazon,2021-10-11,Midwest,Ohio,Men'S Athletic Footwear,30,550,16500,Online
Foot Locker,2021-07-23,Southeast,Virginia,Women'S Street Footwear,90,650,58500,In-Store
West Gear,2021-06-17,South,Louisiana,Women'S Athletic Footwear,85,575,48875,Online
West Gear,2021-03-16,Northeast,West Virginia,Men'S Street Footwear,30,570,17100,In-Store
Amazon,2021-02-22,Midwest,Ohio,Men'S Street Footwear,40,550,22000,Online
West Gear,2021-10-17,South,Louisiana,Men'S Athletic Footwear,50,575,28750,Online
Foot Locker,2021-08-24,Southeast,Virginia,Women'S Street Footwear,70,650,45500,In-Store
Walmart,2021-06-21,South,Arkansas,Women'S Apparel,60,550,33000,Online
West Gear,2021-05-05,West,Idaho,Women'S Street Footwear,25,575,14375,Online
Walmart,2021-08-20,South,Arkansas,Women'S Apparel,55,550,30250,Online
Sports Direct,2021-10-04,West,Idaho,Men'S Street Footwear,40,575,23000,Online
Foot Locker,2021-11-24,Southeast,Virginia,Men'S Athletic Footwear,50,650,32500,In-Store
West Gear,2021-11-20,South,Arkansas,Men'S Street Footwear,25,550,13750,Online
Sports Direct,2021-10-04,West,Idaho,Men'S Athletic Footwear,40,575,23000,Online
Sports Direct,2021-07-15,Midwest,Michigan,Men'S Athletic Footwear,55,650,35750,In-Store
Kohl'S,2021-01-16,South,Oklahoma,Men'S Street Footwear,25,550,13750,Online
Foot Locker,2021-08-23,West,Arizona,Men'S Athletic Footwear,60,575,34500,Online
Kohl'S,2021-09-12,Midwest,Kansas,Men'S Street Footwear,50,550,27500,Online
Sports Direct,2021-08-16,Midwest,Michigan,Men'S Athletic Footwear,55,650,35750,In-Store
Foot Locker,2021-09-24,West,Arizona,Men'S Street Footwear,45,575,25875,Online
Foot Locker,2021-07-11,Midwest,South Dakota,Men'S Street Footwear,50,550,27500,Online
Sports Direct,2021-12-15,Midwest,Michigan,Men'S Athletic Footwear,50,650,32500,In-Store
Foot Locker,2021-09-24,West,Arizona,Men'S Athletic Footwear,50,575,28750,Online
Sports Direct,2021-07-08,Midwest,North Dakota,Men'S Street Footwear,50,550,27500,In-Store
Kohl'S,2021-05-27,West,New Mexico,Men'S Street Footwear,55,575,31625,Online
Foot Locker,2021-07-05,Midwest,Iowa,Men'S Street Footwear,50,550,27500,In-Store
West Gear,2021-06-03,Midwest,Wisconsin,Men'S Street Footwear,35,550,19250,In-Store
West Gear,2021-07-02,Midwest,Wisconsin,Men'S Street Footwear,50,550,27500,In-Store
Foot Locker,2021-12-15,Midwest,Michigan,Women'S Apparel,65,650,42250,In-Store
West Gear,2021-12-02,Midwest,Wisconsin,Men'S Street Footwear,60,550,33000,In-Store
Foot Locker,2021-12-17,Midwest,Missouri,Men'S Street Footwear,45,650,29250,In-Store
West Gear,2021-02-10,Midwest,Wisconsin,Men'S Street Footwear,35,550,19250,In-Store
Amazon,2021-07-09,Midwest,Ohio,Women'S Athletic Footwear,55,525,28875,Online
West Gear,2021-07-09,Midwest,Indiana,Men'S Street Footwear,55,550,30250,In-Store
West Gear,2021-06-11,West,Utah,Men'S Street Footwear,30,650,19500,In-Store
West Gear,2021-02-17,Midwest,Indiana,Men'S Street Footwear,35,550,19250,In-Store
Amazon,2021-08-10,Midwest,Ohio,Women'S Athletic Footwear,45,525,23625,Online
West Gear,2021-09-12,West,Utah,Men'S Street Footwear,30,650,19500,In-Store
West Gear,2021-04-17,Northeast,West Virginia,Men'S Street Footwear,30,550,16500,In-Store
Amazon,2021-10-11,Midwest,Ohio,Women'S Apparel,40,525,21000,Online
Foot Locker,2021-05-13,Northeast,Delaware,Men'S Street Footwear,55,570,31350,In-Store
West Gear,2021-09-18,Northeast,West Virginia,Men'S Street Footwear,35,550,19250,In-Store
West Gear,2021-06-24,West,Oregon,Men'S Athletic Footwear,65,650,42250,In-Store
West Gear,2021-12-09,Midwest,Ohio,Women'S Athletic Footwear,65,525,34125,Online
Sports Direct,2021-12-06,Northeast,New Jersey,Men'S Street Footwear,60,550,33000,In-Store
Amazon,2021-05-10,Northeast,Vermont,Men'S Street Footwear,60,570,34200,In-Store
West Gear,2021-12-09,Midwest,Ohio,Men'S Apparel,75,525,39375,Online
West Gear,2021-06-24,West,Oregon,Women'S Street Footwear,80,650,52000,In-Store
Amazon,2021-03-17,Northeast,New Hampshire,Men'S Street Footwear,50,570,28500,In-Store
Amazon,2021-06-22,Southeast,Kentucky,Men'S Street Footwear,40,525,21000,Online
West Gear,2021-07-23,West,Oregon,Women'S Street Footwear,90,650,58500,In-Store
Amazon,2021-09-23,Southeast,Kentucky,Men'S Street Footwear,50,525,26250,Online
Sports Direct,2020-07-23,South,Texas,Men'S Apparel,40,550,22000,Outlet
Sports Direct,2021-02-05,Northeast,New Jersey,Men'S Street Footwear,40,550,22000,In-Store
Foot Locker,2021-12-21,Southeast,Kentucky,Men'S Street Footwear,65,525,34125,Online
West Gear,2021-08-24,West,Oregon,Women'S Street Footwear,70,650,45500,In-Store
Foot Locker,2021-06-08,Northeast,Rhode Island,Men'S Street Footwear,50,550,27500,In-Store
Kohl'S,2021-03-10,West,California,Women'S Athletic Footwear,45,550,24750,Outlet
Foot Locker,2021-01-20,Southeast,Kentucky,Men'S Athletic Footwear,30,525,15750,Online
Foot Locker,2021-08-07,Northeast,Rhode Island,Men'S Street Footwear,50,550,27500,In-Store
Foot Locker,2021-01-20,Southeast,Kentucky,Women'S Street Footwear,20,525,10500,Online
Amazon,2021-04-18,Northeast,New Hampshire,Men'S Street Footwear,50,550,27500,In-Store
Kohl'S,2021-03-22,West,California,Women'S Athletic Footwear,45,550,24750,Outlet
Foot Locker,2021-01-20,Southeast,Kentucky,Women'S Apparel,30,525,15750,Online
Amazon,2021-09-17,Northeast,New Hampshire,Men'S Street Footwear,65,550,35750,Outlet
West Gear,2021-11-24,West,Oregon,Men'S Athletic Footwear,50,650,32500,In-Store
Kohl'S,2021-04-16,West,California,Women'S Athletic Footwear,45,550,24750,Outlet
Amazon,2021-03-20,West,Alaska,Men'S Street Footwear,55,545,29975,Outlet
Walmart,2021-07-16,South,Mississippi,Women'S Street Footwear,50,525,26250,Online
West Gear,2021-11-09,Northeast,New York,Women'S Street Footwear,50,545,27250,In-Store
Walmart,2021-08-17,South,Mississippi,Women'S Street Footwear,50,525,26250,Online
West Gear,2021-07-16,South,Louisiana,Men'S Apparel,95,650,61750,Online
Foot Locker,2021-07-12,Midwest,Illinois,Men'S Street Footwear,50,550,27500,Outlet
Kohl'S,2021-03-12,Midwest,Kansas,Men'S Street Footwear,20,545,10900,Online
Walmart,2021-09-16,South,Mississippi,Men'S Athletic Footwear,45,525,23625,Online
West Gear,2021-05-11,Midwest,Indiana,Men'S Street Footwear,60,545,32700,In-Store
Sports Direct,2021-09-07,South,Texas,Women'S Athletic Footwear,35,550,19250,Outlet
Sports Direct,2021-11-17,South,Mississippi,Women'S Apparel,75,525,39375,Online
West Gear,2021-04-05,West,Idaho,Men'S Street Footwear,20,650,13000,Online
Foot Locker,2021-03-13,Northeast,Delaware,Men'S Street Footwear,40,545,21800,In-Store
Sports Direct,2021-12-16,South,Mississippi,Women'S Street Footwear,60,525,31500,Online
West Gear,2020-01-14,West,Nevada,Men'S Street Footwear,45,550,24750,Outlet
Sports Direct,2021-05-03,Northeast,Connecticut,Men'S Street Footwear,55,545,29975,In-Store
West Gear,2021-04-05,West,Idaho,Men'S Athletic Footwear,30,650,19500,Online
Walmart,2021-07-19,South,Arkansas,Men'S Athletic Footwear,50,525,26250,Online
Amazon,2021-03-10,Northeast,Vermont,Men'S Street Footwear,45,545,24525,In-Store
West Gear,2020-01-20,West,Nevada,Men'S Street Footwear,60,550,33000,Outlet
Walmart,2021-08-20,South,Arkansas,Men'S Athletic Footwear,55,525,28875,Online
Kohl'S,2021-08-26,West,New Mexico,Men'S Athletic Footwear,65,650,42250,Online
Walmart,2020-08-10,South,Texas,Men'S Apparel,45,525,23625,Outlet
West Gear,2021-04-20,South,Oklahoma,Men'S Street Footwear,25,525,13125,Online
West Gear,2020-12-29,West,California,Men'S Apparel,65,525,34125,Outlet
West Gear,2020-01-26,West,Nevada,Men'S Street Footwear,60,550,33000,Outlet
Foot Locker,2021-10-07,Southeast,South Carolina,Women'S Athletic Footwear,45,650,29250,Online
West Gear,2021-07-19,South,Oklahoma,Women'S Apparel,65,525,34125,Online
Kohl'S,2021-03-16,West,California,Women'S Athletic Footwear,45,525,23625,Outlet
West Gear,2021-10-21,South,Oklahoma,Men'S Street Footwear,30,525,15750,Online
Foot Locker,2021-10-07,Southeast,South Carolina,Men'S Apparel,55,650,35750,Online
West Gear,2020-02-02,West,Nevada,Men'S Athletic Footwear,65,550,35750,Outlet
Kohl'S,2021-04-10,West,California,Women'S Athletic Footwear,45,525,23625,Outlet
Foot Locker,2021-02-12,Midwest,Kansas,Men'S Street Footwear,40,525,21000,Online
Foot Locker,2021-06-06,Midwest,Illinois,Men'S Street Footwear,45,525,23625,Outlet
West Gear,2020-02-03,West,Nevada,Women'S Street Footwear,65,550,35750,Outlet
Foot Locker,2021-08-12,Midwest,South Dakota,Men'S Street Footwear,50,525,26250,Online
Sports Direct,2021-08-13,Midwest,Illinois,Women'S Street Footwear,30,525,15750,Outlet
West Gear,2020-02-09,West,Nevada,Women'S Street Footwear,65,550,35750,In-Store
Sports Direct,2021-08-14,Midwest,Illinois,Women'S Athletic Footwear,35,525,18375,Outlet
Sports Direct,2021-02-09,Midwest,South Dakota,Men'S Street Footwear,35,525,18375,Online
Sports Direct,2021-08-16,South,Texas,Women'S Apparel,35,525,18375,Outlet
Sports Direct,2021-08-09,Midwest,North Dakota,Men'S Street Footwear,50,525,26250,In-Store
West Gear,2020-02-25,West,Nevada,Men'S Street Footwear,60,550,33000,In-Store
Sports Direct,2021-08-31,South,Texas,Women'S Street Footwear,25,525,13125,Outlet
Foot Locker,2021-06-06,Midwest,Iowa,Men'S Street Footwear,35,525,18375,In-Store
West Gear,2020-02-26,West,Nevada,Men'S Athletic Footwear,65,550,35750,In-Store
Sports Direct,2021-09-25,South,Texas,Women'S Athletic Footwear,50,525,26250,Outlet
Foot Locker,2021-08-06,Midwest,Iowa,Men'S Street Footwear,50,525,26250,In-Store
West Gear,2020-03-27,West,Colorado,Men'S Street Footwear,40,550,22000,In-Store
Sports Direct,2021-09-26,South,Texas,Men'S Apparel,55,525,28875,Outlet
West Gear,2021-12-05,Midwest,Iowa,Men'S Street Footwear,60,525,31500,In-Store
Sports Direct,2021-10-20,South,Texas,Men'S Apparel,60,525,31500,Outlet
West Gear,2020-04-28,West,Colorado,Women'S Street Footwear,70,550,38500,In-Store
West Gear,2021-08-03,Midwest,Wisconsin,Men'S Street Footwear,50,525,26250,In-Store
Sports Direct,2021-05-02,Southeast,North Carolina,Men'S Athletic Footwear,45,650,29250,Online
Foot Locker,2021-12-03,Northeast,Pennsylvania,Men'S Street Footwear,65,525,34125,Outlet
West Gear,2021-08-10,Midwest,Indiana,Men'S Street Footwear,50,525,26250,In-Store
West Gear,2020-06-01,West,Washington,Men'S Street Footwear,40,550,22000,In-Store
West Gear,2020-01-08,West,Nevada,Men'S Street Footwear,35,525,18375,Outlet
West Gear,2021-08-17,Northeast,West Virginia,Men'S Street Footwear,50,525,26250,In-Store
Sports Direct,2021-06-04,Southeast,North Carolina,Women'S Athletic Footwear,50,650,32500,Online
West Gear,2020-02-15,West,Nevada,Women'S Street Footwear,65,525,34125,In-Store
West Gear,2020-06-13,West,Washington,Men'S Street Footwear,70,550,38500,In-Store
Foot Locker,2021-07-20,Northeast,Maryland,Men'S Street Footwear,50,525,26250,In-Store
West Gear,2020-03-21,West,Colorado,Men'S Street Footwear,30,525,15750,In-Store
Sports Direct,2021-06-04,Southeast,North Carolina,Men'S Apparel,65,650,42250,Online
West Gear,2020-06-19,West,Washington,Men'S Street Footwear,60,550,33000,In-Store
Foot Locker,2021-01-17,Northeast,Maryland,Men'S Street Footwear,40,525,21000,In-Store
West Gear,2020-04-02,West,Colorado,Men'S Street Footwear,60,525,31500,In-Store
Foot Locker,2021-04-14,Northeast,Delaware,Men'S Street Footwear,40,525,21000,In-Store
West Gear,2020-04-08,West,Colorado,Men'S Street Footwear,60,525,31500,In-Store
West Gear,2020-07-19,West,Washington,Men'S Street Footwear,60,550,33000,In-Store
Foot Locker,2021-09-13,Northeast,Delaware,Men'S Street Footwear,55,525,28875,In-Store
West Gear,2020-07-20,West,Washington,Men'S Athletic Footwear,65,550,35750,In-Store
West Gear,2020-07-30,West,Washington,Women'S Apparel,95,550,52250,In-Store
Kohl'S,2021-02-08,Northeast,Delaware,Men'S Street Footwear,35,525,18375,In-Store
West Gear,2020-08-02,West,Washington,Women'S Street Footwear,80,550,44000,In-Store
Amazon,2021-01-14,Northeast,Massachusetts,Men'S Street Footwear,45,525,23625,In-Store
West Gear,2020-08-03,West,Washington,Women'S Athletic Footwear,80,550,44000,In-Store
Amazon,2021-04-11,Northeast,Vermont,Men'S Street Footwear,45,525,23625,In-Store
West Gear,2020-04-24,West,Colorado,Men'S Apparel,70,525,36750,In-Store
Amazon,2021-09-10,Northeast,Vermont,Men'S Street Footwear,60,525,31500,In-Store
Foot Locker,2020-11-22,Midwest,Minnesota,Men'S Street Footwear,50,550,27500,Outlet
West Gear,2020-04-25,West,Colorado,Women'S Apparel,85,525,44625,In-Store
Sports Direct,2021-08-03,Southeast,North Carolina,Men'S Apparel,55,650,35750,Online
Amazon,2021-01-21,Northeast,Vermont,Men'S Street Footwear,50,525,26250,In-Store
West Gear,2020-05-08,West,Colorado,Men'S Street Footwear,55,525,28875,In-Store
Kohl'S,2021-01-29,Midwest,Montana,Women'S Street Footwear,45,550,24750,Outlet
Amazon,2021-07-17,Northeast,New Hampshire,Women'S Apparel,70,525,36750,Outlet
West Gear,2020-05-09,West,Colorado,Men'S Athletic Footwear,60,525,31500,In-Store
Kohl'S,2021-11-11,West,Wyoming,Women'S Street Footwear,45,520,23400,In-Store
Kohl'S,2021-02-04,Midwest,Montana,Women'S Street Footwear,45,550,24750,Outlet
West Gear,2020-05-25,West,Colorado,Women'S Apparel,80,525,42000,In-Store
Amazon,2021-03-21,Southeast,Kentucky,Men'S Street Footwear,45,520,23400,Online
West Gear,2020-07-04,West,Washington,Women'S Athletic Footwear,80,525,42000,In-Store
Amazon,2021-05-23,Southeast,Kentucky,Men'S Street Footwear,50,520,26000,Online
Foot Locker,2020-11-28,Midwest,Minnesota,Men'S Street Footwear,50,525,26250,Outlet
Foot Locker,2021-05-07,Midwest,Iowa,Men'S Street Footwear,60,520,31200,In-Store
Kohl'S,2021-01-03,Midwest,Montana,Men'S Street Footwear,35,525,18375,Outlet
West Gear,2021-03-09,Midwest,Indiana,Men'S Street Footwear,25,520,13000,In-Store
Kohl'S,2021-01-28,Midwest,Montana,Men'S Athletic Footwear,45,525,23625,Outlet
Kohl'S,2021-05-06,Northeast,New Jersey,Men'S Street Footwear,50,520,26000,In-Store
Sports Direct,2021-04-06,South,Tennessee,Women'S Athletic Footwear,30,525,15750,Outlet
Sports Direct,2021-03-03,Northeast,Connecticut,Men'S Street Footwear,40,520,20800,In-Store
Kohl'S,2021-02-20,Midwest,Montana,Men'S Street Footwear,45,550,24750,Outlet
Sports Direct,2020-07-29,South,Texas,Men'S Apparel,40,500,20000,Outlet
Kohl'S,2021-02-21,Midwest,Montana,Men'S Athletic Footwear,50,550,27500,Outlet
Sports Direct,2020-08-04,South,Texas,Men'S Apparel,45,500,22500,Outlet
Sports Direct,2021-04-19,South,Tennessee,Men'S Apparel,45,550,24750,Outlet
Sports Direct,2021-11-03,Southeast,North Carolina,Men'S Athletic Footwear,35,650,22750,Online
West Gear,2020-11-11,West,California,Men'S Apparel,55,500,27500,Outlet
West Gear,2020-12-23,West,California,Men'S Apparel,65,500,32500,Outlet
Sports Direct,2021-05-18,South,Tennessee,Women'S Athletic Footwear,60,550,33000,Outlet
Sports Direct,2021-11-03,Southeast,North Carolina,Women'S Athletic Footwear,60,650,39000,Online
Kohl'S,2021-03-11,West,California,Men'S Apparel,50,500,25000,Outlet
Foot Locker,2021-06-26,Midwest,Nebraska,Men'S Street Footwear,45,550,24750,Outlet
Kohl'S,2021-04-23,West,California,Men'S Apparel,50,500,25000,Outlet
Amazon,2021-07-09,Midwest,Ohio,Men'S Athletic Footwear,60,650,39000,Online
Foot Locker,2021-06-30,Midwest,Illinois,Men'S Street Footwear,50,500,25000,Outlet
Sports Direct,2021-08-24,South,Alabama,Women'S Apparel,20,550,11000,Outlet
Amazon,2021-08-10,Midwest,Ohio,Men'S Athletic Footwear,60,650,39000,Online
Foot Locker,2021-07-18,Midwest,Illinois,Men'S Street Footwear,50,500,25000,Outlet
Sports Direct,2021-10-09,South,Alabama,Women'S Athletic Footwear,65,550,35750,Outlet
Sports Direct,2021-05-05,South,Tennessee,Women'S Street Footwear,40,525,21000,Outlet
Sports Direct,2021-01-23,South,Mississippi,Men'S Street Footwear,25,650,16250,Online
Sports Direct,2021-05-08,South,Tennessee,Women'S Apparel,45,525,23625,Outlet
Amazon,2021-11-17,Northeast,Maine,Men'S Street Footwear,55,550,30250,Outlet
Walmart,2021-09-19,South,Arkansas,Men'S Street Footwear,50,650,32500,Online
Sports Direct,2021-09-10,South,Alabama,Men'S Apparel,50,525,26250,Outlet
Foot Locker,2021-08-05,Midwest,Illinois,Men'S Street Footwear,60,500,30000,Outlet
Sports Direct,2021-09-24,South,Alabama,Men'S Street Footwear,30,525,15750,Outlet
Foot Locker,2021-07-09,West,Hawaii,Men'S Apparel,85,550,46750,Outlet
Kohl'S,2021-08-13,Midwest,Kansas,Men'S Street Footwear,60,650,39000,Online
Sports Direct,2021-08-22,South,Texas,Women'S Apparel,35,500,17500,Outlet
Sports Direct,2021-09-25,South,Alabama,Men'S Athletic Footwear,30,525,15750,Outlet
Sports Direct,2021-08-25,South,Texas,Women'S Street Footwear,30,500,15000,Outlet
Foot Locker,2021-07-09,West,Hawaii,Women'S Apparel,100,550,55000,Outlet
Amazon,2021-11-11,Northeast,Maine,Men'S Street Footwear,55,525,28875,Outlet
West Gear,2021-07-16,Northeast,West Virginia,Men'S Street Footwear,60,650,39000,In-Store
Sports Direct,2021-09-14,South,Texas,Men'S Apparel,50,500,25000,Outlet
Amazon,2021-12-21,Northeast,Maine,Men'S Street Footwear,55,525,28875,Outlet
Foot Locker,2021-12-16,Northeast,West Virginia,Men'S Street Footwear,65,650,42250,In-Store
Sports Direct,2021-10-13,South,Texas,Women'S Athletic Footwear,65,500,32500,Outlet
Walmart,2021-09-11,West,Hawaii,Men'S Street Footwear,65,550,35750,Outlet
Amazon,2021-04-21,West,Alaska,Men'S Street Footwear,55,525,28875,Outlet
Foot Locker,2021-11-21,Northeast,Pennsylvania,Men'S Street Footwear,65,500,32500,Outlet
Amazon,2021-09-20,West,Alaska,Men'S Street Footwear,65,525,34125,Outlet
Foot Locker,2021-06-15,Northeast,Delaware,Men'S Street Footwear,55,650,35750,In-Store
Walmart,2021-09-11,West,Hawaii,Men'S Athletic Footwear,70,550,38500,Outlet
Foot Locker,2021-11-27,Northeast,Pennsylvania,Men'S Street Footwear,65,500,32500,Outlet
Foot Locker,2021-05-11,West,Hawaii,Men'S Street Footwear,55,525,28875,Outlet
Sports Direct,2021-03-16,Southeast,Florida,Men'S Street Footwear,50,550,27500,Outlet
Foot Locker,2021-08-10,West,Hawaii,Women'S Athletic Footwear,70,525,36750,Outlet
West Gear,2020-02-11,West,Nevada,Men'S Apparel,65,500,32500,In-Store
Walmart,2021-08-10,West,Hawaii,Men'S Apparel,70,525,36750,Outlet
Walmart,2021-04-17,Southeast,Florida,Men'S Street Footwear,65,550,35750,Outlet
West Gear,2020-02-12,West,Nevada,Women'S Apparel,80,500,40000,In-Store
Walmart,2021-11-10,West,Hawaii,Men'S Street Footwear,55,525,28875,Outlet
West Gear,2020-03-14,West,Nevada,Women'S Apparel,75,500,37500,In-Store
West Gear,2021-01-12,Southeast,Florida,Men'S Apparel,55,550,30250,In-Store
Sports Direct,2021-12-09,West,Hawaii,Women'S Apparel,95,525,49875,Outlet
West Gear,2020-04-29,West,Colorado,Women'S Athletic Footwear,70,500,35000,In-Store
West Gear,2021-02-10,Southeast,Florida,Men'S Athletic Footwear,45,550,24750,In-Store
Sports Direct,2021-02-17,West,Hawaii,Men'S Street Footwear,40,525,21000,Outlet
West Gear,2020-04-30,West,Colorado,Men'S Apparel,75,500,37500,In-Store
Walmart,2021-11-17,Southeast,Florida,Women'S Street Footwear,55,525,28875,In-Store
West Gear,2021-02-10,Northeast,New York,Men'S Apparel,55,550,30250,In-Store
West Gear,2020-05-19,West,Colorado,Women'S Apparel,80,500,40000,In-Store
West Gear,2021-12-16,Southeast,Florida,Men'S Apparel,90,525,47250,In-Store
West Gear,2020-05-22,West,Colorado,Women'S Street Footwear,65,500,32500,In-Store
West Gear,2021-03-08,Northeast,New York,Men'S Athletic Footwear,45,550,24750,In-Store
West Gear,2021-04-09,Northeast,New York,Men'S Athletic Footwear,45,525,23625,In-Store
West Gear,2020-05-23,West,Colorado,Women'S Athletic Footwear,65,500,32500,In-Store
West Gear,2021-05-08,Northeast,New York,Women'S Street Footwear,50,550,27500,In-Store
West Gear,2020-05-31,West,Washington,Women'S Apparel,50,500,25000,In-Store
West Gear,2021-08-09,Northeast,New York,Men'S Apparel,55,550,30250,In-Store
West Gear,2021-09-08,Northeast,New York,Women'S Street Footwear,45,550,24750,In-Store
West Gear,2020-06-24,West,Washington,Women'S Apparel,80,500,40000,In-Store
West Gear,2021-04-09,Northeast,New York,Women'S Street Footwear,35,525,18375,In-Store
West Gear,2020-06-28,West,Washington,Women'S Athletic Footwear,80,500,40000,In-Store
Foot Locker,2021-08-14,Northeast,Delaware,Men'S Street Footwear,55,650,35750,In-Store
West Gear,2021-05-08,Northeast,New York,Men'S Apparel,60,525,31500,In-Store
Foot Locker,2020-10-23,Midwest,Minnesota,Men'S Street Footwear,35,500,17500,In-Store
West Gear,2021-09-08,Northeast,New York,Women'S Athletic Footwear,45,525,23625,In-Store
Sports Direct,2021-07-03,Northeast,Connecticut,Men'S Street Footwear,55,650,35750,In-Store
Kohl'S,2021-02-10,Midwest,Montana,Women'S Street Footwear,50,500,25000,Outlet
West Gear,2021-09-08,Northeast,New York,Men'S Apparel,55,525,28875,In-Store
West Gear,2021-10-10,Northeast,New York,Women'S Street Footwear,50,525,26250,In-Store
Amazon,2021-06-12,Northeast,Vermont,Men'S Street Footwear,60,650,39000,In-Store
Kohl'S,2021-03-10,West,Wyoming,Men'S Athletic Footwear,40,525,21000,In-Store
West Gear,2021-11-09,Northeast,New York,Men'S Apparel,65,550,35750,In-Store
Kohl'S,2021-05-10,West,Wyoming,Men'S Athletic Footwear,45,525,23625,In-Store
Amazon,2021-08-11,Northeast,Vermont,Men'S Street Footwear,60,650,39000,In-Store
Kohl'S,2021-06-12,West,Wyoming,Women'S Street Footwear,40,525,21000,In-Store
Kohl'S,2021-03-09,Midwest,Montana,Women'S Apparel,60,500,30000,Outlet
Kohl'S,2021-02-12,Northeast,New York,Women'S Street Footwear,30,550,16500,In-Store
Kohl'S,2021-07-10,West,Wyoming,Men'S Apparel,50,525,26250,In-Store
Sports Direct,2021-03-12,Midwest,Montana,Women'S Street Footwear,30,500,15000,Outlet
Kohl'S,2021-08-11,West,Wyoming,Women'S Athletic Footwear,40,525,21000,In-Store
Kohl'S,2021-03-10,West,Wyoming,Women'S Street Footwear,30,550,16500,In-Store
Sports Direct,2021-03-13,Midwest,Montana,Women'S Athletic Footwear,35,500,17500,Outlet
Kohl'S,2021-09-10,West,Wyoming,Women'S Street Footwear,40,525,21000,In-Store
Sports Direct,2021-03-15,South,Tennessee,Women'S Apparel,35,500,17500,Outlet
Kohl'S,2021-03-10,West,Wyoming,Women'S Apparel,40,550,22000,In-Store
Foot Locker,2021-05-25,Southeast,Virginia,Women'S Apparel,60,525,31500,In-Store
Sports Direct,2021-03-30,South,Tennessee,Women'S Street Footwear,20,500,10000,Outlet
Kohl'S,2021-04-11,West,Wyoming,Women'S Apparel,40,550,22000,In-Store
Foot Locker,2021-06-24,Southeast,Virginia,Women'S Athletic Footwear,80,525,42000,In-Store
Sports Direct,2021-04-13,South,Tennessee,Men'S Apparel,45,500,22500,Outlet
Foot Locker,2021-10-24,Southeast,Virginia,Men'S Athletic Footwear,55,525,28875,In-Store
Sports Direct,2021-05-19,South,Tennessee,Men'S Apparel,55,500,27500,Outlet
Kohl'S,2021-07-10,West,Wyoming,Women'S Street Footwear,40,550,22000,In-Store
Sports Direct,2021-04-16,Midwest,Michigan,Women'S Apparel,40,525,21000,In-Store
Foot Locker,2021-07-02,Midwest,Nebraska,Men'S Street Footwear,45,500,22500,Outlet
Kohl'S,2021-08-11,West,Wyoming,Women'S Street Footwear,40,550,22000,In-Store
Sports Direct,2021-06-17,Midwest,Michigan,Women'S Athletic Footwear,45,525,23625,In-Store
Foot Locker,2021-03-22,West,Arizona,Men'S Street Footwear,40,500,20000,Online
Sports Direct,2021-08-28,South,Alabama,Women'S Athletic Footwear,35,500,17500,Outlet
Sports Direct,2021-06-17,Midwest,Michigan,Men'S Apparel,60,525,31500,In-Store
Foot Locker,2021-12-10,West,Wyoming,Women'S Street Footwear,45,550,24750,In-Store
Sports Direct,2021-09-04,South,Alabama,Men'S Apparel,50,500,25000,Outlet
Sports Direct,2021-07-15,Midwest,Michigan,Women'S Athletic Footwear,50,525,26250,In-Store
Foot Locker,2021-04-23,West,Arizona,Men'S Street Footwear,50,500,25000,Online
Sports Direct,2021-08-16,Midwest,Michigan,Women'S Athletic Footwear,35,525,18375,In-Store
Sports Direct,2021-10-10,South,Alabama,Men'S Apparel,60,500,30000,Outlet
Foot Locker,2021-07-23,Southeast,Virginia,Women'S Athletic Footwear,85,550,46750,In-Store
Foot Locker,2021-10-23,West,Arizona,Men'S Street Footwear,45,500,22500,Online
Sports Direct,2021-10-17,Midwest,Michigan,Women'S Apparel,55,525,28875,In-Store
Amazon,2021-10-18,Northeast,Maine,Men'S Street Footwear,40,500,20000,Outlet
Foot Locker,2021-06-18,Midwest,Missouri,Women'S Apparel,45,525,23625,In-Store
Foot Locker,2021-10-23,West,Arizona,Men'S Athletic Footwear,50,500,25000,Online
Foot Locker,2021-11-24,Southeast,Virginia,Women'S Apparel,80,550,44000,In-Store
Amazon,2021-07-20,West,Alaska,Women'S Apparel,70,500,35000,Outlet
Foot Locker,2021-10-18,Midwest,Missouri,Men'S Street Footwear,35,525,18375,In-Store
Foot Locker,2021-03-09,West,Hawaii,Men'S Street Footwear,45,500,22500,Outlet
Sports Direct,2021-12-23,Southeast,Virginia,Women'S Street Footwear,70,550,38500,In-Store
Foot Locker,2021-04-10,West,Hawaii,Men'S Street Footwear,60,500,30000,Outlet
Foot Locker,2021-07-09,West,Hawaii,Women'S Athletic Footwear,80,500,40000,Outlet
Sports Direct,2021-12-23,Southeast,Virginia,Women'S Athletic Footwear,70,550,38500,In-Store
Walmart,2021-11-10,West,Hawaii,Women'S Apparel,90,500,45000,Outlet
Sports Direct,2021-01-19,Southeast,Virginia,Men'S Athletic Footwear,35,550,19250,In-Store
Sports Direct,2021-12-09,West,Hawaii,Women'S Street Footwear,80,500,40000,Outlet
Sports Direct,2021-01-19,Southeast,Virginia,Women'S Street Footwear,25,550,13750,In-Store
Sports Direct,2021-12-09,West,Hawaii,Women'S Athletic Footwear,80,500,40000,Outlet
Walmart,2021-09-18,Southeast,Florida,Men'S Street Footwear,60,500,30000,In-Store
Sports Direct,2021-01-19,Southeast,Virginia,Women'S Apparel,35,550,19250,In-Store
Walmart,2021-09-18,Southeast,Florida,Men'S Athletic Footwear,65,500,32500,In-Store
Sports Direct,2021-02-17,Midwest,Michigan,Women'S Apparel,35,550,19250,In-Store
Walmart,2021-11-17,Southeast,Florida,Women'S Athletic Footwear,65,500,32500,In-Store
Sports Direct,2021-06-17,Midwest,Michigan,Women'S Street Footwear,45,550,24750,In-Store
West Gear,2021-01-12,Southeast,Florida,Women'S Athletic Footwear,40,500,20000,In-Store
Sports Direct,2021-07-15,Midwest,Michigan,Men'S Apparel,60,550,33000,In-Store
West Gear,2021-05-08,Northeast,New York,Women'S Athletic Footwear,50,500,25000,In-Store
Foot Locker,2021-11-23,West,Arizona,Men'S Street Footwear,45,500,22500,Online
West Gear,2021-10-10,Northeast,New York,Women'S Athletic Footwear,50,500,25000,In-Store
Foot Locker,2021-12-15,Midwest,Michigan,Women'S Athletic Footwear,50,550,27500,In-Store
Kohl'S,2021-07-25,West,New Mexico,Men'S Apparel,60,500,30000,Online
West Gear,2021-10-10,Northeast,New York,Men'S Apparel,60,500,30000,In-Store
Foot Locker,2021-12-15,Midwest,Michigan,Men'S Apparel,60,550,33000,In-Store
Kohl'S,2021-07-25,West,New Mexico,Women'S Apparel,75,500,37500,Online
Kohl'S,2021-01-14,Northeast,New York,Men'S Apparel,50,500,25000,In-Store
Foot Locker,2021-07-17,Midwest,Missouri,Women'S Apparel,45,550,24750,In-Store
Kohl'S,2021-02-12,Northeast,New York,Men'S Athletic Footwear,40,500,20000,In-Store
Kohl'S,2021-11-26,West,New Mexico,Women'S Apparel,75,500,37500,Online
Kohl'S,2021-02-12,West,Wyoming,Men'S Apparel,50,500,25000,In-Store
West Gear,2021-07-10,West,Utah,Men'S Athletic Footwear,30,550,16500,In-Store
Kohl'S,2021-04-11,West,Wyoming,Men'S Athletic Footwear,40,500,20000,In-Store
Kohl'S,2021-04-11,West,Wyoming,Women'S Street Footwear,30,500,15000,In-Store
West Gear,2021-11-11,West,Utah,Men'S Street Footwear,30,550,16500,In-Store
Kohl'S,2021-05-10,West,Wyoming,Women'S Street Footwear,40,500,20000,In-Store
West Gear,2021-07-23,West,Oregon,Women'S Athletic Footwear,85,550,46750,In-Store
West Gear,2021-11-24,West,Oregon,Women'S Apparel,80,550,44000,In-Store
West Gear,2021-08-11,West,Utah,Men'S Athletic Footwear,35,525,18375,In-Store
West Gear,2021-12-23,West,Oregon,Women'S Street Footwear,70,550,38500,In-Store
Kohl'S,2021-06-12,West,Wyoming,Women'S Athletic Footwear,40,500,20000,In-Store
West Gear,2021-08-11,West,Utah,Women'S Apparel,35,525,18375,In-Store
West Gear,2021-12-23,West,Oregon,Women'S Athletic Footwear,70,550,38500,In-Store
Kohl'S,2021-06-12,West,Wyoming,Men'S Apparel,50,500,25000,In-Store
West Gear,2021-05-25,West,Oregon,Women'S Apparel,60,525,31500,In-Store
Sports Direct,2021-12-25,West,New Mexico,Women'S Street Footwear,60,500,30000,Online
Kohl'S,2021-07-10,West,Wyoming,Women'S Athletic Footwear,40,500,20000,In-Store
West Gear,2021-05-18,South,Louisiana,Men'S Street Footwear,45,550,24750,In-Store
West Gear,2021-06-24,West,Oregon,Women'S Athletic Footwear,80,525,42000,In-Store
Kohl'S,2021-08-11,West,Wyoming,Men'S Apparel,50,500,25000,In-Store
Sports Direct,2021-12-25,West,New Mexico,Women'S Athletic Footwear,60,500,30000,Online
West Gear,2021-10-24,West,Oregon,Men'S Athletic Footwear,55,525,28875,In-Store
West Gear,2021-04-05,West,Idaho,Women'S Apparel,30,550,16500,Online
Kohl'S,2021-09-10,West,Wyoming,Women'S Athletic Footwear,40,500,20000,In-Store
West Gear,2021-03-16,South,Louisiana,Men'S Street Footwear,45,525,23625,In-Store
Kohl'S,2021-09-10,West,Wyoming,Men'S Apparel,50,500,25000,In-Store
Sports Direct,2021-02-13,West,New Mexico,Men'S Street Footwear,30,500,15000,Online
West Gear,2021-04-17,South,Louisiana,Men'S Street Footwear,50,525,26250,In-Store
Kohl'S,2021-10-12,West,Wyoming,Women'S Street Footwear,45,500,22500,In-Store
West Gear,2021-11-17,South,Louisiana,Women'S Street Footwear,40,525,21000,Online
Sports Direct,2021-08-13,Southeast,Georgia,Women'S Street Footwear,55,500,27500,Online
Kohl'S,2021-11-11,West,Wyoming,Women'S Athletic Footwear,45,500,22500,In-Store
Foot Locker,2021-12-16,South,Louisiana,Men'S Apparel,85,525,44625,Online
Foot Locker,2021-12-10,West,Wyoming,Women'S Athletic Footwear,45,500,22500,In-Store
West Gear,2021-07-06,West,Idaho,Women'S Athletic Footwear,50,525,26250,Online
Foot Locker,2021-12-12,Southeast,Georgia,Women'S Apparel,70,500,35000,Online
Foot Locker,2021-12-10,West,Wyoming,Men'S Apparel,55,500,27500,In-Store
West Gear,2021-07-06,West,Idaho,Men'S Apparel,55,525,28875,Online
Sports Direct,2021-04-03,Southeast,North Carolina,Women'S Athletic Footwear,25,500,12500,Online
West Gear,2021-06-04,West,Idaho,Women'S Athletic Footwear,50,550,27500,Online
Foot Locker,2021-05-25,Southeast,Virginia,Men'S Street Footwear,50,500,25000,In-Store
Sports Direct,2021-10-04,West,Idaho,Women'S Street Footwear,45,525,23625,Online
Amazon,2021-05-09,Midwest,Ohio,Men'S Athletic Footwear,45,500,22500,Online
Sports Direct,2021-10-04,West,Idaho,Women'S Apparel,45,525,23625,Online
Kohl'S,2021-03-25,West,New Mexico,Men'S Street Footwear,45,550,24750,Online
Foot Locker,2021-12-04,West,Idaho,Women'S Athletic Footwear,60,525,31500,Online
Amazon,2021-06-11,Midwest,Ohio,Women'S Athletic Footwear,50,500,25000,Online
Foot Locker,2021-05-24,West,Arizona,Men'S Street Footwear,50,525,26250,Online
Kohl'S,2021-04-26,West,New Mexico,Men'S Street Footwear,55,550,30250,Online
Foot Locker,2021-06-23,West,Arizona,Women'S Apparel,70,525,36750,Online
Kohl'S,2021-06-26,West,New Mexico,Men'S Athletic Footwear,60,550,33000,Online
Foot Locker,2021-07-22,West,Arizona,Men'S Athletic Footwear,55,525,28875,Online
Foot Locker,2021-11-23,West,Arizona,Men'S Athletic Footwear,50,525,26250,Online
Kohl'S,2021-06-26,West,New Mexico,Women'S Street Footwear,60,550,33000,Online
Kohl'S,2021-02-26,West,Arizona,Men'S Street Footwear,35,525,18375,Online
Kohl'S,2021-07-25,West,New Mexico,Women'S Street Footwear,60,550,33000,Online
Kohl'S,2021-08-26,West,New Mexico,Women'S Street Footwear,60,525,31500,Online
Sports Direct,2021-12-25,West,New Mexico,Women'S Apparel,75,525,39375,Online
Kohl'S,2021-10-26,West,New Mexico,Men'S Street Footwear,50,550,27500,Online
Sports Direct,2021-03-12,Southeast,Georgia,Men'S Street Footwear,40,525,21000,Online
Kohl'S,2021-10-26,West,New Mexico,Men'S Athletic Footwear,55,550,30250,Online
Sports Direct,2021-02-17,Southeast,Virginia,Women'S Street Footwear,25,500,12500,In-Store
Sports Direct,2021-04-13,Southeast,Georgia,Men'S Street Footwear,50,525,26250,Online
Kohl'S,2021-11-26,West,New Mexico,Men'S Street Footwear,60,550,33000,Online
Amazon,2021-06-11,Midwest,Ohio,Men'S Apparel,65,500,32500,Online
Sports Direct,2021-06-13,Southeast,Georgia,Men'S Athletic Footwear,55,525,28875,Online
Sports Direct,2021-05-15,Midwest,Michigan,Men'S Athletic Footwear,50,500,25000,In-Store
Sports Direct,2021-06-13,Southeast,Georgia,Women'S Street Footwear,55,525,28875,Online
Sports Direct,2021-05-14,Southeast,Georgia,Men'S Street Footwear,50,550,27500,Online
Sports Direct,2021-08-16,Midwest,Michigan,Men'S Apparel,45,500,22500,In-Store
Amazon,2021-08-10,Midwest,Ohio,Men'S Apparel,55,500,27500,Online
Sports Direct,2021-07-12,Southeast,Georgia,Women'S Street Footwear,55,525,28875,Online
Sports Direct,2021-09-15,Midwest,Michigan,Women'S Street Footwear,35,500,17500,In-Store
Sports Direct,2021-10-04,Southeast,North Carolina,Women'S Athletic Footwear,35,550,19250,Online
Sports Direct,2021-10-13,Southeast,Georgia,Men'S Street Footwear,45,525,23625,Online
Amazon,2021-11-10,Midwest,Ohio,Men'S Athletic Footwear,25,500,12500,Online
Sports Direct,2021-11-16,Midwest,Michigan,Men'S Athletic Footwear,45,500,22500,In-Store
Sports Direct,2021-10-13,Southeast,Georgia,Men'S Athletic Footwear,50,525,26250,Online
Sports Direct,2021-10-04,Southeast,North Carolina,Men'S Apparel,45,550,24750,Online
Amazon,2021-11-10,Midwest,Ohio,Women'S Athletic Footwear,65,500,32500,Online
Foot Locker,2021-07-17,Midwest,Missouri,Men'S Athletic Footwear,35,500,17500,In-Store
Amazon,2021-02-11,Midwest,Ohio,Women'S Apparel,30,550,16500,Online
Foot Locker,2021-11-18,Midwest,Missouri,Men'S Street Footwear,35,500,17500,In-Store
Amazon,2021-01-22,Midwest,Ohio,Men'S Street Footwear,40,500,20000,Online
West Gear,2021-12-10,West,Utah,Men'S Athletic Footwear,30,500,15000,In-Store
Sports Direct,2021-11-13,Southeast,Georgia,Men'S Street Footwear,55,525,28875,Online
Amazon,2021-05-09,Midwest,Ohio,Women'S Apparel,55,550,30250,Online
Foot Locker,2021-02-18,South,Mississippi,Women'S Apparel,25,500,12500,Online
West Gear,2021-12-10,West,Utah,Women'S Apparel,45,500,22500,In-Store
Sports Direct,2021-02-04,Southeast,North Carolina,Women'S Athletic Footwear,30,525,15750,Online
West Gear,2021-05-25,West,Oregon,Men'S Street Footwear,50,500,25000,In-Store
Amazon,2021-06-11,Midwest,Ohio,Men'S Athletic Footwear,45,550,24750,Online
Sports Direct,2021-03-02,Southeast,North Carolina,Men'S Apparel,40,525,21000,Online
Foot Locker,2021-05-16,South,Mississippi,Women'S Apparel,50,500,25000,Online
West Gear,2021-02-17,West,Oregon,Men'S Street Footwear,35,500,17500,In-Store
Sports Direct,2021-04-03,Southeast,North Carolina,Men'S Apparel,45,525,23625,Online
Foot Locker,2021-06-18,South,Mississippi,Men'S Athletic Footwear,40,500,20000,Online
West Gear,2021-09-18,South,Louisiana,Men'S Street Footwear,45,500,22500,Online
Amazon,2021-02-11,Southeast,North Carolina,Women'S Street Footwear,25,525,13125,Online
Amazon,2021-04-10,Midwest,Ohio,Women'S Apparel,35,525,18375,Online
West Gear,2021-09-18,South,Louisiana,Men'S Athletic Footwear,50,500,25000,Online
Walmart,2021-07-16,South,Mississippi,Men'S Apparel,60,500,30000,Online
Amazon,2021-06-11,Midwest,Ohio,Women'S Street Footwear,50,525,26250,Online
West Gear,2021-11-17,South,Louisiana,Women'S Athletic Footwear,50,500,25000,Online
Walmart,2021-09-16,South,Mississippi,Women'S Apparel,35,500,17500,Online
West Gear,2021-05-05,West,Idaho,Women'S Athletic Footwear,35,500,17500,Online
Walmart,2021-10-18,South,Mississippi,Men'S Athletic Footwear,25,500,12500,Online
West Gear,2021-12-19,South,Arkansas,Men'S Athletic Footwear,60,500,30000,Online
West Gear,2021-12-19,South,Arkansas,Women'S Apparel,75,500,37500,Online
Amazon,2021-07-09,Midwest,Ohio,Men'S Apparel,65,550,35750,Online
Kohl'S,2021-04-13,Midwest,Kansas,Men'S Street Footwear,25,500,12500,Online
West Gear,2021-11-24,West,Oregon,Women'S Street Footwear,45,475,21375,In-Store
Amazon,2021-09-09,Midwest,Ohio,Women'S Apparel,40,550,22000,Online
Kohl'S,2021-07-12,Midwest,Kansas,Women'S Apparel,65,500,32500,Online
Foot Locker,2021-12-17,Midwest,Missouri,Men'S Athletic Footwear,35,450,15750,In-Store
West Gear,2021-12-23,West,Oregon,Men'S Apparel,80,475,38000,In-Store
West Gear,2021-08-17,South,Louisiana,Women'S Athletic Footwear,75,475,35625,Online
West Gear,2021-12-17,Midwest,Missouri,Women'S Apparel,50,450,22500,In-Store
Kohl'S,2021-10-14,Midwest,Kansas,Men'S Street Footwear,30,500,15000,Online
West Gear,2021-08-17,South,Louisiana,Men'S Apparel,65,475,30875,Online
West Gear,2021-02-11,West,Utah,Women'S Apparel,25,450,11250,In-Store
Foot Locker,2021-06-12,Midwest,South Dakota,Men'S Street Footwear,45,500,22500,Online
West Gear,2021-11-17,South,Louisiana,Men'S Apparel,70,475,33250,Online
West Gear,2021-08-11,West,Utah,Women'S Street Footwear,30,450,13500,In-Store
Foot Locker,2021-01-05,South,Louisiana,Women'S Street Footwear,30,475,14250,Online
Sports Direct,2021-12-11,Midwest,South Dakota,Men'S Street Footwear,60,500,30000,Online
West Gear,2021-09-12,West,Utah,Men'S Athletic Footwear,25,450,11250,In-Store
Foot Locker,2021-01-05,South,Louisiana,Women'S Athletic Footwear,35,475,16625,Online
West Gear,2021-11-11,West,Utah,Women'S Apparel,45,450,20250,In-Store
West Gear,2021-01-05,South,Louisiana,Women'S Apparel,35,475,16625,Online
Sports Direct,2021-06-09,Midwest,North Dakota,Men'S Street Footwear,40,500,20000,In-Store
West Gear,2021-12-10,West,Utah,Women'S Street Footwear,30,450,13500,In-Store
West Gear,2021-04-05,West,Idaho,Women'S Street Footwear,25,475,11875,Online
Sports Direct,2021-02-17,West,Hawaii,Men'S Athletic Footwear,50,425,21250,Outlet
Foot Locker,2021-12-08,Midwest,North Dakota,Men'S Street Footwear,60,500,30000,In-Store
Foot Locker,2021-08-08,West,Idaho,Women'S Athletic Footwear,50,475,23750,Online
West Gear,2021-02-24,West,Utah,Men'S Street Footwear,30,450,13500,In-Store
Foot Locker,2021-02-06,Midwest,North Dakota,Men'S Street Footwear,30,500,15000,In-Store
Sports Direct,2021-08-08,West,Idaho,Men'S Apparel,55,475,26125,Online
Sports Direct,2021-02-17,West,Hawaii,Women'S Street Footwear,50,425,21250,Outlet
Foot Locker,2021-12-04,West,Idaho,Men'S Apparel,55,475,26125,Online
Sports Direct,2021-03-16,Southeast,Florida,Women'S Street Footwear,65,425,27625,Outlet
West Gear,2021-02-03,Midwest,Iowa,Men'S Street Footwear,30,500,15000,In-Store
Foot Locker,2021-02-23,West,Idaho,Men'S Street Footwear,30,475,14250,Online
Foot Locker,2021-06-23,West,Arizona,Men'S Athletic Footwear,55,475,26125,Online
West Gear,2021-01-10,Midwest,Wisconsin,Men'S Street Footwear,35,500,17500,In-Store
Foot Locker,2021-06-23,West,Arizona,Women'S Street Footwear,55,475,26125,Online
Foot Locker,2021-07-22,West,Arizona,Women'S Street Footwear,55,475,26125,Online
West Gear,2021-04-10,Midwest,Indiana,Men'S Street Footwear,25,500,12500,In-Store
Kohl'S,2021-01-26,West,Arizona,Men'S Street Footwear,35,475,16625,Online
West Gear,2021-01-17,Midwest,Indiana,Men'S Street Footwear,35,500,17500,In-Store
Kohl'S,2021-01-26,West,Arizona,Men'S Athletic Footwear,45,475,21375,Online
West Gear,2021-09-25,West,Oregon,Men'S Street Footwear,50,450,22500,In-Store
West Gear,2021-06-22,Northeast,Maryland,Men'S Street Footwear,50,500,25000,In-Store
Kohl'S,2021-01-26,West,Arizona,Women'S Street Footwear,45,475,21375,Online
Kohl'S,2021-01-26,West,Arizona,Women'S Apparel,45,475,21375,Online
Sports Direct,2021-08-21,Northeast,Maryland,Men'S Street Footwear,50,500,25000,In-Store
Kohl'S,2021-08-26,West,New Mexico,Women'S Athletic Footwear,60,475,28500,Online
Kohl'S,2021-08-26,West,New Mexico,Men'S Apparel,70,475,33250,Online
Foot Locker,2021-07-13,Northeast,Delaware,Women'S Apparel,60,500,30000,In-Store
Kohl'S,2021-09-27,West,New Mexico,Women'S Street Footwear,50,475,23750,Online
Sports Direct,2021-01-07,Northeast,New Jersey,Men'S Street Footwear,40,500,20000,In-Store
Kohl'S,2021-09-27,West,New Mexico,Women'S Apparel,65,475,30875,Online
Sports Direct,2021-07-12,Southeast,Georgia,Men'S Apparel,55,475,26125,Online
Sports Direct,2021-04-04,Northeast,Connecticut,Men'S Street Footwear,40,500,20000,In-Store
Sports Direct,2021-07-12,Southeast,Georgia,Women'S Apparel,70,475,33250,Online
Sports Direct,2021-09-03,Northeast,Connecticut,Men'S Street Footwear,55,500,27500,In-Store
Sports Direct,2021-11-13,Southeast,Georgia,Women'S Apparel,70,475,33250,Online
Sports Direct,2021-12-06,Northeast,Rhode Island,Men'S Street Footwear,60,500,30000,In-Store
Foot Locker,2021-12-12,Southeast,Georgia,Women'S Street Footwear,55,475,26125,Online
Foot Locker,2021-12-12,Southeast,Georgia,Women'S Athletic Footwear,55,475,26125,Online
Sports Direct,2021-02-15,Northeast,Rhode Island,Men'S Street Footwear,40,500,20000,In-Store
Sports Direct,2021-03-02,Southeast,North Carolina,Women'S Athletic Footwear,25,475,11875,Online
Walmart,2021-05-18,Southeast,Florida,Men'S Athletic Footwear,65,425,27625,Outlet
Amazon,2021-01-13,Southeast,North Carolina,Men'S Apparel,45,475,21375,Online
Amazon,2021-07-10,Northeast,Vermont,Women'S Apparel,65,500,32500,In-Store
Amazon,2021-02-11,Southeast,North Carolina,Men'S Athletic Footwear,35,475,16625,Online
Foot Locker,2021-01-24,Northeast,New Hampshire,Men'S Street Footwear,55,500,27500,Outlet
Amazon,2021-03-09,Midwest,Ohio,Women'S Street Footwear,20,475,9500,Online
Amazon,2021-03-09,Midwest,Ohio,Women'S Apparel,30,475,14250,Online
Foot Locker,2021-06-12,Midwest,Illinois,Men'S Street Footwear,50,495,24750,Outlet
Amazon,2021-05-09,Midwest,Ohio,Women'S Street Footwear,40,475,19000,Online
West Gear,2021-09-25,West,Oregon,Men'S Athletic Footwear,55,450,24750,In-Store
Foot Locker,2021-06-24,Midwest,Illinois,Men'S Street Footwear,60,495,29700,Outlet
Amazon,2021-09-09,Midwest,Ohio,Women'S Street Footwear,25,475,11875,Online
West Gear,2021-11-24,West,Oregon,Women'S Athletic Footwear,55,450,24750,In-Store
Amazon,2021-11-10,Midwest,Ohio,Men'S Apparel,80,475,38000,Online
Amazon,2021-11-05,Northeast,Maine,Men'S Street Footwear,55,495,27225,Outlet
Amazon,2021-04-22,Southeast,Kentucky,Men'S Street Footwear,45,475,21375,Online
Foot Locker,2021-03-11,Midwest,South Dakota,Men'S Street Footwear,40,495,19800,Online
Foot Locker,2021-02-18,Southeast,Kentucky,Women'S Street Footwear,20,475,9500,Online
Foot Locker,2021-05-13,Midwest,South Dakota,Men'S Street Footwear,60,495,29700,Online
Foot Locker,2021-04-17,South,Mississippi,Women'S Apparel,30,475,14250,Online
Foot Locker,2021-06-18,South,Mississippi,Women'S Street Footwear,45,475,21375,Online
Sports Direct,2021-03-08,Midwest,North Dakota,Men'S Street Footwear,30,495,14850,Online
Walmart,2021-07-16,South,Mississippi,Women'S Athletic Footwear,50,475,23750,Online
Sports Direct,2021-05-10,Midwest,North Dakota,Men'S Street Footwear,60,495,29700,In-Store
West Gear,2021-01-17,West,Oregon,Women'S Apparel,45,450,20250,In-Store
Walmart,2021-08-17,South,Mississippi,Women'S Athletic Footwear,40,475,19000,Online
Walmart,2021-05-18,Southeast,Florida,Women'S Street Footwear,65,425,27625,Outlet
West Gear,2021-05-04,Midwest,Wisconsin,Men'S Street Footwear,60,495,29700,In-Store
Sports Direct,2021-10-18,South,Mississippi,Women'S Apparel,35,475,16625,Online
West Gear,2021-03-08,Northeast,New York,Women'S Athletic Footwear,40,425,17000,In-Store
Sports Direct,2021-12-16,South,Mississippi,Women'S Athletic Footwear,60,475,28500,Online
Kohl'S,2021-03-06,Northeast,New Jersey,Men'S Street Footwear,35,495,17325,In-Store
Sports Direct,2021-12-16,South,Mississippi,Men'S Apparel,70,475,33250,Online
Kohl'S,2021-02-12,West,Wyoming,Women'S Athletic Footwear,35,425,14875,In-Store
West Gear,2021-06-21,South,Oklahoma,Women'S Apparel,60,475,28500,Online
Sports Direct,2021-05-13,Northeast,Massachusetts,Men'S Street Footwear,55,495,27225,In-Store
West Gear,2021-08-20,South,Oklahoma,Women'S Apparel,55,475,26125,Online
Kohl'S,2021-04-11,West,Wyoming,Women'S Athletic Footwear,35,425,14875,In-Store
Kohl'S,2021-11-20,South,Oklahoma,Men'S Street Footwear,25,475,11875,Online
Foot Locker,2021-05-31,West,California,Men'S Street Footwear,45,475,21375,Outlet
Kohl'S,2021-04-11,West,Wyoming,Men'S Apparel,50,425,21250,In-Store
Foot Locker,2021-01-12,Midwest,Kansas,Men'S Street Footwear,40,475,19000,Online
Sports Direct,2021-08-19,South,Texas,Women'S Street Footwear,35,475,16625,Outlet
Foot Locker,2021-09-13,Midwest,South Dakota,Men'S Street Footwear,45,475,21375,Online
Foot Locker,2021-08-24,Southeast,Virginia,Women'S Athletic Footwear,70,425,29750,In-Store
Sports Direct,2021-01-09,Midwest,South Dakota,Men'S Street Footwear,35,475,16625,Online
Sports Direct,2021-10-14,South,Texas,Men'S Apparel,60,475,28500,Outlet
Sports Direct,2021-09-10,Midwest,North Dakota,Men'S Street Footwear,40,475,19000,In-Store
Foot Locker,2021-08-24,Southeast,Virginia,Men'S Apparel,70,425,29750,In-Store
Foot Locker,2021-04-06,Midwest,Iowa,Men'S Street Footwear,20,475,9500,In-Store
Foot Locker,2021-10-28,Northeast,Pennsylvania,Men'S Street Footwear,45,475,21375,Outlet
Foot Locker,2021-11-24,Southeast,Virginia,Men'S Apparel,75,425,31875,In-Store
Foot Locker,2021-12-09,Northeast,Pennsylvania,Men'S Street Footwear,65,475,30875,Outlet
West Gear,2021-06-17,South,Louisiana,Men'S Apparel,95,450,42750,Online
Sports Direct,2021-04-16,Midwest,Michigan,Men'S Athletic Footwear,40,425,17000,In-Store
Foot Locker,2021-09-07,Midwest,Iowa,Men'S Street Footwear,35,475,16625,In-Store
Foot Locker,2021-02-04,West,Idaho,Women'S Apparel,35,450,15750,Online
Foot Locker,2021-12-27,Northeast,Pennsylvania,Men'S Street Footwear,70,475,33250,Outlet
West Gear,2021-09-04,Midwest,Wisconsin,Men'S Street Footwear,35,475,16625,In-Store
Foot Locker,2021-03-06,West,Idaho,Women'S Street Footwear,30,450,13500,Online
West Gear,2021-09-11,Midwest,Indiana,Men'S Street Footwear,35,475,16625,In-Store
West Gear,2020-01-07,West,Nevada,Women'S Apparel,45,475,21375,Outlet
West Gear,2021-06-04,West,Idaho,Men'S Apparel,55,450,24750,Online
West Gear,2021-07-16,Northeast,West Virginia,Women'S Apparel,65,475,30875,In-Store
West Gear,2020-02-16,West,Nevada,Women'S Athletic Footwear,65,475,30875,In-Store
Sports Direct,2021-11-05,West,Idaho,Women'S Athletic Footwear,60,450,27000,Online
Foot Locker,2021-02-22,Northeast,West Virginia,Men'S Street Footwear,35,475,16625,In-Store
West Gear,2020-02-17,West,Nevada,Men'S Apparel,75,475,35625,In-Store
Foot Locker,2021-08-23,West,Arizona,Women'S Street Footwear,55,450,24750,Online
Foot Locker,2021-10-15,Northeast,Delaware,Men'S Street Footwear,60,475,28500,In-Store
Kohl'S,2021-12-22,West,Arizona,Women'S Apparel,60,450,27000,Online
Kohl'S,2021-01-10,Northeast,Delaware,Men'S Street Footwear,35,475,16625,In-Store
West Gear,2020-03-08,West,Nevada,Women'S Apparel,75,475,35625,In-Store
Kohl'S,2021-05-27,West,New Mexico,Women'S Street Footwear,60,450,27000,Online
Kohl'S,2021-04-07,Northeast,New Jersey,Men'S Street Footwear,35,475,16625,In-Store
West Gear,2020-03-11,West,Nevada,Women'S Street Footwear,60,475,28500,In-Store
Kohl'S,2021-07-25,West,New Mexico,Women'S Athletic Footwear,55,450,24750,Online
Kohl'S,2021-09-06,Northeast,New Jersey,Men'S Street Footwear,50,475,23750,In-Store
West Gear,2020-03-12,West,Nevada,Women'S Athletic Footwear,60,475,28500,In-Store
Sports Direct,2021-10-17,Midwest,Michigan,Women'S Street Footwear,40,425,17000,In-Store
Sports Direct,2021-07-03,Northeast,Connecticut,Women'S Apparel,60,475,28500,In-Store
Kohl'S,2021-08-26,West,New Mexico,Women'S Apparel,75,450,33750,Online
Foot Locker,2021-02-08,Northeast,Connecticut,Men'S Street Footwear,35,475,16625,In-Store
Kohl'S,2021-11-26,West,New Mexico,Women'S Street Footwear,60,450,27000,Online
West Gear,2020-03-20,West,Colorado,Women'S Apparel,40,475,19000,In-Store
Sports Direct,2021-01-13,West,New Mexico,Men'S Street Footwear,30,450,13500,Online
Amazon,2021-10-12,Northeast,Vermont,Men'S Street Footwear,65,475,30875,In-Store
West Gear,2020-04-13,West,Colorado,Women'S Apparel,80,475,38000,In-Store
Sports Direct,2021-01-13,West,New Mexico,Men'S Athletic Footwear,40,450,18000,Online
Amazon,2021-06-19,Northeast,New Hampshire,Women'S Apparel,70,475,33250,In-Store
Foot Locker,2021-10-19,Northeast,New Hampshire,Men'S Street Footwear,70,475,33250,Outlet
West Gear,2020-04-23,West,Colorado,Women'S Athletic Footwear,65,475,30875,In-Store
Sports Direct,2021-01-13,West,New Mexico,Women'S Street Footwear,40,450,18000,Online
Foot Locker,2021-11-15,Northeast,Pennsylvania,Men'S Street Footwear,60,470,28200,Outlet
Sports Direct,2021-01-13,West,New Mexico,Women'S Apparel,40,450,18000,Online
West Gear,2020-07-27,West,Washington,Women'S Street Footwear,60,475,28500,In-Store
Amazon,2021-10-24,Northeast,Maine,Men'S Street Footwear,40,470,18800,Outlet
Sports Direct,2021-08-13,Southeast,Georgia,Women'S Athletic Footwear,55,450,24750,Online
Foot Locker,2021-03-05,Midwest,Iowa,Men'S Street Footwear,20,470,9400,In-Store
West Gear,2020-08-04,West,Washington,Men'S Apparel,90,475,42750,In-Store
Sports Direct,2021-08-13,Southeast,Georgia,Men'S Apparel,65,450,29250,Online
West Gear,2021-03-02,Midwest,Wisconsin,Men'S Street Footwear,20,470,9400,In-Store
Sports Direct,2021-09-14,Southeast,Georgia,Women'S Street Footwear,45,450,20250,Online
Foot Locker,2020-12-22,Midwest,Minnesota,Men'S Street Footwear,55,475,26125,Outlet
West Gear,2021-05-20,Northeast,Maryland,Men'S Street Footwear,50,470,23500,In-Store
Sports Direct,2021-09-14,Southeast,Georgia,Women'S Apparel,60,450,27000,Online
Foot Locker,2021-05-06,Northeast,Rhode Island,Men'S Street Footwear,50,470,23500,In-Store
Kohl'S,2020-12-28,Midwest,Minnesota,Men'S Street Footwear,35,475,16625,Outlet
Amazon,2021-02-11,Midwest,Ohio,Men'S Apparel,45,450,20250,Online
Sports Direct,2021-03-13,Northeast,Massachusetts,Men'S Street Footwear,40,470,18800,In-Store
Kohl'S,2020-12-29,Midwest,Minnesota,Men'S Athletic Footwear,45,475,21375,Outlet
Kohl'S,2021-03-17,West,California,Men'S Apparel,50,450,22500,Outlet
Amazon,2021-03-09,Midwest,Ohio,Men'S Athletic Footwear,30,450,13500,Online
Kohl'S,2020-12-30,Midwest,Minnesota,Women'S Street Footwear,45,475,21375,Outlet
Amazon,2021-05-09,Midwest,Ohio,Men'S Apparel,50,450,22500,Online
Foot Locker,2021-01-18,Midwest,Michigan,Men'S Athletic Footwear,30,425,12750,In-Store
Amazon,2021-09-09,Midwest,Ohio,Women'S Athletic Footwear,25,450,11250,Online
Kohl'S,2021-01-02,Midwest,Montana,Women'S Apparel,45,475,21375,Outlet
Amazon,2021-09-09,Midwest,Ohio,Men'S Apparel,35,450,15750,Online
Foot Locker,2021-01-18,Midwest,Michigan,Women'S Apparel,30,425,12750,In-Store
Kohl'S,2021-04-17,West,California,Men'S Apparel,50,450,22500,Outlet
Kohl'S,2021-02-06,Midwest,Montana,Men'S Apparel,45,475,21375,Outlet
Amazon,2021-10-22,Southeast,Kentucky,Men'S Street Footwear,55,450,24750,Online
Foot Locker,2021-06-18,Midwest,Illinois,Men'S Street Footwear,50,450,22500,Outlet
Foot Locker,2021-07-17,Midwest,Missouri,Women'S Street Footwear,30,425,12750,In-Store
Foot Locker,2021-05-16,South,Mississippi,Men'S Athletic Footwear,40,450,18000,Online
Kohl'S,2021-02-07,Midwest,Montana,Women'S Apparel,60,475,28500,Outlet
Sports Direct,2021-08-28,South,Texas,Women'S Apparel,35,450,15750,Outlet
Foot Locker,2021-06-18,South,Mississippi,Women'S Athletic Footwear,45,450,20250,Online
West Gear,2021-07-10,West,Utah,Women'S Athletic Footwear,25,425,10625,In-Store
Sports Direct,2021-09-08,South,Texas,Men'S Apparel,50,450,22500,Outlet
Foot Locker,2021-06-18,South,Mississippi,Men'S Apparel,60,450,27000,Online
Sports Direct,2021-10-01,South,Texas,Women'S Athletic Footwear,60,450,27000,Outlet
West Gear,2021-07-10,West,Utah,Men'S Apparel,35,425,14875,In-Store
Walmart,2021-08-17,South,Mississippi,Men'S Apparel,50,450,22500,Online
Sports Direct,2021-10-02,South,Texas,Men'S Apparel,55,450,24750,Outlet
Sports Direct,2021-11-17,South,Mississippi,Women'S Athletic Footwear,60,450,27000,Online
Foot Locker,2021-11-09,Northeast,Pennsylvania,Men'S Street Footwear,50,450,22500,Outlet
West Gear,2021-08-24,West,Oregon,Women'S Athletic Footwear,70,425,29750,In-Store
Sports Direct,2021-01-23,South,Mississippi,Men'S Athletic Footwear,25,450,11250,Online
West Gear,2020-01-02,Northeast,Pennsylvania,Men'S Street Footwear,35,450,15750,Outlet
West Gear,2021-08-24,West,Oregon,Men'S Apparel,70,425,29750,In-Store
Sports Direct,2021-01-23,South,Mississippi,Women'S Apparel,25,450,11250,Online
West Gear,2020-01-03,Northeast,Pennsylvania,Men'S Athletic Footwear,45,450,20250,Outlet
West Gear,2020-01-04,Northeast,Pennsylvania,Women'S Street Footwear,45,450,20250,Outlet
Kohl'S,2021-03-03,Midwest,Montana,Women'S Apparel,60,475,28500,Outlet
West Gear,2021-11-24,West,Oregon,Men'S Apparel,75,425,31875,In-Store
West Gear,2020-01-31,West,Nevada,Women'S Apparel,80,450,36000,Outlet
Kohl'S,2021-03-06,Midwest,Montana,Women'S Street Footwear,45,475,21375,Outlet
West Gear,2020-02-10,West,Nevada,Women'S Athletic Footwear,60,450,27000,In-Store
Foot Locker,2021-02-04,South,Louisiana,Women'S Street Footwear,35,425,14875,Online
Walmart,2021-07-19,South,Arkansas,Women'S Street Footwear,45,450,20250,Online
West Gear,2020-02-21,West,Nevada,Women'S Street Footwear,60,450,27000,In-Store
Walmart,2021-08-20,South,Arkansas,Women'S Street Footwear,50,450,22500,Online
Sports Direct,2021-11-05,West,Idaho,Men'S Apparel,55,425,23375,Online
West Gear,2020-02-24,West,Nevada,Women'S Apparel,75,450,33750,In-Store
Walmart,2021-09-19,South,Arkansas,Men'S Athletic Footwear,40,450,18000,Online
West Gear,2020-04-17,West,Colorado,Women'S Athletic Footwear,65,450,29250,In-Store
Foot Locker,2021-01-23,West,Idaho,Men'S Street Footwear,30,425,12750,Online
West Gear,2021-11-20,South,Arkansas,Women'S Apparel,75,450,33750,Online
West Gear,2020-05-04,West,Colorado,Women'S Street Footwear,65,450,29250,In-Store
West Gear,2021-12-19,South,Arkansas,Women'S Street Footwear,60,450,27000,Online
Foot Locker,2021-01-23,West,Idaho,Men'S Athletic Footwear,40,425,17000,Online
West Gear,2020-05-26,West,Colorado,Men'S Street Footwear,40,450,18000,In-Store
West Gear,2021-07-19,South,Oklahoma,Men'S Athletic Footwear,50,450,22500,Online
West Gear,2020-05-27,West,Colorado,Men'S Athletic Footwear,50,450,22500,In-Store
Foot Locker,2021-01-23,West,Idaho,Women'S Street Footwear,40,425,17000,Online
West Gear,2021-08-20,South,Oklahoma,Men'S Athletic Footwear,55,450,24750,Online
West Gear,2020-05-28,West,Colorado,Women'S Street Footwear,50,450,22500,In-Store
Foot Locker,2021-01-23,West,Idaho,Women'S Apparel,40,425,17000,Online
Kohl'S,2021-06-14,Midwest,Kansas,Women'S Apparel,60,450,27000,Online
Foot Locker,2021-07-22,West,Arizona,Men'S Apparel,55,425,23375,Online
Kohl'S,2021-08-13,Midwest,Kansas,Women'S Apparel,55,450,24750,Online
Kohl'S,2021-03-07,Midwest,Montana,Women'S Athletic Footwear,45,475,21375,Outlet
Foot Locker,2021-11-13,Midwest,Kansas,Men'S Street Footwear,25,450,11250,Online
Foot Locker,2021-07-22,West,Arizona,Women'S Apparel,70,425,29750,Online
West Gear,2020-06-02,West,Washington,Men'S Athletic Footwear,50,450,22500,In-Store
Sports Direct,2021-03-21,South,Tennessee,Women'S Apparel,35,475,16625,Outlet
West Gear,2020-06-03,West,Washington,Women'S Street Footwear,50,450,22500,In-Store
Foot Locker,2021-09-24,West,Arizona,Women'S Street Footwear,45,425,19125,Online
West Gear,2020-07-15,West,Washington,Women'S Street Footwear,70,450,31500,In-Store
Sports Direct,2021-03-24,South,Tennessee,Women'S Street Footwear,30,475,14250,Outlet
Foot Locker,2021-09-24,West,Arizona,Women'S Apparel,60,425,25500,Online
West Gear,2020-07-18,West,Washington,Women'S Apparel,65,450,29250,In-Store
Sports Direct,2021-04-24,South,Tennessee,Women'S Athletic Footwear,45,475,21375,Outlet
West Gear,2020-07-28,West,Washington,Women'S Athletic Footwear,70,450,31500,In-Store
Foot Locker,2021-11-23,West,Arizona,Women'S Apparel,60,425,25500,Online
Foot Locker,2020-10-17,Southeast,Florida,Men'S Street Footwear,35,450,15750,In-Store
Sports Direct,2021-04-25,South,Tennessee,Men'S Apparel,50,475,23750,Outlet
Foot Locker,2021-04-12,Midwest,South Dakota,Men'S Street Footwear,40,450,18000,Online
Kohl'S,2021-12-22,West,Arizona,Women'S Street Footwear,45,425,19125,Online
Sports Direct,2021-04-09,Midwest,North Dakota,Men'S Street Footwear,30,450,13500,Online
Sports Direct,2021-05-12,South,Tennessee,Women'S Athletic Footwear,55,475,26125,Outlet
Foot Locker,2021-01-06,Midwest,North Dakota,Men'S Street Footwear,30,450,13500,In-Store
Kohl'S,2021-12-22,West,Arizona,Women'S Athletic Footwear,45,425,19125,Online
Foot Locker,2020-12-04,Midwest,Minnesota,Men'S Street Footwear,45,450,20250,Outlet
West Gear,2021-01-03,Midwest,Iowa,Men'S Street Footwear,30,450,13500,In-Store
Foot Locker,2021-05-27,Midwest,Nebraska,Men'S Street Footwear,35,475,16625,Outlet
Kohl'S,2021-02-26,West,Arizona,Men'S Athletic Footwear,45,425,19125,Online
Foot Locker,2021-11-17,Northeast,West Virginia,Men'S Street Footwear,45,450,20250,In-Store
Kohl'S,2021-01-05,Midwest,Montana,Women'S Street Footwear,45,450,20250,Outlet
Sports Direct,2021-08-03,Midwest,Nebraska,Women'S Street Footwear,30,475,14250,Outlet
Foot Locker,2021-12-16,Northeast,West Virginia,Men'S Athletic Footwear,55,450,24750,In-Store
Kohl'S,2021-02-26,West,Arizona,Women'S Street Footwear,45,425,19125,Online
Kohl'S,2021-02-05,Midwest,Montana,Women'S Athletic Footwear,40,450,18000,Outlet
Foot Locker,2021-12-16,Northeast,West Virginia,Women'S Apparel,70,450,31500,In-Store
Sports Direct,2021-08-04,Midwest,Nebraska,Women'S Athletic Footwear,35,475,16625,Outlet
Kohl'S,2021-05-27,West,New Mexico,Men'S Athletic Footwear,60,425,25500,Online
Foot Locker,2021-12-20,Northeast,Maryland,Men'S Street Footwear,60,450,27000,In-Store
Kohl'S,2021-02-16,Midwest,Montana,Women'S Street Footwear,45,450,20250,Outlet
Sports Direct,2021-08-06,South,Alabama,Women'S Apparel,35,475,16625,Outlet
Foot Locker,2021-06-15,Northeast,Delaware,Women'S Apparel,60,450,27000,In-Store
Kohl'S,2021-05-27,West,New Mexico,Women'S Apparel,75,425,31875,Online
Kohl'S,2021-02-19,Midwest,Montana,Women'S Apparel,60,450,27000,Outlet
Kohl'S,2021-11-14,Northeast,Delaware,Men'S Street Footwear,65,450,29250,In-Store
Sports Direct,2021-09-26,South,Alabama,Women'S Street Footwear,35,475,16625,Outlet
Sports Direct,2021-03-18,South,Tennessee,Women'S Street Footwear,35,450,15750,Outlet
Kohl'S,2021-06-26,West,New Mexico,Women'S Athletic Footwear,55,425,23375,Online
Kohl'S,2021-07-06,Northeast,New Jersey,Women'S Apparel,55,450,24750,In-Store
Sports Direct,2021-05-13,South,Tennessee,Men'S Apparel,55,450,24750,Outlet
Kohl'S,2021-09-27,West,New Mexico,Women'S Athletic Footwear,50,425,21250,Online
Sports Direct,2021-10-05,Northeast,Connecticut,Men'S Street Footwear,60,450,27000,In-Store
Foot Locker,2021-07-26,Midwest,Nebraska,Men'S Street Footwear,50,450,22500,Outlet
Sports Direct,2021-09-29,South,Alabama,Women'S Apparel,40,475,19000,Outlet
Sports Direct,2021-01-17,Northeast,Rhode Island,Men'S Street Footwear,40,450,18000,In-Store
Kohl'S,2021-09-27,West,New Mexico,Men'S Apparel,60,425,25500,Online
Sports Direct,2021-08-12,South,Alabama,Women'S Apparel,35,450,15750,Outlet
Amazon,2021-12-17,Northeast,Maine,Men'S Street Footwear,65,475,30875,Outlet
Sports Direct,2021-04-14,Northeast,Massachusetts,Men'S Street Footwear,40,450,18000,In-Store
Sports Direct,2021-08-15,South,Alabama,Women'S Street Footwear,30,450,13500,Outlet
Sports Direct,2021-09-13,Northeast,Massachusetts,Men'S Street Footwear,55,450,24750,In-Store
Foot Locker,2021-02-10,West,Alaska,Men'S Street Footwear,35,475,16625,Outlet
Kohl'S,2021-11-26,West,New Mexico,Women'S Athletic Footwear,60,425,25500,Online
Sports Direct,2021-10-03,South,Alabama,Women'S Athletic Footwear,45,450,20250,Outlet
Amazon,2021-06-12,Northeast,Vermont,Women'S Apparel,65,450,29250,In-Store
Amazon,2021-10-12,South,Alabama,Men'S Street Footwear,40,450,18000,Outlet
Foot Locker,2021-05-11,West,Hawaii,Women'S Apparel,75,475,35625,Outlet
Sports Direct,2021-12-25,West,New Mexico,Men'S Apparel,70,425,29750,Online
West Gear,2021-11-11,Northeast,Vermont,Men'S Street Footwear,70,450,31500,In-Store
Amazon,2021-10-30,Northeast,Maine,Men'S Street Footwear,40,450,18000,Outlet
Amazon,2021-12-27,Northeast,Maine,Men'S Street Footwear,55,450,24750,Outlet
Amazon,2021-07-17,Northeast,New Hampshire,Men'S Athletic Footwear,60,450,27000,Outlet
Sports Direct,2021-05-14,Southeast,Georgia,Women'S Street Footwear,55,425,23375,Online
Foot Locker,2021-06-10,West,Hawaii,Women'S Athletic Footwear,75,475,35625,Outlet
Amazon,2021-06-22,West,Alaska,Women'S Apparel,70,450,31500,Outlet
Amazon,2021-08-18,Northeast,New Hampshire,Men'S Athletic Footwear,60,450,27000,Outlet
Sports Direct,2021-07-12,Southeast,Georgia,Women'S Athletic Footwear,50,425,21250,Online
Foot Locker,2021-11-18,Northeast,New Hampshire,Men'S Street Footwear,75,450,33750,Outlet
Sports Direct,2021-08-13,Southeast,Georgia,Women'S Apparel,70,425,29750,Online
Sports Direct,2021-11-13,Southeast,Georgia,Women'S Street Footwear,55,425,23375,Online
Amazon,2021-01-13,Southeast,North Carolina,Women'S Athletic Footwear,30,425,12750,Online
Foot Locker,2021-12-17,Northeast,New Hampshire,Women'S Apparel,80,450,36000,Outlet
Amazon,2021-04-10,Midwest,Ohio,Men'S Athletic Footwear,30,425,12750,Online
Foot Locker,2021-11-03,Northeast,Pennsylvania,Men'S Street Footwear,50,445,22250,Outlet
Amazon,2021-05-09,Midwest,Ohio,Women'S Athletic Footwear,40,425,17000,Online
Foot Locker,2020-10-29,Midwest,Minnesota,Men'S Street Footwear,40,445,17800,In-Store
Foot Locker,2020-11-10,Midwest,Minnesota,Men'S Street Footwear,50,445,22250,In-Store
Amazon,2021-10-11,Midwest,Ohio,Women'S Street Footwear,30,425,12750,Online
Sports Direct,2021-11-16,Midwest,Michigan,Women'S Street Footwear,45,445,20025,In-Store
Amazon,2021-07-21,Southeast,Kentucky,Women'S Apparel,55,425,23375,Online
Amazon,2021-11-10,Midwest,Ohio,Women'S Street Footwear,35,445,15575,Online
Amazon,2021-10-22,West,Alaska,Men'S Street Footwear,70,450,31500,Outlet
Walmart,2021-10-10,West,Hawaii,Men'S Street Footwear,55,475,26125,Outlet
West Gear,2021-03-20,Northeast,Maryland,Men'S Street Footwear,35,445,15575,In-Store
Walmart,2021-06-17,Southeast,Florida,Men'S Apparel,95,450,42750,In-Store
Walmart,2021-10-10,West,Hawaii,Men'S Athletic Footwear,65,475,30875,Outlet
West Gear,2021-04-09,Northeast,New York,Women'S Athletic Footwear,40,450,18000,In-Store
Kohl'S,2021-01-14,Northeast,New York,Women'S Athletic Footwear,35,450,15750,In-Store
Sports Direct,2021-01-17,West,Hawaii,Women'S Apparel,50,475,23750,Outlet
Kohl'S,2021-03-10,West,Wyoming,Men'S Apparel,50,450,22500,In-Store
Walmart,2021-08-17,Southeast,Florida,Women'S Athletic Footwear,80,475,38000,In-Store
Kohl'S,2021-05-10,West,Wyoming,Women'S Athletic Footwear,40,450,18000,In-Store
Walmart,2021-08-17,Southeast,Florida,Men'S Apparel,80,475,38000,In-Store
Amazon,2021-11-22,Southeast,Kentucky,Men'S Street Footwear,50,425,21250,Online
Foot Locker,2021-02-24,West,Wyoming,Men'S Street Footwear,30,450,13500,In-Store
Foot Locker,2021-03-06,Northeast,Rhode Island,Men'S Street Footwear,35,445,15575,In-Store
Foot Locker,2021-09-25,Southeast,Virginia,Men'S Street Footwear,50,450,22500,In-Store
Walmart,2021-11-17,Southeast,Florida,Men'S Apparel,85,475,40375,In-Store
Foot Locker,2021-01-20,Southeast,Kentucky,Men'S Apparel,40,425,17000,Online
Kohl'S,2021-03-23,West,California,Men'S Apparel,50,425,21250,Outlet
Foot Locker,2021-09-25,Southeast,Virginia,Men'S Athletic Footwear,55,450,24750,In-Store
Kohl'S,2021-04-11,West,California,Men'S Apparel,50,425,21250,Outlet
Foot Locker,2021-02-18,Southeast,Kentucky,Men'S Athletic Footwear,30,425,12750,Online
West Gear,2021-02-10,Northeast,New York,Women'S Athletic Footwear,40,475,19000,In-Store
Foot Locker,2021-11-24,Southeast,Virginia,Women'S Athletic Footwear,55,450,24750,In-Store
Foot Locker,2021-07-24,Midwest,Illinois,Men'S Street Footwear,60,425,25500,Outlet
Sports Direct,2021-01-19,Southeast,Virginia,Men'S Apparel,45,450,20250,In-Store
Foot Locker,2021-03-16,South,Mississippi,Women'S Apparel,25,425,10625,Online
Sports Direct,2021-08-20,South,Texas,Women'S Athletic Footwear,35,425,14875,Outlet
Sports Direct,2021-02-17,Southeast,Virginia,Men'S Athletic Footwear,35,450,15750,In-Store
Foot Locker,2021-05-16,South,Mississippi,Women'S Street Footwear,35,425,14875,Online
Sports Direct,2021-09-01,South,Texas,Women'S Athletic Footwear,30,425,12750,Outlet
Sports Direct,2021-02-17,Midwest,Michigan,Men'S Apparel,45,450,20250,In-Store
Sports Direct,2021-11-17,South,Mississippi,Men'S Apparel,75,425,31875,Online
Sports Direct,2021-03-15,Midwest,Michigan,Men'S Athletic Footwear,35,450,15750,In-Store
Sports Direct,2021-10-07,South,Texas,Women'S Athletic Footwear,45,425,19125,Outlet
Sports Direct,2021-04-16,Midwest,Michigan,Women'S Street Footwear,30,450,13500,In-Store
Foot Locker,2021-10-22,South,Texas,Men'S Street Footwear,45,425,19125,Outlet
West Gear,2020-01-09,West,Nevada,Men'S Athletic Footwear,45,425,19125,Outlet
West Gear,2020-01-10,West,Nevada,Women'S Street Footwear,45,425,19125,Outlet
West Gear,2020-02-04,West,Nevada,Women'S Athletic Footwear,60,425,25500,Outlet
Sports Direct,2021-05-15,Midwest,Michigan,Women'S Athletic Footwear,45,450,20250,In-Store
West Gear,2020-03-05,West,Nevada,Women'S Street Footwear,60,425,25500,In-Store
Sports Direct,2021-11-16,Midwest,Michigan,Men'S Apparel,60,450,27000,In-Store
West Gear,2020-03-15,West,Nevada,Men'S Street Footwear,30,425,12750,In-Store
West Gear,2020-03-16,West,Nevada,Men'S Athletic Footwear,40,425,17000,In-Store
West Gear,2021-03-08,Northeast,New York,Men'S Apparel,55,475,26125,In-Store
West Gear,2020-03-17,West,Nevada,Women'S Street Footwear,40,425,17000,In-Store
West Gear,2020-03-22,West,Colorado,Men'S Athletic Footwear,40,425,17000,In-Store
West Gear,2021-04-09,Northeast,New York,Men'S Apparel,55,475,26125,In-Store
West Gear,2020-03-23,West,Colorado,Women'S Street Footwear,40,425,17000,In-Store
Kohl'S,2021-05-10,West,Wyoming,Men'S Apparel,50,475,23750,In-Store
Kohl'S,2021-10-12,West,Wyoming,Women'S Athletic Footwear,45,475,21375,In-Store
Sports Direct,2021-04-30,South,Tennessee,Women'S Athletic Footwear,55,400,22000,Outlet
Kohl'S,2021-10-12,West,Wyoming,Men'S Apparel,55,475,26125,In-Store
Walmart,2021-05-19,South,Arkansas,Women'S Apparel,45,425,19125,Online
West Gear,2020-05-07,West,Colorado,Women'S Apparel,70,425,29750,In-Store
Sports Direct,2021-05-01,South,Tennessee,Men'S Apparel,50,400,20000,Outlet
Kohl'S,2021-11-11,West,Wyoming,Men'S Apparel,55,475,26125,In-Store
Foot Locker,2021-06-20,Midwest,Nebraska,Men'S Street Footwear,40,400,16000,Outlet
West Gear,2020-05-16,West,Colorado,Women'S Street Footwear,55,425,23375,In-Store
Foot Locker,2021-03-23,Southeast,Virginia,Men'S Street Footwear,40,475,19000,In-Store
Foot Locker,2021-07-08,Midwest,Nebraska,Men'S Street Footwear,40,400,16000,Outlet
West Gear,2020-05-24,West,Colorado,Men'S Apparel,75,425,31875,In-Store
Sports Direct,2021-08-18,South,Alabama,Women'S Apparel,35,400,14000,Outlet
West Gear,2020-06-06,West,Washington,Women'S Apparel,50,425,21250,In-Store
Foot Locker,2021-04-24,Southeast,Virginia,Men'S Street Footwear,55,475,26125,In-Store
Sports Direct,2021-08-29,South,Alabama,Men'S Apparel,50,400,20000,Outlet
West Gear,2020-06-08,West,Washington,Men'S Athletic Footwear,60,425,25500,In-Store
Foot Locker,2021-11-24,Southeast,Virginia,Women'S Street Footwear,45,475,21375,In-Store
Amazon,2021-10-19,Northeast,Maine,Men'S Street Footwear,60,400,24000,Outlet
West Gear,2020-06-09,West,Washington,Women'S Street Footwear,65,425,27625,In-Store
Sports Direct,2021-12-23,Southeast,Virginia,Men'S Apparel,80,475,38000,In-Store
Amazon,2021-05-20,West,Alaska,Women'S Apparel,70,400,28000,Outlet
West Gear,2020-07-17,West,Washington,Men'S Apparel,80,425,34000,In-Store
Amazon,2021-06-22,West,Alaska,Men'S Athletic Footwear,60,400,24000,Outlet
West Gear,2020-07-29,West,Washington,Men'S Apparel,90,425,38250,In-Store
Sports Direct,2021-03-15,Midwest,Michigan,Women'S Street Footwear,25,475,11875,In-Store
Amazon,2021-08-21,West,Alaska,Women'S Apparel,70,400,28000,Outlet
Foot Locker,2020-11-16,Midwest,Minnesota,Men'S Street Footwear,45,425,19125,Outlet
Sports Direct,2021-03-15,Midwest,Michigan,Women'S Apparel,35,475,16625,In-Store
Kohl'S,2021-01-04,Midwest,Montana,Men'S Athletic Footwear,45,425,19125,Outlet
Amazon,2021-12-20,West,Alaska,Men'S Athletic Footwear,65,400,26000,Outlet
Sports Direct,2021-05-15,Midwest,Michigan,Women'S Street Footwear,45,475,21375,In-Store
Kohl'S,2021-01-08,Midwest,Montana,Women'S Apparel,45,425,19125,Outlet
Walmart,2021-11-10,West,Hawaii,Women'S Athletic Footwear,65,400,26000,Outlet
Sports Direct,2021-02-17,Southeast,Florida,Women'S Apparel,50,400,20000,Outlet
Kohl'S,2021-01-10,Midwest,Montana,Men'S Athletic Footwear,45,425,19125,Outlet
Sports Direct,2021-05-15,Midwest,Michigan,Men'S Apparel,55,475,26125,In-Store
Sports Direct,2021-03-16,Southeast,Florida,Men'S Athletic Footwear,60,400,24000,Outlet
Kohl'S,2021-01-11,Midwest,Montana,Women'S Street Footwear,45,425,19125,Outlet
Sports Direct,2021-09-15,Midwest,Michigan,Women'S Athletic Footwear,35,475,16625,In-Store
Walmart,2021-04-17,Southeast,Florida,Women'S Street Footwear,70,400,28000,Outlet
Kohl'S,2021-01-22,Midwest,Montana,Men'S Athletic Footwear,45,425,19125,Outlet
Walmart,2021-10-17,Southeast,Florida,Men'S Street Footwear,50,400,20000,In-Store
Sports Direct,2021-09-15,Midwest,Michigan,Men'S Apparel,45,475,21375,In-Store
Kohl'S,2021-01-23,Midwest,Montana,Women'S Street Footwear,45,425,19125,Outlet
Walmart,2021-10-17,Southeast,Florida,Women'S Street Footwear,60,400,24000,In-Store
Sports Direct,2021-11-16,Midwest,Michigan,Women'S Athletic Footwear,45,475,21375,In-Store
Kohl'S,2021-01-30,Midwest,Montana,Women'S Athletic Footwear,40,425,17000,Outlet
Walmart,2021-10-17,Southeast,Florida,Women'S Apparel,70,400,28000,In-Store
Foot Locker,2021-08-18,Midwest,Missouri,Men'S Athletic Footwear,40,475,19000,In-Store
Kohl'S,2021-02-11,Midwest,Montana,Women'S Athletic Footwear,45,425,19125,Outlet
Kohl'S,2021-03-10,West,Wyoming,Women'S Athletic Footwear,35,400,14000,In-Store
Walmart,2021-06-21,South,Arkansas,Men'S Athletic Footwear,35,425,14875,Online
Kohl'S,2021-02-12,Midwest,Montana,Men'S Apparel,55,425,23375,Outlet
Foot Locker,2021-01-24,West,Wyoming,Women'S Apparel,40,400,16000,In-Store
Foot Locker,2021-08-18,Midwest,Missouri,Women'S Apparel,40,475,19000,In-Store
Kohl'S,2021-02-28,Midwest,Montana,Women'S Street Footwear,40,425,17000,Outlet
Foot Locker,2021-06-24,Southeast,Virginia,Men'S Apparel,90,400,36000,In-Store
Walmart,2021-07-19,South,Arkansas,Men'S Apparel,60,425,25500,Online
Kohl'S,2021-03-01,Midwest,Montana,Women'S Athletic Footwear,40,425,17000,Outlet
Sports Direct,2021-01-19,Southeast,Virginia,Women'S Athletic Footwear,30,400,12000,In-Store
Walmart,2021-09-19,South,Arkansas,Women'S Apparel,30,425,12750,Online
Sports Direct,2021-03-27,South,Tennessee,Women'S Apparel,35,425,14875,Outlet
Sports Direct,2021-04-07,South,Tennessee,Men'S Apparel,45,425,19125,Outlet
Kohl'S,2021-12-19,South,Oklahoma,Men'S Athletic Footwear,60,425,25500,Online
Foot Locker,2021-05-21,South,Tennessee,Men'S Street Footwear,35,425,14875,Outlet
Kohl'S,2021-12-19,South,Oklahoma,Women'S Apparel,75,425,31875,Online
Sports Direct,2021-08-09,South,Alabama,Women'S Street Footwear,35,425,14875,Outlet
West Gear,2021-01-11,Midwest,Missouri,Men'S Athletic Footwear,25,475,11875,In-Store
Kohl'S,2021-07-12,Midwest,Kansas,Men'S Athletic Footwear,50,425,21250,Online
Sports Direct,2021-09-15,South,Alabama,Women'S Athletic Footwear,50,425,21250,Outlet
Sports Direct,2021-09-16,South,Alabama,Men'S Apparel,55,425,23375,Outlet
Kohl'S,2021-08-13,Midwest,Kansas,Men'S Athletic Footwear,55,425,23375,Online
Sports Direct,2021-10-04,South,Alabama,Men'S Apparel,50,425,21250,Outlet
West Gear,2021-11-10,Midwest,Indiana,Men'S Street Footwear,45,425,19125,In-Store
Amazon,2021-07-20,West,Alaska,Men'S Athletic Footwear,60,425,25500,Outlet
Amazon,2021-08-21,West,Alaska,Men'S Athletic Footwear,60,425,25500,Outlet
West Gear,2021-06-17,Northeast,West Virginia,Men'S Athletic Footwear,40,425,17000,In-Store
Amazon,2021-11-21,West,Alaska,Men'S Street Footwear,75,425,31875,Outlet
West Gear,2021-06-17,Northeast,West Virginia,Women'S Apparel,65,425,27625,In-Store
Foot Locker,2021-01-10,West,Alaska,Women'S Apparel,45,425,19125,Outlet
West Gear,2021-08-17,Northeast,West Virginia,Women'S Apparel,55,425,23375,In-Store
Walmart,2021-11-10,West,Hawaii,Women'S Street Footwear,55,425,23375,Outlet
Sports Direct,2021-04-16,Midwest,Michigan,Men'S Apparel,50,400,20000,In-Store
Sports Direct,2021-12-09,West,Hawaii,Men'S Apparel,90,425,38250,Outlet
West Gear,2021-10-17,Northeast,West Virginia,Men'S Street Footwear,45,425,19125,In-Store
Sports Direct,2021-10-17,Midwest,Michigan,Women'S Athletic Footwear,40,400,16000,In-Store
Foot Locker,2021-01-24,Northeast,West Virginia,Men'S Street Footwear,35,425,14875,In-Store
Sports Direct,2021-10-17,Midwest,Michigan,Men'S Apparel,50,400,20000,In-Store
Foot Locker,2021-02-18,Midwest,Missouri,Women'S Apparel,30,400,12000,In-Store
West Gear,2021-04-21,Northeast,Maryland,Men'S Street Footwear,35,425,14875,In-Store
Foot Locker,2021-08-18,Midwest,Missouri,Women'S Street Footwear,35,400,14000,In-Store
Sports Direct,2021-01-17,West,Hawaii,Men'S Street Footwear,40,425,17000,Outlet
Foot Locker,2021-09-19,Midwest,Missouri,Men'S Athletic Footwear,30,400,12000,In-Store
Sports Direct,2021-01-17,West,Hawaii,Men'S Athletic Footwear,50,425,21250,Outlet
Foot Locker,2021-11-18,Midwest,Missouri,Women'S Apparel,50,400,20000,In-Store
West Gear,2021-01-11,Midwest,Missouri,Women'S Apparel,25,475,11875,In-Store
West Gear,2021-12-17,Midwest,Missouri,Women'S Street Footwear,35,400,14000,In-Store
West Gear,2021-03-10,West,Utah,Women'S Apparel,30,400,12000,In-Store
West Gear,2021-07-10,West,Utah,Women'S Street Footwear,25,475,11875,In-Store
West Gear,2021-04-11,West,Utah,Women'S Apparel,25,400,10000,In-Store
West Gear,2021-03-23,West,Oregon,Men'S Street Footwear,40,475,19000,In-Store
Sports Direct,2021-09-20,Northeast,Maryland,Men'S Street Footwear,50,425,21250,In-Store
West Gear,2021-05-12,West,Utah,Women'S Apparel,45,400,18000,In-Store
West Gear,2021-06-11,West,Utah,Men'S Athletic Footwear,25,400,10000,In-Store
West Gear,2021-04-24,West,Oregon,Men'S Street Footwear,55,475,26125,In-Store
Foot Locker,2021-07-13,Northeast,Delaware,Men'S Athletic Footwear,50,425,21250,In-Store
West Gear,2021-06-11,West,Utah,Men'S Apparel,35,400,14000,In-Store
West Gear,2021-09-12,West,Utah,Women'S Apparel,25,400,10000,In-Store
Foot Locker,2021-08-14,Northeast,Delaware,Men'S Athletic Footwear,50,425,21250,In-Store
Kohl'S,2021-12-13,Northeast,Delaware,Women'S Apparel,70,425,29750,In-Store
West Gear,2021-10-11,West,Utah,Women'S Apparel,35,400,14000,In-Store
Kohl'S,2021-10-08,Northeast,New Jersey,Men'S Street Footwear,55,425,23375,In-Store
West Gear,2021-12-10,West,Utah,Women'S Athletic Footwear,30,400,12000,In-Store
Sports Direct,2021-06-05,Northeast,Connecticut,Women'S Apparel,60,425,25500,In-Store
West Gear,2021-12-10,West,Utah,Men'S Apparel,40,400,16000,In-Store
West Gear,2021-01-24,West,Utah,Women'S Apparel,40,400,16000,In-Store
Foot Locker,2021-11-04,Northeast,Connecticut,Men'S Street Footwear,65,425,27625,In-Store
West Gear,2020-07-24,West,Washington,Women'S Apparel,75,375,28125,In-Store
West Gear,2021-06-24,West,Oregon,Men'S Apparel,90,400,36000,In-Store
West Gear,2021-01-17,West,Oregon,Men'S Street Footwear,35,400,14000,In-Store
Foot Locker,2021-01-10,Northeast,Connecticut,Men'S Street Footwear,35,425,14875,In-Store
Sports Direct,2021-01-17,West,Hawaii,Women'S Street Footwear,50,425,21250,Outlet
Foot Locker,2020-11-27,Midwest,Minnesota,Women'S Apparel,55,375,20625,Outlet
West Gear,2021-01-17,West,Oregon,Men'S Athletic Footwear,45,400,18000,In-Store
Foot Locker,2021-04-07,Northeast,Rhode Island,Men'S Street Footwear,35,425,14875,In-Store
West Gear,2021-01-17,West,Oregon,Women'S Street Footwear,45,400,18000,In-Store
Foot Locker,2020-12-10,Midwest,Minnesota,Men'S Street Footwear,45,375,16875,Outlet
West Gear,2021-02-17,West,Oregon,Men'S Athletic Footwear,45,400,18000,In-Store
Foot Locker,2021-09-06,Northeast,Rhode Island,Men'S Street Footwear,50,425,21250,In-Store
West Gear,2021-02-17,West,Oregon,Women'S Street Footwear,45,400,18000,In-Store
Kohl'S,2021-01-16,Midwest,Montana,Men'S Athletic Footwear,45,375,16875,Outlet
Sports Direct,2021-07-13,Northeast,Massachusetts,Women'S Apparel,60,425,25500,In-Store
West Gear,2021-03-16,South,Louisiana,Women'S Street Footwear,60,400,24000,In-Store
West Gear,2021-05-18,South,Louisiana,Men'S Athletic Footwear,50,400,20000,In-Store
Kohl'S,2021-01-20,Midwest,Montana,Women'S Apparel,60,375,22500,Outlet
West Gear,2021-05-18,South,Louisiana,Women'S Street Footwear,50,400,20000,In-Store
West Gear,2021-10-17,South,Louisiana,Men'S Street Footwear,35,400,14000,Online
Foot Locker,2021-02-10,West,Hawaii,Women'S Apparel,45,350,15750,Outlet
Kohl'S,2021-02-23,Midwest,Montana,Women'S Athletic Footwear,45,375,16875,Outlet
West Gear,2021-10-17,South,Louisiana,Women'S Street Footwear,45,400,18000,Online
Foot Locker,2021-03-09,West,Hawaii,Men'S Athletic Footwear,55,350,19250,Outlet
West Gear,2021-10-17,South,Louisiana,Women'S Apparel,55,400,22000,Online
Kohl'S,2021-03-02,Midwest,Montana,Men'S Apparel,55,375,20625,Outlet
Foot Locker,2021-04-10,West,Hawaii,Women'S Street Footwear,65,350,22750,Outlet
West Gear,2021-03-06,West,Idaho,Women'S Apparel,35,400,14000,Online
Foot Locker,2021-06-10,West,Hawaii,Men'S Apparel,85,350,29750,Outlet
Sports Direct,2021-03-25,South,Tennessee,Women'S Athletic Footwear,35,375,13125,Outlet
Amazon,2021-07-10,Northeast,Vermont,Men'S Athletic Footwear,55,425,23375,In-Store
Walmart,2021-08-10,West,Hawaii,Women'S Apparel,75,350,26250,Outlet
Sports Direct,2021-05-06,South,Tennessee,Women'S Athletic Footwear,40,375,15000,Outlet
Amazon,2021-08-11,Northeast,Vermont,Men'S Athletic Footwear,55,425,23375,In-Store
Walmart,2021-09-11,West,Hawaii,Men'S Apparel,75,350,26250,Outlet
Walmart,2021-04-17,Southeast,Florida,Men'S Athletic Footwear,70,350,24500,Outlet
Foot Locker,2021-06-08,Midwest,Nebraska,Men'S Street Footwear,40,375,15000,Outlet
Amazon,2021-12-10,Northeast,Vermont,Women'S Apparel,75,425,31875,In-Store
Walmart,2021-10-17,Southeast,Florida,Men'S Apparel,65,350,22750,In-Store
West Gear,2021-05-05,West,Idaho,Men'S Apparel,50,400,20000,Online
Amazon,2021-05-17,Northeast,New Hampshire,Women'S Apparel,70,425,29750,In-Store
Foot Locker,2021-01-24,West,Wyoming,Men'S Street Footwear,30,350,10500,In-Store
Sports Direct,2021-08-10,South,Alabama,Women'S Athletic Footwear,35,375,13125,Outlet
Sports Direct,2021-09-05,West,Idaho,Women'S Athletic Footwear,60,400,24000,Online
Foot Locker,2021-01-24,West,Wyoming,Men'S Athletic Footwear,40,350,14000,In-Store
Amazon,2021-12-20,Northeast,Maine,Women'S Apparel,60,375,22500,Outlet
Sports Direct,2021-09-05,West,Idaho,Men'S Apparel,55,400,22000,Online
Foot Locker,2021-01-24,West,Wyoming,Women'S Street Footwear,40,350,14000,In-Store
Foot Locker,2021-05-24,West,Arizona,Women'S Street Footwear,55,400,22000,Online
Amazon,2021-11-18,Northeast,Maine,Men'S Street Footwear,65,375,24375,Outlet
Foot Locker,2021-08-23,West,Arizona,Women'S Athletic Footwear,55,400,22000,Online
Foot Locker,2021-02-24,West,Wyoming,Men'S Athletic Footwear,40,350,14000,In-Store
West Gear,2021-01-10,Northeast,Maine,Men'S Street Footwear,35,375,13125,Outlet
Foot Locker,2021-08-23,West,Arizona,Men'S Apparel,65,400,26000,Online
Foot Locker,2021-02-24,West,Wyoming,Women'S Street Footwear,40,350,14000,In-Store
Kohl'S,2021-02-26,West,New Mexico,Women'S Apparel,45,400,18000,Online
Foot Locker,2021-03-23,Southeast,Virginia,Women'S Street Footwear,55,350,19250,In-Store
West Gear,2021-01-10,Northeast,Maine,Men'S Athletic Footwear,45,375,16875,Outlet
Kohl'S,2021-03-25,West,New Mexico,Men'S Athletic Footwear,55,400,22000,Online
Foot Locker,2021-05-25,Southeast,Virginia,Men'S Athletic Footwear,55,350,19250,In-Store
Kohl'S,2021-03-25,West,New Mexico,Women'S Street Footwear,55,400,22000,Online
West Gear,2021-01-10,Northeast,Maine,Women'S Street Footwear,45,375,16875,Outlet
Foot Locker,2021-05-25,Southeast,Virginia,Women'S Street Footwear,55,350,19250,In-Store
Kohl'S,2021-04-26,West,New Mexico,Women'S Street Footwear,60,400,24000,Online
Amazon,2021-11-21,West,Alaska,Women'S Apparel,80,375,30000,Outlet
Foot Locker,2021-10-24,Southeast,Virginia,Men'S Street Footwear,40,350,14000,In-Store
Sports Direct,2021-02-13,West,New Mexico,Men'S Athletic Footwear,40,400,16000,Online
Foot Locker,2021-10-24,Southeast,Virginia,Women'S Street Footwear,50,350,17500,In-Store
Sports Direct,2021-02-13,West,New Mexico,Women'S Street Footwear,40,400,16000,Online
Foot Locker,2021-01-10,West,Alaska,Men'S Street Footwear,35,375,13125,Outlet
Foot Locker,2021-10-24,Southeast,Virginia,Women'S Apparel,60,350,21000,In-Store
Sports Direct,2021-05-14,Southeast,Georgia,Men'S Athletic Footwear,55,400,22000,Online
Amazon,2021-06-19,Northeast,New Hampshire,Men'S Athletic Footwear,60,425,25500,In-Store
Foot Locker,2021-01-10,West,Alaska,Men'S Athletic Footwear,45,375,16875,Outlet
Foot Locker,2021-03-17,Midwest,Missouri,Women'S Apparel,35,350,12250,In-Store
Amazon,2021-08-18,Northeast,New Hampshire,Women'S Apparel,70,425,29750,Outlet
Foot Locker,2021-01-10,West,Alaska,Women'S Street Footwear,45,375,16875,Outlet
Foot Locker,2021-04-18,Midwest,Missouri,Women'S Apparel,30,350,10500,In-Store
Foot Locker,2021-05-19,Midwest,Missouri,Women'S Apparel,50,350,17500,In-Store
Foot Locker,2021-12-17,Northeast,New Hampshire,Men'S Athletic Footwear,65,425,27625,Outlet
Foot Locker,2021-06-18,Midwest,Missouri,Men'S Athletic Footwear,30,350,10500,In-Store
Foot Locker,2021-06-02,Midwest,Nebraska,Men'S Street Footwear,40,420,16800,Outlet
Foot Locker,2021-02-10,West,Alaska,Men'S Athletic Footwear,45,375,16875,Outlet
Foot Locker,2021-06-14,Midwest,Nebraska,Men'S Street Footwear,45,420,18900,Outlet
Foot Locker,2021-06-18,Midwest,Missouri,Men'S Apparel,40,350,14000,In-Store
Foot Locker,2021-07-11,Midwest,Illinois,Women'S Apparel,55,400,22000,Outlet
Foot Locker,2021-09-19,Midwest,Missouri,Women'S Apparel,30,350,10500,In-Store
Foot Locker,2021-07-30,Midwest,Illinois,Men'S Street Footwear,60,400,24000,Outlet
Foot Locker,2021-10-18,Midwest,Missouri,Women'S Apparel,40,350,14000,In-Store
Sports Direct,2021-05-14,Southeast,Georgia,Women'S Apparel,70,400,28000,Online
Sports Direct,2021-08-26,South,Texas,Women'S Athletic Footwear,35,400,14000,Outlet
Sports Direct,2021-10-08,South,Texas,Men'S Apparel,40,400,16000,Outlet
Foot Locker,2021-12-15,Northeast,Pennsylvania,Men'S Street Footwear,60,400,24000,Outlet
Sports Direct,2021-06-13,Southeast,Georgia,Women'S Athletic Footwear,50,400,20000,Online
Sports Direct,2021-09-14,Southeast,Georgia,Women'S Athletic Footwear,45,400,18000,Online
West Gear,2020-01-13,West,Nevada,Women'S Apparel,45,400,18000,Outlet
Sports Direct,2021-09-14,Southeast,Georgia,Men'S Apparel,55,400,22000,Online
West Gear,2020-01-15,West,Nevada,Men'S Athletic Footwear,55,400,22000,Outlet
Sports Direct,2021-11-13,Southeast,Georgia,Women'S Athletic Footwear,55,400,22000,Online
Foot Locker,2021-12-12,Southeast,Georgia,Men'S Apparel,65,400,26000,Online
West Gear,2020-01-16,West,Nevada,Women'S Street Footwear,55,400,22000,Outlet
Amazon,2021-10-11,Midwest,Ohio,Women'S Athletic Footwear,30,400,12000,Online
West Gear,2020-01-22,West,Nevada,Women'S Street Footwear,65,400,26000,Outlet
West Gear,2020-01-27,West,Nevada,Men'S Athletic Footwear,65,400,26000,Outlet
West Gear,2021-12-17,Midwest,Missouri,Women'S Athletic Footwear,35,350,12250,In-Store
Amazon,2021-10-11,Midwest,Ohio,Men'S Apparel,40,400,16000,Online
Amazon,2021-08-22,Southeast,Kentucky,Women'S Apparel,55,400,22000,Online
West Gear,2020-01-28,West,Nevada,Women'S Street Footwear,65,400,26000,Outlet
Foot Locker,2021-02-18,South,Mississippi,Men'S Apparel,40,400,16000,Online
West Gear,2020-02-18,West,Nevada,Women'S Apparel,80,400,32000,In-Store
Foot Locker,2021-03-16,South,Mississippi,Men'S Athletic Footwear,25,400,10000,Online
West Gear,2020-02-22,West,Nevada,Women'S Athletic Footwear,60,400,24000,In-Store
Foot Locker,2021-05-16,South,Mississippi,Men'S Apparel,45,400,18000,Online
Walmart,2021-09-16,South,Mississippi,Men'S Apparel,30,400,12000,Online
West Gear,2020-02-23,West,Nevada,Men'S Apparel,70,400,28000,In-Store
West Gear,2020-03-06,West,Nevada,Women'S Athletic Footwear,60,400,24000,In-Store
Walmart,2021-04-20,South,Arkansas,Women'S Apparel,30,400,12000,Online
Walmart,2021-06-21,South,Arkansas,Women'S Street Footwear,40,400,16000,Online
West Gear,2020-03-13,West,Nevada,Men'S Apparel,70,400,28000,In-Store
Walmart,2021-07-19,South,Arkansas,Women'S Athletic Footwear,45,400,18000,Online
Walmart,2021-08-20,South,Arkansas,Women'S Athletic Footwear,40,400,16000,Online
West Gear,2020-03-26,West,Colorado,Women'S Apparel,40,400,16000,In-Store
West Gear,2021-10-21,South,Arkansas,Women'S Apparel,30,400,12000,Online
West Gear,2020-03-28,West,Colorado,Men'S Athletic Footwear,50,400,20000,In-Store
West Gear,2021-12-19,South,Arkansas,Women'S Athletic Footwear,60,400,24000,Online
West Gear,2021-12-19,South,Arkansas,Men'S Apparel,70,400,28000,Online
West Gear,2020-03-29,West,Colorado,Women'S Street Footwear,55,400,22000,In-Store
Foot Locker,2021-12-12,Midwest,Kansas,Men'S Athletic Footwear,60,400,24000,Online
West Gear,2020-05-01,West,Colorado,Women'S Apparel,80,400,32000,In-Store
Foot Locker,2021-12-12,Midwest,Kansas,Women'S Apparel,75,400,30000,Online
West Gear,2020-05-05,West,Colorado,Women'S Athletic Footwear,65,400,26000,In-Store
Foot Locker,2021-10-12,Midwest,South Dakota,Men'S Street Footwear,55,400,22000,Online
West Gear,2021-12-17,Midwest,Missouri,Men'S Apparel,45,350,15750,In-Store
West Gear,2020-05-06,West,Colorado,Men'S Apparel,75,400,30000,In-Store
Sports Direct,2021-11-12,Midwest,South Dakota,Men'S Street Footwear,55,400,22000,Online
West Gear,2021-03-10,West,Utah,Men'S Athletic Footwear,30,350,10500,In-Store
Sports Direct,2021-10-09,Midwest,North Dakota,Men'S Street Footwear,50,400,20000,In-Store
West Gear,2020-05-17,West,Colorado,Women'S Athletic Footwear,65,400,26000,In-Store
West Gear,2021-08-11,West,Utah,Men'S Apparel,30,350,10500,In-Store
Foot Locker,2021-11-09,Midwest,North Dakota,Men'S Street Footwear,50,400,20000,In-Store
West Gear,2020-06-15,West,Washington,Women'S Street Footwear,75,400,30000,In-Store
West Gear,2021-11-11,West,Utah,Men'S Apparel,40,350,14000,In-Store
Foot Locker,2021-10-06,Midwest,Iowa,Men'S Street Footwear,45,400,18000,In-Store
West Gear,2021-01-24,West,Utah,Men'S Street Footwear,30,350,10500,In-Store
West Gear,2020-06-20,West,Washington,Men'S Athletic Footwear,65,400,26000,In-Store
West Gear,2021-11-06,Midwest,Iowa,Men'S Street Footwear,45,400,18000,In-Store
West Gear,2021-01-24,West,Utah,Men'S Athletic Footwear,40,350,14000,In-Store
West Gear,2021-11-03,Midwest,Wisconsin,Men'S Street Footwear,45,400,18000,In-Store
West Gear,2020-06-21,West,Washington,Women'S Street Footwear,65,400,26000,In-Store
West Gear,2021-01-24,West,Utah,Women'S Street Footwear,40,350,14000,In-Store
West Gear,2021-10-10,Midwest,Indiana,Men'S Street Footwear,45,400,18000,In-Store
West Gear,2020-07-12,West,Washington,Women'S Apparel,80,400,32000,In-Store
West Gear,2021-02-24,West,Utah,Men'S Athletic Footwear,40,350,14000,In-Store
West Gear,2021-12-09,Midwest,Indiana,Men'S Athletic Footwear,50,400,20000,In-Store
West Gear,2021-02-24,West,Utah,Women'S Street Footwear,40,350,14000,In-Store
West Gear,2021-12-09,Midwest,Indiana,Women'S Apparel,65,400,26000,In-Store
West Gear,2020-07-16,West,Washington,Women'S Athletic Footwear,70,400,28000,In-Store
Foot Locker,2021-02-10,West,Alaska,Women'S Street Footwear,45,375,16875,Outlet
West Gear,2021-03-23,West,Oregon,Women'S Street Footwear,55,350,19250,In-Store
West Gear,2021-07-16,Northeast,West Virginia,Men'S Athletic Footwear,55,400,22000,In-Store
Foot Locker,2020-11-04,Midwest,Minnesota,Men'S Street Footwear,40,400,16000,In-Store
West Gear,2021-05-25,West,Oregon,Men'S Athletic Footwear,55,350,19250,In-Store
Foot Locker,2021-11-17,Northeast,West Virginia,Women'S Apparel,70,400,28000,In-Store
Foot Locker,2021-03-09,West,Hawaii,Women'S Street Footwear,60,375,22500,Outlet
West Gear,2021-12-16,Northeast,West Virginia,Women'S Street Footwear,55,400,22000,In-Store
West Gear,2021-05-25,West,Oregon,Women'S Street Footwear,55,350,19250,In-Store
Kohl'S,2021-01-14,Midwest,Montana,Women'S Apparel,45,400,18000,Outlet
Foot Locker,2021-05-13,Northeast,Delaware,Women'S Apparel,60,400,24000,In-Store
Foot Locker,2021-05-11,West,Hawaii,Men'S Athletic Footwear,60,375,22500,Outlet
West Gear,2021-10-24,West,Oregon,Men'S Street Footwear,40,350,14000,In-Store
Kohl'S,2021-01-17,Midwest,Montana,Women'S Street Footwear,45,400,18000,Outlet
Foot Locker,2021-06-15,Northeast,Delaware,Men'S Athletic Footwear,50,400,20000,In-Store
West Gear,2021-10-24,West,Oregon,Women'S Street Footwear,50,350,17500,In-Store
Foot Locker,2021-05-11,West,Hawaii,Women'S Street Footwear,60,375,22500,Outlet
Foot Locker,2021-08-14,Northeast,Delaware,Women'S Apparel,60,400,24000,In-Store
West Gear,2021-10-24,West,Oregon,Women'S Apparel,60,350,21000,In-Store
Kohl'S,2021-01-26,Midwest,Montana,Women'S Apparel,60,400,24000,Outlet
Kohl'S,2021-12-13,Northeast,Delaware,Men'S Athletic Footwear,55,400,22000,In-Store
West Gear,2021-03-16,South,Louisiana,Women'S Apparel,45,350,15750,In-Store
Walmart,2021-09-11,West,Hawaii,Women'S Street Footwear,65,375,24375,Outlet
Kohl'S,2021-02-13,Midwest,Montana,Women'S Apparel,60,400,24000,Outlet
Kohl'S,2021-06-08,Northeast,New Jersey,Women'S Apparel,55,400,22000,In-Store
West Gear,2021-04-17,South,Louisiana,Women'S Apparel,60,350,21000,In-Store
Sports Direct,2021-11-07,Northeast,New Jersey,Men'S Street Footwear,60,400,24000,In-Store
Walmart,2021-09-11,West,Hawaii,Women'S Apparel,60,375,22500,Outlet
Kohl'S,2021-02-17,Midwest,Montana,Women'S Athletic Footwear,45,400,18000,Outlet
West Gear,2021-10-17,South,Louisiana,Men'S Apparel,50,350,17500,Online
Sports Direct,2021-07-03,Northeast,Connecticut,Men'S Athletic Footwear,50,400,20000,In-Store
Foot Locker,2021-03-06,West,Idaho,Women'S Athletic Footwear,35,350,12250,Online
Kohl'S,2021-02-18,Midwest,Montana,Men'S Apparel,55,400,22000,Outlet
Walmart,2021-11-10,West,Hawaii,Men'S Apparel,85,375,31875,Outlet
Sports Direct,2021-10-04,West,Idaho,Men'S Apparel,35,350,12250,Online
Sports Direct,2021-08-04,Northeast,Connecticut,Men'S Athletic Footwear,50,400,20000,In-Store
Kohl'S,2021-02-22,Midwest,Montana,Women'S Street Footwear,45,400,18000,Outlet
Sports Direct,2021-03-16,Southeast,Florida,Women'S Apparel,60,375,22500,Outlet
Foot Locker,2021-02-23,West,Arizona,Women'S Apparel,40,350,14000,Online
Foot Locker,2021-12-03,Northeast,Connecticut,Women'S Apparel,70,400,28000,In-Store
Foot Locker,2021-03-22,West,Arizona,Men'S Athletic Footwear,50,350,17500,Online
Kohl'S,2021-02-25,Midwest,Montana,Women'S Apparel,60,400,24000,Outlet
Walmart,2021-04-17,Southeast,Florida,Women'S Apparel,75,375,28125,Outlet
Foot Locker,2021-03-22,West,Arizona,Women'S Street Footwear,50,350,17500,Online
Walmart,2021-10-17,Southeast,Florida,Women'S Athletic Footwear,55,375,20625,In-Store
Foot Locker,2021-04-23,West,Arizona,Women'S Street Footwear,55,350,19250,Online
Kohl'S,2021-03-08,Midwest,Montana,Men'S Apparel,55,400,22000,Outlet
Foot Locker,2021-06-23,West,Arizona,Women'S Athletic Footwear,50,350,17500,Online
Sports Direct,2021-03-19,South,Tennessee,Women'S Athletic Footwear,35,400,14000,Outlet
Sports Direct,2021-02-17,Midwest,Michigan,Women'S Athletic Footwear,30,375,11250,In-Store
Foot Locker,2021-11-23,West,Arizona,Women'S Athletic Footwear,45,350,15750,Online
Foot Locker,2021-07-06,Northeast,Rhode Island,Women'S Apparel,55,400,22000,In-Store
Kohl'S,2021-12-22,West,Arizona,Men'S Apparel,55,350,19250,Online
Sports Direct,2021-03-31,South,Tennessee,Women'S Athletic Footwear,25,400,10000,Outlet
Sports Direct,2021-03-15,Midwest,Michigan,Men'S Apparel,45,375,16875,In-Store
Sports Direct,2021-10-15,Northeast,Massachusetts,Men'S Street Footwear,60,400,24000,In-Store
Kohl'S,2021-04-26,West,New Mexico,Men'S Athletic Footwear,60,350,21000,Online
Amazon,2021-12-13,Northeast,Massachusetts,Women'S Apparel,70,400,28000,In-Store
Sports Direct,2021-04-16,Midwest,Michigan,Women'S Athletic Footwear,35,375,13125,In-Store
Kohl'S,2021-05-27,West,New Mexico,Women'S Athletic Footwear,55,350,19250,Online
Amazon,2021-05-10,Northeast,Vermont,Women'S Apparel,65,400,26000,In-Store
Kohl'S,2021-10-26,West,New Mexico,Women'S Athletic Footwear,50,350,17500,Online
Amazon,2021-06-12,Northeast,Vermont,Men'S Athletic Footwear,55,400,22000,In-Store
Foot Locker,2021-06-18,Midwest,Missouri,Women'S Street Footwear,25,375,9375,In-Store
Sports Direct,2021-03-12,Southeast,Georgia,Women'S Apparel,50,350,17500,Online
Amazon,2021-08-11,Northeast,Vermont,Women'S Apparel,65,400,26000,In-Store
Sports Direct,2021-04-13,Southeast,Georgia,Women'S Apparel,70,350,24500,Online
Foot Locker,2021-07-17,Midwest,Missouri,Women'S Athletic Footwear,30,375,11250,In-Store
Amazon,2021-12-10,Northeast,Vermont,Men'S Athletic Footwear,60,400,24000,In-Store
Sports Direct,2021-10-13,Southeast,Georgia,Women'S Street Footwear,45,350,15750,Online
Foot Locker,2021-11-18,Northeast,New Hampshire,Women'S Apparel,80,400,32000,Outlet
Foot Locker,2021-07-17,Midwest,Missouri,Men'S Apparel,40,375,15000,In-Store
Sports Direct,2021-10-13,Southeast,Georgia,Women'S Apparel,70,350,24500,Online
Foot Locker,2021-12-17,Northeast,New Hampshire,Women'S Street Footwear,65,400,26000,Outlet
Sports Direct,2021-11-13,Southeast,Georgia,Men'S Apparel,65,350,22750,Online
West Gear,2021-01-11,Midwest,Missouri,Men'S Apparel,35,375,13125,In-Store
Sports Direct,2021-11-17,South,Mississippi,Women'S Street Footwear,30,395,11850,Online
Amazon,2021-07-21,Southeast,Kentucky,Men'S Athletic Footwear,45,350,15750,Online
West Gear,2021-02-11,Midwest,Missouri,Men'S Athletic Footwear,25,375,9375,In-Store
Foot Locker,2021-07-17,Midwest,Illinois,Women'S Apparel,55,375,20625,Outlet
Amazon,2021-08-22,Southeast,Kentucky,Men'S Athletic Footwear,45,350,15750,Online
Sports Direct,2021-08-15,South,Texas,Men'S Apparel,40,375,15000,Outlet
West Gear,2021-02-11,West,Utah,Men'S Apparel,35,375,13125,In-Store
Walmart,2021-10-18,South,Mississippi,Men'S Apparel,35,350,12250,Online
Foot Locker,2021-12-02,Northeast,Pennsylvania,Women'S Apparel,70,375,26250,Outlet
West Gear,2021-05-12,West,Utah,Men'S Athletic Footwear,30,375,11250,In-Store
Foot Locker,2021-12-21,Northeast,Pennsylvania,Men'S Street Footwear,70,375,26250,Outlet
West Gear,2020-01-19,West,Nevada,Women'S Apparel,55,375,20625,Outlet
West Gear,2020-02-27,West,Nevada,Women'S Street Footwear,60,375,22500,In-Store
West Gear,2020-03-02,West,Nevada,Women'S Apparel,75,375,28125,In-Store
West Gear,2021-02-17,South,Louisiana,Women'S Apparel,45,375,16875,In-Store
West Gear,2020-04-04,West,Colorado,Women'S Street Footwear,65,375,24375,In-Store
Sports Direct,2021-09-27,South,Alabama,Women'S Athletic Footwear,35,325,11375,Outlet
West Gear,2021-03-16,South,Louisiana,Men'S Athletic Footwear,55,375,20625,In-Store
West Gear,2020-04-09,West,Colorado,Men'S Athletic Footwear,65,375,24375,In-Store
West Gear,2020-04-10,West,Colorado,Women'S Street Footwear,65,375,24375,In-Store
Amazon,2021-11-16,Northeast,Maine,Women'S Apparel,60,325,19500,Outlet
West Gear,2021-04-17,South,Louisiana,Women'S Street Footwear,55,375,20625,In-Store
West Gear,2020-05-18,West,Colorado,Men'S Apparel,75,375,28125,In-Store
Amazon,2021-12-26,Northeast,Maine,Women'S Apparel,60,325,19500,Outlet
West Gear,2020-06-12,West,Washington,Women'S Apparel,65,375,24375,In-Store
West Gear,2021-10-17,South,Louisiana,Women'S Athletic Footwear,40,375,15000,Online
West Gear,2020-06-29,West,Washington,Men'S Apparel,85,375,31875,In-Store
Amazon,2021-06-22,West,Alaska,Women'S Street Footwear,55,325,17875,Outlet
Foot Locker,2021-02-04,West,Idaho,Women'S Athletic Footwear,35,375,13125,Online
West Gear,2020-07-21,West,Washington,Women'S Street Footwear,60,375,22500,In-Store
Amazon,2021-07-20,West,Alaska,Men'S Apparel,65,325,21125,Outlet
West Gear,2021-04-05,West,Idaho,Women'S Athletic Footwear,30,375,11250,Online
Sports Direct,2021-01-23,South,Mississippi,Men'S Apparel,35,350,12250,Online
Walmart,2021-05-19,South,Arkansas,Women'S Street Footwear,35,350,12250,Online
Amazon,2021-09-20,West,Alaska,Men'S Athletic Footwear,60,325,19500,Outlet
Sports Direct,2021-10-04,West,Idaho,Women'S Athletic Footwear,45,375,16875,Online
West Gear,2021-11-20,South,Arkansas,Men'S Apparel,75,350,26250,Online
Foot Locker,2021-03-09,West,Hawaii,Women'S Apparel,55,325,17875,Outlet
Foot Locker,2021-02-23,West,Idaho,Men'S Athletic Footwear,40,375,15000,Online
Foot Locker,2020-11-29,Midwest,Minnesota,Men'S Athletic Footwear,45,300,13500,Outlet
Kohl'S,2021-01-06,Midwest,Montana,Women'S Athletic Footwear,45,300,13500,Outlet
Foot Locker,2021-02-23,West,Idaho,Women'S Street Footwear,40,375,15000,Online
Foot Locker,2021-04-10,West,Hawaii,Women'S Apparel,70,325,22750,Outlet
Kohl'S,2021-01-18,Midwest,Montana,Women'S Athletic Footwear,40,300,12000,Outlet
Walmart,2021-09-11,West,Hawaii,Women'S Athletic Footwear,65,325,21125,Outlet
Kohl'S,2021-01-31,Midwest,Montana,Men'S Apparel,45,300,13500,Outlet
Foot Locker,2021-06-27,Midwest,Nebraska,Men'S Athletic Footwear,40,300,12000,Outlet
Sports Direct,2021-03-16,Southeast,Florida,Women'S Athletic Footwear,60,325,19500,Outlet
Foot Locker,2021-07-20,Midwest,Nebraska,Men'S Street Footwear,40,300,12000,Outlet
Walmart,2021-05-18,Southeast,Florida,Women'S Athletic Footwear,60,325,19500,Outlet
Amazon,2021-11-18,Northeast,Maine,Men'S Athletic Footwear,50,300,15000,Outlet
Amazon,2021-12-22,Northeast,Maine,Men'S Athletic Footwear,50,300,15000,Outlet
Foot Locker,2021-02-24,Southeast,Virginia,Women'S Apparel,40,325,13000,In-Store
Foot Locker,2021-05-24,West,Arizona,Men'S Athletic Footwear,55,375,20625,Online
Amazon,2021-12-17,Northeast,Maine,Women'S Apparel,70,300,21000,Outlet
Foot Locker,2021-03-23,Southeast,Virginia,Men'S Athletic Footwear,50,325,16250,In-Store
Amazon,2021-01-24,West,Alaska,Women'S Apparel,55,300,16500,Outlet
Foot Locker,2021-05-24,West,Arizona,Women'S Apparel,70,375,26250,Online
Amazon,2021-04-21,West,Alaska,Women'S Apparel,50,300,15000,Outlet
Foot Locker,2021-04-24,Southeast,Virginia,Women'S Street Footwear,60,325,19500,In-Store
Amazon,2021-05-20,West,Alaska,Women'S Street Footwear,55,300,16500,Outlet
Foot Locker,2021-07-22,West,Arizona,Women'S Athletic Footwear,50,375,18750,Online
Foot Locker,2021-10-24,Southeast,Virginia,Women'S Athletic Footwear,45,325,14625,In-Store
Amazon,2021-06-22,West,Alaska,Women'S Athletic Footwear,55,300,16500,Outlet
Foot Locker,2021-08-23,West,Arizona,Women'S Apparel,70,375,26250,Online
Amazon,2021-06-22,West,Alaska,Men'S Apparel,65,300,19500,Outlet
Sports Direct,2021-03-15,Midwest,Michigan,Women'S Athletic Footwear,30,325,9750,In-Store
Amazon,2021-07-20,West,Alaska,Women'S Athletic Footwear,55,300,16500,Outlet
West Gear,2021-05-19,South,Oklahoma,Women'S Apparel,45,350,15750,Online
Foot Locker,2021-01-18,Midwest,Michigan,Men'S Apparel,40,325,13000,In-Store
Foot Locker,2021-09-24,West,Arizona,Women'S Athletic Footwear,45,375,16875,Online
Amazon,2021-09-20,West,Alaska,Women'S Apparel,70,300,21000,Outlet
West Gear,2021-06-21,South,Oklahoma,Men'S Athletic Footwear,35,350,12250,Online
Amazon,2021-11-21,West,Alaska,Men'S Athletic Footwear,65,300,19500,Outlet
Foot Locker,2021-02-18,Midwest,Michigan,Men'S Athletic Footwear,30,325,9750,In-Store
Amazon,2021-11-21,West,Alaska,Women'S Athletic Footwear,65,300,19500,Outlet
Foot Locker,2021-02-18,Midwest,Missouri,Men'S Apparel,40,325,13000,In-Store
Foot Locker,2021-04-10,West,Hawaii,Men'S Athletic Footwear,65,300,19500,Outlet
Walmart,2021-10-10,West,Hawaii,Women'S Street Footwear,60,300,18000,Outlet
Foot Locker,2021-05-19,Midwest,Missouri,Men'S Athletic Footwear,35,325,11375,In-Store
Walmart,2021-10-10,West,Hawaii,Women'S Apparel,70,300,21000,Outlet
West Gear,2021-02-24,West,Oregon,Women'S Apparel,40,325,13000,In-Store
Walmart,2021-04-17,Southeast,Florida,Women'S Athletic Footwear,55,300,16500,Outlet
Walmart,2021-08-17,Southeast,Florida,Women'S Apparel,85,300,25500,In-Store
West Gear,2021-03-23,West,Oregon,Men'S Athletic Footwear,50,325,16250,In-Store
Walmart,2021-09-18,Southeast,Florida,Women'S Street Footwear,60,300,18000,In-Store
West Gear,2021-04-24,West,Oregon,Women'S Street Footwear,60,325,19500,In-Store
Walmart,2021-09-18,Southeast,Florida,Women'S Apparel,55,300,16500,In-Store
West Gear,2021-10-24,West,Oregon,Women'S Athletic Footwear,45,325,14625,In-Store
Foot Locker,2021-03-23,Southeast,Virginia,Women'S Apparel,50,300,15000,In-Store
Foot Locker,2021-04-24,Southeast,Virginia,Women'S Apparel,65,300,19500,In-Store
West Gear,2021-04-17,South,Louisiana,Men'S Athletic Footwear,55,325,17875,In-Store
Foot Locker,2021-09-24,West,Arizona,Men'S Apparel,55,375,20625,Online
Foot Locker,2021-10-24,Southeast,Virginia,Men'S Apparel,55,300,16500,In-Store
Foot Locker,2021-03-17,Midwest,Missouri,Men'S Athletic Footwear,35,300,10500,In-Store
West Gear,2021-05-18,South,Louisiana,Women'S Athletic Footwear,45,325,14625,In-Store
Foot Locker,2021-11-23,West,Arizona,Women'S Street Footwear,45,375,16875,Online
Foot Locker,2021-08-18,Midwest,Missouri,Men'S Apparel,35,300,10500,In-Store
Foot Locker,2021-01-05,South,Louisiana,Men'S Apparel,40,325,13000,Online
Kohl'S,2021-03-25,West,New Mexico,Women'S Apparel,55,375,20625,Online
Foot Locker,2021-11-18,Midwest,Missouri,Men'S Apparel,45,300,13500,In-Store
West Gear,2021-03-10,West,Utah,Men'S Apparel,40,300,12000,In-Store
Foot Locker,2021-03-22,West,Arizona,Women'S Apparel,50,325,16250,Online
West Gear,2021-07-19,South,Oklahoma,Men'S Apparel,60,350,21000,Online
Kohl'S,2021-04-26,West,New Mexico,Women'S Apparel,75,375,28125,Online
West Gear,2021-05-12,West,Utah,Men'S Apparel,40,300,12000,In-Store
West Gear,2021-09-19,South,Oklahoma,Women'S Apparel,30,350,10500,Online
Foot Locker,2021-04-23,West,Arizona,Women'S Apparel,70,325,22750,Online
West Gear,2021-03-23,West,Oregon,Women'S Apparel,50,300,15000,In-Store
Kohl'S,2021-10-26,West,New Mexico,Women'S Street Footwear,50,375,18750,Online
Kohl'S,2021-07-12,Midwest,Kansas,Women'S Street Footwear,45,350,15750,Online
West Gear,2021-04-24,West,Oregon,Women'S Apparel,65,300,19500,In-Store
Foot Locker,2021-10-23,West,Arizona,Women'S Street Footwear,45,325,14625,Online
Kohl'S,2021-10-26,West,New Mexico,Women'S Apparel,75,375,28125,Online
Kohl'S,2021-08-13,Midwest,Kansas,Women'S Street Footwear,50,350,17500,Online
West Gear,2021-10-24,West,Oregon,Men'S Apparel,55,300,16500,In-Store
Kohl'S,2021-09-12,Midwest,Kansas,Men'S Athletic Footwear,40,350,14000,Online
West Gear,2021-03-16,South,Louisiana,Women'S Athletic Footwear,55,300,16500,In-Store
Foot Locker,2021-10-23,West,Arizona,Women'S Apparel,60,325,19500,Online
West Gear,2021-08-17,South,Louisiana,Women'S Apparel,70,300,21000,Online
Foot Locker,2021-11-13,Midwest,Kansas,Women'S Apparel,75,350,26250,Online
Kohl'S,2021-01-26,West,Arizona,Women'S Athletic Footwear,45,325,14625,Online
West Gear,2021-09-18,South,Louisiana,Women'S Street Footwear,45,300,13500,Online
Foot Locker,2021-12-12,Midwest,Kansas,Women'S Street Footwear,60,350,21000,Online
West Gear,2021-09-18,South,Louisiana,Women'S Apparel,40,300,12000,Online
Kohl'S,2021-10-26,West,New Mexico,Men'S Apparel,60,325,19500,Online
Foot Locker,2021-08-12,Midwest,South Dakota,Women'S Apparel,55,350,19250,Online
Foot Locker,2021-04-23,West,Arizona,Men'S Athletic Footwear,55,300,16500,Online
Sports Direct,2021-04-13,Southeast,Georgia,Men'S Athletic Footwear,55,325,17875,Online
Sports Direct,2021-08-09,Midwest,North Dakota,Women'S Apparel,55,350,19250,In-Store
Foot Locker,2021-05-24,West,Arizona,Women'S Athletic Footwear,50,300,15000,Online
Sports Direct,2021-05-14,Southeast,Georgia,Women'S Athletic Footwear,50,325,16250,Online
Foot Locker,2021-10-23,West,Arizona,Women'S Athletic Footwear,45,300,13500,Online
Foot Locker,2021-08-06,Midwest,Iowa,Women'S Apparel,55,350,19250,In-Store
Sports Direct,2021-10-13,Southeast,Georgia,Women'S Athletic Footwear,45,325,14625,Online
West Gear,2021-08-03,Midwest,Wisconsin,Women'S Apparel,55,350,19250,In-Store
West Gear,2021-12-02,Midwest,Wisconsin,Men'S Athletic Footwear,50,350,17500,In-Store
West Gear,2021-12-02,Midwest,Wisconsin,Women'S Apparel,65,350,22750,In-Store
West Gear,2021-08-10,Midwest,Indiana,Women'S Apparel,55,350,19250,In-Store
Kohl'S,2021-11-26,West,New Mexico,Men'S Apparel,70,375,26250,Online
Amazon,2021-09-23,Southeast,Kentucky,Men'S Athletic Footwear,45,325,14625,Online
West Gear,2021-11-10,Midwest,Indiana,Women'S Apparel,65,350,22750,In-Store
Sports Direct,2021-02-13,Southeast,Georgia,Women'S Apparel,40,375,15000,Online
West Gear,2021-12-09,Midwest,Indiana,Women'S Street Footwear,50,350,17500,In-Store
Foot Locker,2021-12-21,Southeast,Kentucky,Men'S Athletic Footwear,55,325,17875,Online
West Gear,2021-05-18,Northeast,West Virginia,Women'S Apparel,55,350,19250,In-Store
Sports Direct,2021-03-12,Southeast,Georgia,Men'S Athletic Footwear,50,375,18750,Online
Foot Locker,2021-12-21,Southeast,Kentucky,Women'S Apparel,65,325,21125,Online
West Gear,2021-09-18,Northeast,West Virginia,Men'S Athletic Footwear,30,350,10500,In-Store
Foot Locker,2021-11-17,Northeast,West Virginia,Men'S Athletic Footwear,35,350,12250,In-Store
Foot Locker,2021-03-16,South,Mississippi,Men'S Apparel,35,325,11375,Online
Foot Locker,2021-12-16,Northeast,West Virginia,Women'S Athletic Footwear,55,350,19250,In-Store
Foot Locker,2021-11-23,West,Arizona,Men'S Apparel,55,300,16500,Online
Foot Locker,2021-04-17,South,Mississippi,Men'S Apparel,40,325,13000,Online
Foot Locker,2021-12-16,Northeast,West Virginia,Men'S Apparel,65,350,22750,In-Store
Kohl'S,2021-04-26,West,New Mexico,Women'S Athletic Footwear,55,300,16500,Online
Sports Direct,2021-07-20,Northeast,Maryland,Women'S Apparel,55,350,19250,In-Store
Kohl'S,2021-06-26,West,New Mexico,Men'S Apparel,60,300,18000,Online
Sports Direct,2021-01-13,West,New Mexico,Women'S Athletic Footwear,40,300,12000,Online
Foot Locker,2021-11-21,Northeast,Maryland,Men'S Street Footwear,60,350,21000,In-Store
Sports Direct,2021-10-13,Southeast,Georgia,Men'S Apparel,55,300,16500,Online
Foot Locker,2021-07-13,Northeast,Delaware,Women'S Street Footwear,45,350,15750,In-Store
Amazon,2021-01-22,Midwest,Ohio,Men'S Athletic Footwear,40,300,12000,Online
Foot Locker,2021-08-14,Northeast,Delaware,Women'S Street Footwear,45,350,15750,In-Store
Amazon,2021-01-22,Midwest,Ohio,Women'S Apparel,40,300,12000,Online
Kohl'S,2021-05-06,Northeast,New Jersey,Women'S Apparel,55,350,19250,In-Store
Amazon,2021-02-22,Southeast,Kentucky,Women'S Apparel,40,300,12000,Online
Kohl'S,2021-06-08,Northeast,New Jersey,Men'S Athletic Footwear,45,350,15750,In-Store
Walmart,2021-05-19,South,Arkansas,Women'S Athletic Footwear,35,300,10500,Online
Kohl'S,2021-08-07,Northeast,New Jersey,Women'S Apparel,55,350,19250,In-Store
West Gear,2021-05-19,South,Oklahoma,Men'S Athletic Footwear,40,300,12000,Online
Sports Direct,2021-12-06,Northeast,New Jersey,Men'S Athletic Footwear,50,350,17500,In-Store
West Gear,2021-06-21,South,Oklahoma,Women'S Athletic Footwear,40,300,12000,Online
Foot Locker,2021-11-04,Northeast,Connecticut,Women'S Apparel,70,350,24500,In-Store
West Gear,2021-06-21,South,Oklahoma,Men'S Apparel,55,300,16500,Online
Foot Locker,2021-12-03,Northeast,Connecticut,Women'S Street Footwear,55,350,19250,In-Store
Foot Locker,2021-06-08,Northeast,Rhode Island,Women'S Apparel,55,350,19250,In-Store
Sports Direct,2021-03-12,Southeast,Georgia,Women'S Street Footwear,50,375,18750,Online
Sports Direct,2021-11-07,Northeast,Rhode Island,Men'S Street Footwear,60,350,21000,In-Store
Sports Direct,2021-07-13,Northeast,Massachusetts,Men'S Athletic Footwear,50,350,17500,In-Store
Sports Direct,2021-04-13,Southeast,Georgia,Women'S Street Footwear,55,375,20625,Online
Sports Direct,2021-08-14,Northeast,Massachusetts,Men'S Athletic Footwear,50,350,17500,In-Store
Walmart,2021-02-21,South,Arkansas,Men'S Apparel,35,325,11375,Online
Amazon,2021-11-14,Northeast,Massachusetts,Women'S Apparel,70,350,24500,In-Store
Amazon,2021-02-11,Midwest,Ohio,Women'S Athletic Footwear,30,375,11250,Online
Amazon,2021-12-13,Northeast,Massachusetts,Women'S Street Footwear,55,350,19250,In-Store
Walmart,2021-05-19,South,Arkansas,Men'S Apparel,45,325,14625,Online
Amazon,2021-03-09,Midwest,Ohio,Men'S Apparel,40,375,15000,Online
Amazon,2021-07-10,Northeast,Vermont,Women'S Street Footwear,50,350,17500,In-Store
Amazon,2021-08-11,Northeast,Vermont,Women'S Street Footwear,50,350,17500,In-Store
Amazon,2021-04-10,Midwest,Ohio,Men'S Apparel,45,375,16875,Online
Amazon,2021-06-19,Northeast,New Hampshire,Women'S Street Footwear,55,350,19250,In-Store
Amazon,2021-06-22,Southeast,Kentucky,Women'S Apparel,55,375,20625,Online
Amazon,2021-07-17,Northeast,New Hampshire,Men'S Apparel,65,350,22750,Outlet
West Gear,2021-04-20,South,Oklahoma,Women'S Apparel,30,325,9750,Online
Foot Locker,2021-01-20,Southeast,Kentucky,Women'S Athletic Footwear,25,375,9375,Online
Amazon,2021-09-17,Northeast,New Hampshire,Men'S Athletic Footwear,60,350,21000,Outlet
Foot Locker,2021-12-17,Northeast,New Hampshire,Women'S Athletic Footwear,65,350,22750,Outlet
West Gear,2021-06-21,South,Oklahoma,Women'S Street Footwear,40,325,13000,Online
Foot Locker,2021-04-17,South,Mississippi,Men'S Athletic Footwear,25,375,9375,Online
Foot Locker,2021-12-17,Northeast,New Hampshire,Men'S Apparel,75,350,26250,Outlet
Foot Locker,2021-11-18,Northeast,New Hampshire,Women'S Street Footwear,65,345,22425,Outlet
West Gear,2021-08-20,South,Oklahoma,Men'S Apparel,50,300,15000,Online
Foot Locker,2021-07-07,Midwest,Illinois,Men'S Athletic Footwear,45,325,14625,Outlet
Kohl'S,2021-11-20,South,Oklahoma,Women'S Athletic Footwear,55,300,16500,Online
Foot Locker,2021-07-13,Midwest,Illinois,Men'S Athletic Footwear,45,325,14625,Outlet
Kohl'S,2021-06-14,Midwest,Kansas,Women'S Street Footwear,40,300,12000,Online
West Gear,2021-07-19,South,Oklahoma,Women'S Athletic Footwear,45,325,14625,Online
Sports Direct,2021-09-02,South,Texas,Men'S Apparel,35,325,11375,Outlet
West Gear,2021-08-20,South,Oklahoma,Women'S Athletic Footwear,40,325,13000,Online
West Gear,2020-03-01,West,Nevada,Men'S Apparel,70,325,22750,In-Store
Kohl'S,2021-10-21,South,Oklahoma,Women'S Apparel,30,325,9750,Online
West Gear,2020-04-03,West,Colorado,Men'S Athletic Footwear,65,325,21125,In-Store
Kohl'S,2021-12-19,South,Oklahoma,Women'S Athletic Footwear,60,325,19500,Online
West Gear,2020-04-07,West,Colorado,Women'S Apparel,80,325,26000,In-Store
West Gear,2020-04-18,West,Colorado,Men'S Apparel,70,325,22750,In-Store
Kohl'S,2021-07-12,Midwest,Kansas,Women'S Athletic Footwear,45,300,13500,Online
Kohl'S,2021-12-19,South,Oklahoma,Men'S Apparel,70,325,22750,Online
West Gear,2020-05-11,West,Colorado,Women'S Athletic Footwear,55,325,17875,In-Store
Kohl'S,2021-08-13,Midwest,Kansas,Women'S Athletic Footwear,40,300,12000,Online
Kohl'S,2021-05-12,Midwest,Kansas,Women'S Apparel,45,325,14625,Online
West Gear,2020-06-10,West,Washington,Women'S Athletic Footwear,65,325,21125,In-Store
Foot Locker,2021-12-12,Midwest,Kansas,Women'S Athletic Footwear,60,300,18000,Online
Foot Locker,2021-05-16,South,Mississippi,Women'S Athletic Footwear,35,375,13125,Online
Kohl'S,2021-06-14,Midwest,Kansas,Men'S Athletic Footwear,35,325,11375,Online
Foot Locker,2021-12-12,Midwest,Kansas,Men'S Apparel,70,300,21000,Online
Foot Locker,2021-07-11,Midwest,South Dakota,Men'S Athletic Footwear,45,300,13500,Online
Walmart,2021-10-18,South,Mississippi,Women'S Street Footwear,25,375,9375,Online
Kohl'S,2021-07-12,Midwest,Kansas,Men'S Apparel,60,325,19500,Online
Foot Locker,2021-08-12,Midwest,South Dakota,Men'S Athletic Footwear,45,300,13500,Online
West Gear,2020-07-23,West,Washington,Men'S Apparel,70,325,22750,In-Store
Walmart,2021-05-19,South,Arkansas,Men'S Athletic Footwear,40,375,15000,Online
Foot Locker,2020-11-21,Midwest,Minnesota,Women'S Apparel,55,325,17875,Outlet
Walmart,2021-06-21,South,Arkansas,Women'S Athletic Footwear,40,375,15000,Online
Foot Locker,2020-12-03,Midwest,Minnesota,Women'S Apparel,50,325,16250,Outlet
Kohl'S,2020-12-31,Midwest,Minnesota,Women'S Athletic Footwear,45,325,14625,Outlet
Kohl'S,2021-01-12,Midwest,Montana,Women'S Athletic Footwear,45,325,14625,Outlet
Kohl'S,2021-01-24,Midwest,Montana,Women'S Athletic Footwear,40,325,13000,Outlet
Foot Locker,2021-06-25,Midwest,Nebraska,Women'S Apparel,50,325,16250,Outlet
Foot Locker,2021-07-14,Midwest,Nebraska,Men'S Street Footwear,40,325,13000,Outlet
Sports Direct,2021-12-11,Midwest,South Dakota,Men'S Athletic Footwear,50,300,15000,Online
Sports Direct,2021-08-05,South,Alabama,Men'S Apparel,40,325,13000,Outlet
Sports Direct,2021-12-11,Midwest,South Dakota,Women'S Apparel,65,300,19500,Online
Sports Direct,2021-07-08,Midwest,North Dakota,Men'S Athletic Footwear,45,300,13500,In-Store
Sports Direct,2021-08-09,Midwest,North Dakota,Men'S Athletic Footwear,45,300,13500,In-Store
Foot Locker,2021-12-08,Midwest,North Dakota,Men'S Athletic Footwear,50,300,15000,In-Store
Amazon,2021-11-11,Northeast,Vermont,Women'S Athletic Footwear,60,300,18000,In-Store
Foot Locker,2021-12-08,Midwest,North Dakota,Women'S Apparel,65,300,19500,In-Store
Kohl'S,2021-09-12,Midwest,Kansas,Women'S Apparel,30,325,9750,Online
Foot Locker,2021-07-05,Midwest,Iowa,Men'S Athletic Footwear,45,300,13500,In-Store
Amazon,2021-02-19,Northeast,Vermont,Women'S Street Footwear,40,300,12000,In-Store
Foot Locker,2021-06-12,Midwest,South Dakota,Women'S Apparel,55,325,17875,Online
Foot Locker,2021-08-06,Midwest,Iowa,Men'S Athletic Footwear,45,300,13500,In-Store
Amazon,2021-03-17,Northeast,New Hampshire,Women'S Street Footwear,40,300,12000,In-Store
West Gear,2021-05-04,Midwest,Wisconsin,Women'S Apparel,50,300,15000,In-Store
Amazon,2021-03-17,Northeast,New Hampshire,Women'S Apparel,50,300,15000,In-Store
Sports Direct,2021-06-09,Midwest,North Dakota,Women'S Apparel,55,325,17875,In-Store
West Gear,2021-07-02,Midwest,Wisconsin,Men'S Athletic Footwear,45,300,13500,In-Store
Amazon,2021-05-17,Northeast,New Hampshire,Men'S Athletic Footwear,60,300,18000,In-Store
Foot Locker,2021-06-06,Midwest,Iowa,Women'S Apparel,55,325,17875,In-Store
West Gear,2021-08-03,Midwest,Wisconsin,Men'S Athletic Footwear,45,300,13500,In-Store
Amazon,2021-05-17,Northeast,New Hampshire,Men'S Apparel,65,300,19500,In-Store
West Gear,2021-11-03,Midwest,Wisconsin,Men'S Athletic Footwear,35,300,10500,In-Store
West Gear,2021-12-05,Midwest,Iowa,Men'S Athletic Footwear,50,325,16250,In-Store
Foot Locker,2021-10-19,Northeast,New Hampshire,Men'S Athletic Footwear,65,300,19500,Outlet
West Gear,2021-11-03,Midwest,Wisconsin,Women'S Apparel,65,300,19500,In-Store
West Gear,2021-12-05,Midwest,Iowa,Women'S Apparel,65,325,21125,In-Store
Foot Locker,2021-10-19,Northeast,New Hampshire,Women'S Apparel,80,300,24000,Outlet
West Gear,2021-12-02,Midwest,Wisconsin,Women'S Street Footwear,50,300,15000,In-Store
Foot Locker,2021-11-18,Northeast,New Hampshire,Men'S Apparel,75,300,22500,Outlet
West Gear,2021-01-10,Midwest,Wisconsin,Men'S Athletic Footwear,35,300,10500,In-Store
West Gear,2021-06-03,Midwest,Wisconsin,Women'S Apparel,55,325,17875,In-Store
Foot Locker,2021-01-24,Northeast,New Hampshire,Men'S Athletic Footwear,55,300,16500,Outlet
West Gear,2021-01-10,Midwest,Wisconsin,Women'S Apparel,35,300,10500,In-Store
West Gear,2021-05-11,Midwest,Indiana,Women'S Apparel,55,325,17875,In-Store
West Gear,2021-07-09,Midwest,Indiana,Men'S Athletic Footwear,50,300,15000,In-Store
West Gear,2021-06-10,Midwest,Indiana,Men'S Athletic Footwear,35,325,11375,In-Store
West Gear,2021-08-10,Midwest,Indiana,Men'S Athletic Footwear,45,300,13500,In-Store
Walmart,2021-06-21,South,Arkansas,Men'S Apparel,55,375,20625,Online
West Gear,2021-12-09,Midwest,Indiana,Women'S Athletic Footwear,50,300,15000,In-Store
West Gear,2021-06-10,Midwest,Indiana,Women'S Apparel,60,325,19500,In-Store
West Gear,2021-12-09,Midwest,Indiana,Men'S Apparel,60,300,18000,In-Store
Walmart,2021-08-20,South,Arkansas,Men'S Apparel,50,375,18750,Online
West Gear,2021-11-10,Midwest,Indiana,Men'S Athletic Footwear,35,325,11375,In-Store
West Gear,2021-01-17,Midwest,Indiana,Men'S Athletic Footwear,35,300,10500,In-Store
West Gear,2021-01-17,Midwest,Indiana,Women'S Apparel,35,300,10500,In-Store
West Gear,2021-11-20,South,Arkansas,Women'S Athletic Footwear,55,375,20625,Online
West Gear,2021-03-16,Northeast,West Virginia,Women'S Apparel,30,325,9750,In-Store
West Gear,2021-05-18,Northeast,West Virginia,Men'S Athletic Footwear,40,300,12000,In-Store
West Gear,2021-01-23,South,Arkansas,Men'S Athletic Footwear,25,375,9375,Online
West Gear,2021-06-17,Northeast,West Virginia,Women'S Street Footwear,35,300,10500,In-Store
West Gear,2021-04-17,Northeast,West Virginia,Women'S Apparel,50,325,16250,In-Store
West Gear,2021-07-16,Northeast,West Virginia,Men'S Apparel,60,300,18000,In-Store
West Gear,2021-01-23,South,Arkansas,Women'S Apparel,25,375,9375,Online
West Gear,2021-07-16,Northeast,West Virginia,Women'S Street Footwear,50,325,16250,In-Store
West Gear,2021-08-17,Northeast,West Virginia,Men'S Athletic Footwear,45,300,13500,In-Store
West Gear,2021-08-17,Northeast,West Virginia,Women'S Street Footwear,40,300,12000,In-Store
West Gear,2021-07-19,South,Oklahoma,Women'S Street Footwear,45,375,16875,Online
Foot Locker,2021-11-17,Northeast,West Virginia,Women'S Athletic Footwear,40,325,13000,In-Store
West Gear,2021-09-18,Northeast,West Virginia,Women'S Apparel,40,300,12000,In-Store
Foot Locker,2021-01-17,Northeast,Maryland,Men'S Athletic Footwear,40,325,13000,In-Store
Foot Locker,2021-10-17,Northeast,West Virginia,Women'S Apparel,50,300,15000,In-Store
Foot Locker,2021-01-17,Northeast,Maryland,Women'S Street Footwear,30,325,9750,In-Store
Foot Locker,2021-11-17,Northeast,West Virginia,Men'S Apparel,65,300,19500,In-Store
Foot Locker,2021-06-22,Northeast,Maryland,Women'S Apparel,55,300,16500,In-Store
West Gear,2021-08-20,South,Oklahoma,Women'S Street Footwear,50,375,18750,Online
Foot Locker,2021-01-17,Northeast,Maryland,Women'S Apparel,40,325,13000,In-Store
Foot Locker,2021-01-24,Northeast,New Hampshire,Women'S Street Footwear,45,300,13500,Outlet
Sports Direct,2021-08-21,Northeast,Maryland,Women'S Apparel,55,300,16500,In-Store
Foot Locker,2021-01-24,Northeast,New Hampshire,Women'S Apparel,55,300,16500,Outlet
Foot Locker,2021-02-15,Northeast,Delaware,Women'S Apparel,40,325,13000,In-Store
West Gear,2021-09-19,South,Oklahoma,Men'S Athletic Footwear,40,375,15000,Online
Foot Locker,2021-04-14,Northeast,Delaware,Women'S Apparel,40,300,12000,In-Store
Foot Locker,2021-11-17,Northeast,West Virginia,Women'S Street Footwear,35,295,10325,In-Store
Foot Locker,2021-05-13,Northeast,Delaware,Women'S Street Footwear,45,300,13500,In-Store
Foot Locker,2021-11-04,Northeast,Connecticut,Women'S Street Footwear,55,295,16225,In-Store
Kohl'S,2021-11-20,South,Oklahoma,Women'S Apparel,75,375,28125,Online
Foot Locker,2021-06-15,Northeast,Delaware,Women'S Athletic Footwear,45,300,13500,In-Store
Amazon,2021-11-14,Northeast,Massachusetts,Women'S Street Footwear,55,295,16225,In-Store
Foot Locker,2021-06-15,Northeast,Delaware,Women'S Street Footwear,45,325,14625,In-Store
Foot Locker,2021-06-15,Northeast,Delaware,Men'S Apparel,55,300,16500,In-Store
Kohl'S,2021-12-19,South,Oklahoma,Women'S Street Footwear,60,375,22500,Online
Foot Locker,2021-06-01,West,California,Men'S Athletic Footwear,45,275,12375,Outlet
Foot Locker,2021-07-13,Northeast,Delaware,Women'S Athletic Footwear,45,300,13500,In-Store
Foot Locker,2021-07-13,Northeast,Delaware,Men'S Apparel,55,325,17875,In-Store
Foot Locker,2021-06-02,West,California,Women'S Street Footwear,35,275,9625,Outlet
Foot Locker,2021-07-11,Midwest,South Dakota,Women'S Apparel,55,375,20625,Online
Foot Locker,2021-09-13,Northeast,Delaware,Women'S Apparel,60,300,18000,In-Store
Foot Locker,2021-06-05,Midwest,Illinois,Women'S Apparel,45,275,12375,Outlet
Foot Locker,2021-10-15,Northeast,Delaware,Men'S Athletic Footwear,55,300,16500,In-Store
Foot Locker,2021-09-13,Northeast,Delaware,Men'S Athletic Footwear,50,325,16250,In-Store
Foot Locker,2021-06-11,Midwest,Illinois,Women'S Apparel,45,275,12375,Outlet
Sports Direct,2021-07-08,Midwest,North Dakota,Women'S Apparel,55,375,20625,In-Store
Kohl'S,2021-10-15,Northeast,Delaware,Women'S Apparel,70,300,21000,In-Store
Kohl'S,2021-11-14,Northeast,Delaware,Men'S Athletic Footwear,55,325,17875,In-Store
Foot Locker,2021-12-10,Northeast,Pennsylvania,Men'S Athletic Footwear,50,275,13750,Outlet
Kohl'S,2021-11-14,Northeast,Delaware,Women'S Athletic Footwear,55,300,16500,In-Store
Foot Locker,2021-12-28,Northeast,Pennsylvania,Men'S Athletic Footwear,60,275,16500,Outlet
Kohl'S,2021-07-06,Northeast,New Jersey,Women'S Street Footwear,40,300,12000,In-Store
Foot Locker,2021-07-05,Midwest,Iowa,Women'S Apparel,55,375,20625,In-Store
Foot Locker,2020-01-01,Northeast,Pennsylvania,Women'S Apparel,75,275,20625,Outlet
Kohl'S,2021-08-07,Northeast,New Jersey,Women'S Street Footwear,40,300,12000,In-Store
West Gear,2021-07-02,Midwest,Wisconsin,Women'S Apparel,55,375,20625,In-Store
West Gear,2021-10-03,Midwest,Wisconsin,Men'S Street Footwear,45,375,16875,In-Store
Kohl'S,2021-12-13,Northeast,Delaware,Women'S Athletic Footwear,55,325,17875,In-Store
West Gear,2021-07-09,Midwest,Indiana,Women'S Apparel,60,375,22500,In-Store
Kohl'S,2021-12-13,Northeast,Delaware,Men'S Apparel,65,325,21125,In-Store
Sports Direct,2021-10-22,Northeast,Maryland,Men'S Street Footwear,55,375,20625,In-Store
West Gear,2020-01-11,West,Nevada,Women'S Athletic Footwear,45,275,12375,Outlet
West Gear,2020-03-18,West,Nevada,Women'S Athletic Footwear,40,275,11000,In-Store
Sports Direct,2021-11-07,Northeast,New Jersey,Women'S Apparel,65,325,21125,In-Store
Kohl'S,2021-11-14,Northeast,Delaware,Women'S Apparel,70,375,26250,In-Store
West Gear,2020-03-24,West,Colorado,Women'S Athletic Footwear,40,275,11000,In-Store
Sports Direct,2021-01-07,Northeast,New Jersey,Men'S Athletic Footwear,40,300,12000,In-Store
Sports Direct,2021-12-06,Northeast,New Jersey,Women'S Street Footwear,50,325,16250,In-Store
West Gear,2020-04-05,West,Colorado,Women'S Athletic Footwear,60,275,16500,In-Store
Sports Direct,2021-01-07,Northeast,New Jersey,Women'S Apparel,40,300,12000,In-Store
Kohl'S,2021-12-13,Northeast,Delaware,Women'S Street Footwear,55,375,20625,In-Store
West Gear,2020-04-11,West,Colorado,Women'S Athletic Footwear,60,275,16500,In-Store
Sports Direct,2021-02-05,Northeast,Connecticut,Women'S Apparel,40,300,12000,In-Store
Sports Direct,2021-07-03,Northeast,Connecticut,Women'S Street Footwear,45,325,14625,In-Store
Foot Locker,2020-12-23,Midwest,Minnesota,Men'S Athletic Footwear,45,275,12375,Outlet
Sports Direct,2021-06-05,Northeast,Connecticut,Women'S Street Footwear,45,300,13500,In-Store
Kohl'S,2021-07-06,Northeast,New Jersey,Men'S Athletic Footwear,45,375,16875,In-Store
Sports Direct,2021-08-04,Northeast,Connecticut,Women'S Street Footwear,45,325,14625,In-Store
Foot Locker,2020-12-27,Midwest,Minnesota,Women'S Apparel,60,275,16500,Outlet
Kohl'S,2021-08-07,Northeast,New Jersey,Men'S Athletic Footwear,45,375,16875,In-Store
Kohl'S,2021-01-01,Midwest,Montana,Men'S Apparel,50,275,13750,Outlet
Sports Direct,2021-03-20,South,Tennessee,Men'S Apparel,40,275,11000,Outlet
Sports Direct,2021-12-06,Northeast,New Jersey,Women'S Apparel,65,375,24375,In-Store
Sports Direct,2021-03-26,South,Tennessee,Men'S Apparel,40,275,11000,Outlet
Sports Direct,2021-05-03,Northeast,Connecticut,Women'S Apparel,60,375,22500,In-Store
Foot Locker,2021-07-03,Midwest,Nebraska,Men'S Athletic Footwear,45,275,12375,Outlet
Foot Locker,2021-07-07,Midwest,Nebraska,Women'S Apparel,45,275,12375,Outlet
Sports Direct,2021-06-05,Northeast,Connecticut,Men'S Athletic Footwear,50,375,18750,In-Store
Sports Direct,2021-08-04,Northeast,Connecticut,Women'S Apparel,60,375,22500,In-Store
Amazon,2021-11-10,Northeast,Maine,Women'S Apparel,60,275,16500,Outlet
Foot Locker,2021-12-03,Northeast,Connecticut,Men'S Athletic Footwear,55,375,20625,In-Store
Amazon,2021-11-12,Northeast,Maine,Men'S Athletic Footwear,50,275,13750,Outlet
Sports Direct,2021-07-03,Northeast,Connecticut,Men'S Apparel,55,300,16500,In-Store
Amazon,2021-12-17,Northeast,Maine,Men'S Athletic Footwear,55,275,15125,Outlet
Foot Locker,2021-10-08,Northeast,Rhode Island,Men'S Street Footwear,55,375,20625,In-Store
Sports Direct,2021-09-03,Northeast,Connecticut,Men'S Athletic Footwear,50,300,15000,In-Store
Amazon,2021-02-22,West,Alaska,Women'S Street Footwear,45,275,12375,Outlet
Sports Direct,2021-06-15,Northeast,Massachusetts,Women'S Apparel,60,375,22500,In-Store
Foot Locker,2021-11-04,Northeast,Connecticut,Men'S Athletic Footwear,55,300,16500,In-Store
Amazon,2021-03-20,West,Alaska,Women'S Street Footwear,45,275,12375,Outlet
Foot Locker,2021-12-03,Northeast,Connecticut,Women'S Athletic Footwear,55,300,16500,In-Store
Amazon,2021-11-14,Northeast,Massachusetts,Men'S Street Footwear,65,375,24375,In-Store
Amazon,2021-03-20,West,Alaska,Women'S Apparel,55,275,15125,Outlet
Foot Locker,2021-07-06,Northeast,Rhode Island,Men'S Athletic Footwear,45,325,14625,In-Store
Foot Locker,2021-12-03,Northeast,Connecticut,Men'S Apparel,65,300,19500,In-Store
Amazon,2021-05-20,West,Alaska,Men'S Athletic Footwear,60,275,16500,Outlet
Amazon,2021-12-13,Northeast,Massachusetts,Men'S Athletic Footwear,55,375,20625,In-Store
Foot Locker,2021-05-06,Northeast,Rhode Island,Women'S Apparel,55,300,16500,In-Store
Foot Locker,2021-08-07,Northeast,Rhode Island,Men'S Athletic Footwear,45,325,14625,In-Store
Amazon,2021-05-20,West,Alaska,Men'S Apparel,65,275,17875,Outlet
Foot Locker,2021-06-08,Northeast,Rhode Island,Men'S Athletic Footwear,45,300,13500,In-Store
Amazon,2021-11-11,Northeast,Vermont,Women'S Apparel,75,375,28125,In-Store
Amazon,2021-10-22,West,Alaska,Men'S Athletic Footwear,65,275,17875,Outlet
Sports Direct,2021-12-06,Northeast,Rhode Island,Women'S Apparel,65,325,21125,In-Store
Amazon,2021-10-22,West,Alaska,Women'S Apparel,80,275,22000,Outlet
Amazon,2021-12-10,Northeast,Vermont,Women'S Street Footwear,60,375,22500,In-Store
Sports Direct,2021-05-13,Northeast,Massachusetts,Women'S Apparel,60,325,19500,In-Store
Amazon,2021-11-21,West,Alaska,Men'S Apparel,75,275,20625,Outlet
Amazon,2021-02-19,Northeast,New Hampshire,Women'S Apparel,50,375,18750,In-Store
Foot Locker,2021-03-09,West,Hawaii,Women'S Athletic Footwear,55,275,15125,Outlet
Sports Direct,2021-06-15,Northeast,Massachusetts,Men'S Athletic Footwear,50,325,16250,In-Store
Foot Locker,2021-05-11,West,Hawaii,Women'S Athletic Footwear,55,275,15125,Outlet
Amazon,2021-07-17,Northeast,New Hampshire,Women'S Street Footwear,55,375,20625,Outlet
Sports Direct,2021-08-14,Northeast,Massachusetts,Women'S Apparel,60,325,19500,In-Store
Amazon,2021-08-18,Northeast,New Hampshire,Women'S Street Footwear,55,375,20625,Outlet
Amazon,2021-01-14,Northeast,Massachusetts,Men'S Athletic Footwear,45,325,14625,In-Store
Foot Locker,2021-08-07,Northeast,Rhode Island,Women'S Apparel,55,300,16500,In-Store
Sports Direct,2021-12-06,Northeast,Rhode Island,Men'S Athletic Footwear,50,300,15000,In-Store
Foot Locker,2021-07-05,Midwest,Illinois,Women'S Apparel,55,350,19250,Outlet
Amazon,2021-01-14,Northeast,Massachusetts,Women'S Street Footwear,35,325,11375,In-Store
Amazon,2021-01-14,Northeast,Massachusetts,Women'S Apparel,45,325,14625,In-Store
Foot Locker,2021-12-08,Northeast,Pennsylvania,Women'S Apparel,70,350,24500,Outlet
Amazon,2021-02-12,Northeast,Vermont,Women'S Apparel,45,325,14625,In-Store
West Gear,2020-01-21,West,Nevada,Men'S Athletic Footwear,65,350,22750,Outlet
Sports Direct,2021-03-13,Northeast,Massachusetts,Women'S Athletic Footwear,35,300,10500,In-Store
Amazon,2021-11-14,Northeast,Massachusetts,Men'S Athletic Footwear,55,300,16500,In-Store
Amazon,2021-06-12,Northeast,Vermont,Women'S Street Footwear,50,325,16250,In-Store
West Gear,2020-01-25,West,Nevada,Women'S Apparel,80,350,28000,Outlet
Amazon,2021-12-13,Northeast,Massachusetts,Women'S Athletic Footwear,55,300,16500,In-Store
Amazon,2021-07-10,Northeast,Vermont,Men'S Apparel,60,325,19500,In-Store
Amazon,2021-12-13,Northeast,Massachusetts,Men'S Apparel,65,300,19500,In-Store
Amazon,2021-04-11,Northeast,Vermont,Women'S Apparel,45,300,13500,In-Store
Amazon,2021-09-10,Northeast,Vermont,Men'S Athletic Footwear,55,325,17875,In-Store
Amazon,2021-05-10,Northeast,Vermont,Women'S Street Footwear,50,300,15000,In-Store
Walmart,2021-10-10,West,Hawaii,Women'S Athletic Footwear,55,275,15125,Outlet
West Gear,2021-11-11,Northeast,Vermont,Men'S Athletic Footwear,60,325,19500,In-Store
Amazon,2021-06-12,Northeast,Vermont,Women'S Athletic Footwear,50,300,15000,In-Store
Sports Direct,2021-01-17,West,Hawaii,Women'S Athletic Footwear,50,275,13750,Outlet
Amazon,2021-12-10,Northeast,Vermont,Women'S Athletic Footwear,60,325,19500,In-Store
Amazon,2021-06-12,Northeast,Vermont,Men'S Apparel,60,300,18000,In-Store
Sports Direct,2021-02-17,Southeast,Florida,Women'S Athletic Footwear,50,275,13750,Outlet
West Gear,2020-02-28,West,Nevada,Women'S Athletic Footwear,60,350,21000,In-Store
Amazon,2021-07-10,Northeast,Vermont,Women'S Athletic Footwear,50,300,15000,In-Store
Amazon,2021-12-10,Northeast,Vermont,Men'S Apparel,70,325,22750,In-Store
Walmart,2021-09-18,Southeast,Florida,Men'S Apparel,70,275,19250,In-Store
Amazon,2021-09-10,Northeast,Vermont,Women'S Apparel,65,300,19500,In-Store
Foot Locker,2021-04-24,Southeast,Virginia,Men'S Athletic Footwear,60,275,16500,In-Store
West Gear,2020-03-07,West,Nevada,Men'S Apparel,70,350,24500,In-Store
Amazon,2021-10-12,Northeast,Vermont,Men'S Athletic Footwear,60,300,18000,In-Store
Amazon,2021-01-21,Northeast,Vermont,Men'S Athletic Footwear,50,325,16250,In-Store
Foot Locker,2021-05-25,Southeast,Virginia,Women'S Athletic Footwear,50,275,13750,In-Store
West Gear,2021-10-12,Northeast,Vermont,Women'S Apparel,75,300,22500,In-Store
West Gear,2020-04-01,West,Colorado,Women'S Apparel,55,350,19250,In-Store
West Gear,2021-04-11,West,Utah,Men'S Apparel,35,275,9625,In-Store
Amazon,2021-01-21,Northeast,Vermont,Women'S Street Footwear,40,325,13000,In-Store
West Gear,2021-04-24,West,Oregon,Men'S Athletic Footwear,60,275,16500,In-Store
West Gear,2020-05-10,West,Colorado,Women'S Street Footwear,55,350,19250,In-Store
Amazon,2021-01-21,Northeast,Vermont,Women'S Apparel,50,325,16250,In-Store
West Gear,2021-05-25,West,Oregon,Women'S Athletic Footwear,50,275,13750,In-Store
West Gear,2020-05-13,West,Colorado,Women'S Apparel,70,350,24500,In-Store
West Gear,2021-04-17,South,Louisiana,Women'S Athletic Footwear,40,275,11000,In-Store
Amazon,2021-04-18,Northeast,New Hampshire,Women'S Apparel,50,325,16250,In-Store
Sports Direct,2021-04-14,Northeast,Massachusetts,Women'S Apparel,40,275,11000,In-Store
West Gear,2021-09-18,South,Louisiana,Men'S Apparel,55,275,15125,Online
Sports Direct,2021-07-13,Northeast,Massachusetts,Women'S Street Footwear,45,275,12375,In-Store
West Gear,2020-06-14,West,Washington,Men'S Athletic Footwear,75,350,26250,In-Store
West Gear,2021-04-05,West,Idaho,Men'S Apparel,35,275,9625,Online
Sports Direct,2021-08-14,Northeast,Massachusetts,Women'S Street Footwear,45,275,12375,In-Store
West Gear,2020-06-18,West,Washington,Women'S Apparel,80,350,28000,In-Store
Foot Locker,2021-01-23,West,Idaho,Women'S Athletic Footwear,40,275,11000,Online
Amazon,2021-11-14,Northeast,Massachusetts,Women'S Athletic Footwear,55,275,15125,In-Store
Foot Locker,2021-10-23,West,Arizona,Men'S Apparel,55,275,15125,Online
West Gear,2020-07-22,West,Washington,Women'S Athletic Footwear,60,350,21000,In-Store
Amazon,2021-02-12,Northeast,Massachusetts,Women'S Street Footwear,35,275,9625,In-Store
Kohl'S,2021-01-26,West,Arizona,Men'S Apparel,50,275,13750,Online
Amazon,2021-03-10,Northeast,Vermont,Women'S Street Footwear,35,275,9625,In-Store
Foot Locker,2020-12-16,Midwest,Minnesota,Men'S Street Footwear,50,350,17500,Outlet
Kohl'S,2021-02-26,West,New Mexico,Women'S Athletic Footwear,45,275,12375,Online
Amazon,2021-03-10,Northeast,Vermont,Women'S Apparel,45,275,12375,In-Store
Kohl'S,2021-02-24,Midwest,Montana,Men'S Apparel,55,350,19250,Outlet
Kohl'S,2021-03-25,West,New Mexico,Women'S Athletic Footwear,55,275,15125,Online
Amazon,2021-05-10,Northeast,Vermont,Men'S Athletic Footwear,55,275,15125,In-Store
Amazon,2021-05-10,Northeast,Vermont,Men'S Apparel,60,275,16500,In-Store
Sports Direct,2021-04-13,Southeast,Georgia,Women'S Athletic Footwear,50,275,13750,Online
Sports Direct,2021-03-14,South,Tennessee,Men'S Apparel,40,350,14000,Outlet
Amazon,2021-11-11,Northeast,Vermont,Men'S Apparel,70,275,19250,In-Store
Sports Direct,2021-06-13,Southeast,Georgia,Men'S Apparel,55,275,15125,Online
Sports Direct,2021-05-07,South,Tennessee,Men'S Apparel,35,350,12250,Outlet
Amazon,2021-02-19,Northeast,New Hampshire,Men'S Apparel,60,275,16500,In-Store
Amazon,2021-05-23,Southeast,Kentucky,Women'S Apparel,55,275,15125,Online
Amazon,2021-03-17,Northeast,New Hampshire,Men'S Athletic Footwear,50,275,13750,In-Store
Foot Locker,2021-07-01,Midwest,Nebraska,Women'S Apparel,50,350,17500,Outlet
Amazon,2021-06-22,Southeast,Kentucky,Men'S Athletic Footwear,35,275,9625,Online
Amazon,2021-05-17,Northeast,New Hampshire,Women'S Athletic Footwear,55,275,15125,In-Store
Sports Direct,2021-08-16,South,Alabama,Women'S Athletic Footwear,35,350,12250,Outlet
Amazon,2021-07-21,Southeast,Kentucky,Women'S Street Footwear,40,275,11000,Online
Amazon,2021-08-18,Northeast,New Hampshire,Women'S Athletic Footwear,55,275,15125,Outlet
Amazon,2021-08-22,Southeast,Kentucky,Women'S Street Footwear,40,275,11000,Online
Sports Direct,2021-09-21,South,Alabama,Women'S Athletic Footwear,60,350,21000,Outlet
Foot Locker,2021-02-22,Northeast,New Hampshire,Women'S Street Footwear,45,275,12375,Outlet
Amazon,2021-09-23,Southeast,Kentucky,Women'S Apparel,50,275,13750,Online
West Gear,2021-11-10,Midwest,Indiana,Women'S Street Footwear,35,270,9450,In-Store
Sports Direct,2021-09-22,South,Alabama,Men'S Apparel,45,350,15750,Outlet
Amazon,2021-05-17,Northeast,New Hampshire,Women'S Street Footwear,55,325,17875,In-Store
Amazon,2021-10-22,Southeast,Kentucky,Men'S Athletic Footwear,45,275,12375,Online
Sports Direct,2021-11-07,Northeast,New Jersey,Women'S Street Footwear,50,270,13500,In-Store
Foot Locker,2021-06-29,Midwest,Illinois,Women'S Apparel,65,250,16250,Outlet
Amazon,2021-06-19,Northeast,New Hampshire,Women'S Athletic Footwear,55,325,17875,In-Store
Amazon,2021-02-22,West,Alaska,Women'S Apparel,55,350,19250,Outlet
Foot Locker,2021-07-01,Midwest,Illinois,Men'S Athletic Footwear,45,250,11250,Outlet
Amazon,2021-10-22,Southeast,Kentucky,Women'S Apparel,55,275,15125,Online
Amazon,2021-06-19,Northeast,New Hampshire,Men'S Apparel,65,325,21125,In-Store
Amazon,2021-11-22,Southeast,Kentucky,Men'S Athletic Footwear,40,275,11000,Online
Amazon,2021-07-20,West,Alaska,Women'S Street Footwear,55,350,19250,Outlet
Foot Locker,2021-11-22,Southeast,Kentucky,Women'S Apparel,70,275,19250,Online
Amazon,2021-07-17,Northeast,New Hampshire,Women'S Athletic Footwear,55,325,17875,Outlet
Amazon,2021-08-21,West,Alaska,Women'S Street Footwear,55,350,19250,Outlet
Foot Locker,2021-12-21,Southeast,Kentucky,Women'S Street Footwear,55,275,15125,Online
Amazon,2021-09-17,Northeast,New Hampshire,Women'S Apparel,70,325,22750,Outlet
West Gear,2021-01-23,South,Arkansas,Men'S Apparel,35,275,9625,Online
West Gear,2021-05-19,South,Oklahoma,Women'S Street Footwear,35,275,9625,Online
Kohl'S,2021-11-20,South,Oklahoma,Men'S Apparel,75,275,20625,Online
Foot Locker,2021-11-18,Northeast,New Hampshire,Men'S Athletic Footwear,65,325,21125,Outlet
Kohl'S,2021-05-12,Midwest,Kansas,Men'S Athletic Footwear,40,275,11000,Online
Foot Locker,2021-11-18,Northeast,New Hampshire,Women'S Athletic Footwear,65,325,21125,Outlet
Kohl'S,2021-06-14,Midwest,Kansas,Women'S Athletic Footwear,40,275,11000,Online
Kohl'S,2021-06-14,Midwest,Kansas,Men'S Apparel,55,275,15125,Online
Amazon,2021-11-21,West,Alaska,Women'S Street Footwear,65,320,20800,Outlet
Kohl'S,2021-08-13,Midwest,Kansas,Men'S Apparel,50,275,13750,Online
Foot Locker,2021-11-13,Midwest,Kansas,Women'S Athletic Footwear,55,275,15125,Online
Kohl'S,2021-11-14,Northeast,Delaware,Women'S Street Footwear,55,320,17600,In-Store
Foot Locker,2021-01-12,Midwest,Kansas,Men'S Athletic Footwear,40,275,11000,Online
Amazon,2021-04-18,Northeast,New Hampshire,Women'S Street Footwear,40,250,10000,In-Store
Foot Locker,2021-01-12,Midwest,Kansas,Women'S Apparel,40,275,11000,Online
West Gear,2021-11-11,Northeast,Vermont,Women'S Street Footwear,60,320,19200,In-Store
Foot Locker,2021-02-12,Midwest,South Dakota,Women'S Apparel,35,275,9625,Online
Amazon,2021-08-18,Northeast,New Hampshire,Men'S Apparel,65,250,16250,Outlet
Foot Locker,2021-07-08,Midwest,Illinois,Women'S Street Footwear,40,250,10000,Outlet
Foot Locker,2021-09-13,Midwest,South Dakota,Men'S Athletic Footwear,40,275,11000,Online
Foot Locker,2021-07-19,Midwest,Illinois,Men'S Athletic Footwear,45,300,13500,Outlet
Foot Locker,2021-07-14,Midwest,Illinois,Women'S Street Footwear,40,250,10000,Outlet
Amazon,2021-09-17,Northeast,New Hampshire,Women'S Street Footwear,55,250,13750,Outlet
Sports Direct,2021-01-09,Midwest,South Dakota,Men'S Athletic Footwear,35,275,9625,Online
Foot Locker,2021-07-23,Midwest,Illinois,Women'S Apparel,55,250,13750,Outlet
Foot Locker,2021-08-06,Midwest,Illinois,Men'S Athletic Footwear,50,300,15000,Outlet
Sports Direct,2021-01-09,Midwest,South Dakota,Women'S Apparel,35,275,9625,Online
Foot Locker,2021-06-17,Midwest,Illinois,Women'S Apparel,50,225,11250,Outlet
Foot Locker,2021-08-10,Midwest,Illinois,Women'S Apparel,65,300,19500,Outlet
Sports Direct,2021-09-10,Midwest,North Dakota,Men'S Athletic Footwear,35,275,9625,In-Store
Foot Locker,2021-06-23,Midwest,Illinois,Women'S Apparel,50,225,11250,Outlet
Foot Locker,2021-05-07,Midwest,Iowa,Women'S Apparel,50,275,13750,In-Store
Sports Direct,2021-08-21,South,Texas,Men'S Apparel,40,300,12000,Outlet
West Gear,2021-11-06,Midwest,Iowa,Men'S Athletic Footwear,35,275,9625,In-Store
Sports Direct,2021-08-27,South,Texas,Men'S Apparel,40,300,12000,Outlet
West Gear,2021-11-06,Midwest,Iowa,Women'S Apparel,65,275,17875,In-Store
Foot Locker,2021-11-26,Northeast,Pennsylvania,Women'S Apparel,70,300,21000,Outlet
West Gear,2021-12-05,Midwest,Iowa,Women'S Street Footwear,50,275,13750,In-Store
West Gear,2021-04-10,Midwest,Indiana,Women'S Apparel,50,275,13750,In-Store
Foot Locker,2021-07-10,Midwest,Illinois,Men'S Apparel,50,225,11250,Outlet
Foot Locker,2021-11-28,Northeast,Pennsylvania,Men'S Athletic Footwear,60,300,18000,Outlet
West Gear,2021-10-10,Midwest,Indiana,Women'S Apparel,50,275,13750,In-Store
Foot Locker,2021-12-04,Northeast,Pennsylvania,Men'S Athletic Footwear,60,300,18000,Outlet
Foot Locker,2021-10-23,South,Texas,Men'S Athletic Footwear,45,225,10125,Outlet
West Gear,2021-11-10,Midwest,Indiana,Women'S Athletic Footwear,35,275,9625,In-Store
Foot Locker,2021-07-25,Midwest,Illinois,Men'S Athletic Footwear,50,250,12500,Outlet
West Gear,2021-05-18,Northeast,West Virginia,Women'S Street Footwear,35,275,9625,In-Store
Foot Locker,2021-10-27,Northeast,Pennsylvania,Women'S Apparel,45,225,10125,Outlet
West Gear,2020-01-05,Northeast,Pennsylvania,Women'S Athletic Footwear,45,300,13500,Outlet
Foot Locker,2021-07-29,Midwest,Illinois,Women'S Apparel,65,250,16250,Outlet
West Gear,2021-06-17,Northeast,West Virginia,Women'S Athletic Footwear,35,275,9625,In-Store
Foot Locker,2021-07-31,Midwest,Illinois,Men'S Athletic Footwear,50,250,12500,Outlet
Foot Locker,2021-11-02,Northeast,Pennsylvania,Women'S Apparel,45,225,10125,Outlet
West Gear,2020-01-17,West,Nevada,Women'S Athletic Footwear,55,300,16500,Outlet
West Gear,2021-06-17,Northeast,West Virginia,Men'S Apparel,45,275,12375,In-Store
Foot Locker,2021-08-04,Midwest,Illinois,Women'S Apparel,65,250,16250,Outlet
West Gear,2021-07-16,Northeast,West Virginia,Women'S Athletic Footwear,50,275,13750,In-Store
Foot Locker,2021-11-29,Northeast,Pennsylvania,Women'S Street Footwear,55,225,12375,Outlet
Foot Locker,2021-08-07,Midwest,Illinois,Women'S Street Footwear,50,250,12500,Outlet
West Gear,2020-01-23,West,Nevada,Women'S Athletic Footwear,60,300,18000,Outlet
West Gear,2021-08-17,Northeast,West Virginia,Women'S Athletic Footwear,40,275,11000,In-Store
Foot Locker,2021-11-20,Northeast,Pennsylvania,Women'S Apparel,70,250,17500,Outlet
Foot Locker,2021-12-05,Northeast,Pennsylvania,Women'S Street Footwear,55,225,12375,Outlet
West Gear,2021-10-17,Northeast,West Virginia,Men'S Athletic Footwear,35,275,9625,In-Store
Foot Locker,2021-11-22,Northeast,Pennsylvania,Men'S Athletic Footwear,60,250,15000,Outlet
Sports Direct,2021-07-20,Northeast,Maryland,Men'S Athletic Footwear,45,275,12375,In-Store
Foot Locker,2021-12-26,Northeast,Pennsylvania,Women'S Apparel,75,250,18750,Outlet
Sports Direct,2021-08-21,Northeast,Maryland,Men'S Athletic Footwear,45,275,12375,In-Store
West Gear,2020-01-06,West,Nevada,Men'S Apparel,50,250,12500,Outlet
Foot Locker,2021-12-20,Northeast,Maryland,Women'S Apparel,65,275,17875,In-Store
West Gear,2020-05-30,West,Washington,Men'S Apparel,55,250,13750,In-Store
Foot Locker,2020-12-05,Midwest,Minnesota,Men'S Athletic Footwear,40,250,10000,Outlet
Foot Locker,2021-07-27,Midwest,Nebraska,Men'S Athletic Footwear,40,250,10000,Outlet
Foot Locker,2021-03-13,Northeast,Delaware,Women'S Apparel,40,275,11000,In-Store
Foot Locker,2021-07-31,Midwest,Nebraska,Women'S Apparel,55,250,13750,Outlet
Foot Locker,2021-05-13,Northeast,Delaware,Men'S Athletic Footwear,50,275,13750,In-Store
Sports Direct,2021-08-11,South,Alabama,Men'S Apparel,40,250,10000,Outlet
Foot Locker,2021-05-13,Northeast,Delaware,Men'S Apparel,55,275,15125,In-Store
Sports Direct,2021-08-17,South,Alabama,Men'S Apparel,40,250,10000,Outlet
Kohl'S,2021-11-14,Northeast,Delaware,Men'S Apparel,65,275,17875,In-Store
Amazon,2021-10-13,South,Alabama,Men'S Athletic Footwear,40,250,10000,Outlet
Kohl'S,2021-01-10,Northeast,Delaware,Men'S Athletic Footwear,35,275,9625,In-Store
Amazon,2021-10-17,Northeast,Maine,Women'S Apparel,40,250,10000,Outlet
Foot Locker,2021-12-14,Northeast,Pennsylvania,Women'S Apparel,60,225,13500,Outlet
Amazon,2021-10-23,Northeast,Maine,Women'S Apparel,40,250,10000,Outlet
Kohl'S,2021-01-10,Northeast,Delaware,Women'S Apparel,35,275,9625,In-Store
West Gear,2020-01-29,West,Nevada,Women'S Athletic Footwear,60,300,18000,Outlet
Kohl'S,2021-02-08,Northeast,New Jersey,Women'S Apparel,35,275,9625,In-Store
West Gear,2020-02-05,West,Nevada,Men'S Apparel,65,300,19500,Outlet
Kohl'S,2021-06-08,Northeast,New Jersey,Women'S Street Footwear,40,275,11000,In-Store
Kohl'S,2021-07-06,Northeast,New Jersey,Men'S Apparel,50,275,13750,In-Store
West Gear,2020-03-30,West,Colorado,Women'S Athletic Footwear,55,300,16500,In-Store
Kohl'S,2021-09-06,Northeast,New Jersey,Men'S Athletic Footwear,45,275,12375,In-Store
West Gear,2020-05-12,West,Colorado,Men'S Apparel,65,300,19500,In-Store
Sports Direct,2021-11-07,Northeast,New Jersey,Men'S Athletic Footwear,50,275,13750,In-Store
West Gear,2020-05-29,West,Colorado,Women'S Athletic Footwear,50,300,15000,In-Store
Sports Direct,2021-12-06,Northeast,New Jersey,Women'S Athletic Footwear,50,275,13750,In-Store
Sports Direct,2021-12-06,Northeast,New Jersey,Men'S Apparel,60,275,16500,In-Store
West Gear,2020-06-04,West,Washington,Women'S Athletic Footwear,50,300,15000,In-Store
Amazon,2021-12-28,Northeast,Maine,Men'S Athletic Footwear,50,250,12500,Outlet
West Gear,2020-06-16,West,Washington,Women'S Athletic Footwear,60,300,18000,In-Store
Amazon,2021-11-18,Northeast,Maine,Women'S Apparel,70,250,17500,Outlet
Amazon,2021-12-17,Northeast,Maine,Women'S Street Footwear,55,250,13750,Outlet
West Gear,2020-06-22,West,Washington,Women'S Athletic Footwear,60,300,18000,In-Store
Amazon,2021-02-22,West,Alaska,Men'S Apparel,65,250,16250,Outlet
Sports Direct,2021-04-04,Northeast,Connecticut,Women'S Apparel,40,275,11000,In-Store
Foot Locker,2020-11-23,Midwest,Minnesota,Men'S Athletic Footwear,45,300,13500,Outlet
Amazon,2021-03-20,West,Alaska,Men'S Athletic Footwear,55,250,13750,Outlet
Sports Direct,2021-05-03,Northeast,Connecticut,Women'S Street Footwear,45,275,12375,In-Store
Amazon,2021-05-20,West,Alaska,Women'S Athletic Footwear,55,250,13750,Outlet
Sports Direct,2021-06-05,Northeast,Connecticut,Women'S Athletic Footwear,45,275,12375,In-Store
Foot Locker,2021-12-16,Northeast,Pennsylvania,Men'S Athletic Footwear,50,225,11250,Outlet
Amazon,2021-08-21,West,Alaska,Women'S Athletic Footwear,55,250,13750,Outlet
Sports Direct,2021-06-05,Northeast,Connecticut,Men'S Apparel,55,275,15125,In-Store
Foot Locker,2021-04-10,West,Hawaii,Women'S Athletic Footwear,50,250,12500,Outlet
Sports Direct,2021-07-03,Northeast,Connecticut,Women'S Athletic Footwear,45,275,12375,In-Store
Foot Locker,2021-12-20,Northeast,Pennsylvania,Women'S Apparel,65,225,14625,Outlet
Walmart,2021-10-10,West,Hawaii,Men'S Apparel,65,250,16250,Outlet
Sports Direct,2021-09-03,Northeast,Connecticut,Women'S Apparel,60,275,16500,In-Store
Walmart,2021-09-18,Southeast,Florida,Women'S Athletic Footwear,60,250,15000,In-Store
Foot Locker,2021-12-29,Northeast,Pennsylvania,Women'S Street Footwear,60,225,13500,Outlet
Sports Direct,2021-10-05,Northeast,Connecticut,Men'S Athletic Footwear,55,275,15125,In-Store
Foot Locker,2021-03-23,Southeast,Virginia,Women'S Athletic Footwear,50,250,12500,In-Store
Foot Locker,2021-10-05,Northeast,Connecticut,Women'S Apparel,70,275,19250,In-Store
Foot Locker,2021-08-24,Southeast,Virginia,Women'S Apparel,75,250,18750,In-Store
West Gear,2020-03-19,West,Colorado,Men'S Apparel,45,225,10125,In-Store
Foot Locker,2021-11-04,Northeast,Connecticut,Women'S Athletic Footwear,55,275,15125,In-Store
Foot Locker,2021-09-25,Southeast,Virginia,Women'S Street Footwear,50,250,12500,In-Store
Sports Direct,2021-11-07,Northeast,Rhode Island,Women'S Apparel,65,275,17875,In-Store
Foot Locker,2021-09-25,Southeast,Virginia,Women'S Apparel,45,250,11250,In-Store
Sports Direct,2021-12-06,Northeast,Rhode Island,Women'S Street Footwear,50,275,13750,In-Store
Foot Locker,2021-03-17,Midwest,Missouri,Men'S Apparel,45,250,11250,In-Store
Foot Locker,2021-05-19,Midwest,Missouri,Men'S Apparel,45,250,11250,In-Store
West Gear,2021-03-23,West,Oregon,Women'S Athletic Footwear,50,250,12500,In-Store
West Gear,2021-08-24,West,Oregon,Women'S Apparel,75,250,18750,In-Store
West Gear,2021-09-25,West,Oregon,Women'S Street Footwear,50,250,12500,In-Store
West Gear,2021-09-25,West,Oregon,Women'S Apparel,45,250,11250,In-Store
West Gear,2021-01-17,West,Oregon,Women'S Athletic Footwear,45,250,11250,In-Store
West Gear,2021-02-17,South,Louisiana,Women'S Athletic Footwear,45,250,11250,In-Store
West Gear,2021-09-18,South,Louisiana,Women'S Athletic Footwear,45,250,11250,Online
Foot Locker,2021-02-04,West,Idaho,Men'S Apparel,40,250,10000,Online
West Gear,2021-03-06,West,Idaho,Men'S Apparel,40,250,10000,Online
Foot Locker,2021-04-23,West,Arizona,Women'S Athletic Footwear,50,250,12500,Online
Kohl'S,2021-05-27,West,New Mexico,Men'S Apparel,60,250,15000,Online
West Gear,2020-06-05,West,Washington,Men'S Apparel,55,225,12375,In-Store
Sports Direct,2021-01-13,West,New Mexico,Men'S Apparel,45,250,11250,Online
Sports Direct,2021-02-13,Southeast,Georgia,Women'S Athletic Footwear,40,250,10000,Online
Foot Locker,2020-12-21,Midwest,Minnesota,Women'S Apparel,60,225,13500,Outlet
Sports Direct,2021-03-12,Southeast,Georgia,Women'S Athletic Footwear,50,250,12500,Online
Foot Locker,2020-12-24,Midwest,Minnesota,Women'S Street Footwear,45,225,10125,Outlet
Amazon,2021-03-21,Southeast,Kentucky,Women'S Apparel,45,250,11250,Online
Amazon,2021-04-22,Southeast,Kentucky,Women'S Apparel,40,250,10000,Online
Kohl'S,2021-01-07,Midwest,Montana,Men'S Apparel,50,225,11250,Outlet
Amazon,2021-07-21,Southeast,Kentucky,Men'S Apparel,50,250,12500,Online
Kohl'S,2021-01-25,Midwest,Montana,Men'S Apparel,45,225,10125,Outlet
Amazon,2021-08-22,Southeast,Kentucky,Women'S Athletic Footwear,40,250,10000,Online
Walmart,2021-04-20,South,Arkansas,Men'S Apparel,40,250,10000,Online
Amazon,2021-11-19,Northeast,Maine,Women'S Street Footwear,45,225,10125,Outlet
West Gear,2021-05-19,South,Oklahoma,Men'S Apparel,45,250,11250,Online
Amazon,2021-12-23,Northeast,Maine,Women'S Street Footwear,45,225,10125,Outlet
Foot Locker,2021-11-13,Midwest,Kansas,Men'S Apparel,75,250,18750,Online
Foot Locker,2021-05-13,Midwest,South Dakota,Women'S Apparel,60,250,15000,Online
Amazon,2021-09-17,Northeast,Maine,Women'S Apparel,60,225,13500,Outlet
Foot Locker,2021-06-12,Midwest,South Dakota,Men'S Athletic Footwear,40,250,10000,Online
Amazon,2021-10-19,Northeast,Maine,Men'S Athletic Footwear,55,225,12375,Outlet
Foot Locker,2021-10-12,Midwest,South Dakota,Men'S Athletic Footwear,45,250,11250,Online
Sports Direct,2021-10-12,Midwest,South Dakota,Women'S Apparel,60,250,15000,Online
Amazon,2021-10-19,Northeast,Maine,Women'S Apparel,70,225,15750,Outlet
Sports Direct,2021-11-12,Midwest,South Dakota,Men'S Athletic Footwear,45,250,11250,Online
West Gear,2021-01-10,Northeast,Maine,Women'S Athletic Footwear,45,225,10125,Outlet
Sports Direct,2021-11-12,Midwest,South Dakota,Women'S Apparel,65,250,16250,Online
Sports Direct,2021-12-11,Midwest,South Dakota,Women'S Street Footwear,50,250,12500,Online
Amazon,2021-02-22,West,Alaska,Men'S Athletic Footwear,55,225,12375,Outlet
Sports Direct,2021-05-10,Midwest,North Dakota,Women'S Apparel,55,250,13750,In-Store
Sports Direct,2021-10-09,Midwest,North Dakota,Men'S Athletic Footwear,40,250,10000,In-Store
Amazon,2021-04-21,West,Alaska,Men'S Athletic Footwear,55,225,12375,Outlet
Foot Locker,2021-10-09,Midwest,North Dakota,Women'S Apparel,55,250,13750,In-Store
Amazon,2021-04-21,West,Alaska,Women'S Street Footwear,45,225,10125,Outlet
Foot Locker,2021-11-09,Midwest,North Dakota,Men'S Athletic Footwear,40,250,10000,In-Store
Amazon,2021-08-21,West,Alaska,Men'S Apparel,65,225,14625,Outlet
Foot Locker,2021-11-09,Midwest,North Dakota,Women'S Apparel,65,250,16250,In-Store
Foot Locker,2021-12-08,Midwest,North Dakota,Women'S Street Footwear,50,250,12500,In-Store
Amazon,2021-09-20,West,Alaska,Women'S Street Footwear,55,225,12375,Outlet
Foot Locker,2021-04-06,Midwest,Iowa,Women'S Apparel,50,250,12500,In-Store
Foot Locker,2021-01-10,West,Alaska,Women'S Athletic Footwear,45,225,10125,Outlet
West Gear,2021-10-06,Midwest,Iowa,Women'S Apparel,50,250,12500,In-Store
West Gear,2021-10-03,Midwest,Wisconsin,Women'S Apparel,50,250,12500,In-Store
Foot Locker,2021-02-10,West,Hawaii,Women'S Athletic Footwear,45,225,10125,Outlet
West Gear,2021-12-02,Midwest,Wisconsin,Women'S Athletic Footwear,50,250,12500,In-Store
Sports Direct,2021-01-17,West,Hawaii,Men'S Apparel,55,225,12375,Outlet
West Gear,2021-12-02,Midwest,Wisconsin,Men'S Apparel,60,250,15000,In-Store
Walmart,2021-05-18,Southeast,Florida,Men'S Apparel,55,225,12375,Outlet
West Gear,2021-05-11,Midwest,Indiana,Men'S Athletic Footwear,40,250,10000,In-Store
West Gear,2021-11-10,Midwest,Indiana,Men'S Apparel,60,250,15000,In-Store
Foot Locker,2021-04-24,Southeast,Virginia,Women'S Athletic Footwear,45,225,10125,In-Store
West Gear,2021-02-17,Northeast,West Virginia,Men'S Apparel,50,250,12500,In-Store
Foot Locker,2021-09-25,Southeast,Virginia,Men'S Apparel,60,225,13500,In-Store
West Gear,2021-08-17,Northeast,West Virginia,Men'S Apparel,50,250,12500,In-Store
West Gear,2021-04-24,West,Oregon,Women'S Athletic Footwear,45,225,10125,In-Store
West Gear,2021-05-20,Northeast,Maryland,Women'S Apparel,55,250,13750,In-Store
West Gear,2021-06-22,Northeast,Maryland,Men'S Athletic Footwear,45,250,11250,In-Store
West Gear,2021-09-25,West,Oregon,Men'S Apparel,60,225,13500,In-Store
Foot Locker,2021-12-20,Northeast,Maryland,Men'S Athletic Footwear,50,250,12500,In-Store
Foot Locker,2021-01-23,West,Idaho,Men'S Apparel,45,225,10125,Online
Foot Locker,2021-03-13,Northeast,Delaware,Men'S Athletic Footwear,40,250,10000,In-Store
Foot Locker,2021-05-13,Northeast,Delaware,Women'S Athletic Footwear,45,250,11250,In-Store
Foot Locker,2021-03-22,West,Arizona,Women'S Athletic Footwear,50,225,11250,Online
Foot Locker,2021-08-14,Northeast,Delaware,Women'S Athletic Footwear,45,250,11250,In-Store
Foot Locker,2021-06-23,West,Arizona,Men'S Apparel,55,225,12375,Online
Kohl'S,2021-05-06,Northeast,New Jersey,Women'S Street Footwear,40,250,10000,In-Store
Kohl'S,2021-06-08,Northeast,New Jersey,Women'S Athletic Footwear,40,250,10000,In-Store
Sports Direct,2021-05-14,Southeast,Georgia,Men'S Apparel,55,225,12375,Online
Kohl'S,2021-06-08,Northeast,New Jersey,Men'S Apparel,50,250,12500,In-Store
Amazon,2021-03-21,Southeast,Kentucky,Men'S Athletic Footwear,45,225,10125,Online
Kohl'S,2021-07-06,Northeast,New Jersey,Women'S Athletic Footwear,40,250,10000,In-Store
Kohl'S,2021-09-06,Northeast,New Jersey,Women'S Apparel,55,250,13750,In-Store
Amazon,2021-05-23,Southeast,Kentucky,Men'S Athletic Footwear,45,225,10125,Online
Kohl'S,2021-10-08,Northeast,New Jersey,Men'S Athletic Footwear,50,250,12500,In-Store
Amazon,2021-08-22,Southeast,Kentucky,Men'S Apparel,50,225,11250,Online
Sports Direct,2021-10-08,Northeast,New Jersey,Women'S Apparel,65,250,16250,In-Store
Foot Locker,2021-12-21,Southeast,Kentucky,Women'S Athletic Footwear,50,225,11250,Online
Sports Direct,2021-11-07,Northeast,New Jersey,Women'S Athletic Footwear,50,250,12500,In-Store
Sports Direct,2021-03-03,Northeast,Connecticut,Women'S Apparel,40,250,10000,In-Store
Foot Locker,2021-12-21,Southeast,Kentucky,Men'S Apparel,60,225,13500,Online
Sports Direct,2021-05-03,Northeast,Connecticut,Men'S Athletic Footwear,50,250,12500,In-Store
Kohl'S,2021-05-12,Midwest,Kansas,Men'S Apparel,45,225,10125,Online
Sports Direct,2021-05-03,Northeast,Connecticut,Men'S Apparel,55,250,13750,In-Store
Foot Locker,2021-11-04,Northeast,Connecticut,Men'S Apparel,65,250,16250,In-Store
Foot Locker,2021-04-12,Midwest,South Dakota,Women'S Apparel,50,225,11250,Online
Foot Locker,2021-09-13,Midwest,South Dakota,Women'S Apparel,50,225,11250,Online
Sports Direct,2021-04-09,Midwest,North Dakota,Women'S Apparel,50,225,11250,In-Store
Foot Locker,2021-07-06,Northeast,Rhode Island,Women'S Street Footwear,40,250,10000,In-Store
Sports Direct,2021-09-10,Midwest,North Dakota,Women'S Apparel,45,225,10125,In-Store
Foot Locker,2021-08-07,Northeast,Rhode Island,Women'S Street Footwear,40,250,10000,In-Store
Sports Direct,2021-01-17,Northeast,Rhode Island,Men'S Athletic Footwear,40,250,10000,In-Store
West Gear,2021-12-05,Midwest,Iowa,Women'S Athletic Footwear,50,225,11250,In-Store
Sports Direct,2021-01-17,Northeast,Rhode Island,Women'S Apparel,40,250,10000,In-Store
West Gear,2021-12-05,Midwest,Iowa,Men'S Apparel,60,225,13500,In-Store
Sports Direct,2021-02-15,Northeast,Massachusetts,Women'S Apparel,40,250,10000,In-Store
Sports Direct,2021-06-15,Northeast,Massachusetts,Women'S Street Footwear,45,250,11250,In-Store
West Gear,2021-04-03,Midwest,Wisconsin,Women'S Apparel,50,225,11250,In-Store
Sports Direct,2021-07-13,Northeast,Massachusetts,Men'S Apparel,55,250,13750,In-Store
West Gear,2021-07-09,Midwest,Indiana,Women'S Street Footwear,45,225,10125,In-Store
Sports Direct,2021-09-13,Northeast,Massachusetts,Men'S Athletic Footwear,50,250,12500,In-Store
Amazon,2021-11-14,Northeast,Massachusetts,Men'S Apparel,65,250,16250,In-Store
West Gear,2021-05-18,Northeast,West Virginia,Men'S Apparel,45,225,10125,In-Store
Amazon,2021-03-10,Northeast,Vermont,Men'S Athletic Footwear,45,250,11250,In-Store
Amazon,2021-05-10,Northeast,Vermont,Women'S Athletic Footwear,50,250,12500,In-Store
Sports Direct,2021-09-20,Northeast,Maryland,Men'S Athletic Footwear,45,225,10125,In-Store
Amazon,2021-08-11,Northeast,Vermont,Women'S Athletic Footwear,50,250,12500,In-Store
Foot Locker,2021-11-21,Northeast,Maryland,Women'S Apparel,65,225,14625,In-Store
Amazon,2021-02-19,Northeast,Vermont,Men'S Athletic Footwear,50,250,12500,In-Store
Amazon,2021-04-18,Northeast,New Hampshire,Men'S Athletic Footwear,50,250,12500,In-Store
Foot Locker,2021-12-20,Northeast,Maryland,Women'S Street Footwear,50,225,11250,In-Store
Foot Locker,2021-01-17,Northeast,Maryland,Men'S Apparel,50,225,11250,In-Store
Foot Locker,2021-02-15,Northeast,Delaware,Men'S Apparel,50,225,11250,In-Store
Foot Locker,2021-08-14,Northeast,Delaware,Men'S Apparel,55,225,12375,In-Store
Foot Locker,2021-09-13,Northeast,Delaware,Women'S Street Footwear,45,225,10125,In-Store
Kohl'S,2021-05-06,Northeast,New Jersey,Men'S Athletic Footwear,45,225,10125,In-Store
Kohl'S,2021-05-06,Northeast,New Jersey,Men'S Apparel,50,225,11250,In-Store
Sports Direct,2021-11-07,Northeast,New Jersey,Men'S Apparel,60,225,13500,In-Store
Sports Direct,2021-05-03,Northeast,Connecticut,Women'S Athletic Footwear,45,225,10125,In-Store
Sports Direct,2021-08-04,Northeast,Connecticut,Women'S Athletic Footwear,45,225,10125,In-Store
Foot Locker,2021-07-06,Northeast,Rhode Island,Men'S Apparel,50,225,11250,In-Store
Foot Locker,2021-09-06,Northeast,Rhode Island,Men'S Athletic Footwear,45,225,10125,In-Store
Sports Direct,2021-11-07,Northeast,Rhode Island,Men'S Athletic Footwear,50,225,11250,In-Store
Sports Direct,2021-12-06,Northeast,Rhode Island,Women'S Athletic Footwear,50,225,11250,In-Store
Sports Direct,2021-12-06,Northeast,Rhode Island,Men'S Apparel,60,225,13500,In-Store
Sports Direct,2021-05-13,Northeast,Massachusetts,Women'S Street Footwear,45,225,10125,In-Store
Sports Direct,2021-06-15,Northeast,Massachusetts,Women'S Athletic Footwear,45,225,10125,In-Store
Sports Direct,2021-06-15,Northeast,Massachusetts,Men'S Apparel,55,225,12375,In-Store
Sports Direct,2021-07-13,Northeast,Massachusetts,Women'S Athletic Footwear,45,225,10125,In-Store
Sports Direct,2021-09-13,Northeast,Massachusetts,Women'S Apparel,60,225,13500,In-Store
Sports Direct,2021-10-15,Northeast,Massachusetts,Men'S Athletic Footwear,55,225,12375,In-Store
Amazon,2021-10-15,Northeast,Massachusetts,Women'S Apparel,70,225,15750,In-Store
Amazon,2021-01-14,Northeast,Massachusetts,Men'S Apparel,55,225,12375,In-Store
Amazon,2021-02-12,Northeast,Massachusetts,Men'S Athletic Footwear,45,225,10125,In-Store
Amazon,2021-02-12,Northeast,Vermont,Men'S Apparel,55,225,12375,In-Store
Amazon,2021-04-11,Northeast,Vermont,Men'S Athletic Footwear,45,225,10125,In-Store
Amazon,2021-08-11,Northeast,Vermont,Men'S Apparel,60,225,13500,In-Store
Amazon,2021-09-10,Northeast,Vermont,Women'S Street Footwear,50,225,11250,In-Store
Amazon,2021-01-21,Northeast,Vermont,Men'S Apparel,60,225,13500,In-Store
Amazon,2021-09-17,Northeast,New Hampshire,Women'S Athletic Footwear,55,225,12375,Outlet
Amazon,2021-09-17,Northeast,New Hampshire,Men'S Apparel,65,225,14625,Outlet
Foot Locker,2021-02-22,Northeast,New Hampshire,Men'S Athletic Footwear,55,225,12375,Outlet
Amazon,2021-11-22,Southeast,Kentucky,Women'S Street Footwear,45,220,9900,Online
Sports Direct,2021-11-07,Northeast,Rhode Island,Women'S Street Footwear,50,220,11000,In-Store
Foot Locker,2021-06-25,Midwest,Illinois,Men'S Athletic Footwear,55,200,11000,Outlet
Foot Locker,2021-07-16,Midwest,Illinois,Men'S Apparel,50,200,10000,Outlet
Foot Locker,2021-08-08,Midwest,Illinois,Women'S Athletic Footwear,50,200,10000,Outlet
Foot Locker,2021-08-09,Midwest,Illinois,Men'S Apparel,60,200,12000,Outlet
Foot Locker,2021-11-14,Northeast,Pennsylvania,Women'S Apparel,50,200,10000,Outlet
Foot Locker,2021-12-01,Northeast,Pennsylvania,Men'S Apparel,65,200,13000,Outlet
Foot Locker,2021-12-06,Northeast,Pennsylvania,Women'S Athletic Footwear,55,200,11000,Outlet
Foot Locker,2021-12-22,Northeast,Pennsylvania,Men'S Athletic Footwear,60,200,12000,Outlet
West Gear,2020-01-12,West,Nevada,Men'S Apparel,50,200,10000,Outlet
West Gear,2020-01-24,West,Nevada,Men'S Apparel,65,200,13000,Outlet
West Gear,2020-01-30,West,Nevada,Men'S Apparel,65,200,13000,Outlet
West Gear,2020-06-17,West,Washington,Men'S Apparel,65,200,13000,In-Store
West Gear,2020-06-23,West,Washington,Men'S Apparel,65,200,13000,In-Store
Foot Locker,2020-11-26,Midwest,Minnesota,Men'S Apparel,50,200,10000,Outlet
Foot Locker,2020-12-15,Midwest,Minnesota,Women'S Apparel,50,200,10000,Outlet
Kohl'S,2021-01-13,Midwest,Montana,Men'S Apparel,50,200,10000,Outlet
Foot Locker,2021-07-25,Midwest,Nebraska,Women'S Apparel,55,200,11000,Outlet
Amazon,2021-11-06,Northeast,Maine,Men'S Athletic Footwear,50,200,10000,Outlet
Amazon,2021-11-21,Northeast,Maine,Men'S Apparel,55,200,11000,Outlet
Amazon,2021-11-18,Northeast,Maine,Men'S Athletic Footwear,55,200,11000,Outlet
Amazon,2021-12-17,Northeast,Maine,Women'S Athletic Footwear,55,200,11000,Outlet
Amazon,2021-12-17,Northeast,Maine,Men'S Apparel,65,200,13000,Outlet
Amazon,2021-09-20,West,Alaska,Women'S Athletic Footwear,55,200,11000,Outlet
Amazon,2021-09-20,West,Alaska,Men'S Apparel,65,200,13000,Outlet
Sports Direct,2021-02-17,Southeast,Florida,Men'S Apparel,55,200,11000,Outlet
Walmart,2021-04-17,Southeast,Florida,Men'S Apparel,60,200,12000,Outlet
Foot Locker,2021-09-25,Southeast,Virginia,Women'S Athletic Footwear,50,200,10000,In-Store
West Gear,2021-09-25,West,Oregon,Women'S Athletic Footwear,50,200,10000,In-Store
West Gear,2021-01-17,West,Oregon,Men'S Apparel,50,200,10000,In-Store
Foot Locker,2021-05-24,West,Arizona,Men'S Apparel,55,200,11000,Online
Kohl'S,2021-02-26,West,New Mexico,Men'S Apparel,50,200,10000,Online
Kohl'S,2021-04-26,West,New Mexico,Men'S Apparel,60,200,12000,Online
Amazon,2021-01-22,Midwest,Ohio,Men'S Apparel,50,200,10000,Online
Amazon,2021-02-22,Southeast,Kentucky,Men'S Apparel,50,200,10000,Online
Amazon,2021-06-22,Southeast,Kentucky,Men'S Apparel,50,200,10000,Online
Foot Locker,2021-11-22,Southeast,Kentucky,Women'S Athletic Footwear,55,200,11000,Online
Foot Locker,2021-05-13,Midwest,South Dakota,Men'S Athletic Footwear,50,200,10000,Online
Foot Locker,2021-07-11,Midwest,South Dakota,Men'S Apparel,50,200,10000,Online
Sports Direct,2021-12-11,Midwest,South Dakota,Women'S Athletic Footwear,50,200,10000,Online
Sports Direct,2021-12-11,Midwest,South Dakota,Men'S Apparel,60,200,12000,Online
Sports Direct,2021-07-08,Midwest,North Dakota,Men'S Apparel,50,200,10000,In-Store
Foot Locker,2021-12-08,Midwest,North Dakota,Women'S Athletic Footwear,50,200,10000,In-Store
Foot Locker,2021-12-08,Midwest,North Dakota,Men'S Apparel,60,200,12000,In-Store
Foot Locker,2021-07-05,Midwest,Iowa,Men'S Apparel,50,200,10000,In-Store
West Gear,2021-07-02,Midwest,Wisconsin,Men'S Apparel,50,200,10000,In-Store
West Gear,2021-11-03,Midwest,Wisconsin,Men'S Apparel,60,200,12000,In-Store
West Gear,2021-07-09,Midwest,Indiana,Men'S Apparel,55,200,11000,In-Store
West Gear,2021-04-17,Northeast,West Virginia,Men'S Apparel,65,200,13000,In-Store
Sports Direct,2021-09-20,Northeast,Maryland,Women'S Apparel,55,200,11000,In-Store
Sports Direct,2021-10-22,Northeast,Maryland,Men'S Athletic Footwear,50,200,10000,In-Store
Foot Locker,2021-10-22,Northeast,Maryland,Women'S Apparel,65,200,13000,In-Store
Foot Locker,2021-09-13,Northeast,Delaware,Men'S Apparel,55,200,11000,In-Store
Foot Locker,2021-10-15,Northeast,Delaware,Women'S Street Footwear,55,200,11000,In-Store
Sports Direct,2021-01-07,Northeast,New Jersey,Men'S Apparel,50,200,10000,In-Store
Sports Direct,2021-02-05,Northeast,Connecticut,Men'S Apparel,50,200,10000,In-Store
Sports Direct,2021-08-04,Northeast,Connecticut,Men'S Apparel,55,200,11000,In-Store
Foot Locker,2021-06-08,Northeast,Rhode Island,Men'S Apparel,50,200,10000,In-Store
Foot Locker,2021-09-06,Northeast,Rhode Island,Women'S Apparel,55,200,11000,In-Store
Foot Locker,2021-10-08,Northeast,Rhode Island,Men'S Athletic Footwear,50,200,10000,In-Store
Sports Direct,2021-10-08,Northeast,Rhode Island,Women'S Apparel,65,200,13000,In-Store
Sports Direct,2021-11-07,Northeast,Rhode Island,Women'S Athletic Footwear,50,200,10000,In-Store
Sports Direct,2021-05-13,Northeast,Massachusetts,Men'S Athletic Footwear,50,200,10000,In-Store
Sports Direct,2021-05-13,Northeast,Massachusetts,Men'S Apparel,55,200,11000,In-Store
Amazon,2021-09-10,Northeast,Vermont,Women'S Athletic Footwear,50,200,10000,In-Store
Amazon,2021-09-10,Northeast,Vermont,Men'S Apparel,60,200,12000,In-Store
Amazon,2021-10-12,Northeast,Vermont,Women'S Street Footwear,60,200,12000,In-Store
Amazon,2021-03-17,Northeast,New Hampshire,Men'S Apparel,60,200,12000,In-Store
Foot Locker,2021-10-19,Northeast,New Hampshire,Women'S Street Footwear,65,200,13000,Outlet
Foot Locker,2021-01-24,Northeast,New Hampshire,Men'S Apparel,65,200,13000,Outlet
Foot Locker,2021-08-01,Midwest,Illinois,Women'S Street Footwear,50,195,9750,Outlet
Foot Locker,2021-12-23,Northeast,Pennsylvania,Women'S Street Footwear,60,195,11700,Outlet
Amazon,2021-11-18,Northeast,Maine,Women'S Street Footwear,55,195,10725,Outlet
Foot Locker,2021-06-04,Midwest,Illinois,Men'S Apparel,55,175,9625,Outlet
Foot Locker,2021-06-10,Midwest,Illinois,Men'S Apparel,55,175,9625,Outlet
Foot Locker,2021-11-16,Northeast,Pennsylvania,Men'S Athletic Footwear,60,175,10500,Outlet
Foot Locker,2021-11-23,Northeast,Pennsylvania,Women'S Street Footwear,55,175,9625,Outlet
Foot Locker,2021-11-30,Northeast,Pennsylvania,Women'S Athletic Footwear,55,175,9625,Outlet
Foot Locker,2021-12-07,Northeast,Pennsylvania,Men'S Apparel,65,175,11375,Outlet
Foot Locker,2021-12-24,Northeast,Pennsylvania,Women'S Athletic Footwear,60,175,10500,Outlet
Foot Locker,2021-12-30,Northeast,Pennsylvania,Women'S Athletic Footwear,60,175,10500,Outlet
Foot Locker,2021-12-31,Northeast,Pennsylvania,Men'S Apparel,70,175,12250,Outlet
West Gear,2020-01-18,West,Nevada,Men'S Apparel,60,175,10500,Outlet
West Gear,2020-04-06,West,Colorado,Men'S Apparel,65,175,11375,In-Store
West Gear,2020-04-12,West,Colorado,Men'S Apparel,65,175,11375,In-Store
West Gear,2020-06-11,West,Washington,Men'S Apparel,70,175,12250,In-Store
Foot Locker,2020-11-15,Midwest,Minnesota,Women'S Apparel,60,175,10500,In-Store
Foot Locker,2020-12-26,Midwest,Minnesota,Men'S Apparel,55,175,9625,Outlet
Amazon,2021-11-15,Northeast,Maine,Men'S Apparel,55,175,9625,Outlet
Amazon,2021-11-18,Northeast,Maine,Women'S Athletic Footwear,55,175,9625,Outlet
Amazon,2021-03-20,West,Alaska,Men'S Apparel,65,175,11375,Outlet
Amazon,2021-10-22,West,Alaska,Women'S Street Footwear,65,175,11375,Outlet
Foot Locker,2021-05-11,West,Hawaii,Men'S Apparel,60,175,10500,Outlet
Sports Direct,2021-03-16,Southeast,Florida,Men'S Apparel,65,175,11375,Outlet
Kohl'S,2021-03-25,West,New Mexico,Men'S Apparel,60,175,10500,Online
Sports Direct,2021-04-13,Southeast,Georgia,Men'S Apparel,55,175,9625,Online
Foot Locker,2021-11-22,Southeast,Kentucky,Men'S Apparel,65,175,11375,Online
West Gear,2021-11-06,Midwest,Iowa,Men'S Apparel,60,175,10500,In-Store
Foot Locker,2021-12-20,Northeast,Maryland,Men'S Apparel,60,175,10500,In-Store
Foot Locker,2021-10-15,Northeast,Delaware,Women'S Athletic Footwear,55,175,9625,In-Store
Foot Locker,2021-10-15,Northeast,Delaware,Men'S Apparel,65,175,11375,In-Store
Sports Direct,2021-09-03,Northeast,Connecticut,Men'S Apparel,55,175,9625,In-Store
Sports Direct,2021-10-05,Northeast,Connecticut,Women'S Street Footwear,55,175,9625,In-Store
Sports Direct,2021-11-07,Northeast,Rhode Island,Men'S Apparel,60,175,10500,In-Store
Amazon,2021-03-10,Northeast,Vermont,Men'S Apparel,55,175,9625,In-Store
Amazon,2021-10-12,Northeast,Vermont,Women'S Athletic Footwear,60,175,10500,In-Store
Amazon,2021-10-12,Northeast,Vermont,Men'S Apparel,70,175,12250,In-Store
Amazon,2021-04-18,Northeast,New Hampshire,Men'S Apparel,60,175,10500,In-Store
Foot Locker,2021-10-19,Northeast,New Hampshire,Women'S Athletic Footwear,65,175,11375,Outlet
Foot Locker,2021-10-19,Northeast,New Hampshire,Men'S Apparel,75,175,13125,Outlet
Foot Locker,2021-11-25,Northeast,Pennsylvania,Men'S Apparel,65,150,9750,Outlet
Foot Locker,2021-12-25,Northeast,Pennsylvania,Men'S Apparel,70,150,10500,Outlet
Amazon,2021-11-18,Northeast,Maine,Men'S Apparel,65,150,9750,Outlet
Amazon,2021-10-22,West,Alaska,Women'S Athletic Footwear,65,150,9750,Outlet
Amazon,2021-10-22,West,Alaska,Men'S Apparel,75,150,11250,Outlet
West Gear,2021-04-10,Midwest,Indiana,Men'S Apparel,65,150,9750,In-Store
Sports Direct,2021-10-05,Northeast,Connecticut,Men'S Apparel,65,150,9750,In-Store
