Retailer,Invoice Date,Region,State,Product,Price per Unit,Units Sold,Total Sales,Sales Method
Foot Locker,01-01-2020,Northeast,New York,Men'S Street Footwear,50,120,6000,In-Store
Foot Locker,02-01-2020,Northeast,New York,Men'S Athletic Footwear,50,100,5000,In-Store
Foot Locker,03-01-2020,Northeast,New York,Women'S Street Footwear,40,100,4000,In-Store
Foot Locker,04-01-2020,Northeast,New York,Women'S Athletic Footwear,45,85,3825,In-Store
Foot Locker,05-01-2020,Northeast,New York,Men'S Apparel,60,90,5400,In-Store
Foot Locker,06-01-2020,Northeast,New York,Women'S Apparel,50,100,5000,In-Store
Foot Locker,07-01-2020,Northeast,New York,Men'S Street Footwear,50,125,6250,In-Store
Foot Locker,08-01-2020,Northeast,New York,Men'S Athletic Footwear,50,90,4500,Outlet
Foot Locker,21-01-2020,Northeast,New York,Women'S Street Footwear,40,95,3800,Outlet
Foot Locker,22-01-2020,Northeast,New York,Women'S Athletic Footwear,45,83,3735,Outlet
Foot Locker,23-01-2020,Northeast,New York,Men'S Apparel,60,90,5400,Outlet
Foot Locker,24-01-2020,Northeast,New York,Women'S Apparel,50,100,5000,Outlet
Foot Locker,25-01-2020,Northeast,New York,Men'S Street Footwear,50,122,6100,Outlet
Foot Locker,26-01-2020,Northeast,New York,Men'S Athletic Footwear,50,93,4650,Outlet
Foot Locker,27-01-2020,Northeast,New York,Women'S Street Footwear,40,95,3800,Outlet
Foot Locker,28-01-2020,Northeast,New York,Women'S Athletic Footwear,45,80,3600,Outlet
Foot Locker,29-01-2020,Northeast,New York,Men'S Apparel,60,85,5100,Outlet
Foot Locker,30-01-2020,Northeast,New York,Women'S Apparel,50,95,4750,Outlet
Foot Locker,31-01-2020,Northeast,New York,Men'S Street Footwear,50,120,6000,Outlet
Foot Locker,01-02-2020,Northeast,New York,Men'S Athletic Footwear,50,90,4500,Outlet
Foot Locker,02-02-2020,Northeast,New York,Women'S Street Footwear,40,90,3600,Outlet
Foot Locker,03-02-2020,Northeast,New York,Women'S Athletic Footwear,45,83,3735,Outlet
Foot Locker,04-02-2020,Northeast,New York,Men'S Apparel,60,83,4980,Outlet
Foot Locker,05-02-2020,Northeast,New York,Women'S Apparel,50,95,4750,Outlet
Foot Locker,06-02-2020,Northeast,New York,Men'S Street Footwear,60,122,7320,Outlet
Foot Locker,07-02-2020,Northeast,New York,Men'S Athletic Footwear,55,93,5115,Outlet
Foot Locker,08-02-2020,Northeast,New York,Women'S Street Footwear,50,90,4500,Outlet
Foot Locker,09-02-2020,Northeast,New York,Women'S Athletic Footwear,50,85,4250,Outlet
Foot Locker,10-02-2020,Northeast,New York,Men'S Apparel,60,88,5280,Outlet
Foot Locker,03-03-2020,Northeast,New York,Women'S Apparel,65,100,6500,Outlet
Foot Locker,04-03-2020,Northeast,New York,Men'S Street Footwear,60,125,7500,Outlet
Foot Locker,05-03-2020,Northeast,New York,Men'S Athletic Footwear,55,100,5500,Outlet
Foot Locker,06-03-2020,Northeast,New York,Women'S Street Footwear,50,93,4650,Outlet
Foot Locker,07-03-2020,Northeast,New York,Women'S Athletic Footwear,50,90,4500,Outlet
Foot Locker,08-03-2020,Northeast,New York,Men'S Apparel,60,90,5400,Outlet
Foot Locker,09-03-2020,Northeast,New York,Women'S Apparel,65,105,6825,Outlet
Foot Locker,10-03-2020,Northeast,New York,Men'S Street Footwear,60,128,7680,Outlet
Foot Locker,11-03-2020,Northeast,New York,Men'S Athletic Footwear,55,103,5665,Outlet
Foot Locker,12-03-2020,Northeast,New York,Women'S Street Footwear,50,95,4750,Outlet
Foot Locker,13-03-2020,Northeast,New York,Women'S Athletic Footwear,50,90,4500,Outlet
Foot Locker,14-03-2020,Northeast,New York,Men'S Apparel,60,93,5580,Outlet
Foot Locker,15-03-2020,Northeast,New York,Women'S Apparel,65,110,7150,Outlet
Foot Locker,16-03-2020,Northeast,New York,Men'S Street Footwear,60,125,7500,Outlet
Foot Locker,17-03-2020,Northeast,New York,Men'S Athletic Footwear,55,103,5665,Outlet
Foot Locker,18-03-2020,Northeast,New York,Women'S Street Footwear,50,95,4750,Outlet
Foot Locker,31-03-2020,Northeast,New York,Women'S Athletic Footwear,50,93,4650,Outlet
Walmart,17-04-2020,Northeast,New York,Men'S Apparel,60,90,5400,Outlet
Walmart,18-04-2020,Northeast,New York,Women'S Apparel,65,108,7020,Outlet
Walmart,19-04-2020,Northeast,New York,Men'S Street Footwear,60,120,7200,Outlet
Walmart,20-04-2020,Northeast,New York,Men'S Athletic Footwear,55,100,5500,Outlet
Walmart,21-04-2020,Northeast,New York,Women'S Street Footwear,50,93,4650,Outlet
Walmart,22-04-2020,Northeast,New York,Women'S Athletic Footwear,50,90,4500,Outlet
Walmart,23-04-2020,Northeast,New York,Men'S Apparel,60,90,5400,Outlet
Walmart,24-04-2020,Northeast,New York,Women'S Apparel,65,100,6500,Outlet
Walmart,25-04-2020,Northeast,New York,Men'S Apparel,65,88,5720,Outlet
Walmart,26-04-2020,Northeast,New York,Women'S Apparel,70,100,7000,Outlet
Walmart,27-04-2020,Northeast,New York,Men'S Street Footwear,65,115,7475,Outlet
Walmart,28-04-2020,Northeast,New York,Men'S Athletic Footwear,55,98,5390,Outlet
Walmart,29-04-2020,Northeast,New York,Women'S Street Footwear,55,92,5060,Outlet
Walmart,30-04-2020,Northeast,New York,Women'S Athletic Footwear,55,90,4950,Outlet
Walmart,01-05-2020,Northeast,New York,Men'S Apparel,65,88,5720,Outlet
Walmart,02-05-2020,Northeast,New York,Women'S Apparel,70,98,6860,Outlet
Walmart,03-05-2020,Northeast,New York,Men'S Street Footwear,65,120,7800,Outlet
Walmart,04-05-2020,Northeast,New York,Men'S Athletic Footwear,55,100,5500,Outlet
Walmart,05-05-2020,Northeast,New York,Women'S Street Footwear,55,95,5225,Outlet
Walmart,06-05-2020,Northeast,New York,Women'S Athletic Footwear,55,90,4950,Outlet
Walmart,07-05-2020,Northeast,New York,Men'S Apparel,65,90,5850,Outlet
Walmart,18-07-2020,Northeast,New York,Women'S Apparel,70,100,7000,Outlet
Sports Direct,19-07-2020,Northeast,New York,Men'S Street Footwear,25,90,2250,Outlet
Sports Direct,20-07-2020,Northeast,New York,Men'S Athletic Footwear,35,90,3150,Outlet
Sports Direct,21-07-2020,Northeast,New York,Women'S Street Footwear,35,70,2450,Outlet
Sports Direct,22-07-2020,Northeast,New York,Women'S Athletic Footwear,35,70,2450,Outlet
Sports Direct,23-07-2020,South,Texas,Men'S Apparel,40,55,2200,Outlet
Sports Direct,24-07-2020,South,Texas,Women'S Apparel,35,70,2450,Outlet
Sports Direct,25-07-2020,South,Texas,Men'S Street Footwear,25,85,2125,Outlet
Sports Direct,26-07-2020,South,Texas,Men'S Athletic Footwear,35,85,2975,Outlet
Sports Direct,27-07-2020,South,Texas,Women'S Street Footwear,35,68,2380,Outlet
Sports Direct,28-07-2020,South,Texas,Women'S Athletic Footwear,35,63,2205,Outlet
Sports Direct,29-07-2020,South,Texas,Men'S Apparel,40,50,2000,Outlet
Sports Direct,30-07-2020,South,Texas,Women'S Apparel,35,70,2450,Outlet
Sports Direct,31-07-2020,South,Texas,Men'S Street Footwear,30,88,2640,Outlet
Sports Direct,01-08-2020,South,Texas,Men'S Athletic Footwear,40,88,3520,Outlet
Sports Direct,02-08-2020,South,Texas,Women'S Street Footwear,35,70,2450,Outlet
Sports Direct,03-08-2020,South,Texas,Women'S Athletic Footwear,40,60,2400,Outlet
Sports Direct,04-08-2020,South,Texas,Men'S Apparel,45,50,2250,Outlet
Sports Direct,05-08-2020,South,Texas,Women'S Apparel,40,65,2600,Outlet
Sports Direct,06-08-2020,South,Texas,Men'S Street Footwear,30,90,2700,Outlet
Sports Direct,07-08-2020,South,Texas,Men'S Athletic Footwear,40,90,3600,Outlet
Sports Direct,08-08-2020,South,Texas,Women'S Street Footwear,35,73,2555,Outlet
Sports Direct,09-08-2020,South,Texas,Women'S Athletic Footwear,40,63,2520,Outlet
Walmart,10-08-2020,South,Texas,Men'S Apparel,45,53,2385,Outlet
Walmart,11-08-2020,South,Texas,Women'S Apparel,40,80,3200,Outlet
Walmart,12-08-2020,South,Texas,Men'S Street Footwear,30,93,2790,Outlet
Walmart,13-08-2020,South,Texas,Men'S Athletic Footwear,40,93,3720,Outlet
Walmart,14-08-2020,South,Texas,Women'S Street Footwear,35,78,2730,Outlet
Walmart,15-08-2020,South,Texas,Women'S Athletic Footwear,40,70,2800,Outlet
Walmart,16-08-2020,South,Texas,Men'S Apparel,45,60,2700,Outlet
Walmart,17-08-2020,South,Texas,Women'S Apparel,40,95,3800,Outlet
Walmart,18-08-2020,South,Texas,Men'S Street Footwear,40,95,3800,Outlet
Walmart,19-08-2020,South,Texas,Men'S Athletic Footwear,45,95,4275,Outlet
Walmart,20-08-2020,South,Texas,Women'S Street Footwear,40,80,3200,Outlet
Walmart,21-08-2020,South,Texas,Women'S Athletic Footwear,40,75,3000,Outlet
Walmart,22-08-2020,South,Texas,Men'S Apparel,45,65,2925,Outlet
Walmart,23-08-2020,South,Texas,Women'S Apparel,50,100,5000,Outlet
Walmart,24-08-2020,South,Texas,Men'S Street Footwear,40,95,3800,Outlet
Walmart,25-08-2020,South,Texas,Men'S Athletic Footwear,45,95,4275,Outlet
Walmart,26-08-2020,South,Texas,Women'S Street Footwear,40,110,4400,Outlet
Walmart,27-08-2020,South,Texas,Women'S Athletic Footwear,40,70,2800,Outlet
Walmart,28-08-2020,South,Texas,Men'S Apparel,45,70,3150,Outlet
Walmart,29-08-2020,South,Texas,Women'S Apparel,50,98,4900,Outlet
Walmart,30-08-2020,South,Texas,Men'S Street Footwear,40,93,3720,Outlet
Walmart,31-08-2020,South,Texas,Men'S Athletic Footwear,45,93,4185,Outlet
Walmart,01-09-2020,South,Texas,Women'S Street Footwear,40,110,4400,Outlet
Walmart,02-09-2020,South,Texas,Women'S Athletic Footwear,40,65,2600,Outlet
Walmart,03-09-2020,South,Texas,Men'S Apparel,45,65,2925,Outlet
Walmart,04-09-2020,South,Texas,Women'S Apparel,50,90,4500,Outlet
Walmart,05-09-2020,South,Texas,Men'S Street Footwear,45,85,3825,Outlet
Walmart,06-09-2020,South,Texas,Men'S Athletic Footwear,45,85,3825,Outlet
Walmart,07-09-2020,South,Texas,Women'S Street Footwear,50,90,4500,Outlet
Walmart,08-09-2020,South,Texas,Women'S Athletic Footwear,50,63,3150,Outlet
Walmart,09-09-2020,South,Texas,Men'S Apparel,45,63,2835,Outlet
Walmart,10-09-2020,South,Texas,Women'S Apparel,55,85,4675,Outlet
Walmart,11-09-2020,South,Texas,Men'S Street Footwear,45,80,3600,Outlet
Walmart,12-09-2020,South,Texas,Men'S Athletic Footwear,45,80,3600,Outlet
Walmart,13-09-2020,South,Texas,Women'S Street Footwear,50,75,3750,Outlet
Walmart,14-09-2020,South,Texas,Women'S Athletic Footwear,50,60,3000,Outlet
Walmart,15-09-2020,South,Texas,Men'S Apparel,45,58,2610,Outlet
Walmart,16-09-2020,South,Texas,Women'S Apparel,55,75,4125,Outlet
Walmart,20-10-2020,South,Texas,Men'S Street Footwear,45,90,4050,Outlet
Walmart,21-10-2020,South,Texas,Men'S Athletic Footwear,45,90,4050,Outlet
Walmart,22-10-2020,South,Texas,Women'S Street Footwear,50,83,4150,Outlet
Walmart,23-10-2020,South,Texas,Women'S Athletic Footwear,50,68,3400,Outlet
Walmart,24-10-2020,South,Texas,Men'S Apparel,45,65,2925,Outlet
Walmart,25-10-2020,South,Texas,Women'S Apparel,55,85,4675,Outlet
Walmart,26-10-2020,South,Texas,Men'S Street Footwear,45,95,4275,Outlet
Walmart,27-10-2020,South,Texas,Men'S Athletic Footwear,45,95,4275,Outlet
Walmart,28-10-2020,South,Texas,Women'S Street Footwear,50,85,4250,Outlet
Walmart,29-10-2020,South,Texas,Women'S Athletic Footwear,50,70,3500,Outlet
Walmart,30-10-2020,South,Texas,Men'S Apparel,45,65,2925,Outlet
Walmart,31-10-2020,South,Texas,Women'S Apparel,55,90,4950,Outlet
West Gear,01-11-2020,South,Texas,Men'S Street Footwear,40,78,3120,Outlet
West Gear,02-11-2020,South,Texas,Men'S Athletic Footwear,50,78,3900,Outlet
West Gear,03-11-2020,South,Texas,Women'S Street Footwear,50,78,3900,Outlet
West Gear,04-11-2020,South,Texas,Women'S Athletic Footwear,50,63,3150,Outlet
West Gear,05-11-2020,West,California,Men'S Apparel,55,58,3190,Outlet
West Gear,06-11-2020,West,California,Women'S Apparel,50,78,3900,Outlet
West Gear,07-11-2020,West,California,Men'S Street Footwear,40,83,3320,Outlet
West Gear,08-11-2020,West,California,Men'S Athletic Footwear,50,73,3650,Outlet
West Gear,09-11-2020,West,California,Women'S Street Footwear,50,73,3650,Outlet
West Gear,10-11-2020,West,California,Women'S Athletic Footwear,50,58,2900,Outlet
West Gear,11-11-2020,West,California,Men'S Apparel,55,50,2750,Outlet
West Gear,12-11-2020,West,California,Women'S Apparel,50,70,3500,Outlet
West Gear,13-11-2020,West,California,Men'S Street Footwear,50,85,4250,Outlet
West Gear,14-11-2020,West,California,Men'S Athletic Footwear,60,70,4200,Outlet
West Gear,15-11-2020,West,California,Women'S Street Footwear,60,70,4200,Outlet
West Gear,22-12-2020,West,California,Women'S Athletic Footwear,60,60,3600,Outlet
West Gear,23-12-2020,West,California,Men'S Apparel,65,50,3250,Outlet
West Gear,24-12-2020,West,California,Women'S Apparel,60,70,4200,Outlet
West Gear,25-12-2020,West,California,Men'S Street Footwear,60,88,5280,Outlet
West Gear,26-12-2020,West,California,Men'S Athletic Footwear,65,68,4420,Outlet
West Gear,27-12-2020,West,California,Women'S Street Footwear,65,73,4745,Outlet
West Gear,28-12-2020,West,California,Women'S Athletic Footwear,60,63,3780,Outlet
West Gear,29-12-2020,West,California,Men'S Apparel,65,53,3445,Outlet
West Gear,30-12-2020,West,California,Women'S Apparel,80,70,5600,Outlet
West Gear,31-12-2020,West,California,Men'S Street Footwear,60,90,5400,Outlet
West Gear,01-01-2021,West,California,Men'S Athletic Footwear,65,75,4875,Outlet
West Gear,02-01-2021,West,California,Women'S Street Footwear,65,75,4875,Outlet
West Gear,03-01-2021,West,California,Women'S Athletic Footwear,60,65,3900,Outlet
West Gear,04-01-2021,West,California,Men'S Apparel,65,55,3575,Outlet
West Gear,05-01-2021,West,California,Women'S Apparel,80,73,5840,Outlet
West Gear,06-01-2021,West,California,Men'S Street Footwear,60,98,5880,Outlet
West Gear,07-01-2021,West,California,Men'S Athletic Footwear,65,83,5395,Outlet
West Gear,08-01-2021,West,California,Women'S Street Footwear,65,83,5395,Outlet
West Gear,09-01-2021,West,California,Women'S Athletic Footwear,60,70,4200,Outlet
West Gear,10-01-2021,West,California,Men'S Apparel,65,58,3770,Outlet
West Gear,11-01-2021,West,California,Women'S Apparel,80,88,7040,Outlet
West Gear,12-01-2021,West,California,Men'S Street Footwear,60,103,6180,Outlet
West Gear,13-01-2021,West,California,Men'S Athletic Footwear,65,88,5720,Outlet
West Gear,14-01-2021,West,California,Women'S Street Footwear,65,83,5395,Outlet
West Gear,15-01-2021,West,California,Women'S Athletic Footwear,60,73,4380,Outlet
West Gear,16-01-2021,West,California,Men'S Apparel,65,78,5070,Outlet
West Gear,17-01-2021,West,California,Women'S Apparel,80,78,6240,Outlet
West Gear,18-01-2021,West,California,Men'S Street Footwear,65,98,6370,Outlet
West Gear,19-01-2021,West,California,Men'S Athletic Footwear,70,93,6510,Outlet
West Gear,20-01-2021,West,California,Women'S Street Footwear,65,80,5200,Outlet
West Gear,21-01-2021,West,California,Women'S Athletic Footwear,65,75,4875,Outlet
West Gear,22-01-2021,West,California,Men'S Apparel,75,75,5625,Outlet
West Gear,23-01-2021,West,California,Women'S Apparel,80,73,5840,Outlet
West Gear,24-01-2021,West,California,Men'S Street Footwear,55,93,5115,Outlet
West Gear,25-01-2021,West,California,Men'S Athletic Footwear,60,93,5580,Outlet
West Gear,26-01-2021,West,California,Women'S Street Footwear,55,78,4290,Outlet
West Gear,27-01-2021,West,California,Women'S Athletic Footwear,55,73,4015,Outlet
West Gear,28-01-2021,West,California,Men'S Apparel,65,73,4745,Outlet
West Gear,29-01-2021,West,California,Women'S Apparel,70,78,5460,Outlet
West Gear,30-01-2021,West,California,Men'S Street Footwear,55,88,4840,Outlet
West Gear,31-01-2021,West,California,Men'S Athletic Footwear,60,88,5280,Outlet
West Gear,01-02-2021,West,California,Women'S Street Footwear,55,70,3850,Outlet
West Gear,02-02-2021,West,California,Women'S Athletic Footwear,55,68,3740,Outlet
West Gear,03-02-2021,West,California,Men'S Apparel,65,65,4225,Outlet
West Gear,04-02-2021,West,California,Women'S Apparel,70,70,4900,Outlet
West Gear,05-02-2021,West,California,Men'S Street Footwear,55,88,4840,Outlet
West Gear,06-02-2021,West,California,Men'S Athletic Footwear,60,88,5280,Outlet
West Gear,07-02-2021,West,California,Women'S Street Footwear,55,73,4015,Outlet
West Gear,08-02-2021,West,California,Women'S Athletic Footwear,55,70,3850,Outlet
West Gear,09-02-2021,West,California,Men'S Apparel,65,65,4225,Outlet
West Gear,10-02-2021,West,California,Women'S Apparel,70,78,5460,Outlet
West Gear,11-02-2021,West,California,Men'S Street Footwear,55,98,5390,Outlet
West Gear,12-02-2021,West,California,Men'S Athletic Footwear,60,98,5880,Outlet
West Gear,13-02-2021,West,California,Women'S Street Footwear,55,78,4290,Outlet
West Gear,14-02-2021,West,California,Women'S Athletic Footwear,55,78,4290,Outlet
West Gear,15-02-2021,West,California,Men'S Apparel,65,70,4550,Outlet
West Gear,16-02-2021,West,California,Women'S Apparel,70,80,5600,Outlet
Kohl'S,17-02-2021,West,California,Men'S Street Footwear,35,70,2450,Outlet
Kohl'S,18-02-2021,West,California,Men'S Athletic Footwear,45,70,3150,Outlet
Kohl'S,09-03-2021,West,California,Women'S Street Footwear,45,70,3150,Outlet
Kohl'S,10-03-2021,West,California,Women'S Athletic Footwear,45,55,2475,Outlet
Kohl'S,11-03-2021,West,California,Men'S Apparel,50,50,2500,Outlet
Kohl'S,12-03-2021,West,California,Women'S Apparel,45,70,3150,Outlet
Kohl'S,13-03-2021,West,California,Men'S Street Footwear,35,75,2625,Outlet
Kohl'S,14-03-2021,West,California,Men'S Athletic Footwear,45,65,2925,Outlet
Kohl'S,15-03-2021,West,California,Women'S Street Footwear,45,68,3060,Outlet
Kohl'S,16-03-2021,West,California,Women'S Athletic Footwear,45,53,2385,Outlet
Kohl'S,17-03-2021,West,California,Men'S Apparel,50,45,2250,Outlet
Kohl'S,18-03-2021,West,California,Women'S Apparel,45,65,2925,Outlet
Kohl'S,19-03-2021,West,California,Men'S Street Footwear,35,80,2800,Outlet
Kohl'S,20-03-2021,West,California,Men'S Athletic Footwear,45,65,2925,Outlet
Kohl'S,21-03-2021,West,California,Women'S Street Footwear,45,65,2925,Outlet
Kohl'S,22-03-2021,West,California,Women'S Athletic Footwear,45,55,2475,Outlet
Kohl'S,23-03-2021,West,California,Men'S Apparel,50,43,2150,Outlet
Kohl'S,06-04-2021,West,California,Women'S Apparel,45,63,2835,Outlet
Kohl'S,07-04-2021,West,California,Men'S Street Footwear,45,80,3600,Outlet
Kohl'S,08-04-2021,West,California,Men'S Athletic Footwear,50,60,3000,Outlet
Kohl'S,09-04-2021,West,California,Women'S Street Footwear,50,63,3150,Outlet
Kohl'S,10-04-2021,West,California,Women'S Athletic Footwear,45,53,2385,Outlet
Kohl'S,11-04-2021,West,California,Men'S Apparel,50,43,2150,Outlet
Kohl'S,12-04-2021,West,California,Women'S Apparel,65,60,3900,Outlet
Kohl'S,13-04-2021,West,California,Men'S Street Footwear,45,80,3600,Outlet
Kohl'S,14-04-2021,West,California,Men'S Athletic Footwear,50,65,3250,Outlet
Kohl'S,15-04-2021,West,California,Women'S Street Footwear,50,65,3250,Outlet
Kohl'S,16-04-2021,West,California,Women'S Athletic Footwear,45,55,2475,Outlet
Kohl'S,17-04-2021,West,California,Men'S Apparel,50,45,2250,Outlet
Kohl'S,18-04-2021,West,California,Women'S Apparel,65,63,4095,Outlet
Kohl'S,19-04-2021,West,California,Men'S Street Footwear,45,90,4050,Outlet
Kohl'S,20-04-2021,West,California,Men'S Athletic Footwear,50,75,3750,Outlet
Kohl'S,21-04-2021,West,California,Women'S Street Footwear,50,75,3750,Outlet
Kohl'S,22-04-2021,West,California,Women'S Athletic Footwear,45,63,2835,Outlet
Kohl'S,23-04-2021,West,California,Men'S Apparel,50,50,2500,Outlet
Kohl'S,24-04-2021,West,California,Women'S Apparel,65,80,5200,Outlet
Kohl'S,25-04-2021,West,California,Men'S Street Footwear,45,95,4275,Outlet
Kohl'S,26-04-2021,West,California,Men'S Athletic Footwear,50,80,4000,Outlet
Kohl'S,27-04-2021,West,California,Women'S Street Footwear,50,75,3750,Outlet
Kohl'S,28-04-2021,West,California,Women'S Athletic Footwear,45,65,2925,Outlet
Kohl'S,29-04-2021,West,California,Men'S Apparel,50,70,3500,Outlet
Kohl'S,30-04-2021,West,California,Women'S Apparel,65,70,4550,Outlet
Kohl'S,01-05-2021,West,California,Men'S Street Footwear,50,90,4500,Outlet
Kohl'S,02-05-2021,West,California,Men'S Athletic Footwear,55,85,4675,Outlet
Kohl'S,03-05-2021,West,California,Women'S Street Footwear,50,73,3650,Outlet
Kohl'S,04-05-2021,West,California,Women'S Athletic Footwear,50,68,3400,Outlet
Kohl'S,05-05-2021,West,California,Men'S Apparel,60,68,4080,Outlet
Kohl'S,06-05-2021,West,California,Women'S Apparel,65,65,4225,Outlet
Kohl'S,07-05-2021,West,California,Men'S Street Footwear,50,85,4250,Outlet
Kohl'S,08-05-2021,West,California,Men'S Athletic Footwear,55,85,4675,Outlet
Kohl'S,09-05-2021,West,California,Women'S Street Footwear,50,70,3500,Outlet
Kohl'S,10-05-2021,West,California,Women'S Athletic Footwear,50,65,3250,Outlet
Kohl'S,11-05-2021,West,California,Men'S Apparel,60,65,3900,Outlet
Kohl'S,12-05-2021,West,California,Women'S Apparel,65,70,4550,Outlet
Kohl'S,13-05-2021,West,California,Men'S Street Footwear,50,80,4000,Outlet
Kohl'S,14-05-2021,West,California,Men'S Athletic Footwear,55,80,4400,Outlet
Kohl'S,15-05-2021,West,California,Women'S Street Footwear,50,65,3250,Outlet
Kohl'S,16-05-2021,West,California,Women'S Athletic Footwear,50,63,3150,Outlet
Kohl'S,17-05-2021,West,California,Men'S Apparel,60,60,3600,Outlet
Kohl'S,18-05-2021,West,California,Women'S Apparel,65,65,4225,Outlet
Kohl'S,19-05-2021,West,California,Men'S Street Footwear,50,83,4150,Outlet
Kohl'S,20-05-2021,West,California,Men'S Athletic Footwear,55,83,4565,Outlet
Kohl'S,21-05-2021,West,California,Women'S Street Footwear,50,68,3400,Outlet
Kohl'S,22-05-2021,West,California,Women'S Athletic Footwear,50,65,3250,Outlet
Kohl'S,23-05-2021,West,California,Men'S Apparel,60,60,3600,Outlet
Kohl'S,24-05-2021,West,California,Women'S Apparel,65,70,4550,Outlet
Kohl'S,25-05-2021,West,California,Men'S Street Footwear,50,90,4500,Outlet
Kohl'S,26-05-2021,West,California,Men'S Athletic Footwear,55,90,4950,Outlet
Kohl'S,27-05-2021,West,California,Women'S Street Footwear,50,70,3500,Outlet
Kohl'S,28-05-2021,West,California,Women'S Athletic Footwear,50,70,3500,Outlet
Kohl'S,29-05-2021,West,California,Men'S Apparel,60,63,3780,Outlet
Kohl'S,30-05-2021,West,California,Women'S Apparel,65,73,4745,Outlet
Foot Locker,31-05-2021,West,California,Men'S Street Footwear,45,48,2160,Outlet
Foot Locker,01-06-2021,West,California,Men'S Athletic Footwear,45,28,1260,Outlet
Foot Locker,02-06-2021,West,California,Women'S Street Footwear,35,28,980,Outlet
Foot Locker,03-06-2021,West,California,Women'S Athletic Footwear,40,13,520,Outlet
Foot Locker,04-06-2021,Midwest,Illinois,Men'S Apparel,55,18,990,Outlet
Foot Locker,05-06-2021,Midwest,Illinois,Women'S Apparel,45,28,1260,Outlet
Foot Locker,06-06-2021,Midwest,Illinois,Men'S Street Footwear,45,53,2385,Outlet
Foot Locker,07-06-2021,Midwest,Illinois,Men'S Athletic Footwear,45,18,810,Outlet
Foot Locker,08-06-2021,Midwest,Illinois,Women'S Street Footwear,35,23,805,Outlet
Foot Locker,09-06-2021,Midwest,Illinois,Women'S Athletic Footwear,40,10,400,Outlet
Foot Locker,10-06-2021,Midwest,Illinois,Men'S Apparel,55,18,990,Outlet
Foot Locker,11-06-2021,Midwest,Illinois,Women'S Apparel,45,28,1260,Outlet
Foot Locker,12-06-2021,Midwest,Illinois,Men'S Street Footwear,50,50,2500,Outlet
Foot Locker,13-06-2021,Midwest,Illinois,Men'S Athletic Footwear,50,20,1000,Outlet
Foot Locker,14-06-2021,Midwest,Illinois,Women'S Street Footwear,40,23,920,Outlet
Foot Locker,15-06-2021,Midwest,Illinois,Women'S Athletic Footwear,45,8,360,Outlet
Foot Locker,16-06-2021,Midwest,Illinois,Men'S Apparel,60,13,780,Outlet
Foot Locker,17-06-2021,Midwest,Illinois,Women'S Apparel,50,23,1150,Outlet
Foot Locker,18-06-2021,Midwest,Illinois,Men'S Street Footwear,50,45,2250,Outlet
Foot Locker,19-06-2021,Midwest,Illinois,Men'S Athletic Footwear,50,15,750,Outlet
Foot Locker,20-06-2021,Midwest,Illinois,Women'S Street Footwear,40,15,600,Outlet
Foot Locker,21-06-2021,Midwest,Illinois,Women'S Athletic Footwear,45,8,360,Outlet
Foot Locker,22-06-2021,Midwest,Illinois,Men'S Apparel,60,10,600,Outlet
Foot Locker,23-06-2021,Midwest,Illinois,Women'S Apparel,50,23,1150,Outlet
Foot Locker,24-06-2021,Midwest,Illinois,Men'S Street Footwear,60,50,3000,Outlet
Foot Locker,25-06-2021,Midwest,Illinois,Men'S Athletic Footwear,55,20,1100,Outlet
Foot Locker,26-06-2021,Midwest,Illinois,Women'S Street Footwear,50,18,900,Outlet
Foot Locker,27-06-2021,Midwest,Illinois,Women'S Athletic Footwear,50,10,500,Outlet
Foot Locker,28-06-2021,Midwest,Illinois,Men'S Apparel,60,13,780,Outlet
Foot Locker,29-06-2021,Midwest,Illinois,Women'S Apparel,65,25,1625,Outlet
Foot Locker,30-06-2021,Midwest,Illinois,Men'S Street Footwear,50,50,2500,Outlet
Foot Locker,01-07-2021,Midwest,Illinois,Men'S Athletic Footwear,45,25,1125,Outlet
Foot Locker,02-07-2021,Midwest,Illinois,Women'S Street Footwear,40,20,800,Outlet
Foot Locker,03-07-2021,Midwest,Illinois,Women'S Athletic Footwear,40,18,720,Outlet
Foot Locker,04-07-2021,Midwest,Illinois,Men'S Apparel,50,18,900,Outlet
Foot Locker,05-07-2021,Midwest,Illinois,Women'S Apparel,55,35,1925,Outlet
Foot Locker,06-07-2021,Midwest,Illinois,Men'S Street Footwear,50,58,2900,Outlet
Foot Locker,07-07-2021,Midwest,Illinois,Men'S Athletic Footwear,45,33,1485,Outlet
Foot Locker,08-07-2021,Midwest,Illinois,Women'S Street Footwear,40,25,1000,Outlet
Foot Locker,09-07-2021,Midwest,Illinois,Women'S Athletic Footwear,40,20,800,Outlet
Foot Locker,10-07-2021,Midwest,Illinois,Men'S Apparel,50,23,1150,Outlet
Foot Locker,11-07-2021,Midwest,Illinois,Women'S Apparel,55,40,2200,Outlet
Foot Locker,12-07-2021,Midwest,Illinois,Men'S Street Footwear,50,55,2750,Outlet
Foot Locker,13-07-2021,Midwest,Illinois,Men'S Athletic Footwear,45,33,1485,Outlet
Foot Locker,14-07-2021,Midwest,Illinois,Women'S Street Footwear,40,25,1000,Outlet
Foot Locker,15-07-2021,Midwest,Illinois,Women'S Athletic Footwear,40,23,920,Outlet
Foot Locker,16-07-2021,Midwest,Illinois,Men'S Apparel,50,20,1000,Outlet
Foot Locker,17-07-2021,Midwest,Illinois,Women'S Apparel,55,38,2090,Outlet
Foot Locker,18-07-2021,Midwest,Illinois,Men'S Street Footwear,50,50,2500,Outlet
Foot Locker,19-07-2021,Midwest,Illinois,Men'S Athletic Footwear,45,30,1350,Outlet
Foot Locker,20-07-2021,Midwest,Illinois,Women'S Street Footwear,40,20,800,Outlet
Foot Locker,21-07-2021,Midwest,Illinois,Women'S Athletic Footwear,40,18,720,Outlet
Foot Locker,22-07-2021,Midwest,Illinois,Men'S Apparel,50,18,900,Outlet
Foot Locker,23-07-2021,Midwest,Illinois,Women'S Apparel,55,25,1375,Outlet
Foot Locker,24-07-2021,Midwest,Illinois,Men'S Street Footwear,60,43,2580,Outlet
Foot Locker,25-07-2021,Midwest,Illinois,Men'S Athletic Footwear,50,25,1250,Outlet
Foot Locker,26-07-2021,Midwest,Illinois,Women'S Street Footwear,50,15,750,Outlet
Foot Locker,27-07-2021,Midwest,Illinois,Women'S Athletic Footwear,50,13,650,Outlet
Foot Locker,28-07-2021,Midwest,Illinois,Men'S Apparel,60,13,780,Outlet
Foot Locker,29-07-2021,Midwest,Illinois,Women'S Apparel,65,25,1625,Outlet
Foot Locker,30-07-2021,Midwest,Illinois,Men'S Street Footwear,60,40,2400,Outlet
Foot Locker,31-07-2021,Midwest,Illinois,Men'S Athletic Footwear,50,25,1250,Outlet
Foot Locker,01-08-2021,Midwest,Illinois,Women'S Street Footwear,50,20,1000,Outlet
Foot Locker,02-08-2021,Midwest,Illinois,Women'S Athletic Footwear,50,18,900,Outlet
Foot Locker,03-08-2021,Midwest,Illinois,Men'S Apparel,60,15,900,Outlet
Foot Locker,04-08-2021,Midwest,Illinois,Women'S Apparel,65,25,1625,Outlet
Foot Locker,05-08-2021,Midwest,Illinois,Men'S Street Footwear,60,50,3000,Outlet
Foot Locker,06-08-2021,Midwest,Illinois,Men'S Athletic Footwear,50,30,1500,Outlet
Foot Locker,07-08-2021,Midwest,Illinois,Women'S Street Footwear,50,25,1250,Outlet
Foot Locker,08-08-2021,Midwest,Illinois,Women'S Athletic Footwear,50,20,1000,Outlet
Foot Locker,09-08-2021,Midwest,Illinois,Men'S Apparel,60,20,1200,Outlet
Foot Locker,10-08-2021,Midwest,Illinois,Women'S Apparel,65,30,1950,Outlet
Sports Direct,11-08-2021,Midwest,Illinois,Men'S Street Footwear,20,73,1460,Outlet
Sports Direct,12-08-2021,Midwest,Illinois,Men'S Athletic Footwear,30,73,2190,Outlet
Sports Direct,13-08-2021,Midwest,Illinois,Women'S Street Footwear,30,53,1590,Outlet
Sports Direct,14-08-2021,Midwest,Illinois,Women'S Athletic Footwear,35,53,1855,Outlet
Sports Direct,15-08-2021,South,Texas,Men'S Apparel,40,38,1520,Outlet
Sports Direct,16-08-2021,South,Texas,Women'S Apparel,35,53,1855,Outlet
Sports Direct,17-08-2021,South,Texas,Men'S Street Footwear,25,68,1700,Outlet
Sports Direct,18-08-2021,South,Texas,Men'S Athletic Footwear,35,65,2275,Outlet
Sports Direct,19-08-2021,South,Texas,Women'S Street Footwear,35,48,1680,Outlet
Sports Direct,20-08-2021,South,Texas,Women'S Athletic Footwear,35,43,1505,Outlet
Sports Direct,21-08-2021,South,Texas,Men'S Apparel,40,30,1200,Outlet
Sports Direct,22-08-2021,South,Texas,Women'S Apparel,35,50,1750,Outlet
Sports Direct,23-08-2021,South,Texas,Men'S Street Footwear,30,68,2040,Outlet
Sports Direct,24-08-2021,South,Texas,Men'S Athletic Footwear,40,68,2720,Outlet
Sports Direct,25-08-2021,South,Texas,Women'S Street Footwear,30,50,1500,Outlet
Sports Direct,26-08-2021,South,Texas,Women'S Athletic Footwear,35,40,1400,Outlet
Sports Direct,27-08-2021,South,Texas,Men'S Apparel,40,30,1200,Outlet
Sports Direct,28-08-2021,South,Texas,Women'S Apparel,35,45,1575,Outlet
Sports Direct,29-08-2021,South,Texas,Men'S Street Footwear,20,70,1400,Outlet
Sports Direct,30-08-2021,South,Texas,Men'S Athletic Footwear,30,70,2100,Outlet
Sports Direct,31-08-2021,South,Texas,Women'S Street Footwear,25,53,1325,Outlet
Sports Direct,01-09-2021,South,Texas,Women'S Athletic Footwear,30,43,1290,Outlet
Sports Direct,02-09-2021,South,Texas,Men'S Apparel,35,33,1155,Outlet
Sports Direct,03-09-2021,South,Texas,Women'S Apparel,30,60,1800,Outlet
Sports Direct,04-09-2021,South,Texas,Men'S Street Footwear,20,75,1500,Outlet
Sports Direct,05-09-2021,South,Texas,Men'S Athletic Footwear,30,78,2340,Outlet
Sports Direct,06-09-2021,South,Texas,Women'S Street Footwear,25,63,1575,Outlet
Sports Direct,07-09-2021,South,Texas,Women'S Athletic Footwear,35,55,1925,Outlet
Sports Direct,08-09-2021,South,Texas,Men'S Apparel,50,45,2250,Outlet
Sports Direct,09-09-2021,South,Texas,Women'S Apparel,45,80,3600,Outlet
Sports Direct,10-09-2021,South,Texas,Men'S Street Footwear,45,80,3600,Outlet
Sports Direct,11-09-2021,South,Texas,Men'S Athletic Footwear,50,80,4000,Outlet
Sports Direct,12-09-2021,South,Texas,Women'S Street Footwear,45,65,2925,Outlet
Sports Direct,13-09-2021,South,Texas,Women'S Athletic Footwear,45,60,2700,Outlet
Sports Direct,14-09-2021,South,Texas,Men'S Apparel,50,50,2500,Outlet
Sports Direct,15-09-2021,South,Texas,Women'S Apparel,55,88,4840,Outlet
Sports Direct,16-09-2021,South,Texas,Men'S Street Footwear,45,83,3735,Outlet
Sports Direct,17-09-2021,South,Texas,Men'S Athletic Footwear,50,83,4150,Outlet
Sports Direct,18-09-2021,South,Texas,Women'S Street Footwear,45,98,4410,Outlet
Sports Direct,19-09-2021,South,Texas,Women'S Athletic Footwear,45,58,2610,Outlet
Sports Direct,20-09-2021,South,Texas,Men'S Apparel,50,58,2900,Outlet
Sports Direct,21-09-2021,South,Texas,Women'S Apparel,60,85,5100,Outlet
Sports Direct,22-09-2021,South,Texas,Men'S Street Footwear,50,80,4000,Outlet
Sports Direct,23-09-2021,South,Texas,Men'S Athletic Footwear,55,80,4400,Outlet
Sports Direct,24-09-2021,South,Texas,Women'S Street Footwear,50,98,4900,Outlet
Sports Direct,25-09-2021,South,Texas,Women'S Athletic Footwear,50,53,2650,Outlet
Sports Direct,26-09-2021,South,Texas,Men'S Apparel,55,53,2915,Outlet
Sports Direct,27-09-2021,South,Texas,Women'S Apparel,60,78,4680,Outlet
Sports Direct,28-09-2021,South,Texas,Men'S Street Footwear,55,73,4015,Outlet
Sports Direct,29-09-2021,South,Texas,Men'S Athletic Footwear,55,68,3740,Outlet
Sports Direct,30-09-2021,South,Texas,Women'S Street Footwear,60,73,4380,Outlet
Sports Direct,01-10-2021,South,Texas,Women'S Athletic Footwear,60,45,2700,Outlet
Sports Direct,02-10-2021,South,Texas,Men'S Apparel,55,45,2475,Outlet
Sports Direct,03-10-2021,South,Texas,Women'S Apparel,50,68,3400,Outlet
Sports Direct,04-10-2021,South,Texas,Men'S Street Footwear,40,63,2520,Outlet
Sports Direct,05-10-2021,South,Texas,Men'S Athletic Footwear,40,63,2520,Outlet
Sports Direct,06-10-2021,South,Texas,Women'S Street Footwear,45,58,2610,Outlet
Sports Direct,07-10-2021,South,Texas,Women'S Athletic Footwear,45,43,1935,Outlet
Sports Direct,08-10-2021,South,Texas,Men'S Apparel,40,40,1600,Outlet
Sports Direct,09-10-2021,South,Texas,Women'S Apparel,50,58,2900,Outlet
Sports Direct,10-10-2021,South,Texas,Men'S Street Footwear,40,73,2920,Outlet
Sports Direct,11-10-2021,South,Texas,Men'S Athletic Footwear,40,73,2920,Outlet
Sports Direct,12-10-2021,South,Texas,Women'S Street Footwear,65,65,4225,Outlet
Sports Direct,13-10-2021,South,Texas,Women'S Athletic Footwear,65,50,3250,Outlet
Sports Direct,14-10-2021,South,Texas,Men'S Apparel,60,48,2880,Outlet
Sports Direct,15-10-2021,South,Texas,Women'S Apparel,70,68,4760,Outlet
Sports Direct,16-10-2021,South,Texas,Men'S Street Footwear,60,83,4980,Outlet
Sports Direct,17-10-2021,South,Texas,Men'S Athletic Footwear,60,83,4980,Outlet
Sports Direct,18-10-2021,South,Texas,Women'S Street Footwear,65,73,4745,Outlet
Sports Direct,19-10-2021,South,Texas,Women'S Athletic Footwear,65,58,3770,Outlet
Sports Direct,20-10-2021,South,Texas,Men'S Apparel,60,53,3180,Outlet
Sports Direct,21-10-2021,South,Texas,Women'S Apparel,70,78,5460,Outlet
Foot Locker,22-10-2021,South,Texas,Men'S Street Footwear,45,43,1935,Outlet
Foot Locker,23-10-2021,South,Texas,Men'S Athletic Footwear,45,23,1035,Outlet
Foot Locker,24-10-2021,South,Texas,Women'S Street Footwear,35,23,805,Outlet
Foot Locker,25-10-2021,South,Texas,Women'S Athletic Footwear,40,8,320,Outlet
Foot Locker,26-10-2021,Northeast,Pennsylvania,Men'S Apparel,55,13,715,Outlet
Foot Locker,27-10-2021,Northeast,Pennsylvania,Women'S Apparel,45,23,1035,Outlet
Foot Locker,28-10-2021,Northeast,Pennsylvania,Men'S Street Footwear,45,48,2160,Outlet
Foot Locker,29-10-2021,Northeast,Pennsylvania,Men'S Athletic Footwear,45,13,585,Outlet
Foot Locker,30-10-2021,Northeast,Pennsylvania,Women'S Street Footwear,35,18,630,Outlet
Foot Locker,31-10-2021,Northeast,Pennsylvania,Women'S Athletic Footwear,40,5,200,Outlet
Foot Locker,01-11-2021,Northeast,Pennsylvania,Men'S Apparel,55,13,715,Outlet
Foot Locker,02-11-2021,Northeast,Pennsylvania,Women'S Apparel,45,23,1035,Outlet
Foot Locker,03-11-2021,Northeast,Pennsylvania,Men'S Street Footwear,50,45,2250,Outlet
Foot Locker,04-11-2021,Northeast,Pennsylvania,Men'S Athletic Footwear,50,15,750,Outlet
Foot Locker,05-11-2021,Northeast,Pennsylvania,Women'S Street Footwear,40,18,720,Outlet
Foot Locker,06-11-2021,Northeast,Pennsylvania,Women'S Athletic Footwear,45,3,135,Outlet
Foot Locker,07-11-2021,Northeast,Pennsylvania,Men'S Apparel,60,8,480,Outlet
Foot Locker,08-11-2021,Northeast,Pennsylvania,Women'S Apparel,50,18,900,Outlet
Foot Locker,09-11-2021,Northeast,Pennsylvania,Men'S Street Footwear,50,45,2250,Outlet
Foot Locker,10-11-2021,Northeast,Pennsylvania,Men'S Athletic Footwear,50,15,750,Outlet
Foot Locker,11-11-2021,Northeast,Pennsylvania,Women'S Street Footwear,40,15,600,Outlet
Foot Locker,12-11-2021,Northeast,Pennsylvania,Women'S Athletic Footwear,45,8,360,Outlet
Foot Locker,13-11-2021,Northeast,Pennsylvania,Men'S Apparel,60,8,480,Outlet
Foot Locker,14-11-2021,Northeast,Pennsylvania,Women'S Apparel,50,20,1000,Outlet
Foot Locker,15-11-2021,Northeast,Pennsylvania,Men'S Street Footwear,60,47,2820,Outlet
Foot Locker,16-11-2021,Northeast,Pennsylvania,Men'S Athletic Footwear,60,18,1080,Outlet
Foot Locker,17-11-2021,Northeast,Pennsylvania,Women'S Street Footwear,55,15,825,Outlet
Foot Locker,18-11-2021,Northeast,Pennsylvania,Women'S Athletic Footwear,55,10,550,Outlet
Foot Locker,19-11-2021,Northeast,Pennsylvania,Men'S Apparel,65,13,845,Outlet
Foot Locker,20-11-2021,Northeast,Pennsylvania,Women'S Apparel,70,25,1750,Outlet
Foot Locker,21-11-2021,Northeast,Pennsylvania,Men'S Street Footwear,65,50,3250,Outlet
Foot Locker,22-11-2021,Northeast,Pennsylvania,Men'S Athletic Footwear,60,25,1500,Outlet
Foot Locker,23-11-2021,Northeast,Pennsylvania,Women'S Street Footwear,55,18,990,Outlet
Foot Locker,24-11-2021,Northeast,Pennsylvania,Women'S Athletic Footwear,55,15,825,Outlet
Foot Locker,25-11-2021,Northeast,Pennsylvania,Men'S Apparel,65,15,975,Outlet
Foot Locker,26-11-2021,Northeast,Pennsylvania,Women'S Apparel,70,30,2100,Outlet
Foot Locker,27-11-2021,Northeast,Pennsylvania,Men'S Street Footwear,65,50,3250,Outlet
Foot Locker,28-11-2021,Northeast,Pennsylvania,Men'S Athletic Footwear,60,30,1800,Outlet
Foot Locker,29-11-2021,Northeast,Pennsylvania,Women'S Street Footwear,55,23,1265,Outlet
Foot Locker,30-11-2021,Northeast,Pennsylvania,Women'S Athletic Footwear,55,18,990,Outlet
Foot Locker,01-12-2021,Northeast,Pennsylvania,Men'S Apparel,65,20,1300,Outlet
Foot Locker,02-12-2021,Northeast,Pennsylvania,Women'S Apparel,70,38,2660,Outlet
Foot Locker,03-12-2021,Northeast,Pennsylvania,Men'S Street Footwear,65,53,3445,Outlet
Foot Locker,04-12-2021,Northeast,Pennsylvania,Men'S Athletic Footwear,60,30,1800,Outlet
Foot Locker,05-12-2021,Northeast,Pennsylvania,Women'S Street Footwear,55,23,1265,Outlet
Foot Locker,06-12-2021,Northeast,Pennsylvania,Women'S Athletic Footwear,55,20,1100,Outlet
Foot Locker,07-12-2021,Northeast,Pennsylvania,Men'S Apparel,65,18,1170,Outlet
Foot Locker,08-12-2021,Northeast,Pennsylvania,Women'S Apparel,70,35,2450,Outlet
Foot Locker,09-12-2021,Northeast,Pennsylvania,Men'S Street Footwear,65,48,3120,Outlet
Foot Locker,10-12-2021,Northeast,Pennsylvania,Men'S Athletic Footwear,50,28,1400,Outlet
Foot Locker,11-12-2021,Northeast,Pennsylvania,Women'S Street Footwear,45,20,900,Outlet
Foot Locker,12-12-2021,Northeast,Pennsylvania,Women'S Athletic Footwear,45,18,810,Outlet
Foot Locker,13-12-2021,Northeast,Pennsylvania,Men'S Apparel,55,13,715,Outlet
Foot Locker,14-12-2021,Northeast,Pennsylvania,Women'S Apparel,60,23,1380,Outlet
Foot Locker,15-12-2021,Northeast,Pennsylvania,Men'S Street Footwear,60,40,2400,Outlet
Foot Locker,16-12-2021,Northeast,Pennsylvania,Men'S Athletic Footwear,50,23,1150,Outlet
Foot Locker,17-12-2021,Northeast,Pennsylvania,Women'S Street Footwear,50,13,650,Outlet
Foot Locker,18-12-2021,Northeast,Pennsylvania,Women'S Athletic Footwear,50,10,500,Outlet
Foot Locker,19-12-2021,Northeast,Pennsylvania,Men'S Apparel,60,10,600,Outlet
Foot Locker,20-12-2021,Northeast,Pennsylvania,Women'S Apparel,65,23,1495,Outlet
Foot Locker,21-12-2021,Northeast,Pennsylvania,Men'S Street Footwear,70,38,2660,Outlet
Foot Locker,22-12-2021,Northeast,Pennsylvania,Men'S Athletic Footwear,60,20,1200,Outlet
Foot Locker,23-12-2021,Northeast,Pennsylvania,Women'S Street Footwear,60,20,1200,Outlet
Foot Locker,24-12-2021,Northeast,Pennsylvania,Women'S Athletic Footwear,60,18,1080,Outlet
Foot Locker,25-12-2021,Northeast,Pennsylvania,Men'S Apparel,70,15,1050,Outlet
Foot Locker,26-12-2021,Northeast,Pennsylvania,Women'S Apparel,75,25,1875,Outlet
Foot Locker,27-12-2021,Northeast,Pennsylvania,Men'S Street Footwear,70,48,3360,Outlet
Foot Locker,28-12-2021,Northeast,Pennsylvania,Men'S Athletic Footwear,60,28,1680,Outlet
Foot Locker,29-12-2021,Northeast,Pennsylvania,Women'S Street Footwear,60,23,1380,Outlet
Foot Locker,30-12-2021,Northeast,Pennsylvania,Women'S Athletic Footwear,60,18,1080,Outlet
Foot Locker,31-12-2021,Northeast,Pennsylvania,Men'S Apparel,70,18,1260,Outlet
Foot Locker,01-01-2020,Northeast,Pennsylvania,Women'S Apparel,75,28,2100,Outlet
West Gear,02-01-2020,Northeast,Pennsylvania,Men'S Street Footwear,35,45,1575,Outlet
West Gear,03-01-2020,Northeast,Pennsylvania,Men'S Athletic Footwear,45,45,2025,Outlet
West Gear,04-01-2020,Northeast,Pennsylvania,Women'S Street Footwear,45,45,2025,Outlet
West Gear,05-01-2020,Northeast,Pennsylvania,Women'S Athletic Footwear,45,30,1350,Outlet
West Gear,06-01-2020,West,Nevada,Men'S Apparel,50,25,1250,Outlet
West Gear,07-01-2020,West,Nevada,Women'S Apparel,45,48,2160,Outlet
West Gear,08-01-2020,West,Nevada,Men'S Street Footwear,35,53,1855,Outlet
West Gear,09-01-2020,West,Nevada,Men'S Athletic Footwear,45,43,1935,Outlet
West Gear,10-01-2020,West,Nevada,Women'S Street Footwear,45,43,1935,Outlet
West Gear,11-01-2020,West,Nevada,Women'S Athletic Footwear,45,28,1260,Outlet
West Gear,12-01-2020,West,Nevada,Men'S Apparel,50,20,1000,Outlet
West Gear,13-01-2020,West,Nevada,Women'S Apparel,45,40,1800,Outlet
West Gear,14-01-2020,West,Nevada,Men'S Street Footwear,45,55,2475,Outlet
West Gear,15-01-2020,West,Nevada,Men'S Athletic Footwear,55,40,2200,Outlet
West Gear,16-01-2020,West,Nevada,Women'S Street Footwear,55,40,2200,Outlet
West Gear,17-01-2020,West,Nevada,Women'S Athletic Footwear,55,30,1650,Outlet
West Gear,18-01-2020,West,Nevada,Men'S Apparel,60,18,1080,Outlet
West Gear,19-01-2020,West,Nevada,Women'S Apparel,55,38,2090,Outlet
West Gear,20-01-2020,West,Nevada,Men'S Street Footwear,60,55,3300,Outlet
West Gear,21-01-2020,West,Nevada,Men'S Athletic Footwear,65,35,2275,Outlet
West Gear,22-01-2020,West,Nevada,Women'S Street Footwear,65,40,2600,Outlet
West Gear,23-01-2020,West,Nevada,Women'S Athletic Footwear,60,30,1800,Outlet
West Gear,24-01-2020,West,Nevada,Men'S Apparel,65,20,1300,Outlet
West Gear,25-01-2020,West,Nevada,Women'S Apparel,80,35,2800,Outlet
West Gear,26-01-2020,West,Nevada,Men'S Street Footwear,60,55,3300,Outlet
West Gear,27-01-2020,West,Nevada,Men'S Athletic Footwear,65,40,2600,Outlet
West Gear,28-01-2020,West,Nevada,Women'S Street Footwear,65,40,2600,Outlet
West Gear,29-01-2020,West,Nevada,Women'S Athletic Footwear,60,30,1800,Outlet
West Gear,30-01-2020,West,Nevada,Men'S Apparel,65,20,1300,Outlet
West Gear,31-01-2020,West,Nevada,Women'S Apparel,80,45,3600,Outlet
West Gear,01-02-2020,West,Nevada,Men'S Street Footwear,60,70,4200,Outlet
West Gear,02-02-2020,West,Nevada,Men'S Athletic Footwear,65,55,3575,Outlet
West Gear,03-02-2020,West,Nevada,Women'S Street Footwear,65,55,3575,Outlet
West Gear,04-02-2020,West,Nevada,Women'S Athletic Footwear,60,43,2580,Outlet
West Gear,05-02-2020,West,Nevada,Men'S Apparel,65,30,1950,Outlet
West Gear,06-02-2020,West,Nevada,Women'S Apparel,80,60,4800,Outlet
West Gear,07-02-2020,West,Nevada,Men'S Street Footwear,60,75,4500,Outlet
West Gear,08-02-2020,West,Nevada,Men'S Athletic Footwear,65,60,3900,Outlet
West Gear,09-02-2020,West,Nevada,Women'S Street Footwear,65,55,3575,In-Store
West Gear,10-02-2020,West,Nevada,Women'S Athletic Footwear,60,45,2700,In-Store
West Gear,11-02-2020,West,Nevada,Men'S Apparel,65,50,3250,In-Store
West Gear,12-02-2020,West,Nevada,Women'S Apparel,80,50,4000,In-Store
West Gear,13-02-2020,West,Nevada,Men'S Street Footwear,65,70,4550,In-Store
West Gear,14-02-2020,West,Nevada,Men'S Athletic Footwear,70,65,4550,In-Store
West Gear,15-02-2020,West,Nevada,Women'S Street Footwear,65,53,3445,In-Store
West Gear,16-02-2020,West,Nevada,Women'S Athletic Footwear,65,48,3120,In-Store
West Gear,17-02-2020,West,Nevada,Men'S Apparel,75,48,3600,In-Store
West Gear,18-02-2020,West,Nevada,Women'S Apparel,80,40,3200,In-Store
West Gear,19-02-2020,West,Nevada,Men'S Street Footwear,60,60,3600,In-Store
West Gear,20-02-2020,West,Nevada,Men'S Athletic Footwear,65,60,3900,In-Store
West Gear,21-02-2020,West,Nevada,Women'S Street Footwear,60,45,2700,In-Store
West Gear,22-02-2020,West,Nevada,Women'S Athletic Footwear,60,40,2400,In-Store
West Gear,23-02-2020,West,Nevada,Men'S Apparel,70,40,2800,In-Store
West Gear,24-02-2020,West,Nevada,Women'S Apparel,75,45,3375,In-Store
West Gear,25-02-2020,West,Nevada,Men'S Street Footwear,60,55,3300,In-Store
West Gear,26-02-2020,West,Nevada,Men'S Athletic Footwear,65,55,3575,In-Store
West Gear,27-02-2020,West,Nevada,Women'S Street Footwear,60,38,2280,In-Store
West Gear,28-02-2020,West,Nevada,Women'S Athletic Footwear,60,35,2100,In-Store
West Gear,01-03-2020,West,Nevada,Men'S Apparel,70,33,2310,In-Store
West Gear,02-03-2020,West,Nevada,Women'S Apparel,75,38,2850,In-Store
West Gear,03-03-2020,West,Nevada,Men'S Street Footwear,60,58,3480,In-Store
West Gear,04-03-2020,West,Nevada,Men'S Athletic Footwear,65,58,3770,In-Store
West Gear,05-03-2020,West,Nevada,Women'S Street Footwear,60,43,2580,In-Store
West Gear,06-03-2020,West,Nevada,Women'S Athletic Footwear,60,40,2400,In-Store
West Gear,07-03-2020,West,Nevada,Men'S Apparel,70,35,2450,In-Store
West Gear,08-03-2020,West,Nevada,Women'S Apparel,75,48,3600,In-Store
West Gear,09-03-2020,West,Nevada,Men'S Street Footwear,60,68,4080,In-Store
West Gear,10-03-2020,West,Nevada,Men'S Athletic Footwear,65,68,4420,In-Store
West Gear,11-03-2020,West,Nevada,Women'S Street Footwear,60,48,2880,In-Store
West Gear,12-03-2020,West,Nevada,Women'S Athletic Footwear,60,48,2880,In-Store
West Gear,13-03-2020,West,Nevada,Men'S Apparel,70,40,2800,In-Store
West Gear,14-03-2020,West,Nevada,Women'S Apparel,75,50,3750,In-Store
West Gear,15-03-2020,West,Nevada,Men'S Street Footwear,30,43,1290,In-Store
West Gear,16-03-2020,West,Nevada,Men'S Athletic Footwear,40,43,1720,In-Store
West Gear,17-03-2020,West,Nevada,Women'S Street Footwear,40,43,1720,In-Store
West Gear,18-03-2020,West,Nevada,Women'S Athletic Footwear,40,28,1120,In-Store
West Gear,19-03-2020,West,Colorado,Men'S Apparel,45,23,1035,In-Store
West Gear,20-03-2020,West,Colorado,Women'S Apparel,40,48,1920,In-Store
West Gear,21-03-2020,West,Colorado,Men'S Street Footwear,30,53,1590,In-Store
West Gear,22-03-2020,West,Colorado,Men'S Athletic Footwear,40,43,1720,In-Store
West Gear,23-03-2020,West,Colorado,Women'S Street Footwear,40,43,1720,In-Store
West Gear,24-03-2020,West,Colorado,Women'S Athletic Footwear,40,28,1120,In-Store
West Gear,25-03-2020,West,Colorado,Men'S Apparel,45,20,900,In-Store
West Gear,26-03-2020,West,Colorado,Women'S Apparel,40,40,1600,In-Store
West Gear,27-03-2020,West,Colorado,Men'S Street Footwear,40,55,2200,In-Store
West Gear,28-03-2020,West,Colorado,Men'S Athletic Footwear,50,40,2000,In-Store
West Gear,29-03-2020,West,Colorado,Women'S Street Footwear,55,40,2200,In-Store
West Gear,30-03-2020,West,Colorado,Women'S Athletic Footwear,55,30,1650,In-Store
West Gear,31-03-2020,West,Colorado,Men'S Apparel,60,15,900,In-Store
West Gear,01-04-2020,West,Colorado,Women'S Apparel,55,35,1925,In-Store
West Gear,02-04-2020,West,Colorado,Men'S Street Footwear,60,53,3180,In-Store
West Gear,03-04-2020,West,Colorado,Men'S Athletic Footwear,65,33,2145,In-Store
West Gear,04-04-2020,West,Colorado,Women'S Street Footwear,65,38,2470,In-Store
West Gear,05-04-2020,West,Colorado,Women'S Athletic Footwear,60,28,1680,In-Store
West Gear,06-04-2020,West,Colorado,Men'S Apparel,65,18,1170,In-Store
West Gear,07-04-2020,West,Colorado,Women'S Apparel,80,33,2640,In-Store
West Gear,08-04-2020,West,Colorado,Men'S Street Footwear,60,53,3180,In-Store
West Gear,09-04-2020,West,Colorado,Men'S Athletic Footwear,65,38,2470,In-Store
West Gear,10-04-2020,West,Colorado,Women'S Street Footwear,65,38,2470,In-Store
West Gear,11-04-2020,West,Colorado,Women'S Athletic Footwear,60,28,1680,In-Store
West Gear,12-04-2020,West,Colorado,Men'S Apparel,65,18,1170,In-Store
West Gear,13-04-2020,West,Colorado,Women'S Apparel,80,48,3840,In-Store
West Gear,14-04-2020,West,Colorado,Men'S Street Footwear,60,73,4380,In-Store
West Gear,15-04-2020,West,Colorado,Men'S Athletic Footwear,65,58,3770,In-Store
West Gear,16-04-2020,West,Colorado,Women'S Street Footwear,65,58,3770,In-Store
West Gear,17-04-2020,West,Colorado,Women'S Athletic Footwear,65,45,2925,In-Store
West Gear,18-04-2020,West,Colorado,Men'S Apparel,70,33,2310,In-Store
West Gear,19-04-2020,West,Colorado,Women'S Apparel,85,63,5355,In-Store
West Gear,20-04-2020,West,Colorado,Men'S Street Footwear,65,78,5070,In-Store
West Gear,21-04-2020,West,Colorado,Men'S Athletic Footwear,70,63,4410,In-Store
West Gear,22-04-2020,West,Colorado,Women'S Street Footwear,70,58,4060,In-Store
West Gear,23-04-2020,West,Colorado,Women'S Athletic Footwear,65,48,3120,In-Store
West Gear,24-04-2020,West,Colorado,Men'S Apparel,70,53,3710,In-Store
West Gear,25-04-2020,West,Colorado,Women'S Apparel,85,53,4505,In-Store
West Gear,26-04-2020,West,Colorado,Men'S Street Footwear,70,73,5110,In-Store
West Gear,27-04-2020,West,Colorado,Men'S Athletic Footwear,75,68,5100,In-Store
West Gear,28-04-2020,West,Colorado,Women'S Street Footwear,70,55,3850,In-Store
West Gear,29-04-2020,West,Colorado,Women'S Athletic Footwear,70,50,3500,In-Store
West Gear,30-04-2020,West,Colorado,Men'S Apparel,75,50,3750,In-Store
West Gear,01-05-2020,West,Colorado,Women'S Apparel,80,40,3200,In-Store
West Gear,02-05-2020,West,Colorado,Men'S Street Footwear,65,60,3900,In-Store
West Gear,03-05-2020,West,Colorado,Men'S Athletic Footwear,70,60,4200,In-Store
West Gear,04-05-2020,West,Colorado,Women'S Street Footwear,65,45,2925,In-Store
West Gear,05-05-2020,West,Colorado,Women'S Athletic Footwear,65,40,2600,In-Store
West Gear,06-05-2020,West,Colorado,Men'S Apparel,75,40,3000,In-Store
West Gear,07-05-2020,West,Colorado,Women'S Apparel,70,43,3010,In-Store
West Gear,08-05-2020,West,Colorado,Men'S Street Footwear,55,53,2915,In-Store
West Gear,09-05-2020,West,Colorado,Men'S Athletic Footwear,60,53,3180,In-Store
West Gear,10-05-2020,West,Colorado,Women'S Street Footwear,55,35,1925,In-Store
West Gear,11-05-2020,West,Colorado,Women'S Athletic Footwear,55,33,1815,In-Store
West Gear,12-05-2020,West,Colorado,Men'S Apparel,65,30,1950,In-Store
West Gear,13-05-2020,West,Colorado,Women'S Apparel,70,35,2450,In-Store
West Gear,14-05-2020,West,Colorado,Men'S Street Footwear,55,58,3190,In-Store
West Gear,15-05-2020,West,Colorado,Men'S Athletic Footwear,60,58,3480,In-Store
West Gear,16-05-2020,West,Colorado,Women'S Street Footwear,55,43,2365,In-Store
West Gear,17-05-2020,West,Colorado,Women'S Athletic Footwear,65,40,2600,In-Store
West Gear,18-05-2020,West,Colorado,Men'S Apparel,75,38,2850,In-Store
West Gear,19-05-2020,West,Colorado,Women'S Apparel,80,50,4000,In-Store
West Gear,20-05-2020,West,Colorado,Men'S Street Footwear,65,70,4550,In-Store
West Gear,21-05-2020,West,Colorado,Men'S Athletic Footwear,70,70,4900,In-Store
West Gear,22-05-2020,West,Colorado,Women'S Street Footwear,65,50,3250,In-Store
West Gear,23-05-2020,West,Colorado,Women'S Athletic Footwear,65,50,3250,In-Store
West Gear,24-05-2020,West,Colorado,Men'S Apparel,75,43,3225,In-Store
West Gear,25-05-2020,West,Colorado,Women'S Apparel,80,53,4240,In-Store
West Gear,26-05-2020,West,Colorado,Men'S Street Footwear,40,45,1800,In-Store
West Gear,27-05-2020,West,Colorado,Men'S Athletic Footwear,50,45,2250,In-Store
West Gear,28-05-2020,West,Colorado,Women'S Street Footwear,50,45,2250,In-Store
West Gear,29-05-2020,West,Colorado,Women'S Athletic Footwear,50,30,1500,In-Store
West Gear,30-05-2020,West,Washington,Men'S Apparel,55,25,1375,In-Store
West Gear,31-05-2020,West,Washington,Women'S Apparel,50,50,2500,In-Store
West Gear,01-06-2020,West,Washington,Men'S Street Footwear,40,55,2200,In-Store
West Gear,02-06-2020,West,Washington,Men'S Athletic Footwear,50,45,2250,In-Store
West Gear,03-06-2020,West,Washington,Women'S Street Footwear,50,45,2250,In-Store
West Gear,04-06-2020,West,Washington,Women'S Athletic Footwear,50,30,1500,In-Store
West Gear,05-06-2020,West,Washington,Men'S Apparel,55,23,1265,In-Store
West Gear,06-06-2020,West,Washington,Women'S Apparel,50,43,2150,In-Store
West Gear,07-06-2020,West,Washington,Men'S Street Footwear,50,58,2900,In-Store
West Gear,08-06-2020,West,Washington,Men'S Athletic Footwear,60,43,2580,In-Store
West Gear,09-06-2020,West,Washington,Women'S Street Footwear,65,43,2795,In-Store
West Gear,10-06-2020,West,Washington,Women'S Athletic Footwear,65,33,2145,In-Store
West Gear,11-06-2020,West,Washington,Men'S Apparel,70,18,1260,In-Store
West Gear,12-06-2020,West,Washington,Women'S Apparel,65,38,2470,In-Store
West Gear,13-06-2020,West,Washington,Men'S Street Footwear,70,55,3850,In-Store
West Gear,14-06-2020,West,Washington,Men'S Athletic Footwear,75,35,2625,In-Store
West Gear,15-06-2020,West,Washington,Women'S Street Footwear,75,40,3000,In-Store
West Gear,16-06-2020,West,Washington,Women'S Athletic Footwear,60,30,1800,In-Store
West Gear,17-06-2020,West,Washington,Men'S Apparel,65,20,1300,In-Store
West Gear,18-06-2020,West,Washington,Women'S Apparel,80,35,2800,In-Store
West Gear,19-06-2020,West,Washington,Men'S Street Footwear,60,55,3300,In-Store
West Gear,20-06-2020,West,Washington,Men'S Athletic Footwear,65,40,2600,In-Store
West Gear,21-06-2020,West,Washington,Women'S Street Footwear,65,40,2600,In-Store
West Gear,22-06-2020,West,Washington,Women'S Athletic Footwear,60,30,1800,In-Store
West Gear,23-06-2020,West,Washington,Men'S Apparel,65,20,1300,In-Store
West Gear,24-06-2020,West,Washington,Women'S Apparel,80,50,4000,In-Store
West Gear,25-06-2020,West,Washington,Men'S Street Footwear,75,75,5625,In-Store
West Gear,26-06-2020,West,Washington,Men'S Athletic Footwear,80,63,5040,In-Store
West Gear,27-06-2020,West,Washington,Women'S Street Footwear,80,63,5040,In-Store
West Gear,28-06-2020,West,Washington,Women'S Athletic Footwear,80,50,4000,In-Store
West Gear,29-06-2020,West,Washington,Men'S Apparel,85,38,3230,In-Store
West Gear,30-06-2020,West,Washington,Women'S Apparel,100,68,6800,In-Store
West Gear,01-07-2020,West,Washington,Men'S Street Footwear,80,83,6640,In-Store
West Gear,02-07-2020,West,Washington,Men'S Athletic Footwear,85,68,5780,In-Store
West Gear,03-07-2020,West,Washington,Women'S Street Footwear,85,63,5355,In-Store
West Gear,04-07-2020,West,Washington,Women'S Athletic Footwear,80,53,4240,In-Store
West Gear,05-07-2020,West,Washington,Men'S Apparel,85,58,4930,In-Store
West Gear,06-07-2020,West,Washington,Women'S Apparel,100,58,5800,In-Store
West Gear,07-07-2020,West,Washington,Men'S Street Footwear,85,78,6630,In-Store
West Gear,08-07-2020,West,Washington,Men'S Athletic Footwear,80,75,6000,In-Store
West Gear,09-07-2020,West,Washington,Women'S Street Footwear,75,63,4725,In-Store
West Gear,10-07-2020,West,Washington,Women'S Athletic Footwear,75,58,4350,In-Store
West Gear,11-07-2020,West,Washington,Men'S Apparel,75,58,4350,In-Store
West Gear,12-07-2020,West,Washington,Women'S Apparel,80,40,3200,In-Store
West Gear,13-07-2020,West,Washington,Men'S Street Footwear,70,60,4200,In-Store
West Gear,14-07-2020,West,Washington,Men'S Athletic Footwear,75,60,4500,In-Store
West Gear,15-07-2020,West,Washington,Women'S Street Footwear,70,45,3150,In-Store
West Gear,16-07-2020,West,Washington,Women'S Athletic Footwear,70,40,2800,In-Store
West Gear,17-07-2020,West,Washington,Men'S Apparel,80,43,3440,In-Store
West Gear,18-07-2020,West,Washington,Women'S Apparel,65,45,2925,In-Store
West Gear,19-07-2020,West,Washington,Men'S Street Footwear,60,55,3300,In-Store
West Gear,20-07-2020,West,Washington,Men'S Athletic Footwear,65,55,3575,In-Store
West Gear,21-07-2020,West,Washington,Women'S Street Footwear,60,38,2280,In-Store
West Gear,22-07-2020,West,Washington,Women'S Athletic Footwear,60,35,2100,In-Store
West Gear,23-07-2020,West,Washington,Men'S Apparel,70,33,2310,In-Store
West Gear,24-07-2020,West,Washington,Women'S Apparel,75,38,2850,In-Store
West Gear,25-07-2020,West,Washington,Men'S Street Footwear,60,60,3600,In-Store
West Gear,26-07-2020,West,Washington,Men'S Athletic Footwear,65,63,4095,In-Store
West Gear,27-07-2020,West,Washington,Women'S Street Footwear,60,48,2880,In-Store
West Gear,28-07-2020,West,Washington,Women'S Athletic Footwear,70,45,3150,In-Store
West Gear,29-07-2020,West,Washington,Men'S Apparel,90,43,3870,In-Store
West Gear,30-07-2020,West,Washington,Women'S Apparel,95,55,5225,In-Store
West Gear,31-07-2020,West,Washington,Men'S Street Footwear,80,75,6000,In-Store
West Gear,01-08-2020,West,Washington,Men'S Athletic Footwear,85,75,6375,In-Store
West Gear,02-08-2020,West,Washington,Women'S Street Footwear,80,55,4400,In-Store
West Gear,03-08-2020,West,Washington,Women'S Athletic Footwear,80,55,4400,In-Store
West Gear,04-08-2020,West,Washington,Men'S Apparel,90,48,4320,In-Store
West Gear,05-08-2020,West,Washington,Women'S Apparel,95,58,5510,In-Store
Foot Locker,06-08-2020,West,Washington,Men'S Street Footwear,45,105,4725,In-Store
Foot Locker,07-08-2020,West,Washington,Men'S Athletic Footwear,45,85,3825,In-Store
Foot Locker,08-08-2020,West,Washington,Women'S Street Footwear,35,85,2975,In-Store
Foot Locker,09-08-2020,West,Washington,Women'S Athletic Footwear,40,70,2800,In-Store
Foot Locker,10-08-2020,Southeast,Florida,Men'S Apparel,55,75,4125,In-Store
Foot Locker,11-08-2020,Southeast,Florida,Women'S Apparel,45,85,3825,In-Store
Foot Locker,12-08-2020,Southeast,Florida,Men'S Street Footwear,45,110,4950,In-Store
Foot Locker,13-08-2020,Southeast,Florida,Men'S Athletic Footwear,45,75,3375,In-Store
Foot Locker,14-08-2020,Southeast,Florida,Women'S Street Footwear,35,80,2800,In-Store
West Gear,15-08-2020,Southeast,Florida,Women'S Athletic Footwear,40,68,2720,In-Store
Foot Locker,16-08-2020,Southeast,Florida,Men'S Apparel,55,75,4125,In-Store
Foot Locker,17-08-2020,Southeast,Florida,Women'S Apparel,45,85,3825,In-Store
Foot Locker,18-08-2020,Southeast,Florida,Men'S Street Footwear,45,107,4815,In-Store
Foot Locker,19-08-2020,Southeast,Florida,Men'S Athletic Footwear,45,75,3375,In-Store
Foot Locker,20-08-2020,Southeast,Florida,Women'S Street Footwear,35,78,2730,In-Store
Foot Locker,21-08-2020,Southeast,Florida,Women'S Athletic Footwear,40,63,2520,In-Store
Foot Locker,22-08-2020,Southeast,Florida,Men'S Apparel,55,68,3740,In-Store
Foot Locker,23-08-2020,Southeast,Florida,Women'S Apparel,45,78,3510,In-Store
Foot Locker,24-04-2020,Southeast,Florida,Men'S Street Footwear,45,103,4635,In-Store
Foot Locker,24-04-2020,Southeast,Florida,Men'S Athletic Footwear,45,73,3285,In-Store
West Gear,24-04-2020,Southeast,Florida,Women'S Street Footwear,35,73,2555,In-Store
West Gear,24-04-2020,Southeast,Florida,Women'S Athletic Footwear,40,65,2600,In-Store
West Gear,24-04-2020,Southeast,Florida,Men'S Apparel,55,68,3740,In-Store
West Gear,24-04-2020,Southeast,Florida,Women'S Apparel,45,80,3600,In-Store
West Gear,24-04-2020,Southeast,Florida,Men'S Street Footwear,55,107,5885,In-Store
West Gear,24-04-2020,Southeast,Florida,Men'S Athletic Footwear,55,78,4290,In-Store
West Gear,24-04-2020,Southeast,Florida,Women'S Street Footwear,50,75,3750,In-Store
West Gear,24-04-2020,Southeast,Florida,Women'S Athletic Footwear,50,70,3500,In-Store
West Gear,24-04-2020,Southeast,Florida,Men'S Apparel,60,73,4380,In-Store
West Gear,24-04-2020,Southeast,Florida,Women'S Apparel,65,83,5395,In-Store
West Gear,24-04-2020,Southeast,Florida,Men'S Street Footwear,60,108,6480,In-Store
West Gear,24-04-2020,Southeast,Florida,Men'S Athletic Footwear,55,83,4565,In-Store
West Gear,07-09-2020,Southeast,Florida,Women'S Street Footwear,50,80,4000,In-Store
West Gear,08-09-2020,Southeast,Florida,Women'S Athletic Footwear,50,78,3900,In-Store
West Gear,09-09-2020,Southeast,Florida,Men'S Apparel,65,78,5070,In-Store
West Gear,10-09-2020,Southeast,Florida,Women'S Apparel,70,93,6510,In-Store
West Gear,11-09-2020,Southeast,Florida,Men'S Street Footwear,65,115,7475,In-Store
West Gear,12-09-2020,Southeast,Florida,Men'S Athletic Footwear,60,90,5400,In-Store
West Gear,13-09-2020,Southeast,Florida,Women'S Street Footwear,55,83,4565,In-Store
West Gear,14-09-2020,Southeast,Florida,Women'S Athletic Footwear,55,78,4290,In-Store
West Gear,15-09-2020,Southeast,Florida,Men'S Apparel,65,80,5200,In-Store
West Gear,16-09-2020,Southeast,Florida,Women'S Apparel,70,98,6860,In-Store
West Gear,17-09-2020,Southeast,Florida,Men'S Street Footwear,65,113,7345,In-Store
West Gear,18-09-2020,Southeast,Florida,Men'S Athletic Footwear,60,90,5400,In-Store
West Gear,19-09-2020,Southeast,Florida,Women'S Street Footwear,55,83,4565,In-Store
Foot Locker,20-09-2020,Southeast,Florida,Women'S Athletic Footwear,45,78,3510,In-Store
Foot Locker,21-09-2020,Southeast,Florida,Men'S Apparel,55,75,4125,In-Store
Foot Locker,22-09-2020,Southeast,Florida,Women'S Apparel,60,93,5580,In-Store
Foot Locker,23-09-2020,Southeast,Florida,Men'S Street Footwear,55,105,5775,In-Store
Foot Locker,24-09-2020,Southeast,Florida,Men'S Athletic Footwear,50,85,4250,In-Store
Sports Direct,25-09-2020,Southeast,Florida,Women'S Street Footwear,45,75,3375,In-Store
Sports Direct,26-09-2020,Southeast,Florida,Women'S Athletic Footwear,45,73,3285,In-Store
Sports Direct,27-09-2020,Southeast,Florida,Men'S Apparel,55,73,4015,In-Store
Sports Direct,28-09-2020,Southeast,Florida,Women'S Apparel,60,83,4980,In-Store
Sports Direct,29-09-2020,Southeast,Florida,Men'S Street Footwear,60,100,6000,In-Store
Sports Direct,30-09-2020,Southeast,Florida,Men'S Athletic Footwear,50,83,4150,In-Store
Sports Direct,01-10-2020,Southeast,Florida,Women'S Street Footwear,50,73,3650,In-Store
Sports Direct,02-10-2020,Southeast,Florida,Women'S Athletic Footwear,50,70,3500,In-Store
Sports Direct,03-10-2020,Southeast,Florida,Men'S Apparel,60,70,4200,In-Store
Sports Direct,04-10-2020,Southeast,Florida,Women'S Apparel,65,83,5395,In-Store
Sports Direct,05-10-2020,Southeast,Florida,Men'S Street Footwear,60,98,5880,In-Store
Sports Direct,06-10-2020,Southeast,Florida,Men'S Athletic Footwear,50,80,4000,In-Store
Sports Direct,07-10-2020,Southeast,Florida,Women'S Street Footwear,50,75,3750,In-Store
Sports Direct,08-10-2020,Southeast,Florida,Women'S Athletic Footwear,50,78,3900,In-Store
Sports Direct,09-10-2020,Southeast,Florida,Men'S Apparel,65,75,4875,In-Store
Sports Direct,10-10-2020,Southeast,Florida,Women'S Apparel,70,85,5950,In-Store
Sports Direct,24-05-2020,Southeast,Florida,Men'S Street Footwear,65,108,7020,In-Store
Sports Direct,24-05-2020,Southeast,Florida,Men'S Athletic Footwear,55,88,4840,In-Store
Sports Direct,24-05-2020,Southeast,Florida,Women'S Street Footwear,55,83,4565,In-Store
Sports Direct,24-05-2020,Southeast,Florida,Women'S Athletic Footwear,55,78,4290,In-Store
Foot Locker,24-05-2020,Southeast,Florida,Men'S Apparel,65,78,5070,In-Store
Foot Locker,24-05-2020,Southeast,Florida,Women'S Apparel,70,88,6160,In-Store
Foot Locker,17-10-2020,Southeast,Florida,Men'S Street Footwear,35,45,1575,In-Store
Foot Locker,18-10-2020,Southeast,Florida,Men'S Athletic Footwear,35,25,875,In-Store
Foot Locker,19-10-2020,Southeast,Florida,Women'S Street Footwear,25,25,625,In-Store
Foot Locker,20-10-2020,Southeast,Florida,Women'S Athletic Footwear,30,10,300,In-Store
Foot Locker,21-10-2020,Midwest,Minnesota,Men'S Apparel,45,15,675,In-Store
Foot Locker,22-10-2020,Midwest,Minnesota,Women'S Apparel,35,25,875,In-Store
Foot Locker,23-10-2020,Midwest,Minnesota,Men'S Street Footwear,35,50,1750,In-Store
Foot Locker,24-10-2020,Midwest,Minnesota,Men'S Athletic Footwear,35,15,525,In-Store
Foot Locker,25-10-2020,Midwest,Minnesota,Women'S Street Footwear,25,20,500,In-Store
Foot Locker,26-10-2020,Midwest,Minnesota,Women'S Athletic Footwear,30,8,240,In-Store
Foot Locker,27-10-2020,Midwest,Minnesota,Men'S Apparel,45,15,675,In-Store
Foot Locker,28-10-2020,Midwest,Minnesota,Women'S Apparel,35,23,805,In-Store
Foot Locker,29-10-2020,Midwest,Minnesota,Men'S Street Footwear,40,45,1800,In-Store
Foot Locker,30-10-2020,Midwest,Minnesota,Men'S Athletic Footwear,40,13,520,In-Store
Foot Locker,31-10-2020,Midwest,Minnesota,Women'S Street Footwear,30,18,540,In-Store
Foot Locker,01-11-2020,Midwest,Minnesota,Women'S Athletic Footwear,35,3,105,In-Store
Foot Locker,02-11-2020,Midwest,Minnesota,Men'S Apparel,50,8,400,In-Store
Foot Locker,03-11-2020,Midwest,Minnesota,Women'S Apparel,40,18,720,In-Store
Foot Locker,04-11-2020,Midwest,Minnesota,Men'S Street Footwear,40,40,1600,In-Store
Foot Locker,05-11-2020,Midwest,Minnesota,Men'S Athletic Footwear,40,10,400,In-Store
Foot Locker,06-11-2020,Midwest,Minnesota,Women'S Street Footwear,30,10,300,In-Store
Foot Locker,07-11-2020,Midwest,Minnesota,Women'S Athletic Footwear,35,3,105,In-Store
Foot Locker,08-11-2020,Midwest,Minnesota,Men'S Apparel,50,5,250,In-Store
Foot Locker,09-11-2020,Midwest,Minnesota,Women'S Apparel,40,18,720,In-Store
Foot Locker,10-11-2020,Midwest,Minnesota,Men'S Street Footwear,50,45,2250,In-Store
Foot Locker,11-11-2020,Midwest,Minnesota,Men'S Athletic Footwear,45,15,675,In-Store
Foot Locker,12-11-2020,Midwest,Minnesota,Women'S Street Footwear,40,13,520,In-Store
Foot Locker,13-11-2020,Midwest,Minnesota,Women'S Athletic Footwear,40,5,200,In-Store
Foot Locker,14-11-2020,Midwest,Minnesota,Men'S Apparel,55,8,440,In-Store
Foot Locker,15-11-2020,Midwest,Minnesota,Women'S Apparel,60,18,1080,In-Store
Foot Locker,16-11-2020,Midwest,Minnesota,Men'S Street Footwear,45,43,1935,Outlet
Foot Locker,17-11-2020,Midwest,Minnesota,Men'S Athletic Footwear,40,18,720,Outlet
Foot Locker,18-11-2020,Midwest,Minnesota,Women'S Street Footwear,35,18,630,Outlet
Foot Locker,19-11-2020,Midwest,Minnesota,Women'S Athletic Footwear,35,15,525,Outlet
Foot Locker,20-11-2020,Midwest,Minnesota,Men'S Apparel,50,15,750,Outlet
Foot Locker,21-11-2020,Midwest,Minnesota,Women'S Apparel,55,33,1815,Outlet
Foot Locker,22-11-2020,Midwest,Minnesota,Men'S Street Footwear,50,55,2750,Outlet
Foot Locker,23-11-2020,Midwest,Minnesota,Men'S Athletic Footwear,45,30,1350,Outlet
Foot Locker,24-11-2020,Midwest,Minnesota,Women'S Street Footwear,40,23,920,Outlet
Foot Locker,25-11-2020,Midwest,Minnesota,Women'S Athletic Footwear,40,18,720,Outlet
Foot Locker,26-11-2020,Midwest,Minnesota,Men'S Apparel,50,20,1000,Outlet
Foot Locker,27-11-2020,Midwest,Minnesota,Women'S Apparel,55,38,2090,Outlet
Foot Locker,28-11-2020,Midwest,Minnesota,Men'S Street Footwear,50,53,2650,Outlet
Foot Locker,29-11-2020,Midwest,Minnesota,Men'S Athletic Footwear,45,30,1350,Outlet
Foot Locker,30-11-2020,Midwest,Minnesota,Women'S Street Footwear,40,23,920,Outlet
Foot Locker,01-12-2020,Midwest,Minnesota,Women'S Athletic Footwear,35,18,630,Outlet
Foot Locker,02-12-2020,Midwest,Minnesota,Men'S Apparel,45,15,675,Outlet
Foot Locker,03-12-2020,Midwest,Minnesota,Women'S Apparel,50,33,1650,Outlet
Foot Locker,04-12-2020,Midwest,Minnesota,Men'S Street Footwear,45,45,2025,Outlet
Foot Locker,05-12-2020,Midwest,Minnesota,Men'S Athletic Footwear,40,25,1000,Outlet
Foot Locker,06-12-2020,Midwest,Minnesota,Women'S Street Footwear,25,15,375,Outlet
Foot Locker,07-12-2020,Midwest,Minnesota,Women'S Athletic Footwear,25,13,325,Outlet
Foot Locker,08-12-2020,Midwest,Minnesota,Men'S Apparel,35,13,455,Outlet
Foot Locker,09-12-2020,Midwest,Minnesota,Women'S Apparel,40,20,800,Outlet
Foot Locker,10-12-2020,Midwest,Minnesota,Men'S Street Footwear,45,38,1710,Outlet
Foot Locker,11-12-2020,Midwest,Minnesota,Men'S Athletic Footwear,35,20,700,Outlet
Foot Locker,12-12-2020,Midwest,Minnesota,Women'S Street Footwear,35,10,350,Outlet
Foot Locker,13-12-2020,Midwest,Minnesota,Women'S Athletic Footwear,35,8,280,Outlet
Foot Locker,14-12-2020,Midwest,Minnesota,Men'S Apparel,45,8,360,Outlet
Foot Locker,15-12-2020,Midwest,Minnesota,Women'S Apparel,50,20,1000,Outlet
Foot Locker,16-12-2020,Midwest,Minnesota,Men'S Street Footwear,50,35,1750,Outlet
Foot Locker,17-12-2020,Midwest,Minnesota,Men'S Athletic Footwear,40,20,800,Outlet
Foot Locker,18-12-2020,Midwest,Minnesota,Women'S Street Footwear,40,15,600,Outlet
Foot Locker,19-12-2020,Midwest,Minnesota,Women'S Athletic Footwear,40,15,600,Outlet
Foot Locker,20-12-2020,Midwest,Minnesota,Men'S Apparel,55,13,715,Outlet
Foot Locker,21-12-2020,Midwest,Minnesota,Women'S Apparel,60,23,1380,Outlet
Foot Locker,22-12-2020,Midwest,Minnesota,Men'S Street Footwear,55,48,2640,Outlet
Foot Locker,23-12-2020,Midwest,Minnesota,Men'S Athletic Footwear,45,28,1260,Outlet
Foot Locker,24-12-2020,Midwest,Minnesota,Women'S Street Footwear,45,23,1035,Outlet
Foot Locker,25-12-2020,Midwest,Minnesota,Women'S Athletic Footwear,45,18,810,Outlet
Foot Locker,26-12-2020,Midwest,Minnesota,Men'S Apparel,55,18,990,Outlet
Foot Locker,27-12-2020,Midwest,Minnesota,Women'S Apparel,60,28,1680,Outlet
Kohl'S,28-12-2020,Midwest,Minnesota,Men'S Street Footwear,35,48,1680,Outlet
Kohl'S,29-12-2020,Midwest,Minnesota,Men'S Athletic Footwear,45,48,2160,Outlet
Kohl'S,30-12-2020,Midwest,Minnesota,Women'S Street Footwear,45,48,2160,Outlet
Kohl'S,31-12-2020,Midwest,Minnesota,Women'S Athletic Footwear,45,33,1485,Outlet
Kohl'S,01-01-2021,Midwest,Montana,Men'S Apparel,50,28,1400,Outlet
Kohl'S,02-01-2021,Midwest,Montana,Women'S Apparel,45,48,2160,Outlet
Kohl'S,03-01-2021,Midwest,Montana,Men'S Street Footwear,35,53,1855,Outlet
Kohl'S,04-01-2021,Midwest,Montana,Men'S Athletic Footwear,45,43,1935,Outlet
Kohl'S,05-01-2021,Midwest,Montana,Women'S Street Footwear,45,45,2025,Outlet
Kohl'S,06-01-2021,Midwest,Montana,Women'S Athletic Footwear,45,30,1350,Outlet
Kohl'S,07-01-2021,Midwest,Montana,Men'S Apparel,50,23,1150,Outlet
Kohl'S,08-01-2021,Midwest,Montana,Women'S Apparel,45,43,1935,Outlet
Kohl'S,09-01-2021,Midwest,Montana,Men'S Street Footwear,35,58,2030,Outlet
Kohl'S,10-01-2021,Midwest,Montana,Men'S Athletic Footwear,45,43,1935,Outlet
Kohl'S,11-01-2021,Midwest,Montana,Women'S Street Footwear,45,43,1935,Outlet
Kohl'S,12-01-2021,Midwest,Montana,Women'S Athletic Footwear,45,33,1485,Outlet
Kohl'S,13-01-2021,Midwest,Montana,Men'S Apparel,50,20,1000,Outlet
Kohl'S,14-01-2021,Midwest,Montana,Women'S Apparel,45,40,1800,Outlet
Kohl'S,15-01-2021,Midwest,Montana,Men'S Street Footwear,45,58,2610,Outlet
Kohl'S,16-01-2021,Midwest,Montana,Men'S Athletic Footwear,45,38,1710,Outlet
Kohl'S,17-01-2021,Midwest,Montana,Women'S Street Footwear,45,40,1800,Outlet
Kohl'S,18-01-2021,Midwest,Montana,Women'S Athletic Footwear,40,30,1200,Outlet
Kohl'S,19-01-2021,Midwest,Montana,Men'S Apparel,45,20,900,Outlet
Kohl'S,20-01-2021,Midwest,Montana,Women'S Apparel,60,38,2280,Outlet
Kohl'S,21-01-2021,Midwest,Montana,Men'S Street Footwear,40,58,2320,Outlet
Kohl'S,22-01-2021,Midwest,Montana,Men'S Athletic Footwear,45,43,1935,Outlet
Kohl'S,23-01-2021,Midwest,Montana,Women'S Street Footwear,45,43,1935,Outlet
Kohl'S,24-01-2021,Midwest,Montana,Women'S Athletic Footwear,40,33,1320,Outlet
Kohl'S,25-01-2021,Midwest,Montana,Men'S Apparel,45,23,1035,Outlet
Kohl'S,26-01-2021,Midwest,Montana,Women'S Apparel,60,40,2400,Outlet
Kohl'S,27-01-2021,Midwest,Montana,Men'S Street Footwear,40,68,2720,Outlet
Kohl'S,28-01-2021,Midwest,Montana,Men'S Athletic Footwear,45,53,2385,Outlet
Kohl'S,29-01-2021,Midwest,Montana,Women'S Street Footwear,45,55,2475,Outlet
Kohl'S,30-01-2021,Midwest,Montana,Women'S Athletic Footwear,40,43,1720,Outlet
Kohl'S,31-01-2021,Midwest,Montana,Men'S Apparel,45,30,1350,Outlet
Kohl'S,01-02-2021,Midwest,Montana,Women'S Apparel,60,60,3600,Outlet
Kohl'S,02-02-2021,Midwest,Montana,Men'S Street Footwear,40,75,3000,Outlet
Kohl'S,03-02-2021,Midwest,Montana,Men'S Athletic Footwear,45,60,2700,Outlet
Kohl'S,04-02-2021,Midwest,Montana,Women'S Street Footwear,45,55,2475,Outlet
Kohl'S,05-02-2021,Midwest,Montana,Women'S Athletic Footwear,40,45,1800,Outlet
Kohl'S,06-02-2021,Midwest,Montana,Men'S Apparel,45,48,2160,Outlet
Kohl'S,07-02-2021,Midwest,Montana,Women'S Apparel,60,48,2880,Outlet
Kohl'S,08-02-2021,Midwest,Montana,Men'S Street Footwear,45,68,3060,Outlet
Kohl'S,09-02-2021,Midwest,Montana,Men'S Athletic Footwear,55,63,3465,Outlet
Kohl'S,10-02-2021,Midwest,Montana,Women'S Street Footwear,50,50,2500,Outlet
Kohl'S,11-02-2021,Midwest,Montana,Women'S Athletic Footwear,45,43,1935,Outlet
Kohl'S,12-02-2021,Midwest,Montana,Men'S Apparel,55,43,2365,Outlet
Kohl'S,13-02-2021,Midwest,Montana,Women'S Apparel,60,40,2400,Outlet
Kohl'S,14-02-2021,Midwest,Montana,Men'S Street Footwear,45,60,2700,Outlet
Kohl'S,15-02-2021,Midwest,Montana,Men'S Athletic Footwear,50,60,3000,Outlet
Kohl'S,16-02-2021,Midwest,Montana,Women'S Street Footwear,45,45,2025,Outlet
Kohl'S,17-02-2021,Midwest,Montana,Women'S Athletic Footwear,45,40,1800,Outlet
Kohl'S,18-02-2021,Midwest,Montana,Men'S Apparel,55,40,2200,Outlet
Kohl'S,19-02-2021,Midwest,Montana,Women'S Apparel,60,45,2700,Outlet
Kohl'S,20-02-2021,Midwest,Montana,Men'S Street Footwear,45,55,2475,Outlet
Kohl'S,21-02-2021,Midwest,Montana,Men'S Athletic Footwear,50,55,2750,Outlet
Kohl'S,22-02-2021,Midwest,Montana,Women'S Street Footwear,45,40,1800,Outlet
Kohl'S,23-02-2021,Midwest,Montana,Women'S Athletic Footwear,45,38,1710,Outlet
Kohl'S,24-02-2021,Midwest,Montana,Men'S Apparel,55,35,1925,Outlet
Kohl'S,25-02-2021,Midwest,Montana,Women'S Apparel,60,40,2400,Outlet
Kohl'S,26-02-2021,Midwest,Montana,Men'S Street Footwear,40,58,2320,Outlet
Kohl'S,27-02-2021,Midwest,Montana,Men'S Athletic Footwear,45,58,2610,Outlet
Kohl'S,28-02-2021,Midwest,Montana,Women'S Street Footwear,40,43,1720,Outlet
Kohl'S,01-03-2021,Midwest,Montana,Women'S Athletic Footwear,40,43,1720,Outlet
Kohl'S,02-03-2021,Midwest,Montana,Men'S Apparel,55,38,2090,Outlet
Kohl'S,03-03-2021,Midwest,Montana,Women'S Apparel,60,48,2880,Outlet
Kohl'S,04-03-2021,Midwest,Montana,Men'S Street Footwear,45,68,3060,Outlet
Kohl'S,05-03-2021,Midwest,Montana,Men'S Athletic Footwear,50,68,3400,Outlet
Kohl'S,06-03-2021,Midwest,Montana,Women'S Street Footwear,45,48,2160,Outlet
Kohl'S,07-03-2021,Midwest,Montana,Women'S Athletic Footwear,45,48,2160,Outlet
Kohl'S,08-03-2021,Midwest,Montana,Men'S Apparel,55,40,2200,Outlet
Kohl'S,09-03-2021,Midwest,Montana,Women'S Apparel,60,50,3000,Outlet
Sports Direct,10-03-2021,Midwest,Montana,Men'S Street Footwear,20,70,1400,Outlet
Sports Direct,11-03-2021,Midwest,Montana,Men'S Athletic Footwear,30,70,2100,Outlet
Sports Direct,12-03-2021,Midwest,Montana,Women'S Street Footwear,30,50,1500,Outlet
Sports Direct,13-03-2021,Midwest,Montana,Women'S Athletic Footwear,35,50,1750,Outlet
Sports Direct,14-03-2021,South,Tennessee,Men'S Apparel,40,35,1400,Outlet
Sports Direct,15-03-2021,South,Tennessee,Women'S Apparel,35,50,1750,Outlet
Sports Direct,16-03-2021,South,Tennessee,Men'S Street Footwear,25,65,1625,Outlet
Sports Direct,17-03-2021,South,Tennessee,Men'S Athletic Footwear,35,63,2205,Outlet
Sports Direct,18-03-2021,South,Tennessee,Women'S Street Footwear,35,45,1575,Outlet
Sports Direct,19-03-2021,South,Tennessee,Women'S Athletic Footwear,35,40,1400,Outlet
Sports Direct,20-03-2021,South,Tennessee,Men'S Apparel,40,28,1120,Outlet
Sports Direct,21-03-2021,South,Tennessee,Women'S Apparel,35,48,1680,Outlet
Sports Direct,22-03-2021,South,Tennessee,Men'S Street Footwear,30,65,1950,Outlet
Sports Direct,23-03-2021,South,Tennessee,Men'S Athletic Footwear,40,65,2600,Outlet
Sports Direct,24-03-2021,South,Tennessee,Women'S Street Footwear,30,48,1440,Outlet
Sports Direct,25-03-2021,South,Tennessee,Women'S Athletic Footwear,35,38,1330,Outlet
Sports Direct,26-03-2021,South,Tennessee,Men'S Apparel,40,28,1120,Outlet
Sports Direct,27-03-2021,South,Tennessee,Women'S Apparel,35,43,1505,Outlet
Sports Direct,28-03-2021,South,Tennessee,Men'S Street Footwear,20,68,1360,Outlet
Sports Direct,29-03-2021,South,Tennessee,Men'S Athletic Footwear,25,68,1700,Outlet
Sports Direct,30-03-2021,South,Tennessee,Women'S Street Footwear,20,50,1000,Outlet
Sports Direct,31-03-2021,South,Tennessee,Women'S Athletic Footwear,25,40,1000,Outlet
Sports Direct,01-04-2021,South,Tennessee,Men'S Apparel,30,30,900,Outlet
Sports Direct,02-04-2021,South,Tennessee,Women'S Apparel,25,58,1450,Outlet
Sports Direct,03-04-2021,South,Tennessee,Men'S Street Footwear,15,73,1095,Outlet
Sports Direct,04-04-2021,South,Tennessee,Men'S Athletic Footwear,25,75,1875,Outlet
Sports Direct,05-04-2021,South,Tennessee,Women'S Street Footwear,20,60,1200,Outlet
Sports Direct,06-04-2021,South,Tennessee,Women'S Athletic Footwear,30,53,1590,Outlet
Sports Direct,07-04-2021,South,Tennessee,Men'S Apparel,45,43,1935,Outlet
Sports Direct,08-04-2021,South,Tennessee,Women'S Apparel,40,78,3120,Outlet
Sports Direct,09-04-2021,South,Tennessee,Men'S Street Footwear,40,78,3120,Outlet
Sports Direct,10-04-2021,South,Tennessee,Men'S Athletic Footwear,45,78,3510,Outlet
Sports Direct,11-04-2021,South,Tennessee,Women'S Street Footwear,40,65,2600,Outlet
Sports Direct,12-04-2021,South,Tennessee,Women'S Athletic Footwear,40,60,2400,Outlet
Sports Direct,13-04-2021,South,Tennessee,Men'S Apparel,45,50,2250,Outlet
Sports Direct,14-04-2021,South,Tennessee,Women'S Apparel,50,88,4400,Outlet
Sports Direct,15-04-2021,South,Tennessee,Men'S Street Footwear,40,83,3320,Outlet
Sports Direct,16-04-2021,South,Tennessee,Men'S Athletic Footwear,45,83,3735,Outlet
Sports Direct,17-04-2021,South,Tennessee,Women'S Street Footwear,40,98,3920,Outlet
Sports Direct,18-04-2021,South,Tennessee,Women'S Athletic Footwear,40,58,2320,Outlet
Sports Direct,19-04-2021,South,Tennessee,Men'S Apparel,45,55,2475,Outlet
Sports Direct,20-04-2021,South,Tennessee,Women'S Apparel,55,83,4565,Outlet
Sports Direct,21-04-2021,South,Tennessee,Men'S Street Footwear,45,78,3510,Outlet
Sports Direct,22-04-2021,South,Tennessee,Men'S Athletic Footwear,55,78,4290,Outlet
Sports Direct,23-04-2021,South,Tennessee,Women'S Street Footwear,50,95,4750,Outlet
Sports Direct,24-04-2021,South,Tennessee,Women'S Athletic Footwear,45,48,2160,Outlet
Sports Direct,25-04-2021,South,Tennessee,Men'S Apparel,50,48,2400,Outlet
Sports Direct,26-04-2021,South,Tennessee,Women'S Apparel,55,73,4015,Outlet
Sports Direct,27-04-2021,South,Tennessee,Men'S Street Footwear,50,68,3400,Outlet
Sports Direct,28-04-2021,South,Tennessee,Men'S Athletic Footwear,50,63,3150,Outlet
Sports Direct,29-04-2021,South,Tennessee,Women'S Street Footwear,55,68,3740,Outlet
Sports Direct,30-04-2021,South,Tennessee,Women'S Athletic Footwear,55,40,2200,Outlet
Sports Direct,01-05-2021,South,Tennessee,Men'S Apparel,50,40,2000,Outlet
Sports Direct,02-05-2021,South,Tennessee,Women'S Apparel,45,63,2835,Outlet
Sports Direct,03-05-2021,South,Tennessee,Men'S Street Footwear,35,58,2030,Outlet
Sports Direct,04-05-2021,South,Tennessee,Men'S Athletic Footwear,35,58,2030,Outlet
Sports Direct,05-05-2021,South,Tennessee,Women'S Street Footwear,40,53,2120,Outlet
Sports Direct,06-05-2021,South,Tennessee,Women'S Athletic Footwear,40,38,1520,Outlet
Sports Direct,07-05-2021,South,Tennessee,Men'S Apparel,35,35,1225,Outlet
Sports Direct,08-05-2021,South,Tennessee,Women'S Apparel,45,53,2385,Outlet
Sports Direct,09-05-2021,South,Tennessee,Men'S Street Footwear,30,68,2040,Outlet
Sports Direct,10-05-2021,South,Tennessee,Men'S Athletic Footwear,30,68,2040,Outlet
Sports Direct,11-05-2021,South,Tennessee,Women'S Street Footwear,55,60,3300,Outlet
Sports Direct,12-05-2021,South,Tennessee,Women'S Athletic Footwear,55,48,2640,Outlet
Sports Direct,13-05-2021,South,Tennessee,Men'S Apparel,55,45,2475,Outlet
Sports Direct,14-05-2021,South,Tennessee,Women'S Apparel,65,65,4225,Outlet
Sports Direct,15-05-2021,South,Tennessee,Men'S Street Footwear,55,80,4400,Outlet
Sports Direct,16-05-2021,South,Tennessee,Men'S Athletic Footwear,55,80,4400,Outlet
West Gear,18-05-2021,South,Louisiana,Men'S Apparel,40,23,920,In-Store
West Gear,17-04-2021,South,Louisiana,Men'S Apparel,45,18,810,In-Store
West Gear,17-02-2021,South,Louisiana,Men'S Apparel,50,18,900,In-Store
West Gear,16-03-2021,South,Louisiana,Men'S Apparel,60,15,900,In-Store
West Gear,18-05-2021,South,Louisiana,Men'S Athletic Footwear,50,40,2000,In-Store
West Gear,17-04-2021,South,Louisiana,Men'S Athletic Footwear,55,33,1815,In-Store
West Gear,16-03-2021,South,Louisiana,Men'S Athletic Footwear,55,38,2090,In-Store
West Gear,16-03-2021,South,Louisiana,Men'S Street Footwear,45,53,2385,In-Store
West Gear,18-05-2021,South,Louisiana,Men'S Street Footwear,45,55,2475,In-Store
West Gear,17-04-2021,South,Louisiana,Men'S Street Footwear,50,53,2650,In-Store
West Gear,16-03-2021,South,Louisiana,Women'S Apparel,45,35,1575,In-Store
West Gear,17-02-2021,South,Louisiana,Women'S Apparel,45,38,1710,In-Store
West Gear,17-04-2021,South,Louisiana,Women'S Apparel,60,35,2100,In-Store
West Gear,17-04-2021,South,Louisiana,Women'S Athletic Footwear,40,28,1120,In-Store
West Gear,17-02-2021,South,Louisiana,Women'S Athletic Footwear,45,25,1125,In-Store
West Gear,18-05-2021,South,Louisiana,Women'S Athletic Footwear,45,33,1485,In-Store
West Gear,16-03-2021,South,Louisiana,Women'S Athletic Footwear,55,30,1650,In-Store
West Gear,18-05-2021,South,Louisiana,Women'S Street Footwear,50,40,2000,In-Store
West Gear,17-04-2021,South,Louisiana,Women'S Street Footwear,55,38,2090,In-Store
West Gear,16-03-2021,South,Louisiana,Women'S Street Footwear,60,40,2400,In-Store
Foot Locker,25-05-2021,Southeast,Virginia,Men'S Apparel,45,18,810,In-Store
Foot Locker,24-02-2021,Southeast,Virginia,Men'S Apparel,45,13,585,In-Store
Foot Locker,24-04-2021,Southeast,Virginia,Men'S Apparel,50,13,650,In-Store
Foot Locker,23-03-2021,Southeast,Virginia,Men'S Apparel,55,10,550,In-Store
Foot Locker,24-10-2021,Southeast,Virginia,Men'S Apparel,55,30,1650,In-Store
Foot Locker,25-09-2021,Southeast,Virginia,Men'S Apparel,60,23,1380,In-Store
Foot Locker,24-08-2021,Southeast,Virginia,Men'S Apparel,70,43,3010,In-Store
Foot Locker,24-11-2021,Southeast,Virginia,Men'S Apparel,75,43,3225,In-Store
Foot Locker,24-06-2021,Southeast,Virginia,Men'S Apparel,90,40,3600,In-Store
Foot Locker,23-07-2021,Southeast,Virginia,Men'S Apparel,90,60,5400,In-Store
Foot Locker,23-03-2021,Southeast,Virginia,Men'S Athletic Footwear,50,33,1650,In-Store
Foot Locker,24-11-2021,Southeast,Virginia,Men'S Athletic Footwear,50,65,3250,In-Store
Foot Locker,25-05-2021,Southeast,Virginia,Men'S Athletic Footwear,55,35,1925,In-Store
Foot Locker,25-09-2021,Southeast,Virginia,Men'S Athletic Footwear,55,45,2475,In-Store
Foot Locker,24-10-2021,Southeast,Virginia,Men'S Athletic Footwear,55,53,2915,In-Store
Foot Locker,24-04-2021,Southeast,Virginia,Men'S Athletic Footwear,60,28,1680,In-Store
Foot Locker,24-06-2021,Southeast,Virginia,Men'S Athletic Footwear,65,65,4225,In-Store
Foot Locker,23-12-2021,Southeast,Virginia,Men'S Athletic Footwear,75,75,5625,In-Store
Foot Locker,24-08-2021,Southeast,Virginia,Men'S Athletic Footwear,80,78,6240,In-Store
Foot Locker,23-07-2021,Southeast,Virginia,Men'S Athletic Footwear,90,70,6300,In-Store
Foot Locker,24-10-2021,Southeast,Virginia,Men'S Street Footwear,40,35,1400,In-Store
Foot Locker,23-03-2021,Southeast,Virginia,Men'S Street Footwear,40,48,1920,In-Store
Foot Locker,24-11-2021,Southeast,Virginia,Men'S Street Footwear,45,58,2610,In-Store
Foot Locker,25-05-2021,Southeast,Virginia,Men'S Street Footwear,50,50,2500,In-Store
Foot Locker,25-09-2021,Southeast,Virginia,Men'S Street Footwear,50,45,2250,In-Store
Foot Locker,24-06-2021,Southeast,Virginia,Men'S Street Footwear,55,78,4290,In-Store
Foot Locker,24-04-2021,Southeast,Virginia,Men'S Street Footwear,55,48,2640,In-Store
Foot Locker,23-12-2021,Southeast,Virginia,Men'S Street Footwear,65,75,4875,In-Store
Foot Locker,23-07-2021,Southeast,Virginia,Men'S Street Footwear,85,85,7225,In-Store
Foot Locker,24-08-2021,Southeast,Virginia,Men'S Street Footwear,90,80,7200,In-Store
Foot Locker,24-02-2021,Southeast,Virginia,Women'S Apparel,40,33,1320,In-Store
Foot Locker,25-09-2021,Southeast,Virginia,Women'S Apparel,45,25,1125,In-Store
Foot Locker,23-03-2021,Southeast,Virginia,Women'S Apparel,50,30,1500,In-Store
Foot Locker,25-05-2021,Southeast,Virginia,Women'S Apparel,60,53,3180,In-Store
Foot Locker,24-10-2021,Southeast,Virginia,Women'S Apparel,60,35,2100,In-Store
Foot Locker,24-04-2021,Southeast,Virginia,Women'S Apparel,65,30,1950,In-Store
Foot Locker,24-08-2021,Southeast,Virginia,Women'S Apparel,75,25,1875,In-Store
Foot Locker,24-11-2021,Southeast,Virginia,Women'S Apparel,80,55,4400,In-Store
Foot Locker,23-07-2021,Southeast,Virginia,Women'S Apparel,105,60,6300,In-Store
Foot Locker,24-06-2021,Southeast,Virginia,Women'S Apparel,105,70,7350,In-Store
Foot Locker,24-02-2021,Southeast,Virginia,Women'S Athletic Footwear,40,20,800,In-Store
Foot Locker,24-04-2021,Southeast,Virginia,Women'S Athletic Footwear,45,23,1035,In-Store
Foot Locker,24-10-2021,Southeast,Virginia,Women'S Athletic Footwear,45,33,1485,In-Store
Foot Locker,23-03-2021,Southeast,Virginia,Women'S Athletic Footwear,50,25,1250,In-Store
Foot Locker,25-05-2021,Southeast,Virginia,Women'S Athletic Footwear,50,28,1400,In-Store
Foot Locker,25-09-2021,Southeast,Virginia,Women'S Athletic Footwear,50,20,1000,In-Store
Foot Locker,24-11-2021,Southeast,Virginia,Women'S Athletic Footwear,55,45,2475,In-Store
Foot Locker,24-08-2021,Southeast,Virginia,Women'S Athletic Footwear,70,43,3010,In-Store
Foot Locker,24-06-2021,Southeast,Virginia,Women'S Athletic Footwear,80,53,4240,In-Store
Foot Locker,23-07-2021,Southeast,Virginia,Women'S Athletic Footwear,85,55,4675,In-Store
Foot Locker,24-11-2021,Southeast,Virginia,Women'S Street Footwear,45,48,2160,In-Store
Foot Locker,25-09-2021,Southeast,Virginia,Women'S Street Footwear,50,25,1250,In-Store
Foot Locker,24-10-2021,Southeast,Virginia,Women'S Street Footwear,50,35,1750,In-Store
Foot Locker,23-03-2021,Southeast,Virginia,Women'S Street Footwear,55,35,1925,In-Store
Foot Locker,25-05-2021,Southeast,Virginia,Women'S Street Footwear,55,35,1925,In-Store
Foot Locker,24-04-2021,Southeast,Virginia,Women'S Street Footwear,60,33,1980,In-Store
Foot Locker,24-08-2021,Southeast,Virginia,Women'S Street Footwear,70,65,4550,In-Store
Foot Locker,24-06-2021,Southeast,Virginia,Women'S Street Footwear,80,65,5200,In-Store
Foot Locker,23-07-2021,Southeast,Virginia,Women'S Street Footwear,90,65,5850,In-Store
Sports Direct,23-12-2021,Southeast,Virginia,Men'S Apparel,80,48,3840,In-Store
Sports Direct,23-12-2021,Southeast,Virginia,Women'S Apparel,85,58,4930,In-Store
Sports Direct,23-12-2021,Southeast,Virginia,Women'S Athletic Footwear,70,55,3850,In-Store
Sports Direct,23-12-2021,Southeast,Virginia,Women'S Street Footwear,70,55,3850,In-Store
Walmart,17-10-2021,Southeast,Florida,Men'S Apparel,65,35,2275,In-Store
Walmart,18-09-2021,Southeast,Florida,Men'S Apparel,70,28,1960,In-Store
Walmart,17-08-2021,Southeast,Florida,Men'S Apparel,80,48,3840,In-Store
Walmart,17-11-2021,Southeast,Florida,Men'S Apparel,85,48,4080,In-Store
Walmart,17-06-2021,Southeast,Florida,Men'S Apparel,95,45,4275,In-Store
Walmart,16-07-2021,Southeast,Florida,Men'S Apparel,95,65,6175,In-Store
Walmart,17-11-2021,Southeast,Florida,Men'S Athletic Footwear,60,70,4200,In-Store
Walmart,18-09-2021,Southeast,Florida,Men'S Athletic Footwear,65,50,3250,In-Store
Walmart,17-10-2021,Southeast,Florida,Men'S Athletic Footwear,65,58,3770,In-Store
Walmart,17-06-2021,Southeast,Florida,Men'S Athletic Footwear,70,70,4900,In-Store
Walmart,16-12-2021,Southeast,Florida,Men'S Athletic Footwear,85,80,6800,In-Store
Walmart,17-08-2021,Southeast,Florida,Men'S Athletic Footwear,85,83,7055,In-Store
Walmart,16-07-2021,Southeast,Florida,Men'S Athletic Footwear,95,75,7125,In-Store
Walmart,17-10-2021,Southeast,Florida,Men'S Street Footwear,50,40,2000,In-Store
Walmart,17-11-2021,Southeast,Florida,Men'S Street Footwear,55,63,3465,In-Store
Walmart,18-09-2021,Southeast,Florida,Men'S Street Footwear,60,50,3000,In-Store
Walmart,16-12-2021,Southeast,Florida,Men'S Street Footwear,75,80,6000,In-Store
Walmart,16-07-2021,Southeast,Florida,Men'S Street Footwear,90,90,8100,In-Store
Walmart,17-08-2021,Southeast,Florida,Men'S Street Footwear,95,85,8075,In-Store
Walmart,18-09-2021,Southeast,Florida,Women'S Apparel,55,30,1650,In-Store
Walmart,17-10-2021,Southeast,Florida,Women'S Apparel,70,40,2800,In-Store
Walmart,17-08-2021,Southeast,Florida,Women'S Apparel,85,30,2550,In-Store
Walmart,17-11-2021,Southeast,Florida,Women'S Apparel,90,60,5400,In-Store
Walmart,16-07-2021,Southeast,Florida,Women'S Apparel,110,65,7150,In-Store
Walmart,17-06-2021,Southeast,Florida,Women'S Apparel,110,75,8250,In-Store
Walmart,17-10-2021,Southeast,Florida,Women'S Athletic Footwear,55,38,2090,In-Store
Walmart,18-09-2021,Southeast,Florida,Women'S Athletic Footwear,60,25,1500,In-Store
Walmart,17-11-2021,Southeast,Florida,Women'S Athletic Footwear,65,50,3250,In-Store
Walmart,17-08-2021,Southeast,Florida,Women'S Athletic Footwear,80,48,3840,In-Store
Walmart,17-06-2021,Southeast,Florida,Women'S Athletic Footwear,85,58,4930,In-Store
Walmart,16-07-2021,Southeast,Florida,Women'S Athletic Footwear,90,60,5400,In-Store
Walmart,17-11-2021,Southeast,Florida,Women'S Street Footwear,55,53,2915,In-Store
Walmart,18-09-2021,Southeast,Florida,Women'S Street Footwear,60,30,1800,In-Store
Walmart,17-10-2021,Southeast,Florida,Women'S Street Footwear,60,40,2400,In-Store
Walmart,17-08-2021,Southeast,Florida,Women'S Street Footwear,80,70,5600,In-Store
Walmart,17-06-2021,Southeast,Florida,Women'S Street Footwear,85,70,5950,In-Store
Walmart,16-07-2021,Southeast,Florida,Women'S Street Footwear,95,70,6650,In-Store
West Gear,16-12-2021,Southeast,Florida,Men'S Apparel,90,53,4770,In-Store
West Gear,16-12-2021,Southeast,Florida,Women'S Apparel,95,63,5985,In-Store
West Gear,16-12-2021,Southeast,Florida,Women'S Athletic Footwear,80,60,4800,In-Store
West Gear,16-12-2021,Southeast,Florida,Women'S Street Footwear,80,60,4800,In-Store
Foot Locker,24-01-2021,West,Wyoming,Men'S Apparel,45,15,675,In-Store
Foot Locker,24-01-2021,West,Wyoming,Men'S Athletic Footwear,40,35,1400,In-Store
Foot Locker,24-02-2021,West,Wyoming,Men'S Athletic Footwear,40,35,1400,In-Store
Foot Locker,24-01-2021,West,Wyoming,Men'S Street Footwear,30,35,1050,In-Store
Foot Locker,24-02-2021,West,Wyoming,Men'S Street Footwear,30,45,1350,In-Store
Foot Locker,24-01-2021,West,Wyoming,Women'S Apparel,40,40,1600,In-Store
Foot Locker,24-01-2021,West,Wyoming,Women'S Athletic Footwear,40,20,800,In-Store
Foot Locker,24-01-2021,West,Wyoming,Women'S Street Footwear,40,35,1400,In-Store
Foot Locker,24-02-2021,West,Wyoming,Women'S Street Footwear,40,35,1400,In-Store
West Gear,25-05-2021,West,Oregon,Men'S Apparel,45,18,810,In-Store
West Gear,24-02-2021,West,Oregon,Men'S Apparel,45,13,585,In-Store
West Gear,24-04-2021,West,Oregon,Men'S Apparel,50,13,650,In-Store
West Gear,23-03-2021,West,Oregon,Men'S Apparel,55,10,550,In-Store
West Gear,24-10-2021,West,Oregon,Men'S Apparel,55,30,1650,In-Store
West Gear,25-09-2021,West,Oregon,Men'S Apparel,60,23,1380,In-Store
West Gear,24-08-2021,West,Oregon,Men'S Apparel,70,43,3010,In-Store
West Gear,24-11-2021,West,Oregon,Men'S Apparel,75,43,3225,In-Store
West Gear,23-12-2021,West,Oregon,Men'S Apparel,80,48,3840,In-Store
West Gear,24-06-2021,West,Oregon,Men'S Apparel,90,40,3600,In-Store
West Gear,23-07-2021,West,Oregon,Men'S Apparel,90,60,5400,In-Store
West Gear,17-01-2021,West,Oregon,Men'S Apparel,50,20,1000,In-Store
West Gear,24-01-2021,West,Utah,Men'S Apparel,45,15,675,In-Store
West Gear,23-03-2021,West,Oregon,Men'S Athletic Footwear,50,33,1650,In-Store
West Gear,24-11-2021,West,Oregon,Men'S Athletic Footwear,50,65,3250,In-Store
West Gear,25-05-2021,West,Oregon,Men'S Athletic Footwear,55,35,1925,In-Store
West Gear,25-09-2021,West,Oregon,Men'S Athletic Footwear,55,45,2475,In-Store
West Gear,24-10-2021,West,Oregon,Men'S Athletic Footwear,55,53,2915,In-Store
West Gear,24-04-2021,West,Oregon,Men'S Athletic Footwear,60,28,1680,In-Store
West Gear,24-06-2021,West,Oregon,Men'S Athletic Footwear,65,65,4225,In-Store
West Gear,23-12-2021,West,Oregon,Men'S Athletic Footwear,75,75,5625,In-Store
West Gear,24-08-2021,West,Oregon,Men'S Athletic Footwear,80,78,6240,In-Store
West Gear,23-07-2021,West,Oregon,Men'S Athletic Footwear,90,70,6300,In-Store
West Gear,17-01-2021,West,Oregon,Men'S Athletic Footwear,45,40,1800,In-Store
West Gear,17-02-2021,West,Oregon,Men'S Athletic Footwear,45,40,1800,In-Store
West Gear,24-01-2021,West,Utah,Men'S Athletic Footwear,40,35,1400,In-Store
West Gear,24-02-2021,West,Utah,Men'S Athletic Footwear,40,35,1400,In-Store
West Gear,24-10-2021,West,Oregon,Men'S Street Footwear,40,35,1400,In-Store
West Gear,23-03-2021,West,Oregon,Men'S Street Footwear,40,48,1920,In-Store
West Gear,24-11-2021,West,Oregon,Men'S Street Footwear,45,58,2610,In-Store
West Gear,25-05-2021,West,Oregon,Men'S Street Footwear,50,50,2500,In-Store
West Gear,25-09-2021,West,Oregon,Men'S Street Footwear,50,45,2250,In-Store
West Gear,24-06-2021,West,Oregon,Men'S Street Footwear,55,78,4290,In-Store
West Gear,24-04-2021,West,Oregon,Men'S Street Footwear,55,48,2640,In-Store
West Gear,23-12-2021,West,Oregon,Men'S Street Footwear,65,75,4875,In-Store
West Gear,23-07-2021,West,Oregon,Men'S Street Footwear,85,85,7225,In-Store
West Gear,24-08-2021,West,Oregon,Men'S Street Footwear,90,80,7200,In-Store
West Gear,17-01-2021,West,Oregon,Men'S Street Footwear,35,40,1400,In-Store
West Gear,17-02-2021,West,Oregon,Men'S Street Footwear,35,50,1750,In-Store
West Gear,24-01-2021,West,Utah,Men'S Street Footwear,30,35,1050,In-Store
West Gear,24-02-2021,West,Utah,Men'S Street Footwear,30,45,1350,In-Store
West Gear,24-02-2021,West,Oregon,Women'S Apparel,40,33,1320,In-Store
West Gear,25-09-2021,West,Oregon,Women'S Apparel,45,25,1125,In-Store
West Gear,23-03-2021,West,Oregon,Women'S Apparel,50,30,1500,In-Store
West Gear,25-05-2021,West,Oregon,Women'S Apparel,60,53,3180,In-Store
West Gear,24-10-2021,West,Oregon,Women'S Apparel,60,35,2100,In-Store
West Gear,24-04-2021,West,Oregon,Women'S Apparel,65,30,1950,In-Store
West Gear,24-08-2021,West,Oregon,Women'S Apparel,75,25,1875,In-Store
West Gear,24-11-2021,West,Oregon,Women'S Apparel,80,55,4400,In-Store
West Gear,23-12-2021,West,Oregon,Women'S Apparel,85,58,4930,In-Store
West Gear,23-07-2021,West,Oregon,Women'S Apparel,105,60,6300,In-Store
West Gear,24-06-2021,West,Oregon,Women'S Apparel,105,70,7350,In-Store
West Gear,17-01-2021,West,Oregon,Women'S Apparel,45,45,2025,In-Store
West Gear,24-01-2021,West,Utah,Women'S Apparel,40,40,1600,In-Store
West Gear,24-02-2021,West,Oregon,Women'S Athletic Footwear,40,20,800,In-Store
West Gear,24-04-2021,West,Oregon,Women'S Athletic Footwear,45,23,1035,In-Store
West Gear,24-10-2021,West,Oregon,Women'S Athletic Footwear,45,33,1485,In-Store
West Gear,23-03-2021,West,Oregon,Women'S Athletic Footwear,50,25,1250,In-Store
West Gear,25-05-2021,West,Oregon,Women'S Athletic Footwear,50,28,1400,In-Store
West Gear,25-09-2021,West,Oregon,Women'S Athletic Footwear,50,20,1000,In-Store
West Gear,24-11-2021,West,Oregon,Women'S Athletic Footwear,55,45,2475,In-Store
West Gear,24-08-2021,West,Oregon,Women'S Athletic Footwear,70,43,3010,In-Store
West Gear,23-12-2021,West,Oregon,Women'S Athletic Footwear,70,55,3850,In-Store
West Gear,24-06-2021,West,Oregon,Women'S Athletic Footwear,80,53,4240,In-Store
West Gear,23-07-2021,West,Oregon,Women'S Athletic Footwear,85,55,4675,In-Store
West Gear,17-01-2021,West,Oregon,Women'S Athletic Footwear,45,25,1125,In-Store
West Gear,24-01-2021,West,Utah,Women'S Athletic Footwear,40,20,800,In-Store
West Gear,24-11-2021,West,Oregon,Women'S Street Footwear,45,48,2160,In-Store
West Gear,25-09-2021,West,Oregon,Women'S Street Footwear,50,25,1250,In-Store
West Gear,24-10-2021,West,Oregon,Women'S Street Footwear,50,35,1750,In-Store
West Gear,23-03-2021,West,Oregon,Women'S Street Footwear,55,35,1925,In-Store
West Gear,25-05-2021,West,Oregon,Women'S Street Footwear,55,35,1925,In-Store
West Gear,24-04-2021,West,Oregon,Women'S Street Footwear,60,33,1980,In-Store
West Gear,24-08-2021,West,Oregon,Women'S Street Footwear,70,65,4550,In-Store
West Gear,23-12-2021,West,Oregon,Women'S Street Footwear,70,55,3850,In-Store
West Gear,24-06-2021,West,Oregon,Women'S Street Footwear,80,65,5200,In-Store
West Gear,23-07-2021,West,Oregon,Women'S Street Footwear,90,65,5850,In-Store
West Gear,17-01-2021,West,Oregon,Women'S Street Footwear,45,40,1800,In-Store
West Gear,17-02-2021,West,Oregon,Women'S Street Footwear,45,40,1800,In-Store
West Gear,24-01-2021,West,Utah,Women'S Street Footwear,40,35,1400,In-Store
West Gear,24-02-2021,West,Utah,Women'S Street Footwear,40,35,1400,In-Store
Foot Locker,05-03-2021,Midwest,Iowa,Men'S Apparel,30,15,450,In-Store
Foot Locker,07-09-2021,Midwest,Iowa,Men'S Apparel,35,15,525,In-Store
Foot Locker,06-06-2021,Midwest,Iowa,Men'S Apparel,35,18,630,In-Store
Foot Locker,06-02-2021,Midwest,Iowa,Men'S Apparel,40,15,600,In-Store
Foot Locker,06-10-2021,Midwest,Iowa,Men'S Apparel,45,13,585,In-Store
Foot Locker,07-05-2021,Midwest,Iowa,Men'S Apparel,45,15,675,In-Store
Foot Locker,06-08-2021,Midwest,Iowa,Men'S Apparel,50,18,900,In-Store
Foot Locker,05-07-2021,Midwest,Iowa,Men'S Apparel,50,20,1000,In-Store
Foot Locker,06-04-2021,Midwest,Iowa,Men'S Apparel,60,13,780,In-Store
Foot Locker,18-01-2021,Midwest,Michigan,Men'S Apparel,40,33,1320,In-Store
Foot Locker,15-12-2021,Midwest,Michigan,Men'S Apparel,60,55,3300,In-Store
Foot Locker,19-09-2021,Midwest,Missouri,Men'S Apparel,25,28,700,In-Store
Foot Locker,18-10-2021,Midwest,Missouri,Men'S Apparel,35,23,805,In-Store
Foot Locker,18-08-2021,Midwest,Missouri,Men'S Apparel,35,30,1050,In-Store
Foot Locker,18-04-2021,Midwest,Missouri,Men'S Apparel,40,23,920,In-Store
Foot Locker,18-02-2021,Midwest,Missouri,Men'S Apparel,40,33,1320,In-Store
Foot Locker,18-06-2021,Midwest,Missouri,Men'S Apparel,40,35,1400,In-Store
Foot Locker,17-07-2021,Midwest,Missouri,Men'S Apparel,40,38,1520,In-Store
Foot Locker,19-05-2021,Midwest,Missouri,Men'S Apparel,45,25,1125,In-Store
Foot Locker,18-11-2021,Midwest,Missouri,Men'S Apparel,45,30,1350,In-Store
Foot Locker,17-03-2021,Midwest,Missouri,Men'S Apparel,45,25,1125,In-Store
Foot Locker,09-11-2021,Midwest,North Dakota,Men'S Apparel,60,15,900,In-Store
Foot Locker,08-12-2021,Midwest,North Dakota,Men'S Apparel,60,20,1200,In-Store
Foot Locker,06-01-2021,Midwest,North Dakota,Men'S Apparel,40,15,600,In-Store
Foot Locker,05-03-2021,Midwest,Iowa,Men'S Athletic Footwear,20,18,360,In-Store
Foot Locker,06-04-2021,Midwest,Iowa,Men'S Athletic Footwear,20,18,360,In-Store
Foot Locker,06-06-2021,Midwest,Iowa,Men'S Athletic Footwear,30,28,840,In-Store
Foot Locker,07-09-2021,Midwest,Iowa,Men'S Athletic Footwear,30,28,840,In-Store
Foot Locker,06-10-2021,Midwest,Iowa,Men'S Athletic Footwear,35,25,875,In-Store
Foot Locker,07-05-2021,Midwest,Iowa,Men'S Athletic Footwear,40,23,920,In-Store
Foot Locker,05-07-2021,Midwest,Iowa,Men'S Athletic Footwear,45,30,1350,In-Store
Foot Locker,06-08-2021,Midwest,Iowa,Men'S Athletic Footwear,45,30,1350,In-Store
Foot Locker,18-02-2021,Midwest,Michigan,Men'S Athletic Footwear,30,33,990,In-Store
Foot Locker,18-01-2021,Midwest,Michigan,Men'S Athletic Footwear,30,43,1290,In-Store
Foot Locker,18-10-2021,Midwest,Missouri,Men'S Athletic Footwear,25,35,875,In-Store
Foot Locker,18-11-2021,Midwest,Missouri,Men'S Athletic Footwear,25,35,875,In-Store
Foot Locker,18-04-2021,Midwest,Missouri,Men'S Athletic Footwear,30,28,840,In-Store
Foot Locker,18-06-2021,Midwest,Missouri,Men'S Athletic Footwear,30,35,1050,In-Store
Foot Locker,19-09-2021,Midwest,Missouri,Men'S Athletic Footwear,30,40,1200,In-Store
Foot Locker,17-03-2021,Midwest,Missouri,Men'S Athletic Footwear,35,30,1050,In-Store
Foot Locker,17-12-2021,Midwest,Missouri,Men'S Athletic Footwear,35,45,1575,In-Store
Foot Locker,19-05-2021,Midwest,Missouri,Men'S Athletic Footwear,35,33,1155,In-Store
Foot Locker,17-07-2021,Midwest,Missouri,Men'S Athletic Footwear,35,50,1750,In-Store
Foot Locker,18-08-2021,Midwest,Missouri,Men'S Athletic Footwear,40,48,1920,In-Store
Foot Locker,09-11-2021,Midwest,North Dakota,Men'S Athletic Footwear,40,25,1000,In-Store
Foot Locker,08-12-2021,Midwest,North Dakota,Men'S Athletic Footwear,50,30,1500,In-Store
Foot Locker,06-02-2021,Midwest,North Dakota,Men'S Athletic Footwear,30,15,450,In-Store
Foot Locker,06-01-2021,Midwest,North Dakota,Men'S Athletic Footwear,30,25,750,In-Store
Foot Locker,05-03-2021,Midwest,Iowa,Men'S Street Footwear,20,47,940,In-Store
Foot Locker,06-04-2021,Midwest,Iowa,Men'S Street Footwear,20,48,960,In-Store
Foot Locker,07-09-2021,Midwest,Iowa,Men'S Street Footwear,35,48,1680,In-Store
Foot Locker,06-06-2021,Midwest,Iowa,Men'S Street Footwear,35,53,1855,In-Store
Foot Locker,06-10-2021,Midwest,Iowa,Men'S Street Footwear,45,40,1800,In-Store
Foot Locker,06-08-2021,Midwest,Iowa,Men'S Street Footwear,50,53,2650,In-Store
Foot Locker,05-07-2021,Midwest,Iowa,Men'S Street Footwear,50,55,2750,In-Store
Foot Locker,07-05-2021,Midwest,Iowa,Men'S Street Footwear,60,52,3120,In-Store
Foot Locker,18-01-2021,Midwest,Michigan,Men'S Street Footwear,30,63,1890,In-Store
Foot Locker,18-02-2021,Midwest,Michigan,Men'S Street Footwear,30,68,2040,In-Store
Foot Locker,18-11-2021,Midwest,Missouri,Men'S Street Footwear,35,50,1750,In-Store
Foot Locker,18-10-2021,Midwest,Missouri,Men'S Street Footwear,35,53,1855,In-Store
Foot Locker,18-04-2021,Midwest,Missouri,Men'S Street Footwear,35,58,2030,In-Store
Foot Locker,18-06-2021,Midwest,Missouri,Men'S Street Footwear,35,60,2100,In-Store
Foot Locker,19-09-2021,Midwest,Missouri,Men'S Street Footwear,35,60,2100,In-Store
Foot Locker,17-03-2021,Midwest,Missouri,Men'S Street Footwear,35,62,2170,In-Store
Foot Locker,19-05-2021,Midwest,Missouri,Men'S Street Footwear,40,62,2480,In-Store
Foot Locker,18-08-2021,Midwest,Missouri,Men'S Street Footwear,40,70,2800,In-Store
Foot Locker,17-07-2021,Midwest,Missouri,Men'S Street Footwear,40,75,3000,In-Store
Foot Locker,17-12-2021,Midwest,Missouri,Men'S Street Footwear,45,65,2925,In-Store
Foot Locker,06-01-2021,Midwest,North Dakota,Men'S Street Footwear,30,45,1350,In-Store
Foot Locker,06-02-2021,Midwest,North Dakota,Men'S Street Footwear,30,50,1500,In-Store
Foot Locker,09-11-2021,Midwest,North Dakota,Men'S Street Footwear,50,40,2000,In-Store
Foot Locker,08-12-2021,Midwest,North Dakota,Men'S Street Footwear,60,50,3000,In-Store
Foot Locker,06-02-2021,Midwest,Iowa,Women'S Apparel,15,25,375,In-Store
Foot Locker,05-03-2021,Midwest,Iowa,Women'S Apparel,20,25,500,In-Store
Foot Locker,07-09-2021,Midwest,Iowa,Women'S Apparel,40,23,920,In-Store
Foot Locker,07-05-2021,Midwest,Iowa,Women'S Apparel,50,28,1400,In-Store
Foot Locker,06-04-2021,Midwest,Iowa,Women'S Apparel,50,25,1250,In-Store
Foot Locker,06-06-2021,Midwest,Iowa,Women'S Apparel,55,33,1815,In-Store
Foot Locker,06-08-2021,Midwest,Iowa,Women'S Apparel,55,35,1925,In-Store
Foot Locker,05-07-2021,Midwest,Iowa,Women'S Apparel,55,38,2090,In-Store
Foot Locker,18-01-2021,Midwest,Michigan,Women'S Apparel,30,43,1290,In-Store
Foot Locker,15-12-2021,Midwest,Michigan,Women'S Apparel,65,65,4225,In-Store
Foot Locker,18-02-2021,Midwest,Missouri,Women'S Apparel,30,40,1200,In-Store
Foot Locker,18-04-2021,Midwest,Missouri,Women'S Apparel,30,35,1050,In-Store
Foot Locker,19-09-2021,Midwest,Missouri,Women'S Apparel,30,35,1050,In-Store
Foot Locker,17-03-2021,Midwest,Missouri,Women'S Apparel,35,35,1225,In-Store
Foot Locker,18-10-2021,Midwest,Missouri,Women'S Apparel,40,35,1400,In-Store
Foot Locker,18-08-2021,Midwest,Missouri,Women'S Apparel,40,48,1920,In-Store
Foot Locker,18-06-2021,Midwest,Missouri,Women'S Apparel,45,53,2385,In-Store
Foot Locker,17-07-2021,Midwest,Missouri,Women'S Apparel,45,55,2475,In-Store
Foot Locker,18-11-2021,Midwest,Missouri,Women'S Apparel,50,40,2000,In-Store
Foot Locker,19-05-2021,Midwest,Missouri,Women'S Apparel,50,35,1750,In-Store
Foot Locker,06-01-2021,Midwest,North Dakota,Women'S Apparel,30,25,750,In-Store
Foot Locker,09-10-2021,Midwest,North Dakota,Women'S Apparel,55,25,1375,In-Store
Foot Locker,09-11-2021,Midwest,North Dakota,Women'S Apparel,65,25,1625,In-Store
Foot Locker,08-12-2021,Midwest,North Dakota,Women'S Apparel,65,30,1950,In-Store
Foot Locker,05-03-2021,Midwest,Iowa,Women'S Athletic Footwear,15,10,150,In-Store
Foot Locker,06-04-2021,Midwest,Iowa,Women'S Athletic Footwear,15,10,150,In-Store
Foot Locker,06-02-2021,Midwest,Iowa,Women'S Athletic Footwear,25,8,200,In-Store
Foot Locker,07-09-2021,Midwest,Iowa,Women'S Athletic Footwear,25,15,375,In-Store
Foot Locker,06-06-2021,Midwest,Iowa,Women'S Athletic Footwear,25,18,450,In-Store
Foot Locker,07-05-2021,Midwest,Iowa,Women'S Athletic Footwear,35,13,455,In-Store
Foot Locker,06-10-2021,Midwest,Iowa,Women'S Athletic Footwear,35,13,455,In-Store
Foot Locker,05-07-2021,Midwest,Iowa,Women'S Athletic Footwear,40,18,720,In-Store
Foot Locker,06-08-2021,Midwest,Iowa,Women'S Athletic Footwear,40,20,800,In-Store
Foot Locker,15-12-2021,Midwest,Michigan,Women'S Athletic Footwear,50,55,2750,In-Store
Foot Locker,18-01-2021,Midwest,Michigan,Women'S Athletic Footwear,25,28,700,In-Store
Foot Locker,19-09-2021,Midwest,Missouri,Women'S Athletic Footwear,15,28,420,In-Store
Foot Locker,18-04-2021,Midwest,Missouri,Women'S Athletic Footwear,25,20,500,In-Store
Foot Locker,18-10-2021,Midwest,Missouri,Women'S Athletic Footwear,25,23,575,In-Store
Foot Locker,18-02-2021,Midwest,Missouri,Women'S Athletic Footwear,25,25,625,In-Store
Foot Locker,18-08-2021,Midwest,Missouri,Women'S Athletic Footwear,25,33,825,In-Store
Foot Locker,18-11-2021,Midwest,Missouri,Women'S Athletic Footwear,25,33,825,In-Store
Foot Locker,18-06-2021,Midwest,Missouri,Women'S Athletic Footwear,25,35,875,In-Store
Foot Locker,17-03-2021,Midwest,Missouri,Women'S Athletic Footwear,30,20,600,In-Store
Foot Locker,19-05-2021,Midwest,Missouri,Women'S Athletic Footwear,30,23,690,In-Store
Foot Locker,17-07-2021,Midwest,Missouri,Women'S Athletic Footwear,30,38,1140,In-Store
Foot Locker,06-01-2021,Midwest,North Dakota,Women'S Athletic Footwear,25,10,250,In-Store
Foot Locker,09-11-2021,Midwest,North Dakota,Women'S Athletic Footwear,40,18,720,In-Store
Foot Locker,08-12-2021,Midwest,North Dakota,Women'S Athletic Footwear,50,20,1000,In-Store
Foot Locker,06-04-2021,Midwest,Iowa,Women'S Street Footwear,10,18,180,In-Store
Foot Locker,05-03-2021,Midwest,Iowa,Women'S Street Footwear,10,23,230,In-Store
Foot Locker,07-09-2021,Midwest,Iowa,Women'S Street Footwear,25,18,450,In-Store
Foot Locker,06-06-2021,Midwest,Iowa,Women'S Street Footwear,25,20,500,In-Store
Foot Locker,06-10-2021,Midwest,Iowa,Women'S Street Footwear,35,15,525,In-Store
Foot Locker,07-05-2021,Midwest,Iowa,Women'S Street Footwear,35,20,700,In-Store
Foot Locker,05-07-2021,Midwest,Iowa,Women'S Street Footwear,40,23,920,In-Store
Foot Locker,06-08-2021,Midwest,Iowa,Women'S Street Footwear,40,23,920,In-Store
Foot Locker,15-12-2021,Midwest,Michigan,Women'S Street Footwear,50,60,3000,In-Store
Foot Locker,18-02-2021,Midwest,Michigan,Women'S Street Footwear,20,38,760,In-Store
Foot Locker,18-01-2021,Midwest,Michigan,Women'S Street Footwear,20,43,860,In-Store
Foot Locker,19-09-2021,Midwest,Missouri,Women'S Street Footwear,15,30,450,In-Store
Foot Locker,18-04-2021,Midwest,Missouri,Women'S Street Footwear,20,28,560,In-Store
Foot Locker,18-10-2021,Midwest,Missouri,Women'S Street Footwear,25,25,625,In-Store
Foot Locker,18-11-2021,Midwest,Missouri,Women'S Street Footwear,25,30,750,In-Store
Foot Locker,17-03-2021,Midwest,Missouri,Women'S Street Footwear,25,35,875,In-Store
Foot Locker,18-06-2021,Midwest,Missouri,Women'S Street Footwear,25,38,950,In-Store
Foot Locker,19-05-2021,Midwest,Missouri,Women'S Street Footwear,30,30,900,In-Store
Foot Locker,17-07-2021,Midwest,Missouri,Women'S Street Footwear,30,43,1290,In-Store
Foot Locker,18-08-2021,Midwest,Missouri,Women'S Street Footwear,35,40,1400,In-Store
Foot Locker,06-02-2021,Midwest,North Dakota,Women'S Street Footwear,20,20,400,In-Store
Foot Locker,06-01-2021,Midwest,North Dakota,Women'S Street Footwear,20,25,500,In-Store
Foot Locker,09-11-2021,Midwest,North Dakota,Women'S Street Footwear,40,20,800,In-Store
Foot Locker,08-12-2021,Midwest,North Dakota,Women'S Street Footwear,50,25,1250,In-Store
Sports Direct,15-03-2021,Midwest,Michigan,Men'S Apparel,45,38,1710,In-Store
Sports Direct,17-02-2021,Midwest,Michigan,Men'S Apparel,45,45,2025,In-Store
Sports Direct,15-09-2021,Midwest,Michigan,Men'S Apparel,45,48,2160,In-Store
Sports Direct,16-08-2021,Midwest,Michigan,Men'S Apparel,45,50,2250,In-Store
Sports Direct,16-04-2021,Midwest,Michigan,Men'S Apparel,50,40,2000,In-Store
Sports Direct,17-10-2021,Midwest,Michigan,Men'S Apparel,50,40,2000,In-Store
Sports Direct,15-05-2021,Midwest,Michigan,Men'S Apparel,55,48,2640,In-Store
Sports Direct,16-11-2021,Midwest,Michigan,Men'S Apparel,60,45,2700,In-Store
Sports Direct,17-06-2021,Midwest,Michigan,Men'S Apparel,60,53,3180,In-Store
Sports Direct,15-07-2021,Midwest,Michigan,Men'S Apparel,60,55,3300,In-Store
Sports Direct,10-09-2021,Midwest,North Dakota,Men'S Apparel,40,15,600,In-Store
Sports Direct,09-06-2021,Midwest,North Dakota,Men'S Apparel,40,18,720,In-Store
Sports Direct,10-05-2021,Midwest,North Dakota,Men'S Apparel,50,13,650,In-Store
Sports Direct,09-10-2021,Midwest,North Dakota,Men'S Apparel,50,13,650,In-Store
Sports Direct,09-08-2021,Midwest,North Dakota,Men'S Apparel,50,18,900,In-Store
Sports Direct,08-07-2021,Midwest,North Dakota,Men'S Apparel,50,20,1000,In-Store
Sports Direct,09-04-2021,Midwest,North Dakota,Men'S Apparel,60,10,600,In-Store
Sports Direct,15-03-2021,Midwest,Michigan,Men'S Athletic Footwear,35,45,1575,In-Store
Sports Direct,16-04-2021,Midwest,Michigan,Men'S Athletic Footwear,40,43,1720,In-Store
Sports Direct,17-10-2021,Midwest,Michigan,Men'S Athletic Footwear,40,58,2320,In-Store
Sports Direct,15-09-2021,Midwest,Michigan,Men'S Athletic Footwear,40,60,2400,In-Store
Sports Direct,16-11-2021,Midwest,Michigan,Men'S Athletic Footwear,45,50,2250,In-Store
Sports Direct,15-05-2021,Midwest,Michigan,Men'S Athletic Footwear,50,50,2500,In-Store
Sports Direct,17-06-2021,Midwest,Michigan,Men'S Athletic Footwear,50,58,2900,In-Store
Sports Direct,15-12-2021,Midwest,Michigan,Men'S Athletic Footwear,50,65,3250,In-Store
Sports Direct,15-07-2021,Midwest,Michigan,Men'S Athletic Footwear,55,65,3575,In-Store
Sports Direct,16-08-2021,Midwest,Michigan,Men'S Athletic Footwear,55,65,3575,In-Store
Sports Direct,09-06-2021,Midwest,North Dakota,Men'S Athletic Footwear,35,25,875,In-Store
Sports Direct,10-09-2021,Midwest,North Dakota,Men'S Athletic Footwear,35,28,980,In-Store
Sports Direct,09-10-2021,Midwest,North Dakota,Men'S Athletic Footwear,40,25,1000,In-Store
Sports Direct,10-05-2021,Midwest,North Dakota,Men'S Athletic Footwear,45,20,900,In-Store
Sports Direct,08-07-2021,Midwest,North Dakota,Men'S Athletic Footwear,45,30,1350,In-Store
Sports Direct,09-08-2021,Midwest,North Dakota,Men'S Athletic Footwear,45,30,1350,In-Store
Sports Direct,16-04-2021,Midwest,Michigan,Men'S Street Footwear,35,73,2555,In-Store
Sports Direct,15-03-2021,Midwest,Michigan,Men'S Street Footwear,35,77,2695,In-Store
Sports Direct,15-09-2021,Midwest,Michigan,Men'S Street Footwear,45,80,3600,In-Store
Sports Direct,15-05-2021,Midwest,Michigan,Men'S Street Footwear,50,80,4000,In-Store
Sports Direct,16-11-2021,Midwest,Michigan,Men'S Street Footwear,50,68,3400,In-Store
Sports Direct,17-10-2021,Midwest,Michigan,Men'S Street Footwear,50,75,3750,In-Store
Sports Direct,17-06-2021,Midwest,Michigan,Men'S Street Footwear,55,83,4565,In-Store
Sports Direct,15-12-2021,Midwest,Michigan,Men'S Street Footwear,60,85,5100,In-Store
Sports Direct,16-08-2021,Midwest,Michigan,Men'S Street Footwear,60,88,5280,In-Store
Sports Direct,15-07-2021,Midwest,Michigan,Men'S Street Footwear,60,90,5400,In-Store
Sports Direct,10-09-2021,Midwest,North Dakota,Men'S Street Footwear,40,48,1920,In-Store
Sports Direct,09-06-2021,Midwest,North Dakota,Men'S Street Footwear,40,50,2000,In-Store
Sports Direct,09-10-2021,Midwest,North Dakota,Men'S Street Footwear,50,40,2000,In-Store
Sports Direct,09-08-2021,Midwest,North Dakota,Men'S Street Footwear,50,53,2650,In-Store
Sports Direct,08-07-2021,Midwest,North Dakota,Men'S Street Footwear,50,55,2750,In-Store
Sports Direct,10-05-2021,Midwest,North Dakota,Men'S Street Footwear,60,50,3000,In-Store
Sports Direct,15-03-2021,Midwest,Michigan,Women'S Apparel,35,48,1680,In-Store
Sports Direct,17-02-2021,Midwest,Michigan,Women'S Apparel,35,55,1925,In-Store
Sports Direct,16-04-2021,Midwest,Michigan,Women'S Apparel,40,53,2120,In-Store
Sports Direct,15-09-2021,Midwest,Michigan,Women'S Apparel,50,58,2900,In-Store
Sports Direct,16-08-2021,Midwest,Michigan,Women'S Apparel,50,68,3400,In-Store
Sports Direct,17-10-2021,Midwest,Michigan,Women'S Apparel,55,53,2915,In-Store
Sports Direct,15-05-2021,Midwest,Michigan,Women'S Apparel,60,58,3480,In-Store
Sports Direct,16-11-2021,Midwest,Michigan,Women'S Apparel,65,63,4095,In-Store
Sports Direct,17-06-2021,Midwest,Michigan,Women'S Apparel,65,68,4420,In-Store
Sports Direct,15-07-2021,Midwest,Michigan,Women'S Apparel,65,73,4745,In-Store
Sports Direct,10-09-2021,Midwest,North Dakota,Women'S Apparel,45,23,1035,In-Store
Sports Direct,09-04-2021,Midwest,North Dakota,Women'S Apparel,50,23,1150,In-Store
Sports Direct,10-05-2021,Midwest,North Dakota,Women'S Apparel,55,25,1375,In-Store
Sports Direct,09-06-2021,Midwest,North Dakota,Women'S Apparel,55,33,1815,In-Store
Sports Direct,09-08-2021,Midwest,North Dakota,Women'S Apparel,55,35,1925,In-Store
Sports Direct,08-07-2021,Midwest,North Dakota,Women'S Apparel,55,38,2090,In-Store
Sports Direct,15-03-2021,Midwest,Michigan,Women'S Athletic Footwear,30,33,990,In-Store
Sports Direct,17-02-2021,Midwest,Michigan,Women'S Athletic Footwear,30,38,1140,In-Store
Sports Direct,16-04-2021,Midwest,Michigan,Women'S Athletic Footwear,35,38,1330,In-Store
Sports Direct,15-09-2021,Midwest,Michigan,Women'S Athletic Footwear,35,48,1680,In-Store
Sports Direct,16-08-2021,Midwest,Michigan,Women'S Athletic Footwear,35,53,1855,In-Store
Sports Direct,17-10-2021,Midwest,Michigan,Women'S Athletic Footwear,40,40,1600,In-Store
Sports Direct,15-05-2021,Midwest,Michigan,Women'S Athletic Footwear,45,45,2025,In-Store
Sports Direct,17-06-2021,Midwest,Michigan,Women'S Athletic Footwear,45,53,2385,In-Store
Sports Direct,16-11-2021,Midwest,Michigan,Women'S Athletic Footwear,45,48,2160,In-Store
Sports Direct,15-07-2021,Midwest,Michigan,Women'S Athletic Footwear,50,53,2650,In-Store
Sports Direct,10-09-2021,Midwest,North Dakota,Women'S Athletic Footwear,30,15,450,In-Store
Sports Direct,09-06-2021,Midwest,North Dakota,Women'S Athletic Footwear,30,18,540,In-Store
Sports Direct,10-05-2021,Midwest,North Dakota,Women'S Athletic Footwear,40,10,400,In-Store
Sports Direct,09-10-2021,Midwest,North Dakota,Women'S Athletic Footwear,40,13,520,In-Store
Sports Direct,08-07-2021,Midwest,North Dakota,Women'S Athletic Footwear,40,18,720,In-Store
Sports Direct,09-08-2021,Midwest,North Dakota,Women'S Athletic Footwear,40,20,800,In-Store
Sports Direct,15-03-2021,Midwest,Michigan,Women'S Street Footwear,25,48,1200,In-Store
Sports Direct,16-04-2021,Midwest,Michigan,Women'S Street Footwear,30,45,1350,In-Store
Sports Direct,15-09-2021,Midwest,Michigan,Women'S Street Footwear,35,50,1750,In-Store
Sports Direct,17-10-2021,Midwest,Michigan,Women'S Street Footwear,40,43,1720,In-Store
Sports Direct,15-05-2021,Midwest,Michigan,Women'S Street Footwear,45,48,2160,In-Store
Sports Direct,17-06-2021,Midwest,Michigan,Women'S Street Footwear,45,55,2475,In-Store
Sports Direct,16-08-2021,Midwest,Michigan,Women'S Street Footwear,45,58,2610,In-Store
Sports Direct,16-11-2021,Midwest,Michigan,Women'S Street Footwear,45,45,2025,In-Store
Sports Direct,15-07-2021,Midwest,Michigan,Women'S Street Footwear,50,58,2900,In-Store
Sports Direct,10-09-2021,Midwest,North Dakota,Women'S Street Footwear,30,18,540,In-Store
Sports Direct,09-06-2021,Midwest,North Dakota,Women'S Street Footwear,30,20,600,In-Store
Sports Direct,09-10-2021,Midwest,North Dakota,Women'S Street Footwear,40,15,600,In-Store
Sports Direct,10-05-2021,Midwest,North Dakota,Women'S Street Footwear,40,18,720,In-Store
Sports Direct,08-07-2021,Midwest,North Dakota,Women'S Street Footwear,40,23,920,In-Store
Sports Direct,09-08-2021,Midwest,North Dakota,Women'S Street Footwear,40,23,920,In-Store
West Gear,11-09-2021,Midwest,Indiana,Men'S Apparel,35,15,525,In-Store
West Gear,09-03-2021,Midwest,Indiana,Men'S Apparel,35,18,630,In-Store
West Gear,10-06-2021,Midwest,Indiana,Men'S Apparel,40,18,720,In-Store
West Gear,10-10-2021,Midwest,Indiana,Men'S Apparel,45,15,675,In-Store
West Gear,10-02-2021,Midwest,Indiana,Men'S Apparel,45,20,900,In-Store
West Gear,11-05-2021,Midwest,Indiana,Men'S Apparel,45,20,900,In-Store
West Gear,10-08-2021,Midwest,Indiana,Men'S Apparel,50,18,900,In-Store
West Gear,09-07-2021,Midwest,Indiana,Men'S Apparel,55,20,1100,In-Store
West Gear,10-11-2021,Midwest,Indiana,Men'S Apparel,60,25,1500,In-Store
West Gear,09-12-2021,Midwest,Indiana,Men'S Apparel,60,30,1800,In-Store
West Gear,10-04-2021,Midwest,Indiana,Men'S Apparel,65,15,975,In-Store
West Gear,17-01-2021,Midwest,Indiana,Men'S Apparel,45,20,900,In-Store
West Gear,03-01-2021,Midwest,Iowa,Men'S Apparel,40,15,600,In-Store
West Gear,06-11-2021,Midwest,Iowa,Men'S Apparel,60,18,1080,In-Store
West Gear,05-12-2021,Midwest,Iowa,Men'S Apparel,60,23,1380,In-Store
West Gear,11-01-2021,Midwest,Missouri,Men'S Apparel,35,38,1330,In-Store
West Gear,17-12-2021,Midwest,Missouri,Men'S Apparel,45,35,1575,In-Store
West Gear,10-01-2021,Midwest,Wisconsin,Men'S Apparel,45,20,900,In-Store
West Gear,02-03-2021,Midwest,Wisconsin,Men'S Apparel,30,13,390,In-Store
West Gear,04-09-2021,Midwest,Wisconsin,Men'S Apparel,35,13,455,In-Store
West Gear,03-06-2021,Midwest,Wisconsin,Men'S Apparel,35,18,630,In-Store
West Gear,03-02-2021,Midwest,Wisconsin,Men'S Apparel,40,15,600,In-Store
West Gear,03-10-2021,Midwest,Wisconsin,Men'S Apparel,45,13,585,In-Store
West Gear,04-05-2021,Midwest,Wisconsin,Men'S Apparel,45,18,810,In-Store
West Gear,03-08-2021,Midwest,Wisconsin,Men'S Apparel,50,18,900,In-Store
West Gear,02-07-2021,Midwest,Wisconsin,Men'S Apparel,50,20,1000,In-Store
West Gear,03-04-2021,Midwest,Wisconsin,Men'S Apparel,60,10,600,In-Store
West Gear,03-11-2021,Midwest,Wisconsin,Men'S Apparel,60,20,1200,In-Store
West Gear,02-12-2021,Midwest,Wisconsin,Men'S Apparel,60,25,1500,In-Store
West Gear,10-04-2021,Midwest,Indiana,Men'S Athletic Footwear,25,20,500,In-Store
West Gear,09-03-2021,Midwest,Indiana,Men'S Athletic Footwear,25,23,575,In-Store
West Gear,11-09-2021,Midwest,Indiana,Men'S Athletic Footwear,30,28,840,In-Store
West Gear,10-10-2021,Midwest,Indiana,Men'S Athletic Footwear,35,25,875,In-Store
West Gear,17-01-2021,Midwest,Indiana,Men'S Athletic Footwear,35,30,1050,In-Store
West Gear,10-11-2021,Midwest,Indiana,Men'S Athletic Footwear,35,33,1155,In-Store
West Gear,10-06-2021,Midwest,Indiana,Men'S Athletic Footwear,35,33,1155,In-Store
West Gear,17-02-2021,Midwest,Indiana,Men'S Athletic Footwear,40,20,800,In-Store
West Gear,11-05-2021,Midwest,Indiana,Men'S Athletic Footwear,40,25,1000,In-Store
West Gear,10-08-2021,Midwest,Indiana,Men'S Athletic Footwear,45,30,1350,In-Store
West Gear,09-12-2021,Midwest,Indiana,Men'S Athletic Footwear,50,40,2000,In-Store
West Gear,09-07-2021,Midwest,Indiana,Men'S Athletic Footwear,50,30,1500,In-Store
West Gear,03-02-2021,Midwest,Iowa,Men'S Athletic Footwear,30,15,450,In-Store
West Gear,03-01-2021,Midwest,Iowa,Men'S Athletic Footwear,30,25,750,In-Store
West Gear,06-11-2021,Midwest,Iowa,Men'S Athletic Footwear,35,28,980,In-Store
West Gear,05-12-2021,Midwest,Iowa,Men'S Athletic Footwear,50,33,1650,In-Store
West Gear,11-02-2021,Midwest,Missouri,Men'S Athletic Footwear,25,38,950,In-Store
West Gear,11-01-2021,Midwest,Missouri,Men'S Athletic Footwear,25,48,1200,In-Store
West Gear,03-04-2021,Midwest,Wisconsin,Men'S Athletic Footwear,20,15,300,In-Store
West Gear,02-03-2021,Midwest,Wisconsin,Men'S Athletic Footwear,20,18,360,In-Store
West Gear,04-09-2021,Midwest,Wisconsin,Men'S Athletic Footwear,30,25,750,In-Store
West Gear,03-06-2021,Midwest,Wisconsin,Men'S Athletic Footwear,30,30,900,In-Store
West Gear,03-10-2021,Midwest,Wisconsin,Men'S Athletic Footwear,35,23,805,In-Store
West Gear,03-11-2021,Midwest,Wisconsin,Men'S Athletic Footwear,35,30,1050,In-Store
West Gear,04-05-2021,Midwest,Wisconsin,Men'S Athletic Footwear,40,20,800,In-Store
West Gear,02-07-2021,Midwest,Wisconsin,Men'S Athletic Footwear,45,30,1350,In-Store
West Gear,03-08-2021,Midwest,Wisconsin,Men'S Athletic Footwear,45,30,1350,In-Store
West Gear,02-12-2021,Midwest,Wisconsin,Men'S Athletic Footwear,50,35,1750,In-Store
West Gear,10-02-2021,Midwest,Wisconsin,Men'S Athletic Footwear,35,20,700,In-Store
West Gear,10-01-2021,Midwest,Wisconsin,Men'S Athletic Footwear,35,30,1050,In-Store
West Gear,10-04-2021,Midwest,Indiana,Men'S Street Footwear,25,50,1250,In-Store
West Gear,09-03-2021,Midwest,Indiana,Men'S Street Footwear,25,52,1300,In-Store
West Gear,11-09-2021,Midwest,Indiana,Men'S Street Footwear,35,48,1680,In-Store
West Gear,17-01-2021,Midwest,Indiana,Men'S Street Footwear,35,50,1750,In-Store
West Gear,17-02-2021,Midwest,Indiana,Men'S Street Footwear,35,55,1925,In-Store
West Gear,10-06-2021,Midwest,Indiana,Men'S Street Footwear,40,58,2320,In-Store
West Gear,10-10-2021,Midwest,Indiana,Men'S Street Footwear,45,40,1800,In-Store
West Gear,10-11-2021,Midwest,Indiana,Men'S Street Footwear,45,43,1935,In-Store
West Gear,10-08-2021,Midwest,Indiana,Men'S Street Footwear,50,53,2650,In-Store
West Gear,09-07-2021,Midwest,Indiana,Men'S Street Footwear,55,55,3025,In-Store
West Gear,11-05-2021,Midwest,Indiana,Men'S Street Footwear,60,55,3300,In-Store
West Gear,09-12-2021,Midwest,Indiana,Men'S Street Footwear,60,60,3600,In-Store
West Gear,03-01-2021,Midwest,Iowa,Men'S Street Footwear,30,45,1350,In-Store
West Gear,03-02-2021,Midwest,Iowa,Men'S Street Footwear,30,50,1500,In-Store
West Gear,06-11-2021,Midwest,Iowa,Men'S Street Footwear,45,40,1800,In-Store
West Gear,05-12-2021,Midwest,Iowa,Men'S Street Footwear,60,53,3180,In-Store
West Gear,11-01-2021,Midwest,Missouri,Men'S Street Footwear,25,68,1700,In-Store
West Gear,11-02-2021,Midwest,Missouri,Men'S Street Footwear,25,73,1825,In-Store
West Gear,03-04-2021,Midwest,Wisconsin,Men'S Street Footwear,20,45,900,In-Store
West Gear,02-03-2021,Midwest,Wisconsin,Men'S Street Footwear,20,47,940,In-Store
West Gear,04-09-2021,Midwest,Wisconsin,Men'S Street Footwear,35,48,1680,In-Store
West Gear,03-06-2021,Midwest,Wisconsin,Men'S Street Footwear,35,55,1925,In-Store
West Gear,03-10-2021,Midwest,Wisconsin,Men'S Street Footwear,45,38,1710,In-Store
West Gear,03-11-2021,Midwest,Wisconsin,Men'S Street Footwear,45,40,1800,In-Store
West Gear,03-08-2021,Midwest,Wisconsin,Men'S Street Footwear,50,53,2650,In-Store
West Gear,02-07-2021,Midwest,Wisconsin,Men'S Street Footwear,50,55,2750,In-Store
West Gear,04-05-2021,Midwest,Wisconsin,Men'S Street Footwear,60,50,3000,In-Store
West Gear,02-12-2021,Midwest,Wisconsin,Men'S Street Footwear,60,55,3300,In-Store
West Gear,10-01-2021,Midwest,Wisconsin,Men'S Street Footwear,35,50,1750,In-Store
West Gear,10-02-2021,Midwest,Wisconsin,Men'S Street Footwear,35,55,1925,In-Store
West Gear,10-02-2021,Midwest,Indiana,Women'S Apparel,20,30,600,In-Store
West Gear,09-03-2021,Midwest,Indiana,Women'S Apparel,25,28,700,In-Store
West Gear,17-01-2021,Midwest,Indiana,Women'S Apparel,35,30,1050,In-Store
West Gear,11-09-2021,Midwest,Indiana,Women'S Apparel,40,23,920,In-Store
West Gear,10-10-2021,Midwest,Indiana,Women'S Apparel,50,28,1400,In-Store
West Gear,10-04-2021,Midwest,Indiana,Women'S Apparel,50,28,1400,In-Store
West Gear,11-05-2021,Midwest,Indiana,Women'S Apparel,55,33,1815,In-Store
West Gear,10-08-2021,Midwest,Indiana,Women'S Apparel,55,35,1925,In-Store
West Gear,10-06-2021,Midwest,Indiana,Women'S Apparel,60,33,1980,In-Store
West Gear,09-07-2021,Midwest,Indiana,Women'S Apparel,60,38,2280,In-Store
West Gear,10-11-2021,Midwest,Indiana,Women'S Apparel,65,35,2275,In-Store
West Gear,09-12-2021,Midwest,Indiana,Women'S Apparel,65,40,2600,In-Store
West Gear,03-01-2021,Midwest,Iowa,Women'S Apparel,30,25,750,In-Store
West Gear,06-10-2021,Midwest,Iowa,Women'S Apparel,50,25,1250,In-Store
West Gear,06-11-2021,Midwest,Iowa,Women'S Apparel,65,28,1820,In-Store
West Gear,05-12-2021,Midwest,Iowa,Women'S Apparel,65,33,2145,In-Store
West Gear,11-01-2021,Midwest,Missouri,Women'S Apparel,25,48,1200,In-Store
West Gear,17-12-2021,Midwest,Missouri,Women'S Apparel,50,45,2250,In-Store
West Gear,03-02-2021,Midwest,Wisconsin,Women'S Apparel,15,25,375,In-Store
West Gear,02-03-2021,Midwest,Wisconsin,Women'S Apparel,20,23,460,In-Store
West Gear,10-01-2021,Midwest,Wisconsin,Women'S Apparel,35,30,1050,In-Store
West Gear,04-09-2021,Midwest,Wisconsin,Women'S Apparel,40,20,800,In-Store
West Gear,03-10-2021,Midwest,Wisconsin,Women'S Apparel,50,25,1250,In-Store
West Gear,04-05-2021,Midwest,Wisconsin,Women'S Apparel,50,30,1500,In-Store
West Gear,03-04-2021,Midwest,Wisconsin,Women'S Apparel,50,23,1150,In-Store
West Gear,03-06-2021,Midwest,Wisconsin,Women'S Apparel,55,33,1815,In-Store
West Gear,03-08-2021,Midwest,Wisconsin,Women'S Apparel,55,35,1925,In-Store
West Gear,02-07-2021,Midwest,Wisconsin,Women'S Apparel,55,38,2090,In-Store
West Gear,03-11-2021,Midwest,Wisconsin,Women'S Apparel,65,30,1950,In-Store
West Gear,02-12-2021,Midwest,Wisconsin,Women'S Apparel,65,35,2275,In-Store
West Gear,09-03-2021,Midwest,Indiana,Women'S Athletic Footwear,20,13,260,In-Store
West Gear,10-04-2021,Midwest,Indiana,Women'S Athletic Footwear,20,13,260,In-Store
West Gear,11-09-2021,Midwest,Indiana,Women'S Athletic Footwear,25,15,375,In-Store
West Gear,10-02-2021,Midwest,Indiana,Women'S Athletic Footwear,30,13,390,In-Store
West Gear,10-06-2021,Midwest,Indiana,Women'S Athletic Footwear,30,18,540,In-Store
West Gear,10-10-2021,Midwest,Indiana,Women'S Athletic Footwear,35,15,525,In-Store
West Gear,11-05-2021,Midwest,Indiana,Women'S Athletic Footwear,35,18,630,In-Store
West Gear,10-11-2021,Midwest,Indiana,Women'S Athletic Footwear,35,28,980,In-Store
West Gear,10-08-2021,Midwest,Indiana,Women'S Athletic Footwear,40,20,800,In-Store
West Gear,09-07-2021,Midwest,Indiana,Women'S Athletic Footwear,45,18,810,In-Store
West Gear,09-12-2021,Midwest,Indiana,Women'S Athletic Footwear,50,30,1500,In-Store
West Gear,17-01-2021,Midwest,Indiana,Women'S Athletic Footwear,30,15,450,In-Store
West Gear,03-01-2021,Midwest,Iowa,Women'S Athletic Footwear,25,10,250,In-Store
West Gear,06-11-2021,Midwest,Iowa,Women'S Athletic Footwear,35,20,700,In-Store
West Gear,05-12-2021,Midwest,Iowa,Women'S Athletic Footwear,50,23,1150,In-Store
West Gear,11-01-2021,Midwest,Missouri,Women'S Athletic Footwear,20,33,660,In-Store
West Gear,17-12-2021,Midwest,Missouri,Women'S Athletic Footwear,35,35,1225,In-Store
West Gear,02-03-2021,Midwest,Wisconsin,Women'S Athletic Footwear,15,8,120,In-Store
West Gear,03-04-2021,Midwest,Wisconsin,Women'S Athletic Footwear,15,8,120,In-Store
West Gear,03-02-2021,Midwest,Wisconsin,Women'S Athletic Footwear,25,8,200,In-Store
West Gear,04-09-2021,Midwest,Wisconsin,Women'S Athletic Footwear,25,13,325,In-Store
West Gear,03-06-2021,Midwest,Wisconsin,Women'S Athletic Footwear,25,18,450,In-Store
West Gear,03-10-2021,Midwest,Wisconsin,Women'S Athletic Footwear,35,13,455,In-Store
West Gear,04-05-2021,Midwest,Wisconsin,Women'S Athletic Footwear,35,15,525,In-Store
West Gear,03-11-2021,Midwest,Wisconsin,Women'S Athletic Footwear,35,23,805,In-Store
West Gear,02-07-2021,Midwest,Wisconsin,Women'S Athletic Footwear,40,18,720,In-Store
West Gear,03-08-2021,Midwest,Wisconsin,Women'S Athletic Footwear,40,20,800,In-Store
West Gear,02-12-2021,Midwest,Wisconsin,Women'S Athletic Footwear,50,25,1250,In-Store
West Gear,10-01-2021,Midwest,Wisconsin,Women'S Athletic Footwear,30,15,450,In-Store
West Gear,10-04-2021,Midwest,Indiana,Women'S Street Footwear,15,20,300,In-Store
West Gear,09-03-2021,Midwest,Indiana,Women'S Street Footwear,15,28,420,In-Store
West Gear,11-09-2021,Midwest,Indiana,Women'S Street Footwear,25,18,450,In-Store
West Gear,10-06-2021,Midwest,Indiana,Women'S Street Footwear,30,20,600,In-Store
West Gear,10-10-2021,Midwest,Indiana,Women'S Street Footwear,35,15,525,In-Store
West Gear,11-05-2021,Midwest,Indiana,Women'S Street Footwear,35,23,805,In-Store
West Gear,10-11-2021,Midwest,Indiana,Women'S Street Footwear,35,27,945,In-Store
West Gear,10-08-2021,Midwest,Indiana,Women'S Street Footwear,40,23,920,In-Store
West Gear,09-07-2021,Midwest,Indiana,Women'S Street Footwear,45,23,1035,In-Store
West Gear,09-12-2021,Midwest,Indiana,Women'S Street Footwear,50,35,1750,In-Store
West Gear,17-01-2021,Midwest,Indiana,Women'S Street Footwear,25,30,750,In-Store
West Gear,17-02-2021,Midwest,Indiana,Women'S Street Footwear,30,30,900,In-Store
West Gear,03-02-2021,Midwest,Iowa,Women'S Street Footwear,20,20,400,In-Store
West Gear,03-01-2021,Midwest,Iowa,Women'S Street Footwear,20,25,500,In-Store
West Gear,06-11-2021,Midwest,Iowa,Women'S Street Footwear,35,22,770,In-Store
West Gear,05-12-2021,Midwest,Iowa,Women'S Street Footwear,50,28,1400,In-Store
West Gear,11-02-2021,Midwest,Missouri,Women'S Street Footwear,15,43,645,In-Store
West Gear,11-01-2021,Midwest,Missouri,Women'S Street Footwear,15,48,720,In-Store
West Gear,17-12-2021,Midwest,Missouri,Women'S Street Footwear,35,40,1400,In-Store
West Gear,03-04-2021,Midwest,Wisconsin,Women'S Street Footwear,10,15,150,In-Store
West Gear,02-03-2021,Midwest,Wisconsin,Women'S Street Footwear,10,23,230,In-Store
West Gear,04-09-2021,Midwest,Wisconsin,Women'S Street Footwear,25,15,375,In-Store
West Gear,03-06-2021,Midwest,Wisconsin,Women'S Street Footwear,25,20,500,In-Store
West Gear,03-10-2021,Midwest,Wisconsin,Women'S Street Footwear,35,13,455,In-Store
West Gear,04-05-2021,Midwest,Wisconsin,Women'S Street Footwear,35,18,630,In-Store
West Gear,03-11-2021,Midwest,Wisconsin,Women'S Street Footwear,35,25,875,In-Store
West Gear,02-07-2021,Midwest,Wisconsin,Women'S Street Footwear,40,23,920,In-Store
West Gear,03-08-2021,Midwest,Wisconsin,Women'S Street Footwear,40,23,920,In-Store
West Gear,02-12-2021,Midwest,Wisconsin,Women'S Street Footwear,50,30,1500,In-Store
West Gear,10-02-2021,Midwest,Wisconsin,Women'S Street Footwear,25,25,625,In-Store
West Gear,10-01-2021,Midwest,Wisconsin,Women'S Street Footwear,25,30,750,In-Store
Amazon,14-11-2021,Northeast,Massachusetts,Men'S Apparel,65,25,1625,In-Store
Amazon,13-12-2021,Northeast,Massachusetts,Men'S Apparel,65,30,1950,In-Store
Amazon,14-01-2021,Northeast,Massachusetts,Men'S Apparel,55,23,1265,In-Store
Amazon,18-04-2021,Northeast,New Hampshire,Men'S Apparel,60,18,1080,In-Store
Amazon,17-03-2021,Northeast,New Hampshire,Men'S Apparel,60,20,1200,In-Store
Amazon,19-02-2021,Northeast,New Hampshire,Men'S Apparel,60,28,1680,In-Store
Amazon,17-05-2021,Northeast,New Hampshire,Men'S Apparel,65,30,1950,In-Store
Amazon,19-06-2021,Northeast,New Hampshire,Men'S Apparel,65,33,2145,In-Store
Amazon,21-01-2021,Northeast,Vermont,Men'S Apparel,60,23,1380,In-Store
Amazon,11-04-2021,Northeast,Vermont,Men'S Apparel,55,15,825,In-Store
Amazon,10-03-2021,Northeast,Vermont,Men'S Apparel,55,18,990,In-Store
Amazon,12-02-2021,Northeast,Vermont,Men'S Apparel,55,23,1265,In-Store
Amazon,10-09-2021,Northeast,Vermont,Men'S Apparel,60,20,1200,In-Store
Amazon,11-08-2021,Northeast,Vermont,Men'S Apparel,60,23,1380,In-Store
Amazon,10-05-2021,Northeast,Vermont,Men'S Apparel,60,28,1680,In-Store
Amazon,12-06-2021,Northeast,Vermont,Men'S Apparel,60,30,1800,In-Store
Amazon,10-07-2021,Northeast,Vermont,Men'S Apparel,60,33,1980,In-Store
Amazon,12-10-2021,Northeast,Vermont,Men'S Apparel,70,18,1260,In-Store
Amazon,11-11-2021,Northeast,Vermont,Men'S Apparel,70,28,1960,In-Store
Amazon,10-12-2021,Northeast,Vermont,Men'S Apparel,70,33,2310,In-Store
Amazon,14-11-2021,Northeast,Massachusetts,Men'S Athletic Footwear,55,30,1650,In-Store
Amazon,13-12-2021,Northeast,Massachusetts,Men'S Athletic Footwear,55,38,2090,In-Store
Amazon,12-02-2021,Northeast,Massachusetts,Men'S Athletic Footwear,45,23,1035,In-Store
Amazon,14-01-2021,Northeast,Massachusetts,Men'S Athletic Footwear,45,33,1485,In-Store
Amazon,18-04-2021,Northeast,New Hampshire,Men'S Athletic Footwear,50,25,1250,In-Store
Amazon,17-03-2021,Northeast,New Hampshire,Men'S Athletic Footwear,50,28,1400,In-Store
Amazon,17-05-2021,Northeast,New Hampshire,Men'S Athletic Footwear,60,30,1800,In-Store
Amazon,19-06-2021,Northeast,New Hampshire,Men'S Athletic Footwear,60,43,2580,In-Store
Amazon,19-02-2021,Northeast,Vermont,Men'S Athletic Footwear,50,25,1250,In-Store
Amazon,21-01-2021,Northeast,Vermont,Men'S Athletic Footwear,50,33,1650,In-Store
Amazon,11-04-2021,Northeast,Vermont,Men'S Athletic Footwear,45,23,1035,In-Store
Amazon,10-03-2021,Northeast,Vermont,Men'S Athletic Footwear,45,25,1125,In-Store
Amazon,10-05-2021,Northeast,Vermont,Men'S Athletic Footwear,55,28,1540,In-Store
Amazon,10-09-2021,Northeast,Vermont,Men'S Athletic Footwear,55,33,1815,In-Store
Amazon,12-06-2021,Northeast,Vermont,Men'S Athletic Footwear,55,40,2200,In-Store
Amazon,10-07-2021,Northeast,Vermont,Men'S Athletic Footwear,55,43,2365,In-Store
Amazon,11-08-2021,Northeast,Vermont,Men'S Athletic Footwear,55,43,2365,In-Store
Amazon,12-10-2021,Northeast,Vermont,Men'S Athletic Footwear,60,30,1800,In-Store
Amazon,10-12-2021,Northeast,Vermont,Men'S Athletic Footwear,60,40,2400,In-Store
Amazon,14-11-2021,Northeast,Massachusetts,Men'S Street Footwear,65,38,2470,In-Store
Amazon,13-12-2021,Northeast,Massachusetts,Men'S Street Footwear,65,58,3770,In-Store
Amazon,14-01-2021,Northeast,Massachusetts,Men'S Street Footwear,45,53,2385,In-Store
Amazon,12-02-2021,Northeast,Massachusetts,Men'S Street Footwear,45,58,2610,In-Store
Amazon,18-04-2021,Northeast,New Hampshire,Men'S Street Footwear,50,55,2750,In-Store
Amazon,17-03-2021,Northeast,New Hampshire,Men'S Street Footwear,50,57,2850,In-Store
Amazon,17-05-2021,Northeast,New Hampshire,Men'S Street Footwear,65,60,3900,In-Store
Amazon,19-06-2021,Northeast,New Hampshire,Men'S Street Footwear,65,68,4420,In-Store
Amazon,17-07-2021,Northeast,New Hampshire,Men'S Street Footwear,65,70,4550,In-Store
Amazon,21-01-2021,Northeast,Vermont,Men'S Street Footwear,50,53,2650,In-Store
Amazon,19-02-2021,Northeast,Vermont,Men'S Street Footwear,50,60,3000,In-Store
Amazon,11-04-2021,Northeast,Vermont,Men'S Street Footwear,45,53,2385,In-Store
Amazon,10-03-2021,Northeast,Vermont,Men'S Street Footwear,45,55,2475,In-Store
Amazon,10-09-2021,Northeast,Vermont,Men'S Street Footwear,60,53,3180,In-Store
Amazon,10-05-2021,Northeast,Vermont,Men'S Street Footwear,60,57,3420,In-Store
Amazon,12-06-2021,Northeast,Vermont,Men'S Street Footwear,60,65,3900,In-Store
Amazon,11-08-2021,Northeast,Vermont,Men'S Street Footwear,60,65,3900,In-Store
Amazon,10-07-2021,Northeast,Vermont,Men'S Street Footwear,60,68,4080,In-Store
Amazon,12-10-2021,Northeast,Vermont,Men'S Street Footwear,65,48,3120,In-Store
Amazon,10-12-2021,Northeast,Vermont,Men'S Street Footwear,70,60,4200,In-Store
Amazon,15-10-2021,Northeast,Massachusetts,Women'S Apparel,70,23,1610,In-Store
Amazon,14-11-2021,Northeast,Massachusetts,Women'S Apparel,70,35,2450,In-Store
Amazon,13-12-2021,Northeast,Massachusetts,Women'S Apparel,70,40,2800,In-Store
Amazon,14-01-2021,Northeast,Massachusetts,Women'S Apparel,45,33,1485,In-Store
Amazon,17-03-2021,Northeast,New Hampshire,Women'S Apparel,50,30,1500,In-Store
Amazon,18-04-2021,Northeast,New Hampshire,Women'S Apparel,50,33,1650,In-Store
Amazon,19-02-2021,Northeast,New Hampshire,Women'S Apparel,50,38,1900,In-Store
Amazon,17-05-2021,Northeast,New Hampshire,Women'S Apparel,70,43,3010,In-Store
Amazon,19-06-2021,Northeast,New Hampshire,Women'S Apparel,70,48,3360,In-Store
Amazon,21-01-2021,Northeast,Vermont,Women'S Apparel,50,33,1650,In-Store
Amazon,10-03-2021,Northeast,Vermont,Women'S Apparel,45,28,1260,In-Store
Amazon,11-04-2021,Northeast,Vermont,Women'S Apparel,45,30,1350,In-Store
Amazon,12-02-2021,Northeast,Vermont,Women'S Apparel,45,33,1485,In-Store
Amazon,10-09-2021,Northeast,Vermont,Women'S Apparel,65,30,1950,In-Store
Amazon,10-05-2021,Northeast,Vermont,Women'S Apparel,65,40,2600,In-Store
Amazon,11-08-2021,Northeast,Vermont,Women'S Apparel,65,40,2600,In-Store
Amazon,12-06-2021,Northeast,Vermont,Women'S Apparel,65,45,2925,In-Store
Amazon,10-07-2021,Northeast,Vermont,Women'S Apparel,65,50,3250,In-Store
Amazon,11-11-2021,Northeast,Vermont,Women'S Apparel,75,38,2850,In-Store
Amazon,10-12-2021,Northeast,Vermont,Women'S Apparel,75,43,3225,In-Store
Amazon,14-11-2021,Northeast,Massachusetts,Women'S Athletic Footwear,55,28,1540,In-Store
Amazon,13-12-2021,Northeast,Massachusetts,Women'S Athletic Footwear,55,30,1650,In-Store
Amazon,14-01-2021,Northeast,Massachusetts,Women'S Athletic Footwear,40,18,720,In-Store
Amazon,17-03-2021,Northeast,New Hampshire,Women'S Athletic Footwear,45,15,675,In-Store
Amazon,18-04-2021,Northeast,New Hampshire,Women'S Athletic Footwear,45,18,810,In-Store
Amazon,19-02-2021,Northeast,New Hampshire,Women'S Athletic Footwear,45,20,900,In-Store
Amazon,17-05-2021,Northeast,New Hampshire,Women'S Athletic Footwear,55,28,1540,In-Store
Amazon,19-06-2021,Northeast,New Hampshire,Women'S Athletic Footwear,55,33,1815,In-Store
Amazon,21-01-2021,Northeast,Vermont,Women'S Athletic Footwear,45,18,810,In-Store
Amazon,10-03-2021,Northeast,Vermont,Women'S Athletic Footwear,40,13,520,In-Store
Amazon,12-02-2021,Northeast,Vermont,Women'S Athletic Footwear,40,15,600,In-Store
Amazon,11-04-2021,Northeast,Vermont,Women'S Athletic Footwear,40,15,600,In-Store
Amazon,10-09-2021,Northeast,Vermont,Women'S Athletic Footwear,50,20,1000,In-Store
Amazon,10-05-2021,Northeast,Vermont,Women'S Athletic Footwear,50,25,1250,In-Store
Amazon,11-08-2021,Northeast,Vermont,Women'S Athletic Footwear,50,25,1250,In-Store
Amazon,12-06-2021,Northeast,Vermont,Women'S Athletic Footwear,50,30,1500,In-Store
Amazon,10-07-2021,Northeast,Vermont,Women'S Athletic Footwear,50,30,1500,In-Store
Amazon,12-10-2021,Northeast,Vermont,Women'S Athletic Footwear,60,18,1080,In-Store
Amazon,11-11-2021,Northeast,Vermont,Women'S Athletic Footwear,60,30,1800,In-Store
Amazon,10-12-2021,Northeast,Vermont,Women'S Athletic Footwear,60,33,1980,In-Store
Amazon,14-11-2021,Northeast,Massachusetts,Women'S Street Footwear,55,30,1650,In-Store
Amazon,13-12-2021,Northeast,Massachusetts,Women'S Street Footwear,55,35,1925,In-Store
Amazon,12-02-2021,Northeast,Massachusetts,Women'S Street Footwear,35,28,980,In-Store
Amazon,14-01-2021,Northeast,Massachusetts,Women'S Street Footwear,35,33,1155,In-Store
Amazon,18-04-2021,Northeast,New Hampshire,Women'S Street Footwear,40,25,1000,In-Store
Amazon,17-03-2021,Northeast,New Hampshire,Women'S Street Footwear,40,30,1200,In-Store
Amazon,17-05-2021,Northeast,New Hampshire,Women'S Street Footwear,55,33,1815,In-Store
Amazon,19-06-2021,Northeast,New Hampshire,Women'S Street Footwear,55,35,1925,In-Store
Amazon,19-02-2021,Northeast,Vermont,Women'S Street Footwear,40,30,1200,In-Store
Amazon,21-01-2021,Northeast,Vermont,Women'S Street Footwear,40,33,1320,In-Store
Amazon,11-04-2021,Northeast,Vermont,Women'S Street Footwear,35,23,805,In-Store
Amazon,10-03-2021,Northeast,Vermont,Women'S Street Footwear,35,28,980,In-Store
Amazon,10-09-2021,Northeast,Vermont,Women'S Street Footwear,50,23,1150,In-Store
Amazon,10-05-2021,Northeast,Vermont,Women'S Street Footwear,50,30,1500,In-Store
Amazon,12-06-2021,Northeast,Vermont,Women'S Street Footwear,50,33,1650,In-Store
Amazon,10-07-2021,Northeast,Vermont,Women'S Street Footwear,50,35,1750,In-Store
Amazon,11-08-2021,Northeast,Vermont,Women'S Street Footwear,50,35,1750,In-Store
Amazon,12-10-2021,Northeast,Vermont,Women'S Street Footwear,60,20,1200,In-Store
Amazon,10-12-2021,Northeast,Vermont,Women'S Street Footwear,60,38,2280,In-Store
Foot Locker,10-01-2021,Northeast,Connecticut,Men'S Apparel,45,13,585,In-Store
Foot Locker,04-11-2021,Northeast,Connecticut,Men'S Apparel,65,25,1625,In-Store
Foot Locker,03-12-2021,Northeast,Connecticut,Men'S Apparel,65,30,1950,In-Store
Foot Locker,14-04-2021,Northeast,Delaware,Men'S Apparel,50,15,750,In-Store
Foot Locker,13-03-2021,Northeast,Delaware,Men'S Apparel,50,18,900,In-Store
Foot Locker,15-02-2021,Northeast,Delaware,Men'S Apparel,50,23,1150,In-Store
Foot Locker,13-09-2021,Northeast,Delaware,Men'S Apparel,55,20,1100,In-Store
Foot Locker,14-08-2021,Northeast,Delaware,Men'S Apparel,55,23,1265,In-Store
Foot Locker,13-05-2021,Northeast,Delaware,Men'S Apparel,55,28,1540,In-Store
Foot Locker,15-06-2021,Northeast,Delaware,Men'S Apparel,55,30,1650,In-Store
Foot Locker,13-07-2021,Northeast,Delaware,Men'S Apparel,55,33,1815,In-Store
Foot Locker,15-10-2021,Northeast,Delaware,Men'S Apparel,65,18,1170,In-Store
Foot Locker,22-06-2021,Northeast,Maryland,Men'S Apparel,50,15,750,In-Store
Foot Locker,17-01-2021,Northeast,Maryland,Men'S Apparel,50,23,1150,In-Store
Foot Locker,22-10-2021,Northeast,Maryland,Men'S Apparel,60,8,480,In-Store
Foot Locker,21-11-2021,Northeast,Maryland,Men'S Apparel,60,13,780,In-Store
Foot Locker,20-12-2021,Northeast,Maryland,Men'S Apparel,60,18,1080,In-Store
Foot Locker,07-04-2021,Northeast,Rhode Island,Men'S Apparel,45,5,225,In-Store
Foot Locker,06-03-2021,Northeast,Rhode Island,Men'S Apparel,45,8,360,In-Store
Foot Locker,08-02-2021,Northeast,Rhode Island,Men'S Apparel,45,13,585,In-Store
Foot Locker,06-09-2021,Northeast,Rhode Island,Men'S Apparel,50,10,500,In-Store
Foot Locker,07-08-2021,Northeast,Rhode Island,Men'S Apparel,50,13,650,In-Store
Foot Locker,06-05-2021,Northeast,Rhode Island,Men'S Apparel,50,18,900,In-Store
Foot Locker,08-06-2021,Northeast,Rhode Island,Men'S Apparel,50,20,1000,In-Store
Foot Locker,06-07-2021,Northeast,Rhode Island,Men'S Apparel,50,23,1150,In-Store
Foot Locker,08-10-2021,Northeast,Rhode Island,Men'S Apparel,60,8,480,In-Store
Foot Locker,24-01-2021,Northeast,West Virginia,Men'S Apparel,45,13,585,In-Store
Foot Locker,17-11-2021,Northeast,West Virginia,Men'S Apparel,65,30,1950,In-Store
Foot Locker,16-12-2021,Northeast,West Virginia,Men'S Apparel,65,35,2275,In-Store
Foot Locker,08-02-2021,Northeast,Connecticut,Men'S Athletic Footwear,35,13,455,In-Store
Foot Locker,10-01-2021,Northeast,Connecticut,Men'S Athletic Footwear,35,23,805,In-Store
Foot Locker,04-11-2021,Northeast,Connecticut,Men'S Athletic Footwear,55,30,1650,In-Store
Foot Locker,03-12-2021,Northeast,Connecticut,Men'S Athletic Footwear,55,38,2090,In-Store
Foot Locker,14-04-2021,Northeast,Delaware,Men'S Athletic Footwear,40,23,920,In-Store
Foot Locker,13-03-2021,Northeast,Delaware,Men'S Athletic Footwear,40,25,1000,In-Store
Foot Locker,13-05-2021,Northeast,Delaware,Men'S Athletic Footwear,50,28,1400,In-Store
Foot Locker,13-09-2021,Northeast,Delaware,Men'S Athletic Footwear,50,33,1650,In-Store
Foot Locker,15-06-2021,Northeast,Delaware,Men'S Athletic Footwear,50,40,2000,In-Store
Foot Locker,13-07-2021,Northeast,Delaware,Men'S Athletic Footwear,50,43,2150,In-Store
Foot Locker,14-08-2021,Northeast,Delaware,Men'S Athletic Footwear,50,43,2150,In-Store
Foot Locker,15-10-2021,Northeast,Delaware,Men'S Athletic Footwear,55,30,1650,In-Store
Foot Locker,15-02-2021,Northeast,Maryland,Men'S Athletic Footwear,40,23,920,In-Store
Foot Locker,17-01-2021,Northeast,Maryland,Men'S Athletic Footwear,40,33,1320,In-Store
Foot Locker,21-11-2021,Northeast,Maryland,Men'S Athletic Footwear,50,18,900,In-Store
Foot Locker,20-12-2021,Northeast,Maryland,Men'S Athletic Footwear,50,25,1250,In-Store
Foot Locker,07-04-2021,Northeast,Rhode Island,Men'S Athletic Footwear,35,13,455,In-Store
Foot Locker,06-03-2021,Northeast,Rhode Island,Men'S Athletic Footwear,35,15,525,In-Store
Foot Locker,06-05-2021,Northeast,Rhode Island,Men'S Athletic Footwear,45,18,810,In-Store
Foot Locker,06-09-2021,Northeast,Rhode Island,Men'S Athletic Footwear,45,23,1035,In-Store
Foot Locker,08-06-2021,Northeast,Rhode Island,Men'S Athletic Footwear,45,30,1350,In-Store
Foot Locker,06-07-2021,Northeast,Rhode Island,Men'S Athletic Footwear,45,33,1485,In-Store
Foot Locker,07-08-2021,Northeast,Rhode Island,Men'S Athletic Footwear,45,33,1485,In-Store
Foot Locker,08-10-2021,Northeast,Rhode Island,Men'S Athletic Footwear,50,20,1000,In-Store
Foot Locker,24-01-2021,Northeast,West Virginia,Men'S Athletic Footwear,35,23,805,In-Store
Foot Locker,17-11-2021,Northeast,West Virginia,Men'S Athletic Footwear,35,35,1225,In-Store
Foot Locker,16-12-2021,Northeast,West Virginia,Men'S Athletic Footwear,55,45,2475,In-Store
Foot Locker,10-01-2021,Northeast,Connecticut,Men'S Street Footwear,35,43,1505,In-Store
Foot Locker,08-02-2021,Northeast,Connecticut,Men'S Street Footwear,35,48,1680,In-Store
Foot Locker,04-11-2021,Northeast,Connecticut,Men'S Street Footwear,65,43,2795,In-Store
Foot Locker,03-12-2021,Northeast,Connecticut,Men'S Street Footwear,65,58,3770,In-Store
Foot Locker,14-04-2021,Northeast,Delaware,Men'S Street Footwear,40,53,2120,In-Store
Foot Locker,13-03-2021,Northeast,Delaware,Men'S Street Footwear,40,55,2200,In-Store
Foot Locker,13-09-2021,Northeast,Delaware,Men'S Street Footwear,55,53,2915,In-Store
Foot Locker,13-05-2021,Northeast,Delaware,Men'S Street Footwear,55,57,3135,In-Store
Foot Locker,15-06-2021,Northeast,Delaware,Men'S Street Footwear,55,65,3575,In-Store
Foot Locker,14-08-2021,Northeast,Delaware,Men'S Street Footwear,55,65,3575,In-Store
Foot Locker,13-07-2021,Northeast,Delaware,Men'S Street Footwear,55,68,3740,In-Store
Foot Locker,15-10-2021,Northeast,Delaware,Men'S Street Footwear,60,48,2880,In-Store
Foot Locker,17-01-2021,Northeast,Maryland,Men'S Street Footwear,40,53,2120,In-Store
Foot Locker,15-02-2021,Northeast,Maryland,Men'S Street Footwear,40,58,2320,In-Store
Foot Locker,20-07-2021,Northeast,Maryland,Men'S Street Footwear,50,53,2650,In-Store
Foot Locker,21-11-2021,Northeast,Maryland,Men'S Street Footwear,60,35,2100,In-Store
Foot Locker,20-12-2021,Northeast,Maryland,Men'S Street Footwear,60,45,2700,In-Store
Foot Locker,07-04-2021,Northeast,Rhode Island,Men'S Street Footwear,35,43,1505,In-Store
Foot Locker,06-03-2021,Northeast,Rhode Island,Men'S Street Footwear,35,45,1575,In-Store
Foot Locker,06-09-2021,Northeast,Rhode Island,Men'S Street Footwear,50,43,2150,In-Store
Foot Locker,06-05-2021,Northeast,Rhode Island,Men'S Street Footwear,50,47,2350,In-Store
Foot Locker,08-06-2021,Northeast,Rhode Island,Men'S Street Footwear,50,55,2750,In-Store
Foot Locker,07-08-2021,Northeast,Rhode Island,Men'S Street Footwear,50,55,2750,In-Store
Foot Locker,06-07-2021,Northeast,Rhode Island,Men'S Street Footwear,50,58,2900,In-Store
Foot Locker,08-10-2021,Northeast,Rhode Island,Men'S Street Footwear,55,38,2090,In-Store
Foot Locker,24-01-2021,Northeast,West Virginia,Men'S Street Footwear,35,43,1505,In-Store
Foot Locker,22-02-2021,Northeast,West Virginia,Men'S Street Footwear,35,48,1680,In-Store
Foot Locker,17-11-2021,Northeast,West Virginia,Men'S Street Footwear,45,45,2025,In-Store
Foot Locker,16-12-2021,Northeast,West Virginia,Men'S Street Footwear,65,65,4225,In-Store
Foot Locker,05-10-2021,Northeast,Connecticut,Women'S Apparel,70,28,1960,In-Store
Foot Locker,04-11-2021,Northeast,Connecticut,Women'S Apparel,70,35,2450,In-Store
Foot Locker,03-12-2021,Northeast,Connecticut,Women'S Apparel,70,40,2800,In-Store
Foot Locker,10-01-2021,Northeast,Connecticut,Women'S Apparel,35,23,805,In-Store
Foot Locker,13-03-2021,Northeast,Delaware,Women'S Apparel,40,28,1120,In-Store
Foot Locker,14-04-2021,Northeast,Delaware,Women'S Apparel,40,30,1200,In-Store
Foot Locker,15-02-2021,Northeast,Delaware,Women'S Apparel,40,33,1320,In-Store
Foot Locker,13-09-2021,Northeast,Delaware,Women'S Apparel,60,30,1800,In-Store
Foot Locker,13-05-2021,Northeast,Delaware,Women'S Apparel,60,40,2400,In-Store
Foot Locker,14-08-2021,Northeast,Delaware,Women'S Apparel,60,40,2400,In-Store
Foot Locker,15-06-2021,Northeast,Delaware,Women'S Apparel,60,45,2700,In-Store
Foot Locker,13-07-2021,Northeast,Delaware,Women'S Apparel,60,50,3000,In-Store
Foot Locker,22-06-2021,Northeast,Maryland,Women'S Apparel,55,30,1650,In-Store
Foot Locker,22-10-2021,Northeast,Maryland,Women'S Apparel,65,20,1300,In-Store
Foot Locker,21-11-2021,Northeast,Maryland,Women'S Apparel,65,23,1495,In-Store
Foot Locker,20-12-2021,Northeast,Maryland,Women'S Apparel,65,28,1820,In-Store
Foot Locker,17-01-2021,Northeast,Maryland,Women'S Apparel,40,33,1320,In-Store
Foot Locker,06-03-2021,Northeast,Rhode Island,Women'S Apparel,35,18,630,In-Store
Foot Locker,07-04-2021,Northeast,Rhode Island,Women'S Apparel,35,20,700,In-Store
Foot Locker,08-02-2021,Northeast,Rhode Island,Women'S Apparel,35,23,805,In-Store
Foot Locker,06-09-2021,Northeast,Rhode Island,Women'S Apparel,55,20,1100,In-Store
Foot Locker,06-05-2021,Northeast,Rhode Island,Women'S Apparel,55,30,1650,In-Store
Foot Locker,07-08-2021,Northeast,Rhode Island,Women'S Apparel,55,30,1650,In-Store
Foot Locker,08-06-2021,Northeast,Rhode Island,Women'S Apparel,55,35,1925,In-Store
Foot Locker,06-07-2021,Northeast,Rhode Island,Women'S Apparel,55,40,2200,In-Store
Foot Locker,24-01-2021,Northeast,West Virginia,Women'S Apparel,35,23,805,In-Store
Foot Locker,17-10-2021,Northeast,West Virginia,Women'S Apparel,50,30,1500,In-Store
Foot Locker,17-11-2021,Northeast,West Virginia,Women'S Apparel,70,40,2800,In-Store
Foot Locker,16-12-2021,Northeast,West Virginia,Women'S Apparel,70,45,3150,In-Store
Foot Locker,04-11-2021,Northeast,Connecticut,Women'S Athletic Footwear,55,28,1540,In-Store
Foot Locker,03-12-2021,Northeast,Connecticut,Women'S Athletic Footwear,55,30,1650,In-Store
Foot Locker,10-01-2021,Northeast,Connecticut,Women'S Athletic Footwear,30,8,240,In-Store
Foot Locker,13-03-2021,Northeast,Delaware,Women'S Athletic Footwear,35,13,455,In-Store
Foot Locker,15-02-2021,Northeast,Delaware,Women'S Athletic Footwear,35,15,525,In-Store
Foot Locker,14-04-2021,Northeast,Delaware,Women'S Athletic Footwear,35,15,525,In-Store
Foot Locker,13-09-2021,Northeast,Delaware,Women'S Athletic Footwear,45,20,900,In-Store
Foot Locker,13-05-2021,Northeast,Delaware,Women'S Athletic Footwear,45,25,1125,In-Store
Foot Locker,14-08-2021,Northeast,Delaware,Women'S Athletic Footwear,45,25,1125,In-Store
Foot Locker,15-06-2021,Northeast,Delaware,Women'S Athletic Footwear,45,30,1350,In-Store
Foot Locker,13-07-2021,Northeast,Delaware,Women'S Athletic Footwear,45,30,1350,In-Store
Foot Locker,15-10-2021,Northeast,Delaware,Women'S Athletic Footwear,55,18,990,In-Store
Foot Locker,22-06-2021,Northeast,Maryland,Women'S Athletic Footwear,40,15,600,In-Store
Foot Locker,22-10-2021,Northeast,Maryland,Women'S Athletic Footwear,50,8,400,In-Store
Foot Locker,21-11-2021,Northeast,Maryland,Women'S Athletic Footwear,50,15,750,In-Store
Foot Locker,20-12-2021,Northeast,Maryland,Women'S Athletic Footwear,50,18,900,In-Store
Foot Locker,17-01-2021,Northeast,Maryland,Women'S Athletic Footwear,35,18,630,In-Store
Foot Locker,06-03-2021,Northeast,Rhode Island,Women'S Athletic Footwear,30,3,90,In-Store
Foot Locker,08-02-2021,Northeast,Rhode Island,Women'S Athletic Footwear,30,5,150,In-Store
Foot Locker,07-04-2021,Northeast,Rhode Island,Women'S Athletic Footwear,30,5,150,In-Store
Foot Locker,06-09-2021,Northeast,Rhode Island,Women'S Athletic Footwear,40,10,400,In-Store
Foot Locker,06-05-2021,Northeast,Rhode Island,Women'S Athletic Footwear,40,15,600,In-Store
Foot Locker,07-08-2021,Northeast,Rhode Island,Women'S Athletic Footwear,40,15,600,In-Store
Foot Locker,08-06-2021,Northeast,Rhode Island,Women'S Athletic Footwear,40,20,800,In-Store
Foot Locker,06-07-2021,Northeast,Rhode Island,Women'S Athletic Footwear,40,20,800,In-Store
Foot Locker,08-10-2021,Northeast,Rhode Island,Women'S Athletic Footwear,50,8,400,In-Store
Foot Locker,24-01-2021,Northeast,West Virginia,Women'S Athletic Footwear,30,8,240,In-Store
Foot Locker,17-11-2021,Northeast,West Virginia,Women'S Athletic Footwear,40,33,1320,In-Store
Foot Locker,16-12-2021,Northeast,West Virginia,Women'S Athletic Footwear,55,35,1925,In-Store
Foot Locker,04-11-2021,Northeast,Connecticut,Women'S Street Footwear,55,30,1650,In-Store
Foot Locker,03-12-2021,Northeast,Connecticut,Women'S Street Footwear,55,35,1925,In-Store
Foot Locker,08-02-2021,Northeast,Connecticut,Women'S Street Footwear,25,18,450,In-Store
Foot Locker,10-01-2021,Northeast,Connecticut,Women'S Street Footwear,25,23,575,In-Store
Foot Locker,14-04-2021,Northeast,Delaware,Women'S Street Footwear,30,23,690,In-Store
Foot Locker,13-03-2021,Northeast,Delaware,Women'S Street Footwear,30,28,840,In-Store
Foot Locker,13-09-2021,Northeast,Delaware,Women'S Street Footwear,45,23,1035,In-Store
Foot Locker,13-05-2021,Northeast,Delaware,Women'S Street Footwear,45,30,1350,In-Store
Foot Locker,15-06-2021,Northeast,Delaware,Women'S Street Footwear,45,33,1485,In-Store
Foot Locker,13-07-2021,Northeast,Delaware,Women'S Street Footwear,45,35,1575,In-Store
Foot Locker,14-08-2021,Northeast,Delaware,Women'S Street Footwear,45,35,1575,In-Store
Foot Locker,15-10-2021,Northeast,Delaware,Women'S Street Footwear,55,20,1100,In-Store
Foot Locker,22-06-2021,Northeast,Maryland,Women'S Street Footwear,40,18,720,In-Store
Foot Locker,21-11-2021,Northeast,Maryland,Women'S Street Footwear,50,17,850,In-Store
Foot Locker,20-12-2021,Northeast,Maryland,Women'S Street Footwear,50,23,1150,In-Store
Foot Locker,15-02-2021,Northeast,Maryland,Women'S Street Footwear,30,28,840,In-Store
Foot Locker,17-01-2021,Northeast,Maryland,Women'S Street Footwear,30,33,990,In-Store
Foot Locker,07-04-2021,Northeast,Rhode Island,Women'S Street Footwear,25,13,325,In-Store
Foot Locker,06-03-2021,Northeast,Rhode Island,Women'S Street Footwear,25,18,450,In-Store
Foot Locker,06-09-2021,Northeast,Rhode Island,Women'S Street Footwear,40,13,520,In-Store
Foot Locker,06-05-2021,Northeast,Rhode Island,Women'S Street Footwear,40,20,800,In-Store
Foot Locker,08-06-2021,Northeast,Rhode Island,Women'S Street Footwear,40,23,920,In-Store
Foot Locker,06-07-2021,Northeast,Rhode Island,Women'S Street Footwear,40,25,1000,In-Store
Foot Locker,07-08-2021,Northeast,Rhode Island,Women'S Street Footwear,40,25,1000,In-Store
Foot Locker,08-10-2021,Northeast,Rhode Island,Women'S Street Footwear,50,10,500,In-Store
Foot Locker,24-01-2021,Northeast,West Virginia,Women'S Street Footwear,25,23,575,In-Store
Foot Locker,17-11-2021,Northeast,West Virginia,Women'S Street Footwear,35,30,1050,In-Store
Kohl'S,10-01-2021,Northeast,Delaware,Men'S Apparel,45,18,810,In-Store
Kohl'S,14-11-2021,Northeast,Delaware,Men'S Apparel,65,28,1820,In-Store
Kohl'S,13-12-2021,Northeast,Delaware,Men'S Apparel,65,33,2145,In-Store
Kohl'S,07-04-2021,Northeast,New Jersey,Men'S Apparel,45,10,450,In-Store
Kohl'S,06-03-2021,Northeast,New Jersey,Men'S Apparel,45,13,585,In-Store
Kohl'S,08-02-2021,Northeast,New Jersey,Men'S Apparel,45,18,810,In-Store
Kohl'S,06-09-2021,Northeast,New Jersey,Men'S Apparel,50,15,750,In-Store
Kohl'S,07-08-2021,Northeast,New Jersey,Men'S Apparel,50,18,900,In-Store
Kohl'S,06-05-2021,Northeast,New Jersey,Men'S Apparel,50,23,1150,In-Store
Kohl'S,08-06-2021,Northeast,New Jersey,Men'S Apparel,50,25,1250,In-Store
Kohl'S,06-07-2021,Northeast,New Jersey,Men'S Apparel,50,28,1400,In-Store
Kohl'S,08-10-2021,Northeast,New Jersey,Men'S Apparel,60,13,780,In-Store
Kohl'S,14-01-2021,Northeast,New York,Men'S Apparel,50,50,2500,In-Store
Kohl'S,08-12-2021,Northeast,New York,Men'S Apparel,65,58,3770,In-Store
Kohl'S,08-02-2021,Northeast,Delaware,Men'S Athletic Footwear,35,18,630,In-Store
Kohl'S,10-01-2021,Northeast,Delaware,Men'S Athletic Footwear,35,28,980,In-Store
Kohl'S,14-11-2021,Northeast,Delaware,Men'S Athletic Footwear,55,33,1815,In-Store
Kohl'S,13-12-2021,Northeast,Delaware,Men'S Athletic Footwear,55,40,2200,In-Store
Kohl'S,07-04-2021,Northeast,New Jersey,Men'S Athletic Footwear,35,18,630,In-Store
Kohl'S,06-03-2021,Northeast,New Jersey,Men'S Athletic Footwear,35,20,700,In-Store
Kohl'S,06-05-2021,Northeast,New Jersey,Men'S Athletic Footwear,45,23,1035,In-Store
Kohl'S,06-09-2021,Northeast,New Jersey,Men'S Athletic Footwear,45,28,1260,In-Store
Kohl'S,08-06-2021,Northeast,New Jersey,Men'S Athletic Footwear,45,35,1575,In-Store
Kohl'S,06-07-2021,Northeast,New Jersey,Men'S Athletic Footwear,45,38,1710,In-Store
Kohl'S,07-08-2021,Northeast,New Jersey,Men'S Athletic Footwear,45,38,1710,In-Store
Kohl'S,08-10-2021,Northeast,New Jersey,Men'S Athletic Footwear,50,25,1250,In-Store
Kohl'S,12-02-2021,Northeast,New York,Men'S Athletic Footwear,40,50,2000,In-Store
Kohl'S,14-01-2021,Northeast,New York,Men'S Athletic Footwear,40,60,2400,In-Store
Kohl'S,10-01-2021,Northeast,Delaware,Men'S Street Footwear,35,48,1680,In-Store
Kohl'S,08-02-2021,Northeast,Delaware,Men'S Street Footwear,35,53,1855,In-Store
Kohl'S,14-11-2021,Northeast,Delaware,Men'S Street Footwear,65,45,2925,In-Store
Kohl'S,13-12-2021,Northeast,Delaware,Men'S Street Footwear,65,60,3900,In-Store
Kohl'S,07-04-2021,Northeast,New Jersey,Men'S Street Footwear,35,48,1680,In-Store
Kohl'S,06-03-2021,Northeast,New Jersey,Men'S Street Footwear,35,50,1750,In-Store
Kohl'S,06-09-2021,Northeast,New Jersey,Men'S Street Footwear,50,48,2400,In-Store
Kohl'S,06-05-2021,Northeast,New Jersey,Men'S Street Footwear,50,52,2600,In-Store
Kohl'S,08-06-2021,Northeast,New Jersey,Men'S Street Footwear,50,60,3000,In-Store
Kohl'S,07-08-2021,Northeast,New Jersey,Men'S Street Footwear,50,60,3000,In-Store
Kohl'S,06-07-2021,Northeast,New Jersey,Men'S Street Footwear,50,63,3150,In-Store
Kohl'S,08-10-2021,Northeast,New Jersey,Men'S Street Footwear,55,43,2365,In-Store
Kohl'S,14-01-2021,Northeast,New York,Men'S Street Footwear,40,80,3200,In-Store
Kohl'S,12-02-2021,Northeast,New York,Men'S Street Footwear,40,85,3400,In-Store
Kohl'S,10-01-2021,Northeast,Delaware,Women'S Apparel,35,28,980,In-Store
Kohl'S,15-10-2021,Northeast,Delaware,Women'S Apparel,70,30,2100,In-Store
Kohl'S,14-11-2021,Northeast,Delaware,Women'S Apparel,70,38,2660,In-Store
Kohl'S,13-12-2021,Northeast,Delaware,Women'S Apparel,70,43,3010,In-Store
Kohl'S,06-03-2021,Northeast,New Jersey,Women'S Apparel,35,23,805,In-Store
Kohl'S,07-04-2021,Northeast,New Jersey,Women'S Apparel,35,25,875,In-Store
Kohl'S,08-02-2021,Northeast,New Jersey,Women'S Apparel,35,28,980,In-Store
Kohl'S,06-09-2021,Northeast,New Jersey,Women'S Apparel,55,25,1375,In-Store
Kohl'S,06-05-2021,Northeast,New Jersey,Women'S Apparel,55,35,1925,In-Store
Kohl'S,07-08-2021,Northeast,New Jersey,Women'S Apparel,55,35,1925,In-Store
Kohl'S,08-06-2021,Northeast,New Jersey,Women'S Apparel,55,40,2200,In-Store
Kohl'S,06-07-2021,Northeast,New Jersey,Women'S Apparel,55,45,2475,In-Store
Kohl'S,14-01-2021,Northeast,New York,Women'S Apparel,40,60,2400,In-Store
Kohl'S,08-12-2021,Northeast,New York,Women'S Apparel,70,68,4760,In-Store
Kohl'S,10-01-2021,Northeast,Delaware,Women'S Athletic Footwear,30,13,390,In-Store
Kohl'S,14-11-2021,Northeast,Delaware,Women'S Athletic Footwear,55,30,1650,In-Store
Kohl'S,13-12-2021,Northeast,Delaware,Women'S Athletic Footwear,55,33,1815,In-Store
Kohl'S,06-03-2021,Northeast,New Jersey,Women'S Athletic Footwear,30,8,240,In-Store
Kohl'S,08-02-2021,Northeast,New Jersey,Women'S Athletic Footwear,30,10,300,In-Store
Kohl'S,07-04-2021,Northeast,New Jersey,Women'S Athletic Footwear,30,10,300,In-Store
Kohl'S,06-09-2021,Northeast,New Jersey,Women'S Athletic Footwear,40,15,600,In-Store
Kohl'S,06-05-2021,Northeast,New Jersey,Women'S Athletic Footwear,40,20,800,In-Store
Kohl'S,07-08-2021,Northeast,New Jersey,Women'S Athletic Footwear,40,20,800,In-Store
Kohl'S,08-06-2021,Northeast,New Jersey,Women'S Athletic Footwear,40,25,1000,In-Store
Kohl'S,06-07-2021,Northeast,New Jersey,Women'S Athletic Footwear,40,25,1000,In-Store
Kohl'S,08-10-2021,Northeast,New Jersey,Women'S Athletic Footwear,50,13,650,In-Store
Kohl'S,08-12-2021,Northeast,New York,Women'S Athletic Footwear,55,58,3190,In-Store
Kohl'S,14-01-2021,Northeast,New York,Women'S Athletic Footwear,35,45,1575,In-Store
Kohl'S,08-02-2021,Northeast,Delaware,Women'S Street Footwear,25,23,575,In-Store
Kohl'S,10-01-2021,Northeast,Delaware,Women'S Street Footwear,25,28,700,In-Store
Kohl'S,14-11-2021,Northeast,Delaware,Women'S Street Footwear,55,32,1760,In-Store
Kohl'S,13-12-2021,Northeast,Delaware,Women'S Street Footwear,55,38,2090,In-Store
Kohl'S,07-04-2021,Northeast,New Jersey,Women'S Street Footwear,25,18,450,In-Store
Kohl'S,06-03-2021,Northeast,New Jersey,Women'S Street Footwear,25,23,575,In-Store
Kohl'S,06-09-2021,Northeast,New Jersey,Women'S Street Footwear,40,18,720,In-Store
Kohl'S,06-05-2021,Northeast,New Jersey,Women'S Street Footwear,40,25,1000,In-Store
Kohl'S,08-06-2021,Northeast,New Jersey,Women'S Street Footwear,40,28,1120,In-Store
Kohl'S,06-07-2021,Northeast,New Jersey,Women'S Street Footwear,40,30,1200,In-Store
Kohl'S,07-08-2021,Northeast,New Jersey,Women'S Street Footwear,40,30,1200,In-Store
Kohl'S,08-10-2021,Northeast,New Jersey,Women'S Street Footwear,50,15,750,In-Store
Kohl'S,08-12-2021,Northeast,New York,Women'S Street Footwear,55,63,3465,In-Store
Kohl'S,12-02-2021,Northeast,New York,Women'S Street Footwear,30,55,1650,In-Store
Kohl'S,14-01-2021,Northeast,New York,Women'S Street Footwear,30,60,1800,In-Store
Sports Direct,04-04-2021,Northeast,Connecticut,Men'S Apparel,50,13,650,In-Store
Sports Direct,03-03-2021,Northeast,Connecticut,Men'S Apparel,50,15,750,In-Store
Sports Direct,05-02-2021,Northeast,Connecticut,Men'S Apparel,50,20,1000,In-Store
Sports Direct,03-09-2021,Northeast,Connecticut,Men'S Apparel,55,18,990,In-Store
Sports Direct,04-08-2021,Northeast,Connecticut,Men'S Apparel,55,20,1100,In-Store
Sports Direct,03-05-2021,Northeast,Connecticut,Men'S Apparel,55,25,1375,In-Store
Sports Direct,05-06-2021,Northeast,Connecticut,Men'S Apparel,55,28,1540,In-Store
Sports Direct,03-07-2021,Northeast,Connecticut,Men'S Apparel,55,30,1650,In-Store
Sports Direct,05-10-2021,Northeast,Connecticut,Men'S Apparel,65,15,975,In-Store
Sports Direct,20-09-2021,Northeast,Maryland,Men'S Apparel,50,10,500,In-Store
Sports Direct,21-08-2021,Northeast,Maryland,Men'S Apparel,50,13,650,In-Store
Sports Direct,20-07-2021,Northeast,Maryland,Men'S Apparel,50,18,900,In-Store
Sports Direct,13-03-2021,Northeast,Massachusetts,Men'S Apparel,50,10,500,In-Store
Sports Direct,14-04-2021,Northeast,Massachusetts,Men'S Apparel,50,13,650,In-Store
Sports Direct,15-02-2021,Northeast,Massachusetts,Men'S Apparel,50,15,750,In-Store
Sports Direct,13-09-2021,Northeast,Massachusetts,Men'S Apparel,55,13,715,In-Store
Sports Direct,14-08-2021,Northeast,Massachusetts,Men'S Apparel,55,15,825,In-Store
Sports Direct,13-05-2021,Northeast,Massachusetts,Men'S Apparel,55,20,1100,In-Store
Sports Direct,15-06-2021,Northeast,Massachusetts,Men'S Apparel,55,23,1265,In-Store
Sports Direct,13-07-2021,Northeast,Massachusetts,Men'S Apparel,55,25,1375,In-Store
Sports Direct,15-10-2021,Northeast,Massachusetts,Men'S Apparel,65,10,650,In-Store
Sports Direct,07-01-2021,Northeast,New Jersey,Men'S Apparel,50,20,1000,In-Store
Sports Direct,07-11-2021,Northeast,New Jersey,Men'S Apparel,60,23,1380,In-Store
Sports Direct,06-12-2021,Northeast,New Jersey,Men'S Apparel,60,28,1680,In-Store
Sports Direct,17-01-2021,Northeast,Rhode Island,Men'S Apparel,50,15,750,In-Store
Sports Direct,07-11-2021,Northeast,Rhode Island,Men'S Apparel,60,18,1080,In-Store
Sports Direct,06-12-2021,Northeast,Rhode Island,Men'S Apparel,60,23,1380,In-Store
Sports Direct,04-04-2021,Northeast,Connecticut,Men'S Athletic Footwear,40,20,800,In-Store
Sports Direct,03-03-2021,Northeast,Connecticut,Men'S Athletic Footwear,40,23,920,In-Store
Sports Direct,03-05-2021,Northeast,Connecticut,Men'S Athletic Footwear,50,25,1250,In-Store
Sports Direct,03-09-2021,Northeast,Connecticut,Men'S Athletic Footwear,50,30,1500,In-Store
Sports Direct,05-06-2021,Northeast,Connecticut,Men'S Athletic Footwear,50,38,1900,In-Store
Sports Direct,03-07-2021,Northeast,Connecticut,Men'S Athletic Footwear,50,40,2000,In-Store
Sports Direct,04-08-2021,Northeast,Connecticut,Men'S Athletic Footwear,50,40,2000,In-Store
Sports Direct,05-10-2021,Northeast,Connecticut,Men'S Athletic Footwear,55,28,1540,In-Store
Sports Direct,20-09-2021,Northeast,Maryland,Men'S Athletic Footwear,45,23,1035,In-Store
Sports Direct,20-07-2021,Northeast,Maryland,Men'S Athletic Footwear,45,28,1260,In-Store
Sports Direct,21-08-2021,Northeast,Maryland,Men'S Athletic Footwear,45,28,1260,In-Store
Sports Direct,22-10-2021,Northeast,Maryland,Men'S Athletic Footwear,50,20,1000,In-Store
Sports Direct,14-04-2021,Northeast,Massachusetts,Men'S Athletic Footwear,40,15,600,In-Store
Sports Direct,13-03-2021,Northeast,Massachusetts,Men'S Athletic Footwear,40,18,720,In-Store
Sports Direct,13-05-2021,Northeast,Massachusetts,Men'S Athletic Footwear,50,20,1000,In-Store
Sports Direct,13-09-2021,Northeast,Massachusetts,Men'S Athletic Footwear,50,25,1250,In-Store
Sports Direct,15-06-2021,Northeast,Massachusetts,Men'S Athletic Footwear,50,33,1650,In-Store
Sports Direct,13-07-2021,Northeast,Massachusetts,Men'S Athletic Footwear,50,35,1750,In-Store
Sports Direct,14-08-2021,Northeast,Massachusetts,Men'S Athletic Footwear,50,35,1750,In-Store
Sports Direct,15-10-2021,Northeast,Massachusetts,Men'S Athletic Footwear,55,23,1265,In-Store
Sports Direct,07-11-2021,Northeast,New Jersey,Men'S Athletic Footwear,50,28,1400,In-Store
Sports Direct,06-12-2021,Northeast,New Jersey,Men'S Athletic Footwear,50,35,1750,In-Store
Sports Direct,05-02-2021,Northeast,New Jersey,Men'S Athletic Footwear,40,20,800,In-Store
Sports Direct,07-01-2021,Northeast,New Jersey,Men'S Athletic Footwear,40,30,1200,In-Store
Sports Direct,15-02-2021,Northeast,Rhode Island,Men'S Athletic Footwear,40,15,600,In-Store
Sports Direct,17-01-2021,Northeast,Rhode Island,Men'S Athletic Footwear,40,25,1000,In-Store
Sports Direct,07-11-2021,Northeast,Rhode Island,Men'S Athletic Footwear,50,23,1150,In-Store
Sports Direct,06-12-2021,Northeast,Rhode Island,Men'S Athletic Footwear,50,30,1500,In-Store
Sports Direct,04-04-2021,Northeast,Connecticut,Men'S Street Footwear,40,50,2000,In-Store
Sports Direct,03-03-2021,Northeast,Connecticut,Men'S Street Footwear,40,52,2080,In-Store
Sports Direct,03-09-2021,Northeast,Connecticut,Men'S Street Footwear,55,50,2750,In-Store
Sports Direct,03-05-2021,Northeast,Connecticut,Men'S Street Footwear,55,55,3025,In-Store
Sports Direct,05-06-2021,Northeast,Connecticut,Men'S Street Footwear,55,63,3465,In-Store
Sports Direct,04-08-2021,Northeast,Connecticut,Men'S Street Footwear,55,63,3465,In-Store
Sports Direct,03-07-2021,Northeast,Connecticut,Men'S Street Footwear,55,65,3575,In-Store
Sports Direct,05-10-2021,Northeast,Connecticut,Men'S Street Footwear,60,45,2700,In-Store
Sports Direct,20-09-2021,Northeast,Maryland,Men'S Street Footwear,50,43,2150,In-Store
Sports Direct,21-08-2021,Northeast,Maryland,Men'S Street Footwear,50,50,2500,In-Store
Sports Direct,22-10-2021,Northeast,Maryland,Men'S Street Footwear,55,38,2090,In-Store
Sports Direct,14-04-2021,Northeast,Massachusetts,Men'S Street Footwear,40,45,1800,In-Store
Sports Direct,13-03-2021,Northeast,Massachusetts,Men'S Street Footwear,40,47,1880,In-Store
Sports Direct,13-09-2021,Northeast,Massachusetts,Men'S Street Footwear,55,45,2475,In-Store
Sports Direct,13-05-2021,Northeast,Massachusetts,Men'S Street Footwear,55,50,2750,In-Store
Sports Direct,15-06-2021,Northeast,Massachusetts,Men'S Street Footwear,55,58,3190,In-Store
Sports Direct,14-08-2021,Northeast,Massachusetts,Men'S Street Footwear,55,58,3190,In-Store
Sports Direct,13-07-2021,Northeast,Massachusetts,Men'S Street Footwear,55,60,3300,In-Store
Sports Direct,15-10-2021,Northeast,Massachusetts,Men'S Street Footwear,60,40,2400,In-Store
Sports Direct,07-11-2021,Northeast,New Jersey,Men'S Street Footwear,60,40,2400,In-Store
Sports Direct,06-12-2021,Northeast,New Jersey,Men'S Street Footwear,60,55,3300,In-Store
Sports Direct,07-01-2021,Northeast,New Jersey,Men'S Street Footwear,40,50,2000,In-Store
Sports Direct,05-02-2021,Northeast,New Jersey,Men'S Street Footwear,40,55,2200,In-Store
Sports Direct,17-01-2021,Northeast,Rhode Island,Men'S Street Footwear,40,45,1800,In-Store
Sports Direct,15-02-2021,Northeast,Rhode Island,Men'S Street Footwear,40,50,2000,In-Store
Sports Direct,07-11-2021,Northeast,Rhode Island,Men'S Street Footwear,60,35,2100,In-Store
Sports Direct,06-12-2021,Northeast,Rhode Island,Men'S Street Footwear,60,50,3000,In-Store
Sports Direct,03-03-2021,Northeast,Connecticut,Women'S Apparel,40,25,1000,In-Store
Sports Direct,04-04-2021,Northeast,Connecticut,Women'S Apparel,40,28,1120,In-Store
Sports Direct,05-02-2021,Northeast,Connecticut,Women'S Apparel,40,30,1200,In-Store
Sports Direct,03-09-2021,Northeast,Connecticut,Women'S Apparel,60,28,1680,In-Store
Sports Direct,03-05-2021,Northeast,Connecticut,Women'S Apparel,60,38,2280,In-Store
Sports Direct,04-08-2021,Northeast,Connecticut,Women'S Apparel,60,38,2280,In-Store
Sports Direct,05-06-2021,Northeast,Connecticut,Women'S Apparel,60,43,2580,In-Store
Sports Direct,03-07-2021,Northeast,Connecticut,Women'S Apparel,60,48,2880,In-Store
Sports Direct,20-09-2021,Northeast,Maryland,Women'S Apparel,55,20,1100,In-Store
Sports Direct,21-08-2021,Northeast,Maryland,Women'S Apparel,55,30,1650,In-Store
Sports Direct,20-07-2021,Northeast,Maryland,Women'S Apparel,55,35,1925,In-Store
Sports Direct,13-03-2021,Northeast,Massachusetts,Women'S Apparel,40,20,800,In-Store
Sports Direct,15-02-2021,Northeast,Massachusetts,Women'S Apparel,40,25,1000,In-Store
Sports Direct,14-04-2021,Northeast,Massachusetts,Women'S Apparel,40,28,1120,In-Store
Sports Direct,13-09-2021,Northeast,Massachusetts,Women'S Apparel,60,23,1380,In-Store
Sports Direct,13-05-2021,Northeast,Massachusetts,Women'S Apparel,60,33,1980,In-Store
Sports Direct,14-08-2021,Northeast,Massachusetts,Women'S Apparel,60,33,1980,In-Store
Sports Direct,15-06-2021,Northeast,Massachusetts,Women'S Apparel,60,38,2280,In-Store
Sports Direct,13-07-2021,Northeast,Massachusetts,Women'S Apparel,60,43,2580,In-Store
Sports Direct,07-01-2021,Northeast,New Jersey,Women'S Apparel,40,30,1200,In-Store
Sports Direct,08-10-2021,Northeast,New Jersey,Women'S Apparel,65,25,1625,In-Store
Sports Direct,07-11-2021,Northeast,New Jersey,Women'S Apparel,65,33,2145,In-Store
Sports Direct,06-12-2021,Northeast,New Jersey,Women'S Apparel,65,38,2470,In-Store
Sports Direct,17-01-2021,Northeast,Rhode Island,Women'S Apparel,40,25,1000,In-Store
Sports Direct,08-10-2021,Northeast,Rhode Island,Women'S Apparel,65,20,1300,In-Store
Sports Direct,07-11-2021,Northeast,Rhode Island,Women'S Apparel,65,28,1820,In-Store
Sports Direct,06-12-2021,Northeast,Rhode Island,Women'S Apparel,65,33,2145,In-Store
Sports Direct,03-03-2021,Northeast,Connecticut,Women'S Athletic Footwear,35,10,350,In-Store
Sports Direct,05-02-2021,Northeast,Connecticut,Women'S Athletic Footwear,35,13,455,In-Store
Sports Direct,04-04-2021,Northeast,Connecticut,Women'S Athletic Footwear,35,13,455,In-Store
Sports Direct,03-09-2021,Northeast,Connecticut,Women'S Athletic Footwear,45,18,810,In-Store
Sports Direct,03-05-2021,Northeast,Connecticut,Women'S Athletic Footwear,45,23,1035,In-Store
Sports Direct,04-08-2021,Northeast,Connecticut,Women'S Athletic Footwear,45,23,1035,In-Store
Sports Direct,05-06-2021,Northeast,Connecticut,Women'S Athletic Footwear,45,28,1260,In-Store
Sports Direct,03-07-2021,Northeast,Connecticut,Women'S Athletic Footwear,45,28,1260,In-Store
Sports Direct,05-10-2021,Northeast,Connecticut,Women'S Athletic Footwear,55,15,825,In-Store
Sports Direct,20-09-2021,Northeast,Maryland,Women'S Athletic Footwear,40,10,400,In-Store
Sports Direct,20-07-2021,Northeast,Maryland,Women'S Athletic Footwear,40,15,600,In-Store
Sports Direct,21-08-2021,Northeast,Maryland,Women'S Athletic Footwear,40,15,600,In-Store
Sports Direct,14-04-2021,Northeast,Massachusetts,Women'S Athletic Footwear,35,13,455,In-Store
Sports Direct,15-02-2021,Northeast,Massachusetts,Women'S Athletic Footwear,35,25,875,In-Store
Sports Direct,13-03-2021,Northeast,Massachusetts,Women'S Athletic Footwear,35,30,1050,In-Store
Sports Direct,13-09-2021,Northeast,Massachusetts,Women'S Athletic Footwear,45,13,585,In-Store
Sports Direct,13-05-2021,Northeast,Massachusetts,Women'S Athletic Footwear,45,18,810,In-Store
Sports Direct,14-08-2021,Northeast,Massachusetts,Women'S Athletic Footwear,45,18,810,In-Store
Sports Direct,15-06-2021,Northeast,Massachusetts,Women'S Athletic Footwear,45,23,1035,In-Store
Sports Direct,13-07-2021,Northeast,Massachusetts,Women'S Athletic Footwear,45,23,1035,In-Store
Sports Direct,15-10-2021,Northeast,Massachusetts,Women'S Athletic Footwear,55,10,550,In-Store
Sports Direct,07-01-2021,Northeast,New Jersey,Women'S Athletic Footwear,35,15,525,In-Store
Sports Direct,07-11-2021,Northeast,New Jersey,Women'S Athletic Footwear,50,25,1250,In-Store
Sports Direct,06-12-2021,Northeast,New Jersey,Women'S Athletic Footwear,50,28,1400,In-Store
Sports Direct,17-01-2021,Northeast,Rhode Island,Women'S Athletic Footwear,35,10,350,In-Store
Sports Direct,07-11-2021,Northeast,Rhode Island,Women'S Athletic Footwear,50,20,1000,In-Store
Sports Direct,06-12-2021,Northeast,Rhode Island,Women'S Athletic Footwear,50,23,1150,In-Store
Sports Direct,04-04-2021,Northeast,Connecticut,Women'S Street Footwear,30,20,600,In-Store
Sports Direct,03-03-2021,Northeast,Connecticut,Women'S Street Footwear,30,25,750,In-Store
Sports Direct,03-09-2021,Northeast,Connecticut,Women'S Street Footwear,45,20,900,In-Store
Sports Direct,03-05-2021,Northeast,Connecticut,Women'S Street Footwear,45,28,1260,In-Store
Sports Direct,05-06-2021,Northeast,Connecticut,Women'S Street Footwear,45,30,1350,In-Store
Sports Direct,03-07-2021,Northeast,Connecticut,Women'S Street Footwear,45,33,1485,In-Store
Sports Direct,04-08-2021,Northeast,Connecticut,Women'S Street Footwear,45,33,1485,In-Store
Sports Direct,05-10-2021,Northeast,Connecticut,Women'S Street Footwear,55,18,990,In-Store
Sports Direct,20-09-2021,Northeast,Maryland,Women'S Street Footwear,40,13,520,In-Store
Sports Direct,20-07-2021,Northeast,Maryland,Women'S Street Footwear,40,20,800,In-Store
Sports Direct,21-08-2021,Northeast,Maryland,Women'S Street Footwear,40,20,800,In-Store
Sports Direct,22-10-2021,Northeast,Maryland,Women'S Street Footwear,50,10,500,In-Store
Sports Direct,14-04-2021,Northeast,Massachusetts,Women'S Street Footwear,30,15,450,In-Store
Sports Direct,13-03-2021,Northeast,Massachusetts,Women'S Street Footwear,30,20,600,In-Store
Sports Direct,13-09-2021,Northeast,Massachusetts,Women'S Street Footwear,45,15,675,In-Store
Sports Direct,13-05-2021,Northeast,Massachusetts,Women'S Street Footwear,45,23,1035,In-Store
Sports Direct,15-06-2021,Northeast,Massachusetts,Women'S Street Footwear,45,25,1125,In-Store
Sports Direct,13-07-2021,Northeast,Massachusetts,Women'S Street Footwear,45,28,1260,In-Store
Sports Direct,14-08-2021,Northeast,Massachusetts,Women'S Street Footwear,45,28,1260,In-Store
Sports Direct,15-10-2021,Northeast,Massachusetts,Women'S Street Footwear,55,13,715,In-Store
Sports Direct,05-02-2021,Northeast,New Jersey,Women'S Street Footwear,30,25,750,In-Store
Sports Direct,07-01-2021,Northeast,New Jersey,Women'S Street Footwear,30,30,900,In-Store
Sports Direct,07-11-2021,Northeast,New Jersey,Women'S Street Footwear,50,27,1350,In-Store
Sports Direct,06-12-2021,Northeast,New Jersey,Women'S Street Footwear,50,33,1650,In-Store
Sports Direct,15-02-2021,Northeast,Rhode Island,Women'S Street Footwear,30,20,600,In-Store
Sports Direct,17-01-2021,Northeast,Rhode Island,Women'S Street Footwear,30,25,750,In-Store
Sports Direct,07-11-2021,Northeast,Rhode Island,Women'S Street Footwear,50,22,1100,In-Store
Sports Direct,06-12-2021,Northeast,Rhode Island,Women'S Street Footwear,50,28,1400,In-Store
West Gear,21-04-2021,Northeast,Maryland,Men'S Apparel,45,5,225,In-Store
West Gear,20-03-2021,Northeast,Maryland,Men'S Apparel,45,8,360,In-Store
West Gear,22-02-2021,Northeast,Maryland,Men'S Apparel,45,13,585,In-Store
West Gear,20-05-2021,Northeast,Maryland,Men'S Apparel,50,13,650,In-Store
West Gear,08-03-2021,Northeast,New York,Men'S Apparel,55,48,2640,In-Store
West Gear,09-04-2021,Northeast,New York,Men'S Apparel,55,48,2640,In-Store
West Gear,08-09-2021,Northeast,New York,Men'S Apparel,55,53,2915,In-Store
West Gear,10-02-2021,Northeast,New York,Men'S Apparel,55,55,3025,In-Store
West Gear,09-08-2021,Northeast,New York,Men'S Apparel,55,55,3025,In-Store
West Gear,08-05-2021,Northeast,New York,Men'S Apparel,60,53,3180,In-Store
West Gear,10-10-2021,Northeast,New York,Men'S Apparel,60,50,3000,In-Store
West Gear,09-11-2021,Northeast,New York,Men'S Apparel,65,55,3575,In-Store
West Gear,10-06-2021,Northeast,New York,Men'S Apparel,65,58,3770,In-Store
West Gear,08-07-2021,Northeast,New York,Men'S Apparel,65,60,3900,In-Store
West Gear,18-09-2021,Northeast,West Virginia,Men'S Apparel,35,23,805,In-Store
West Gear,16-03-2021,Northeast,West Virginia,Men'S Apparel,40,23,920,In-Store
West Gear,17-10-2021,Northeast,West Virginia,Men'S Apparel,45,18,810,In-Store
West Gear,18-05-2021,Northeast,West Virginia,Men'S Apparel,45,23,1035,In-Store
West Gear,17-06-2021,Northeast,West Virginia,Men'S Apparel,45,28,1260,In-Store
West Gear,17-02-2021,Northeast,West Virginia,Men'S Apparel,50,25,1250,In-Store
West Gear,17-08-2021,Northeast,West Virginia,Men'S Apparel,50,25,1250,In-Store
West Gear,16-07-2021,Northeast,West Virginia,Men'S Apparel,60,30,1800,In-Store
West Gear,17-04-2021,Northeast,West Virginia,Men'S Apparel,65,20,1300,In-Store
West Gear,21-04-2021,Northeast,Maryland,Men'S Athletic Footwear,35,13,455,In-Store
West Gear,20-03-2021,Northeast,Maryland,Men'S Athletic Footwear,35,15,525,In-Store
West Gear,20-05-2021,Northeast,Maryland,Men'S Athletic Footwear,45,18,810,In-Store
West Gear,22-06-2021,Northeast,Maryland,Men'S Athletic Footwear,45,25,1125,In-Store
West Gear,09-04-2021,Northeast,New York,Men'S Athletic Footwear,45,53,2385,In-Store
West Gear,08-03-2021,Northeast,New York,Men'S Athletic Footwear,45,55,2475,In-Store
West Gear,09-11-2021,Northeast,New York,Men'S Athletic Footwear,50,60,3000,In-Store
West Gear,10-10-2021,Northeast,New York,Men'S Athletic Footwear,50,63,3150,In-Store
West Gear,08-09-2021,Northeast,New York,Men'S Athletic Footwear,50,65,3250,In-Store
West Gear,08-05-2021,Northeast,New York,Men'S Athletic Footwear,55,58,3190,In-Store
West Gear,10-06-2021,Northeast,New York,Men'S Athletic Footwear,55,63,3465,In-Store
West Gear,08-12-2021,Northeast,New York,Men'S Athletic Footwear,55,68,3740,In-Store
West Gear,08-07-2021,Northeast,New York,Men'S Athletic Footwear,60,70,4200,In-Store
West Gear,09-08-2021,Northeast,New York,Men'S Athletic Footwear,60,70,4200,In-Store
West Gear,11-11-2021,Northeast,Vermont,Men'S Athletic Footwear,60,33,1980,In-Store
West Gear,22-02-2021,Northeast,West Virginia,Men'S Athletic Footwear,35,13,455,In-Store
West Gear,17-04-2021,Northeast,West Virginia,Men'S Athletic Footwear,30,25,750,In-Store
West Gear,16-03-2021,Northeast,West Virginia,Men'S Athletic Footwear,30,28,840,In-Store
West Gear,18-09-2021,Northeast,West Virginia,Men'S Athletic Footwear,30,35,1050,In-Store
West Gear,17-10-2021,Northeast,West Virginia,Men'S Athletic Footwear,35,28,980,In-Store
West Gear,18-05-2021,Northeast,West Virginia,Men'S Athletic Footwear,40,30,1200,In-Store
West Gear,17-06-2021,Northeast,West Virginia,Men'S Athletic Footwear,40,43,1720,In-Store
West Gear,17-08-2021,Northeast,West Virginia,Men'S Athletic Footwear,45,30,1350,In-Store
West Gear,16-07-2021,Northeast,West Virginia,Men'S Athletic Footwear,55,40,2200,In-Store
West Gear,21-04-2021,Northeast,Maryland,Men'S Street Footwear,35,43,1505,In-Store
West Gear,20-03-2021,Northeast,Maryland,Men'S Street Footwear,35,45,1575,In-Store
West Gear,20-05-2021,Northeast,Maryland,Men'S Street Footwear,50,47,2350,In-Store
West Gear,22-06-2021,Northeast,Maryland,Men'S Street Footwear,50,50,2500,In-Store
West Gear,09-04-2021,Northeast,New York,Men'S Street Footwear,45,83,3735,In-Store
West Gear,08-03-2021,Northeast,New York,Men'S Street Footwear,45,87,3915,In-Store
West Gear,08-09-2021,Northeast,New York,Men'S Street Footwear,55,85,4675,In-Store
West Gear,08-05-2021,Northeast,New York,Men'S Street Footwear,55,87,4785,In-Store
West Gear,10-06-2021,Northeast,New York,Men'S Street Footwear,60,88,5280,In-Store
West Gear,09-11-2021,Northeast,New York,Men'S Street Footwear,60,78,4680,In-Store
West Gear,10-10-2021,Northeast,New York,Men'S Street Footwear,60,80,4800,In-Store
West Gear,08-12-2021,Northeast,New York,Men'S Street Footwear,65,88,5720,In-Store
West Gear,09-08-2021,Northeast,New York,Men'S Street Footwear,65,93,6045,In-Store
West Gear,08-07-2021,Northeast,New York,Men'S Street Footwear,65,95,6175,In-Store
West Gear,11-11-2021,Northeast,Vermont,Men'S Street Footwear,70,45,3150,In-Store
West Gear,17-04-2021,Northeast,West Virginia,Men'S Street Footwear,30,55,1650,In-Store
West Gear,16-03-2021,Northeast,West Virginia,Men'S Street Footwear,30,57,1710,In-Store
West Gear,18-09-2021,Northeast,West Virginia,Men'S Street Footwear,35,55,1925,In-Store
West Gear,17-10-2021,Northeast,West Virginia,Men'S Street Footwear,45,43,1935,In-Store
West Gear,17-06-2021,Northeast,West Virginia,Men'S Street Footwear,45,60,2700,In-Store
West Gear,17-08-2021,Northeast,West Virginia,Men'S Street Footwear,50,53,2650,In-Store
West Gear,18-05-2021,Northeast,West Virginia,Men'S Street Footwear,60,60,3600,In-Store
West Gear,16-07-2021,Northeast,West Virginia,Men'S Street Footwear,60,65,3900,In-Store
West Gear,20-03-2021,Northeast,Maryland,Women'S Apparel,35,18,630,In-Store
West Gear,21-04-2021,Northeast,Maryland,Women'S Apparel,35,20,700,In-Store
West Gear,22-02-2021,Northeast,Maryland,Women'S Apparel,35,23,805,In-Store
West Gear,20-05-2021,Northeast,Maryland,Women'S Apparel,55,25,1375,In-Store
West Gear,08-03-2021,Northeast,New York,Women'S Apparel,45,58,2610,In-Store
West Gear,09-04-2021,Northeast,New York,Women'S Apparel,45,60,2700,In-Store
West Gear,10-02-2021,Northeast,New York,Women'S Apparel,45,65,2925,In-Store
West Gear,08-09-2021,Northeast,New York,Women'S Apparel,60,63,3780,In-Store
West Gear,09-08-2021,Northeast,New York,Women'S Apparel,60,73,4380,In-Store
West Gear,08-05-2021,Northeast,New York,Women'S Apparel,65,63,4095,In-Store
West Gear,10-10-2021,Northeast,New York,Women'S Apparel,65,63,4095,In-Store
West Gear,09-11-2021,Northeast,New York,Women'S Apparel,70,65,4550,In-Store
West Gear,10-06-2021,Northeast,New York,Women'S Apparel,70,73,5110,In-Store
West Gear,08-07-2021,Northeast,New York,Women'S Apparel,70,78,5460,In-Store
West Gear,12-10-2021,Northeast,Vermont,Women'S Apparel,75,30,2250,In-Store
West Gear,17-02-2021,Northeast,West Virginia,Women'S Apparel,25,35,875,In-Store
West Gear,16-03-2021,Northeast,West Virginia,Women'S Apparel,30,33,990,In-Store
West Gear,18-09-2021,Northeast,West Virginia,Women'S Apparel,40,30,1200,In-Store
West Gear,17-04-2021,Northeast,West Virginia,Women'S Apparel,50,33,1650,In-Store
West Gear,18-05-2021,Northeast,West Virginia,Women'S Apparel,55,35,1925,In-Store
West Gear,17-08-2021,Northeast,West Virginia,Women'S Apparel,55,43,2365,In-Store
West Gear,17-06-2021,Northeast,West Virginia,Women'S Apparel,65,43,2795,In-Store
West Gear,16-07-2021,Northeast,West Virginia,Women'S Apparel,65,48,3120,In-Store
West Gear,20-03-2021,Northeast,Maryland,Women'S Athletic Footwear,30,3,90,In-Store
West Gear,22-02-2021,Northeast,Maryland,Women'S Athletic Footwear,30,5,150,In-Store
West Gear,21-04-2021,Northeast,Maryland,Women'S Athletic Footwear,30,5,150,In-Store
West Gear,20-05-2021,Northeast,Maryland,Women'S Athletic Footwear,40,10,400,In-Store
West Gear,08-03-2021,Northeast,New York,Women'S Athletic Footwear,40,43,1720,In-Store
West Gear,09-04-2021,Northeast,New York,Women'S Athletic Footwear,40,45,1800,In-Store
West Gear,10-02-2021,Northeast,New York,Women'S Athletic Footwear,40,48,1920,In-Store
West Gear,08-09-2021,Northeast,New York,Women'S Athletic Footwear,45,53,2385,In-Store
West Gear,09-08-2021,Northeast,New York,Women'S Athletic Footwear,45,58,2610,In-Store
West Gear,08-05-2021,Northeast,New York,Women'S Athletic Footwear,50,50,2500,In-Store
West Gear,10-06-2021,Northeast,New York,Women'S Athletic Footwear,50,58,2900,In-Store
West Gear,10-10-2021,Northeast,New York,Women'S Athletic Footwear,50,50,2500,In-Store
West Gear,09-11-2021,Northeast,New York,Women'S Athletic Footwear,50,58,2900,In-Store
West Gear,08-07-2021,Northeast,New York,Women'S Athletic Footwear,55,58,3190,In-Store
West Gear,16-03-2021,Northeast,West Virginia,Women'S Athletic Footwear,25,18,450,In-Store
West Gear,17-04-2021,Northeast,West Virginia,Women'S Athletic Footwear,25,18,450,In-Store
West Gear,18-09-2021,Northeast,West Virginia,Women'S Athletic Footwear,25,23,575,In-Store
West Gear,17-02-2021,Northeast,West Virginia,Women'S Athletic Footwear,35,18,630,In-Store
West Gear,17-10-2021,Northeast,West Virginia,Women'S Athletic Footwear,35,18,630,In-Store
West Gear,18-05-2021,Northeast,West Virginia,Women'S Athletic Footwear,35,20,700,In-Store
West Gear,17-06-2021,Northeast,West Virginia,Women'S Athletic Footwear,35,28,980,In-Store
West Gear,17-08-2021,Northeast,West Virginia,Women'S Athletic Footwear,40,28,1120,In-Store
West Gear,16-07-2021,Northeast,West Virginia,Women'S Athletic Footwear,50,28,1400,In-Store
West Gear,21-04-2021,Northeast,Maryland,Women'S Street Footwear,25,13,325,In-Store
West Gear,20-03-2021,Northeast,Maryland,Women'S Street Footwear,25,18,450,In-Store
West Gear,20-05-2021,Northeast,Maryland,Women'S Street Footwear,40,15,600,In-Store
West Gear,09-04-2021,Northeast,New York,Women'S Street Footwear,35,53,1855,In-Store
West Gear,08-03-2021,Northeast,New York,Women'S Street Footwear,35,58,2030,In-Store
West Gear,08-09-2021,Northeast,New York,Women'S Street Footwear,45,55,2475,In-Store
West Gear,08-05-2021,Northeast,New York,Women'S Street Footwear,50,55,2750,In-Store
West Gear,10-06-2021,Northeast,New York,Women'S Street Footwear,50,60,3000,In-Store
West Gear,10-10-2021,Northeast,New York,Women'S Street Footwear,50,53,2650,In-Store
West Gear,09-11-2021,Northeast,New York,Women'S Street Footwear,50,55,2750,In-Store
West Gear,08-07-2021,Northeast,New York,Women'S Street Footwear,55,63,3465,In-Store
West Gear,09-08-2021,Northeast,New York,Women'S Street Footwear,55,63,3465,In-Store
West Gear,11-11-2021,Northeast,Vermont,Women'S Street Footwear,60,32,1920,In-Store
West Gear,22-02-2021,Northeast,West Virginia,Women'S Street Footwear,25,18,450,In-Store
West Gear,17-04-2021,Northeast,West Virginia,Women'S Street Footwear,20,25,500,In-Store
West Gear,16-03-2021,Northeast,West Virginia,Women'S Street Footwear,20,33,660,In-Store
West Gear,18-09-2021,Northeast,West Virginia,Women'S Street Footwear,25,25,625,In-Store
West Gear,17-10-2021,Northeast,West Virginia,Women'S Street Footwear,35,18,630,In-Store
West Gear,18-05-2021,Northeast,West Virginia,Women'S Street Footwear,35,28,980,In-Store
West Gear,17-06-2021,Northeast,West Virginia,Women'S Street Footwear,35,30,1050,In-Store
West Gear,17-08-2021,Northeast,West Virginia,Women'S Street Footwear,40,30,1200,In-Store
West Gear,16-07-2021,Northeast,West Virginia,Women'S Street Footwear,50,33,1650,In-Store
West Gear,16-12-2021,Northeast,West Virginia,Women'S Street Footwear,55,40,2200,In-Store
Sports Direct,19-01-2021,Southeast,Virginia,Men'S Apparel,45,45,2025,In-Store
Sports Direct,17-02-2021,Southeast,Virginia,Men'S Athletic Footwear,35,45,1575,In-Store
Sports Direct,19-01-2021,Southeast,Virginia,Men'S Athletic Footwear,35,55,1925,In-Store
Sports Direct,19-01-2021,Southeast,Virginia,Men'S Street Footwear,35,75,2625,In-Store
Sports Direct,17-02-2021,Southeast,Virginia,Men'S Street Footwear,35,80,2800,In-Store
Sports Direct,19-01-2021,Southeast,Virginia,Women'S Apparel,35,55,1925,In-Store
Sports Direct,19-01-2021,Southeast,Virginia,Women'S Athletic Footwear,30,40,1200,In-Store
Sports Direct,17-02-2021,Southeast,Virginia,Women'S Street Footwear,25,50,1250,In-Store
Sports Direct,19-01-2021,Southeast,Virginia,Women'S Street Footwear,25,55,1375,In-Store
West Gear,12-01-2021,Southeast,Florida,Men'S Apparel,55,55,3025,In-Store
West Gear,10-02-2021,Southeast,Florida,Men'S Athletic Footwear,45,55,2475,In-Store
West Gear,12-01-2021,Southeast,Florida,Men'S Athletic Footwear,45,65,2925,In-Store
West Gear,12-01-2021,Southeast,Florida,Men'S Street Footwear,45,85,3825,In-Store
West Gear,10-02-2021,Southeast,Florida,Men'S Street Footwear,45,90,4050,In-Store
West Gear,12-01-2021,Southeast,Florida,Women'S Apparel,45,65,2925,In-Store
West Gear,12-01-2021,Southeast,Florida,Women'S Athletic Footwear,40,50,2000,In-Store
West Gear,10-02-2021,Southeast,Florida,Women'S Street Footwear,35,60,2100,In-Store
West Gear,12-01-2021,Southeast,Florida,Women'S Street Footwear,35,65,2275,In-Store
Foot Locker,10-12-2021,West,Wyoming,Men'S Apparel,55,50,2750,In-Store
Foot Locker,10-12-2021,West,Wyoming,Women'S Apparel,60,60,3600,In-Store
Foot Locker,10-12-2021,West,Wyoming,Women'S Athletic Footwear,45,50,2250,In-Store
Foot Locker,10-12-2021,West,Wyoming,Women'S Street Footwear,45,55,2475,In-Store
Kohl'S,11-04-2021,West,Wyoming,Men'S Apparel,50,43,2150,In-Store
Kohl'S,10-03-2021,West,Wyoming,Men'S Apparel,50,45,2250,In-Store
Kohl'S,10-05-2021,West,Wyoming,Men'S Apparel,50,48,2400,In-Store
Kohl'S,12-02-2021,West,Wyoming,Men'S Apparel,50,50,2500,In-Store
Kohl'S,12-06-2021,West,Wyoming,Men'S Apparel,50,50,2500,In-Store
Kohl'S,11-08-2021,West,Wyoming,Men'S Apparel,50,50,2500,In-Store
Kohl'S,10-09-2021,West,Wyoming,Men'S Apparel,50,50,2500,In-Store
Kohl'S,10-07-2021,West,Wyoming,Men'S Apparel,50,53,2650,In-Store
Kohl'S,12-10-2021,West,Wyoming,Men'S Apparel,55,48,2640,In-Store
Kohl'S,11-11-2021,West,Wyoming,Men'S Apparel,55,48,2640,In-Store
Kohl'S,11-04-2021,West,Wyoming,Men'S Athletic Footwear,40,50,2000,In-Store
Kohl'S,10-03-2021,West,Wyoming,Men'S Athletic Footwear,40,53,2120,In-Store
Kohl'S,10-05-2021,West,Wyoming,Men'S Athletic Footwear,45,53,2385,In-Store
Kohl'S,11-11-2021,West,Wyoming,Men'S Athletic Footwear,45,58,2610,In-Store
Kohl'S,12-06-2021,West,Wyoming,Men'S Athletic Footwear,45,60,2700,In-Store
Kohl'S,10-09-2021,West,Wyoming,Men'S Athletic Footwear,45,60,2700,In-Store
Kohl'S,12-10-2021,West,Wyoming,Men'S Athletic Footwear,45,60,2700,In-Store
Kohl'S,10-12-2021,West,Wyoming,Men'S Athletic Footwear,45,60,2700,In-Store
Kohl'S,10-07-2021,West,Wyoming,Men'S Athletic Footwear,45,63,2835,In-Store
Kohl'S,11-08-2021,West,Wyoming,Men'S Athletic Footwear,45,63,2835,In-Store
Kohl'S,11-04-2021,West,Wyoming,Men'S Street Footwear,40,80,3200,In-Store
Kohl'S,10-03-2021,West,Wyoming,Men'S Street Footwear,40,82,3280,In-Store
Kohl'S,10-09-2021,West,Wyoming,Men'S Street Footwear,50,80,4000,In-Store
Kohl'S,10-05-2021,West,Wyoming,Men'S Street Footwear,50,82,4100,In-Store
Kohl'S,12-06-2021,West,Wyoming,Men'S Street Footwear,50,85,4250,In-Store
Kohl'S,11-08-2021,West,Wyoming,Men'S Street Footwear,50,85,4250,In-Store
Kohl'S,10-07-2021,West,Wyoming,Men'S Street Footwear,50,88,4400,In-Store
Kohl'S,11-11-2021,West,Wyoming,Men'S Street Footwear,55,75,4125,In-Store
Kohl'S,12-10-2021,West,Wyoming,Men'S Street Footwear,55,78,4290,In-Store
Kohl'S,10-12-2021,West,Wyoming,Men'S Street Footwear,55,80,4400,In-Store
Kohl'S,10-03-2021,West,Wyoming,Women'S Apparel,40,55,2200,In-Store
Kohl'S,11-04-2021,West,Wyoming,Women'S Apparel,40,55,2200,In-Store
Kohl'S,12-02-2021,West,Wyoming,Women'S Apparel,40,60,2400,In-Store
Kohl'S,10-05-2021,West,Wyoming,Women'S Apparel,55,60,3300,In-Store
Kohl'S,10-09-2021,West,Wyoming,Women'S Apparel,55,60,3300,In-Store
Kohl'S,12-06-2021,West,Wyoming,Women'S Apparel,55,65,3575,In-Store
Kohl'S,11-08-2021,West,Wyoming,Women'S Apparel,55,68,3740,In-Store
Kohl'S,10-07-2021,West,Wyoming,Women'S Apparel,55,70,3850,In-Store
Kohl'S,11-11-2021,West,Wyoming,Women'S Apparel,60,58,3480,In-Store
Kohl'S,12-10-2021,West,Wyoming,Women'S Apparel,60,60,3600,In-Store
Kohl'S,10-03-2021,West,Wyoming,Women'S Athletic Footwear,35,40,1400,In-Store
Kohl'S,12-02-2021,West,Wyoming,Women'S Athletic Footwear,35,43,1505,In-Store
Kohl'S,11-04-2021,West,Wyoming,Women'S Athletic Footwear,35,43,1505,In-Store
Kohl'S,10-05-2021,West,Wyoming,Women'S Athletic Footwear,40,45,1800,In-Store
Kohl'S,12-06-2021,West,Wyoming,Women'S Athletic Footwear,40,50,2000,In-Store
Kohl'S,10-07-2021,West,Wyoming,Women'S Athletic Footwear,40,50,2000,In-Store
Kohl'S,10-09-2021,West,Wyoming,Women'S Athletic Footwear,40,50,2000,In-Store
Kohl'S,11-08-2021,West,Wyoming,Women'S Athletic Footwear,40,53,2120,In-Store
Kohl'S,12-10-2021,West,Wyoming,Women'S Athletic Footwear,45,48,2160,In-Store
Kohl'S,11-11-2021,West,Wyoming,Women'S Athletic Footwear,45,50,2250,In-Store
Kohl'S,11-04-2021,West,Wyoming,Women'S Street Footwear,30,50,1500,In-Store
Kohl'S,10-03-2021,West,Wyoming,Women'S Street Footwear,30,55,1650,In-Store
Kohl'S,10-05-2021,West,Wyoming,Women'S Street Footwear,40,50,2000,In-Store
Kohl'S,12-06-2021,West,Wyoming,Women'S Street Footwear,40,53,2120,In-Store
Kohl'S,10-09-2021,West,Wyoming,Women'S Street Footwear,40,53,2120,In-Store
Kohl'S,10-07-2021,West,Wyoming,Women'S Street Footwear,40,55,2200,In-Store
Kohl'S,11-08-2021,West,Wyoming,Women'S Street Footwear,40,55,2200,In-Store
Kohl'S,12-10-2021,West,Wyoming,Women'S Street Footwear,45,50,2250,In-Store
Kohl'S,11-11-2021,West,Wyoming,Women'S Street Footwear,45,52,2340,In-Store
West Gear,12-09-2021,West,Utah,Men'S Apparel,20,33,660,In-Store
West Gear,11-10-2021,West,Utah,Men'S Apparel,30,28,840,In-Store
West Gear,11-08-2021,West,Utah,Men'S Apparel,30,35,1050,In-Store
West Gear,11-04-2021,West,Utah,Men'S Apparel,35,28,980,In-Store
West Gear,11-02-2021,West,Utah,Men'S Apparel,35,38,1330,In-Store
West Gear,11-06-2021,West,Utah,Men'S Apparel,35,40,1400,In-Store
West Gear,10-07-2021,West,Utah,Men'S Apparel,35,43,1505,In-Store
West Gear,10-03-2021,West,Utah,Men'S Apparel,40,30,1200,In-Store
West Gear,12-05-2021,West,Utah,Men'S Apparel,40,30,1200,In-Store
West Gear,11-11-2021,West,Utah,Men'S Apparel,40,35,1400,In-Store
West Gear,10-12-2021,West,Utah,Men'S Apparel,40,40,1600,In-Store
West Gear,11-10-2021,West,Utah,Men'S Athletic Footwear,20,40,800,In-Store
West Gear,11-11-2021,West,Utah,Men'S Athletic Footwear,20,40,800,In-Store
West Gear,11-04-2021,West,Utah,Men'S Athletic Footwear,25,33,825,In-Store
West Gear,11-06-2021,West,Utah,Men'S Athletic Footwear,25,40,1000,In-Store
West Gear,12-09-2021,West,Utah,Men'S Athletic Footwear,25,45,1125,In-Store
West Gear,10-03-2021,West,Utah,Men'S Athletic Footwear,30,35,1050,In-Store
West Gear,10-12-2021,West,Utah,Men'S Athletic Footwear,30,50,1500,In-Store
West Gear,12-05-2021,West,Utah,Men'S Athletic Footwear,30,38,1140,In-Store
West Gear,10-07-2021,West,Utah,Men'S Athletic Footwear,30,55,1650,In-Store
West Gear,11-08-2021,West,Utah,Men'S Athletic Footwear,35,53,1855,In-Store
West Gear,11-10-2021,West,Utah,Men'S Street Footwear,30,58,1740,In-Store
West Gear,11-11-2021,West,Utah,Men'S Street Footwear,30,55,1650,In-Store
West Gear,11-04-2021,West,Utah,Men'S Street Footwear,30,63,1890,In-Store
West Gear,11-06-2021,West,Utah,Men'S Street Footwear,30,65,1950,In-Store
West Gear,12-09-2021,West,Utah,Men'S Street Footwear,30,65,1950,In-Store
West Gear,10-03-2021,West,Utah,Men'S Street Footwear,30,67,2010,In-Store
West Gear,12-05-2021,West,Utah,Men'S Street Footwear,35,67,2345,In-Store
West Gear,11-08-2021,West,Utah,Men'S Street Footwear,35,75,2625,In-Store
West Gear,10-07-2021,West,Utah,Men'S Street Footwear,35,80,2800,In-Store
West Gear,10-12-2021,West,Utah,Men'S Street Footwear,40,70,2800,In-Store
West Gear,11-02-2021,West,Utah,Women'S Apparel,25,45,1125,In-Store
West Gear,11-04-2021,West,Utah,Women'S Apparel,25,40,1000,In-Store
West Gear,12-09-2021,West,Utah,Women'S Apparel,25,40,1000,In-Store
West Gear,10-03-2021,West,Utah,Women'S Apparel,30,40,1200,In-Store
West Gear,11-10-2021,West,Utah,Women'S Apparel,35,40,1400,In-Store
West Gear,11-08-2021,West,Utah,Women'S Apparel,35,53,1855,In-Store
West Gear,11-06-2021,West,Utah,Women'S Apparel,40,58,2320,In-Store
West Gear,10-07-2021,West,Utah,Women'S Apparel,40,60,2400,In-Store
West Gear,11-11-2021,West,Utah,Women'S Apparel,45,45,2025,In-Store
West Gear,10-12-2021,West,Utah,Women'S Apparel,45,50,2250,In-Store
West Gear,12-05-2021,West,Utah,Women'S Apparel,45,40,1800,In-Store
West Gear,12-09-2021,West,Utah,Women'S Athletic Footwear,10,33,330,In-Store
West Gear,11-04-2021,West,Utah,Women'S Athletic Footwear,20,25,500,In-Store
West Gear,11-10-2021,West,Utah,Women'S Athletic Footwear,20,28,560,In-Store
West Gear,11-02-2021,West,Utah,Women'S Athletic Footwear,20,30,600,In-Store
West Gear,11-08-2021,West,Utah,Women'S Athletic Footwear,20,38,760,In-Store
West Gear,11-11-2021,West,Utah,Women'S Athletic Footwear,20,38,760,In-Store
West Gear,11-06-2021,West,Utah,Women'S Athletic Footwear,20,40,800,In-Store
West Gear,10-03-2021,West,Utah,Women'S Athletic Footwear,25,25,625,In-Store
West Gear,12-05-2021,West,Utah,Women'S Athletic Footwear,25,28,700,In-Store
West Gear,10-07-2021,West,Utah,Women'S Athletic Footwear,25,43,1075,In-Store
West Gear,10-12-2021,West,Utah,Women'S Athletic Footwear,30,40,1200,In-Store
West Gear,12-09-2021,West,Utah,Women'S Street Footwear,10,35,350,In-Store
West Gear,11-04-2021,West,Utah,Women'S Street Footwear,15,33,495,In-Store
West Gear,11-10-2021,West,Utah,Women'S Street Footwear,20,30,600,In-Store
West Gear,11-11-2021,West,Utah,Women'S Street Footwear,20,35,700,In-Store
West Gear,10-03-2021,West,Utah,Women'S Street Footwear,20,40,800,In-Store
West Gear,11-06-2021,West,Utah,Women'S Street Footwear,20,43,860,In-Store
West Gear,12-05-2021,West,Utah,Women'S Street Footwear,25,35,875,In-Store
West Gear,10-07-2021,West,Utah,Women'S Street Footwear,25,48,1200,In-Store
West Gear,11-08-2021,West,Utah,Women'S Street Footwear,30,45,1350,In-Store
West Gear,10-12-2021,West,Utah,Women'S Street Footwear,30,45,1350,In-Store
West Gear,10-01-2021,Northeast,Maine,Men'S Athletic Footwear,41,11,451,Online
West Gear,03-01-2020,Northeast,Pennsylvania,Men'S Athletic Footwear,44,12,528,Online
West Gear,10-01-2021,Northeast,Maine,Men'S Street Footwear,33,10,330,Online
West Gear,02-01-2020,Northeast,Pennsylvania,Men'S Street Footwear,32,12,384,Online
West Gear,10-01-2021,Northeast,Maine,Women'S Athletic Footwear,43,6,258,Online
West Gear,05-01-2020,Northeast,Pennsylvania,Women'S Athletic Footwear,43,9,387,Online
West Gear,10-01-2021,Northeast,Maine,Women'S Street Footwear,43,10,430,Online
West Gear,04-01-2020,Northeast,Pennsylvania,Women'S Street Footwear,41,12,492,Online
Foot Locker,16-12-2021,South,Louisiana,Men'S Apparel,85,53,4505,Online
Foot Locker,16-12-2021,South,Louisiana,Men'S Apparel,82,13,1066,Online
Foot Locker,16-12-2021,South,Louisiana,Women'S Apparel,90,63,5670,Online
Foot Locker,16-12-2021,South,Louisiana,Women'S Apparel,87,18,1566,Online
Foot Locker,16-12-2021,South,Louisiana,Women'S Athletic Footwear,75,60,4500,Online
Foot Locker,16-12-2021,South,Louisiana,Women'S Athletic Footwear,72,16,1152,Online
Foot Locker,16-12-2021,South,Louisiana,Women'S Street Footwear,75,60,4500,Online
Foot Locker,16-12-2021,South,Louisiana,Women'S Street Footwear,69,16,1104,Online
West Gear,17-10-2021,South,Louisiana,Men'S Apparel,50,35,1750,Online
West Gear,18-09-2021,South,Louisiana,Men'S Apparel,55,28,1540,Online
West Gear,17-08-2021,South,Louisiana,Men'S Apparel,65,48,3120,Online
West Gear,17-11-2021,South,Louisiana,Men'S Apparel,70,48,3360,Online
West Gear,17-06-2021,South,Louisiana,Men'S Apparel,95,45,4275,Online
West Gear,16-07-2021,South,Louisiana,Men'S Apparel,95,65,6175,Online
West Gear,18-09-2021,South,Louisiana,Men'S Apparel,51,8,408,Online
West Gear,17-11-2021,South,Louisiana,Men'S Apparel,68,12,816,Online
West Gear,17-04-2021,South,Louisiana,Men'S Apparel,43,5,215,Online
West Gear,17-06-2021,South,Louisiana,Men'S Apparel,92,12,1104,Online
West Gear,16-07-2021,South,Louisiana,Men'S Apparel,86,19,1634,Online
West Gear,18-05-2021,South,Louisiana,Men'S Apparel,36,7,252,Online
West Gear,17-10-2021,South,Louisiana,Men'S Apparel,47,10,470,Online
West Gear,17-08-2021,South,Louisiana,Men'S Apparel,64,14,896,Online
West Gear,17-02-2021,South,Louisiana,Men'S Apparel,48,5,240,Online
West Gear,16-03-2021,South,Louisiana,Men'S Apparel,56,4,224,Online
West Gear,17-11-2021,South,Louisiana,Men'S Athletic Footwear,45,70,3150,Online
West Gear,18-09-2021,South,Louisiana,Men'S Athletic Footwear,50,50,2500,Online
West Gear,17-10-2021,South,Louisiana,Men'S Athletic Footwear,50,58,2900,Online
West Gear,17-06-2021,South,Louisiana,Men'S Athletic Footwear,70,70,4900,Online
West Gear,16-12-2021,South,Louisiana,Men'S Athletic Footwear,80,80,6400,Online
West Gear,17-08-2021,South,Louisiana,Men'S Athletic Footwear,85,83,7055,Online
West Gear,16-07-2021,South,Louisiana,Men'S Athletic Footwear,95,75,7125,Online
West Gear,17-04-2021,South,Louisiana,Men'S Athletic Footwear,52,9,468,Online
West Gear,16-12-2021,South,Louisiana,Men'S Athletic Footwear,72,22,1584,Online
West Gear,18-09-2021,South,Louisiana,Men'S Athletic Footwear,46,13,598,Online
West Gear,17-08-2021,South,Louisiana,Men'S Athletic Footwear,77,24,1848,Online
West Gear,17-11-2021,South,Louisiana,Men'S Athletic Footwear,42,21,882,Online
West Gear,18-05-2021,South,Louisiana,Men'S Athletic Footwear,47,10,470,Online
West Gear,17-06-2021,South,Louisiana,Men'S Athletic Footwear,65,21,1365,Online
West Gear,17-10-2021,South,Louisiana,Men'S Athletic Footwear,45,16,720,Online
West Gear,16-03-2021,South,Louisiana,Men'S Athletic Footwear,51,10,510,Online
West Gear,16-07-2021,South,Louisiana,Men'S Athletic Footwear,92,20,1840,Online
West Gear,02-11-2020,South,Texas,Men'S Athletic Footwear,49,19,931,Online
West Gear,17-10-2021,South,Louisiana,Men'S Street Footwear,35,40,1400,Online
West Gear,17-11-2021,South,Louisiana,Men'S Street Footwear,40,63,2520,Online
West Gear,18-09-2021,South,Louisiana,Men'S Street Footwear,45,50,2250,Online
West Gear,17-06-2021,South,Louisiana,Men'S Street Footwear,60,83,4980,Online
West Gear,16-12-2021,South,Louisiana,Men'S Street Footwear,70,80,5600,Online
West Gear,16-07-2021,South,Louisiana,Men'S Street Footwear,90,90,8100,Online
West Gear,17-08-2021,South,Louisiana,Men'S Street Footwear,95,85,8075,Online
West Gear,17-11-2021,South,Louisiana,Men'S Street Footwear,39,19,741,Online
West Gear,16-03-2021,South,Louisiana,Men'S Street Footwear,44,15,660,Online
West Gear,17-06-2021,South,Louisiana,Men'S Street Footwear,58,25,1450,Online
West Gear,17-08-2021,South,Louisiana,Men'S Street Footwear,86,26,2236,Online
West Gear,17-04-2021,South,Louisiana,Men'S Street Footwear,48,14,672,Online
West Gear,16-12-2021,South,Louisiana,Men'S Street Footwear,69,24,1656,Online
West Gear,18-05-2021,South,Louisiana,Men'S Street Footwear,43,16,688,Online
West Gear,16-07-2021,South,Louisiana,Men'S Street Footwear,86,27,2322,Online
West Gear,17-10-2021,South,Louisiana,Men'S Street Footwear,34,11,374,Online
West Gear,18-09-2021,South,Louisiana,Men'S Street Footwear,43,15,645,Online
West Gear,01-11-2020,South,Texas,Men'S Street Footwear,37,21,777,Online
West Gear,18-09-2021,South,Louisiana,Women'S Apparel,40,30,1200,Online
West Gear,17-10-2021,South,Louisiana,Women'S Apparel,55,40,2200,Online
West Gear,18-05-2021,South,Louisiana,Women'S Apparel,65,58,3770,Online
West Gear,17-08-2021,South,Louisiana,Women'S Apparel,70,30,2100,Online
West Gear,17-11-2021,South,Louisiana,Women'S Apparel,85,60,5100,Online
West Gear,16-07-2021,South,Louisiana,Women'S Apparel,110,65,7150,Online
West Gear,17-06-2021,South,Louisiana,Women'S Apparel,110,75,8250,Online
West Gear,16-03-2021,South,Louisiana,Women'S Apparel,41,10,410,Online
West Gear,18-05-2021,South,Louisiana,Women'S Apparel,59,17,1003,Online
West Gear,17-10-2021,South,Louisiana,Women'S Apparel,50,11,550,Online
West Gear,17-02-2021,South,Louisiana,Women'S Apparel,44,11,484,Online
West Gear,17-11-2021,South,Louisiana,Women'S Apparel,81,17,1377,Online
West Gear,17-06-2021,South,Louisiana,Women'S Apparel,100,20,2000,Online
West Gear,16-07-2021,South,Louisiana,Women'S Apparel,103,16,1648,Online
West Gear,17-08-2021,South,Louisiana,Women'S Apparel,63,9,567,Online
West Gear,18-09-2021,South,Louisiana,Women'S Apparel,39,8,312,Online
West Gear,17-04-2021,South,Louisiana,Women'S Apparel,55,11,605,Online
West Gear,17-10-2021,South,Louisiana,Women'S Athletic Footwear,40,38,1520,Online
West Gear,18-09-2021,South,Louisiana,Women'S Athletic Footwear,45,25,1125,Online
West Gear,17-11-2021,South,Louisiana,Women'S Athletic Footwear,50,50,2500,Online
West Gear,17-08-2021,South,Louisiana,Women'S Athletic Footwear,75,48,3600,Online
West Gear,17-06-2021,South,Louisiana,Women'S Athletic Footwear,85,58,4930,Online
West Gear,16-07-2021,South,Louisiana,Women'S Athletic Footwear,90,60,5400,Online
West Gear,17-10-2021,South,Louisiana,Women'S Athletic Footwear,36,11,396,Online
West Gear,17-11-2021,South,Louisiana,Women'S Athletic Footwear,48,13,624,Online
West Gear,18-09-2021,South,Louisiana,Women'S Athletic Footwear,41,6,246,Online
West Gear,18-05-2021,South,Louisiana,Women'S Athletic Footwear,44,9,396,Online
West Gear,17-04-2021,South,Louisiana,Women'S Athletic Footwear,39,7,273,Online
West Gear,17-08-2021,South,Louisiana,Women'S Athletic Footwear,74,13,962,Online
West Gear,16-07-2021,South,Louisiana,Women'S Athletic Footwear,86,17,1462,Online
West Gear,17-02-2021,South,Louisiana,Women'S Athletic Footwear,44,7,308,Online
West Gear,16-03-2021,South,Louisiana,Women'S Athletic Footwear,50,8,400,Online
West Gear,17-06-2021,South,Louisiana,Women'S Athletic Footwear,82,16,1312,Online
West Gear,04-11-2020,South,Texas,Women'S Athletic Footwear,48,18,864,Online
West Gear,17-11-2021,South,Louisiana,Women'S Street Footwear,40,53,2120,Online
West Gear,18-09-2021,South,Louisiana,Women'S Street Footwear,45,30,1350,Online
West Gear,17-10-2021,South,Louisiana,Women'S Street Footwear,45,40,1800,Online
West Gear,17-08-2021,South,Louisiana,Women'S Street Footwear,75,70,5250,Online
West Gear,17-06-2021,South,Louisiana,Women'S Street Footwear,85,70,5950,Online
West Gear,16-07-2021,South,Louisiana,Women'S Street Footwear,95,70,6650,Online
West Gear,17-10-2021,South,Louisiana,Women'S Street Footwear,42,10,420,Online
West Gear,18-05-2021,South,Louisiana,Women'S Street Footwear,49,11,539,Online
West Gear,17-04-2021,South,Louisiana,Women'S Street Footwear,52,11,572,Online
West Gear,17-11-2021,South,Louisiana,Women'S Street Footwear,38,14,532,Online
West Gear,18-09-2021,South,Louisiana,Women'S Street Footwear,43,8,344,Online
West Gear,16-07-2021,South,Louisiana,Women'S Street Footwear,90,20,1800,Online
West Gear,16-03-2021,South,Louisiana,Women'S Street Footwear,56,12,672,Online
West Gear,17-08-2021,South,Louisiana,Women'S Street Footwear,70,19,1330,Online
West Gear,17-06-2021,South,Louisiana,Women'S Street Footwear,83,20,1660,Online
West Gear,03-11-2020,South,Texas,Women'S Street Footwear,46,22,1012,Online
Foot Locker,12-12-2021,Southeast,Georgia,Men'S Apparel,65,40,2600,Online
Foot Locker,12-12-2021,Southeast,Georgia,Men'S Apparel,64,12,768,Online
Foot Locker,25-09-2021,Southeast,Virginia,Men'S Apparel,58,6,348,Online
Foot Locker,24-04-2021,Southeast,Virginia,Men'S Apparel,49,4,196,Online
Foot Locker,24-08-2021,Southeast,Virginia,Men'S Apparel,64,11,704,Online
Foot Locker,24-06-2021,Southeast,Virginia,Men'S Apparel,81,10,810,Online
Foot Locker,23-03-2021,Southeast,Virginia,Men'S Apparel,51,3,153,Online
Foot Locker,25-05-2021,Southeast,Virginia,Men'S Apparel,44,5,220,Online
Foot Locker,24-10-2021,Southeast,Virginia,Men'S Apparel,53,9,477,Online
Foot Locker,24-02-2021,Southeast,Virginia,Men'S Apparel,42,4,168,Online
Foot Locker,24-11-2021,Southeast,Virginia,Men'S Apparel,73,11,803,Online
Foot Locker,23-07-2021,Southeast,Virginia,Men'S Apparel,85,16,1360,Online
Foot Locker,25-05-2021,Southeast,Virginia,Men'S Athletic Footwear,51,10,510,Online
Foot Locker,23-12-2021,Southeast,Virginia,Men'S Athletic Footwear,74,23,1702,Online
Foot Locker,25-09-2021,Southeast,Virginia,Men'S Athletic Footwear,52,11,572,Online
Foot Locker,24-06-2021,Southeast,Virginia,Men'S Athletic Footwear,62,18,1116,Online
Foot Locker,23-03-2021,Southeast,Virginia,Men'S Athletic Footwear,45,9,405,Online
Foot Locker,24-04-2021,Southeast,Virginia,Men'S Athletic Footwear,59,7,413,Online
Foot Locker,24-08-2021,Southeast,Virginia,Men'S Athletic Footwear,76,20,1520,Online
Foot Locker,24-11-2021,Southeast,Virginia,Men'S Athletic Footwear,47,17,799,Online
Foot Locker,24-10-2021,Southeast,Virginia,Men'S Athletic Footwear,51,14,714,Online
Foot Locker,23-07-2021,Southeast,Virginia,Men'S Athletic Footwear,81,20,1620,Online
Foot Locker,24-10-2021,Southeast,Virginia,Men'S Street Footwear,38,10,380,Online
Foot Locker,24-08-2021,Southeast,Virginia,Men'S Street Footwear,83,24,1992,Online
Foot Locker,25-05-2021,Southeast,Virginia,Men'S Street Footwear,46,13,598,Online
Foot Locker,23-03-2021,Southeast,Virginia,Men'S Street Footwear,38,14,532,Online
Foot Locker,24-11-2021,Southeast,Virginia,Men'S Street Footwear,42,16,672,Online
Foot Locker,24-06-2021,Southeast,Virginia,Men'S Street Footwear,53,23,1219,Online
Foot Locker,23-12-2021,Southeast,Virginia,Men'S Street Footwear,60,23,1380,Online
Foot Locker,24-04-2021,Southeast,Virginia,Men'S Street Footwear,52,12,624,Online
Foot Locker,25-09-2021,Southeast,Virginia,Men'S Street Footwear,46,11,506,Online
Foot Locker,23-07-2021,Southeast,Virginia,Men'S Street Footwear,79,26,2054,Online
Foot Locker,12-12-2021,Southeast,Georgia,Women'S Apparel,70,50,3500,Online
Foot Locker,12-12-2021,Southeast,Georgia,Women'S Apparel,64,14,896,Online
Foot Locker,24-11-2021,Southeast,Virginia,Women'S Apparel,74,15,1110,Online
Foot Locker,23-07-2021,Southeast,Virginia,Women'S Apparel,96,18,1728,Online
Foot Locker,24-06-2021,Southeast,Virginia,Women'S Apparel,96,18,1728,Online
Foot Locker,23-03-2021,Southeast,Virginia,Women'S Apparel,49,8,392,Online
Foot Locker,24-08-2021,Southeast,Virginia,Women'S Apparel,73,8,584,Online
Foot Locker,24-02-2021,Southeast,Virginia,Women'S Apparel,38,8,304,Online
Foot Locker,25-09-2021,Southeast,Virginia,Women'S Apparel,42,7,294,Online
Foot Locker,25-05-2021,Southeast,Virginia,Women'S Apparel,56,15,840,Online
Foot Locker,24-10-2021,Southeast,Virginia,Women'S Apparel,59,10,590,Online
Foot Locker,24-04-2021,Southeast,Virginia,Women'S Apparel,64,8,512,Online
Foot Locker,12-12-2021,Southeast,Georgia,Women'S Athletic Footwear,55,48,2640,Online
Foot Locker,12-12-2021,Southeast,Georgia,Women'S Athletic Footwear,51,13,663,Online
Foot Locker,23-03-2021,Southeast,Virginia,Women'S Athletic Footwear,48,7,336,Online
Foot Locker,23-07-2021,Southeast,Virginia,Women'S Athletic Footwear,82,15,1230,Online
Foot Locker,24-04-2021,Southeast,Virginia,Women'S Athletic Footwear,42,6,252,Online
Foot Locker,24-11-2021,Southeast,Virginia,Women'S Athletic Footwear,52,11,572,Online
Foot Locker,24-10-2021,Southeast,Virginia,Women'S Athletic Footwear,41,10,410,Online
Foot Locker,25-09-2021,Southeast,Virginia,Women'S Athletic Footwear,45,5,225,Online
Foot Locker,24-08-2021,Southeast,Virginia,Women'S Athletic Footwear,66,11,726,Online
Foot Locker,24-06-2021,Southeast,Virginia,Women'S Athletic Footwear,72,14,1008,Online
Foot Locker,24-02-2021,Southeast,Virginia,Women'S Athletic Footwear,38,6,228,Online
Foot Locker,25-05-2021,Southeast,Virginia,Women'S Athletic Footwear,47,7,329,Online
Foot Locker,12-12-2021,Southeast,Georgia,Women'S Street Footwear,55,48,2640,Online
Foot Locker,12-12-2021,Southeast,Georgia,Women'S Street Footwear,53,14,742,Online
Foot Locker,23-07-2021,Southeast,Virginia,Women'S Street Footwear,86,18,1548,Online
Foot Locker,24-10-2021,Southeast,Virginia,Women'S Street Footwear,46,10,460,Online
Foot Locker,25-09-2021,Southeast,Virginia,Women'S Street Footwear,47,7,329,Online
Foot Locker,24-11-2021,Southeast,Virginia,Women'S Street Footwear,43,14,602,Online
Foot Locker,23-03-2021,Southeast,Virginia,Women'S Street Footwear,52,9,468,Online
Foot Locker,24-08-2021,Southeast,Virginia,Women'S Street Footwear,69,19,1311,Online
Foot Locker,24-06-2021,Southeast,Virginia,Women'S Street Footwear,73,20,1460,Online
Foot Locker,24-04-2021,Southeast,Virginia,Women'S Street Footwear,57,9,513,Online
Foot Locker,25-05-2021,Southeast,Virginia,Women'S Street Footwear,50,9,450,Online
Sports Direct,17-02-2021,Southeast,Florida,Men'S Apparel,52,6,312,Online
Sports Direct,16-03-2021,Southeast,Florida,Men'S Apparel,61,4,244,Online
Sports Direct,13-02-2021,Southeast,Georgia,Men'S Apparel,45,18,810,Online
Sports Direct,12-03-2021,Southeast,Georgia,Men'S Apparel,55,15,825,Online
Sports Direct,13-04-2021,Southeast,Georgia,Men'S Apparel,55,18,990,Online
Sports Direct,14-05-2021,Southeast,Georgia,Men'S Apparel,55,23,1265,Online
Sports Direct,13-06-2021,Southeast,Georgia,Men'S Apparel,55,28,1540,Online
Sports Direct,13-10-2021,Southeast,Georgia,Men'S Apparel,55,30,1650,Online
Sports Direct,14-09-2021,Southeast,Georgia,Men'S Apparel,55,40,2200,Online
Sports Direct,12-07-2021,Southeast,Georgia,Men'S Apparel,55,48,2640,Online
Sports Direct,13-11-2021,Southeast,Georgia,Men'S Apparel,65,35,2275,Online
Sports Direct,13-08-2021,Southeast,Georgia,Men'S Apparel,65,45,2925,Online
Sports Direct,13-10-2021,Southeast,Georgia,Men'S Apparel,50,9,450,Online
Sports Direct,12-03-2021,Southeast,Georgia,Men'S Apparel,51,4,204,Online
Sports Direct,13-11-2021,Southeast,Georgia,Men'S Apparel,60,10,600,Online
Sports Direct,13-02-2021,Southeast,Georgia,Men'S Apparel,41,5,205,Online
Sports Direct,14-05-2021,Southeast,Georgia,Men'S Apparel,50,6,300,Online
Sports Direct,13-06-2021,Southeast,Georgia,Men'S Apparel,51,7,357,Online
Sports Direct,13-04-2021,Southeast,Georgia,Men'S Apparel,52,5,260,Online
Sports Direct,14-09-2021,Southeast,Georgia,Men'S Apparel,54,10,540,Online
Sports Direct,12-07-2021,Southeast,Georgia,Men'S Apparel,54,14,756,Online
Sports Direct,13-08-2021,Southeast,Georgia,Men'S Apparel,60,13,780,Online
Sports Direct,23-12-2021,Southeast,Virginia,Men'S Apparel,72,13,936,Online
Sports Direct,16-03-2021,Southeast,Florida,Men'S Athletic Footwear,58,10,580,Online
Sports Direct,12-03-2021,Southeast,Georgia,Men'S Athletic Footwear,50,38,1900,Online
Sports Direct,13-10-2021,Southeast,Georgia,Men'S Athletic Footwear,50,53,2650,Online
Sports Direct,14-09-2021,Southeast,Georgia,Men'S Athletic Footwear,50,60,3000,Online
Sports Direct,13-04-2021,Southeast,Georgia,Men'S Athletic Footwear,55,33,1815,Online
Sports Direct,14-05-2021,Southeast,Georgia,Men'S Athletic Footwear,55,40,2200,Online
Sports Direct,13-06-2021,Southeast,Georgia,Men'S Athletic Footwear,55,53,2915,Online
Sports Direct,12-07-2021,Southeast,Georgia,Men'S Athletic Footwear,55,58,3190,Online
Sports Direct,13-11-2021,Southeast,Georgia,Men'S Athletic Footwear,60,58,3480,Online
Sports Direct,13-08-2021,Southeast,Georgia,Men'S Athletic Footwear,60,63,3780,Online
Sports Direct,12-12-2021,Southeast,Georgia,Men'S Athletic Footwear,60,68,4080,Online
Sports Direct,13-04-2021,Southeast,Georgia,Men'S Athletic Footwear,51,9,459,Online
Sports Direct,12-07-2021,Southeast,Georgia,Men'S Athletic Footwear,51,17,867,Online
Sports Direct,13-06-2021,Southeast,Georgia,Men'S Athletic Footwear,54,15,810,Online
Sports Direct,13-10-2021,Southeast,Georgia,Men'S Athletic Footwear,47,14,658,Online
Sports Direct,14-05-2021,Southeast,Georgia,Men'S Athletic Footwear,52,11,572,Online
Sports Direct,13-08-2021,Southeast,Georgia,Men'S Athletic Footwear,58,18,1044,Online
Sports Direct,12-03-2021,Southeast,Georgia,Men'S Athletic Footwear,46,10,460,Online
Sports Direct,12-12-2021,Southeast,Georgia,Men'S Athletic Footwear,58,19,1102,Online
Sports Direct,13-11-2021,Southeast,Georgia,Men'S Athletic Footwear,58,17,986,Online
Sports Direct,14-09-2021,Southeast,Georgia,Men'S Athletic Footwear,47,16,752,Online
Sports Direct,16-03-2021,Southeast,Florida,Men'S Street Footwear,46,16,736,Online
Sports Direct,12-03-2021,Southeast,Georgia,Men'S Street Footwear,40,53,2120,Online
Sports Direct,13-10-2021,Southeast,Georgia,Men'S Street Footwear,45,53,2385,Online
Sports Direct,14-09-2021,Southeast,Georgia,Men'S Street Footwear,45,60,2700,Online
Sports Direct,13-04-2021,Southeast,Georgia,Men'S Street Footwear,50,53,2650,Online
Sports Direct,14-05-2021,Southeast,Georgia,Men'S Street Footwear,50,55,2750,Online
Sports Direct,13-06-2021,Southeast,Georgia,Men'S Street Footwear,50,68,3400,Online
Sports Direct,12-07-2021,Southeast,Georgia,Men'S Street Footwear,50,73,3650,Online
Sports Direct,13-11-2021,Southeast,Georgia,Men'S Street Footwear,55,53,2915,Online
Sports Direct,13-08-2021,Southeast,Georgia,Men'S Street Footwear,55,68,3740,Online
Sports Direct,12-12-2021,Southeast,Georgia,Men'S Street Footwear,55,68,3740,Online
Sports Direct,12-03-2021,Southeast,Georgia,Men'S Street Footwear,37,14,518,Online
Sports Direct,12-07-2021,Southeast,Georgia,Men'S Street Footwear,47,20,940,Online
Sports Direct,13-10-2021,Southeast,Georgia,Men'S Street Footwear,42,13,546,Online
Sports Direct,13-04-2021,Southeast,Georgia,Men'S Street Footwear,45,14,630,Online
Sports Direct,13-11-2021,Southeast,Georgia,Men'S Street Footwear,51,14,714,Online
Sports Direct,13-08-2021,Southeast,Georgia,Men'S Street Footwear,53,18,954,Online
Sports Direct,13-06-2021,Southeast,Georgia,Men'S Street Footwear,46,18,828,Online
Sports Direct,14-09-2021,Southeast,Georgia,Men'S Street Footwear,43,18,774,Online
Sports Direct,14-05-2021,Southeast,Georgia,Men'S Street Footwear,47,16,752,Online
Sports Direct,12-12-2021,Southeast,Georgia,Men'S Street Footwear,50,20,1000,Online
Sports Direct,17-02-2021,Southeast,Florida,Women'S Apparel,47,11,517,Online
Sports Direct,16-03-2021,Southeast,Florida,Women'S Apparel,54,10,540,Online
Sports Direct,13-02-2021,Southeast,Georgia,Women'S Apparel,40,38,1520,Online
Sports Direct,12-03-2021,Southeast,Georgia,Women'S Apparel,50,35,1750,Online
Sports Direct,14-09-2021,Southeast,Georgia,Women'S Apparel,60,45,2700,Online
Sports Direct,13-04-2021,Southeast,Georgia,Women'S Apparel,70,35,2450,Online
Sports Direct,13-10-2021,Southeast,Georgia,Women'S Apparel,70,35,2450,Online
Sports Direct,14-05-2021,Southeast,Georgia,Women'S Apparel,70,40,2800,Online
Sports Direct,13-08-2021,Southeast,Georgia,Women'S Apparel,70,43,3010,Online
Sports Direct,12-07-2021,Southeast,Georgia,Women'S Apparel,70,48,3360,Online
Sports Direct,13-11-2021,Southeast,Georgia,Women'S Apparel,70,48,3360,Online
Sports Direct,13-06-2021,Southeast,Georgia,Women'S Apparel,70,58,4060,Online
Sports Direct,13-11-2021,Southeast,Georgia,Women'S Apparel,65,12,780,Online
Sports Direct,13-06-2021,Southeast,Georgia,Women'S Apparel,67,15,1005,Online
Sports Direct,13-08-2021,Southeast,Georgia,Women'S Apparel,68,12,816,Online
Sports Direct,13-02-2021,Southeast,Georgia,Women'S Apparel,37,10,370,Online
Sports Direct,12-03-2021,Southeast,Georgia,Women'S Apparel,48,10,480,Online
Sports Direct,12-07-2021,Southeast,Georgia,Women'S Apparel,67,14,938,Online
Sports Direct,13-10-2021,Southeast,Georgia,Women'S Apparel,64,10,640,Online
Sports Direct,14-09-2021,Southeast,Georgia,Women'S Apparel,59,13,767,Online
Sports Direct,13-04-2021,Southeast,Georgia,Women'S Apparel,63,11,693,Online
Sports Direct,14-05-2021,Southeast,Georgia,Women'S Apparel,64,12,768,Online
Sports Direct,23-12-2021,Southeast,Virginia,Women'S Apparel,82,15,1230,Online
Sports Direct,16-03-2021,Southeast,Florida,Women'S Athletic Footwear,58,9,522,Online
Sports Direct,17-02-2021,Southeast,Florida,Women'S Athletic Footwear,45,7,315,Online
Sports Direct,13-02-2021,Southeast,Georgia,Women'S Athletic Footwear,40,25,1000,Online
Sports Direct,13-10-2021,Southeast,Georgia,Women'S Athletic Footwear,45,33,1485,Online
Sports Direct,14-09-2021,Southeast,Georgia,Women'S Athletic Footwear,45,40,1800,Online
Sports Direct,12-03-2021,Southeast,Georgia,Women'S Athletic Footwear,50,25,1250,Online
Sports Direct,13-04-2021,Southeast,Georgia,Women'S Athletic Footwear,50,28,1400,Online
Sports Direct,14-05-2021,Southeast,Georgia,Women'S Athletic Footwear,50,33,1650,Online
Sports Direct,13-06-2021,Southeast,Georgia,Women'S Athletic Footwear,50,40,2000,Online
Sports Direct,12-07-2021,Southeast,Georgia,Women'S Athletic Footwear,50,43,2150,Online
Sports Direct,13-11-2021,Southeast,Georgia,Women'S Athletic Footwear,55,40,2200,Online
Sports Direct,13-08-2021,Southeast,Georgia,Women'S Athletic Footwear,55,45,2475,Online
Sports Direct,13-10-2021,Southeast,Georgia,Women'S Athletic Footwear,44,9,396,Online
Sports Direct,12-07-2021,Southeast,Georgia,Women'S Athletic Footwear,46,13,598,Online
Sports Direct,13-06-2021,Southeast,Georgia,Women'S Athletic Footwear,49,12,588,Online
Sports Direct,13-02-2021,Southeast,Georgia,Women'S Athletic Footwear,36,6,216,Online
Sports Direct,12-03-2021,Southeast,Georgia,Women'S Athletic Footwear,47,7,329,Online
Sports Direct,13-11-2021,Southeast,Georgia,Women'S Athletic Footwear,51,12,612,Online
Sports Direct,13-08-2021,Southeast,Georgia,Women'S Athletic Footwear,53,11,583,Online
Sports Direct,14-09-2021,Southeast,Georgia,Women'S Athletic Footwear,43,12,516,Online
Sports Direct,14-05-2021,Southeast,Georgia,Women'S Athletic Footwear,47,9,423,Online
Sports Direct,13-04-2021,Southeast,Georgia,Women'S Athletic Footwear,48,7,336,Online
Sports Direct,23-12-2021,Southeast,Virginia,Women'S Athletic Footwear,67,16,1072,Online
Sports Direct,16-03-2021,Southeast,Florida,Women'S Street Footwear,59,12,708,Online
Sports Direct,13-10-2021,Southeast,Georgia,Women'S Street Footwear,45,35,1575,Online
Sports Direct,14-09-2021,Southeast,Georgia,Women'S Street Footwear,45,45,2025,Online
Sports Direct,12-03-2021,Southeast,Georgia,Women'S Street Footwear,50,38,1900,Online
Sports Direct,13-04-2021,Southeast,Georgia,Women'S Street Footwear,55,38,2090,Online
Sports Direct,14-05-2021,Southeast,Georgia,Women'S Street Footwear,55,43,2365,Online
Sports Direct,13-11-2021,Southeast,Georgia,Women'S Street Footwear,55,43,2365,Online
Sports Direct,13-08-2021,Southeast,Georgia,Women'S Street Footwear,55,50,2750,Online
Sports Direct,13-06-2021,Southeast,Georgia,Women'S Street Footwear,55,53,2915,Online
Sports Direct,12-07-2021,Southeast,Georgia,Women'S Street Footwear,55,53,2915,Online
Sports Direct,13-08-2021,Southeast,Georgia,Women'S Street Footwear,54,15,810,Online
Sports Direct,13-10-2021,Southeast,Georgia,Women'S Street Footwear,42,11,462,Online
Sports Direct,14-09-2021,Southeast,Georgia,Women'S Street Footwear,42,14,588,Online
Sports Direct,13-11-2021,Southeast,Georgia,Women'S Street Footwear,54,12,648,Online
Sports Direct,13-06-2021,Southeast,Georgia,Women'S Street Footwear,52,14,728,Online
Sports Direct,12-03-2021,Southeast,Georgia,Women'S Street Footwear,49,11,539,Online
Sports Direct,13-04-2021,Southeast,Georgia,Women'S Street Footwear,50,9,450,Online
Sports Direct,12-07-2021,Southeast,Georgia,Women'S Street Footwear,50,14,700,Online
Sports Direct,14-05-2021,Southeast,Georgia,Women'S Street Footwear,52,12,624,Online
Sports Direct,23-12-2021,Southeast,Virginia,Women'S Street Footwear,64,15,960,Online
Walmart,17-11-2021,Southeast,Florida,Men'S Apparel,77,12,924,Online
Walmart,17-10-2021,Southeast,Florida,Men'S Apparel,59,10,590,Online
Walmart,18-09-2021,Southeast,Florida,Men'S Apparel,64,7,448,Online
Walmart,17-08-2021,Southeast,Florida,Men'S Apparel,74,14,1036,Online
Walmart,18-05-2021,Southeast,Florida,Men'S Apparel,52,7,364,Online
Walmart,17-06-2021,Southeast,Florida,Men'S Apparel,89,13,1157,Online
Walmart,16-07-2021,Southeast,Florida,Men'S Apparel,89,20,1780,Online
Walmart,17-04-2021,Southeast,Florida,Men'S Apparel,59,6,354,Online
Walmart,17-06-2021,Southeast,Florida,Men'S Athletic Footwear,64,20,1280,Online
Walmart,17-04-2021,Southeast,Florida,Men'S Athletic Footwear,66,10,660,Online
Walmart,17-08-2021,Southeast,Florida,Men'S Athletic Footwear,77,21,1617,Online
Walmart,16-12-2021,Southeast,Florida,Men'S Athletic Footwear,82,20,1640,Online
Walmart,18-09-2021,Southeast,Florida,Men'S Athletic Footwear,60,14,840,Online
Walmart,17-11-2021,Southeast,Florida,Men'S Athletic Footwear,54,18,972,Online
Walmart,17-10-2021,Southeast,Florida,Men'S Athletic Footwear,59,14,826,Online
Walmart,18-05-2021,Southeast,Florida,Men'S Athletic Footwear,60,13,780,Online
Walmart,16-07-2021,Southeast,Florida,Men'S Athletic Footwear,88,23,2024,Online
Walmart,17-11-2021,Southeast,Florida,Men'S Street Footwear,52,17,884,Online
Walmart,18-09-2021,Southeast,Florida,Men'S Street Footwear,58,14,812,Online
Walmart,16-12-2021,Southeast,Florida,Men'S Street Footwear,72,22,1584,Online
Walmart,17-08-2021,Southeast,Florida,Men'S Street Footwear,87,21,1827,Online
Walmart,17-04-2021,Southeast,Florida,Men'S Street Footwear,62,14,868,Online
Walmart,18-05-2021,Southeast,Florida,Men'S Street Footwear,58,16,928,Online
Walmart,17-10-2021,Southeast,Florida,Men'S Street Footwear,47,10,470,Online
Walmart,16-07-2021,Southeast,Florida,Men'S Street Footwear,83,26,2158,Online
Walmart,17-06-2021,Southeast,Florida,Men'S Street Footwear,61,22,1342,Online
Walmart,18-09-2021,Southeast,Florida,Women'S Apparel,51,8,408,Online
Walmart,17-06-2021,Southeast,Florida,Women'S Apparel,103,22,2266,Online
Walmart,16-07-2021,Southeast,Florida,Women'S Apparel,101,16,1616,Online
Walmart,17-10-2021,Southeast,Florida,Women'S Apparel,65,10,650,Online
Walmart,18-05-2021,Southeast,Florida,Women'S Apparel,67,17,1139,Online
Walmart,17-08-2021,Southeast,Florida,Women'S Apparel,81,9,729,Online
Walmart,17-11-2021,Southeast,Florida,Women'S Apparel,86,16,1376,Online
Walmart,17-04-2021,Southeast,Florida,Women'S Apparel,72,11,792,Online
Walmart,17-10-2021,Southeast,Florida,Women'S Athletic Footwear,51,11,561,Online
Walmart,17-08-2021,Southeast,Florida,Women'S Athletic Footwear,77,14,1078,Online
Walmart,17-06-2021,Southeast,Florida,Women'S Athletic Footwear,77,16,1232,Online
Walmart,18-05-2021,Southeast,Florida,Women'S Athletic Footwear,59,9,531,Online
Walmart,17-11-2021,Southeast,Florida,Women'S Athletic Footwear,64,15,960,Online
Walmart,16-07-2021,Southeast,Florida,Women'S Athletic Footwear,82,18,1476,Online
Walmart,18-09-2021,Southeast,Florida,Women'S Athletic Footwear,54,7,378,Online
Walmart,17-04-2021,Southeast,Florida,Women'S Athletic Footwear,52,8,416,Online
Walmart,17-11-2021,Southeast,Florida,Women'S Street Footwear,53,15,795,Online
Walmart,17-10-2021,Southeast,Florida,Women'S Street Footwear,55,11,605,Online
Walmart,17-04-2021,Southeast,Florida,Women'S Street Footwear,66,12,792,Online
Walmart,17-08-2021,Southeast,Florida,Women'S Street Footwear,78,19,1482,Online
Walmart,17-06-2021,Southeast,Florida,Women'S Street Footwear,80,21,1680,Online
Walmart,16-07-2021,Southeast,Florida,Women'S Street Footwear,86,19,1634,Online
Walmart,18-09-2021,Southeast,Florida,Women'S Street Footwear,54,8,432,Online
Walmart,18-05-2021,Southeast,Florida,Women'S Street Footwear,59,12,708,Online
West Gear,16-12-2021,Southeast,Florida,Men'S Apparel,86,15,1290,Online
West Gear,16-12-2021,Southeast,Florida,Women'S Apparel,87,16,1392,Online
West Gear,16-12-2021,Southeast,Florida,Women'S Athletic Footwear,78,18,1404,Online
West Gear,16-12-2021,Southeast,Florida,Women'S Street Footwear,75,17,1275,Online
Foot Locker,23-02-2021,West,Arizona,Men'S Apparel,45,15,675,Online
Foot Locker,22-03-2021,West,Arizona,Men'S Apparel,55,13,715,Online
Foot Locker,23-04-2021,West,Arizona,Men'S Apparel,55,15,825,Online
Foot Locker,24-05-2021,West,Arizona,Men'S Apparel,55,20,1100,Online
Foot Locker,23-06-2021,West,Arizona,Men'S Apparel,55,23,1265,Online
Foot Locker,23-10-2021,West,Arizona,Men'S Apparel,55,28,1540,Online
Foot Locker,23-11-2021,West,Arizona,Men'S Apparel,55,30,1650,Online
Foot Locker,24-09-2021,West,Arizona,Men'S Apparel,55,38,2090,Online
Foot Locker,22-07-2021,West,Arizona,Men'S Apparel,55,43,2365,Online
Foot Locker,23-08-2021,West,Arizona,Men'S Apparel,65,40,2600,Online
Foot Locker,23-10-2021,West,Arizona,Men'S Apparel,53,7,371,Online
Foot Locker,24-05-2021,West,Arizona,Men'S Apparel,51,6,306,Online
Foot Locker,23-11-2021,West,Arizona,Men'S Apparel,53,9,477,Online
Foot Locker,22-03-2021,West,Arizona,Men'S Apparel,54,3,162,Online
Foot Locker,23-08-2021,West,Arizona,Men'S Apparel,59,12,708,Online
Foot Locker,23-04-2021,West,Arizona,Men'S Apparel,50,4,200,Online
Foot Locker,23-06-2021,West,Arizona,Men'S Apparel,51,7,357,Online
Foot Locker,22-07-2021,West,Arizona,Men'S Apparel,52,13,676,Online
Foot Locker,23-02-2021,West,Arizona,Men'S Apparel,42,4,168,Online
Foot Locker,24-09-2021,West,Arizona,Men'S Apparel,54,11,594,Online
Foot Locker,23-01-2021,West,Idaho,Men'S Apparel,45,23,1035,Online
Foot Locker,23-01-2021,West,Idaho,Men'S Apparel,42,6,252,Online
Foot Locker,24-01-2021,West,Wyoming,Men'S Apparel,42,5,210,Online
Foot Locker,22-03-2021,West,Arizona,Men'S Athletic Footwear,50,35,1750,Online
Foot Locker,23-10-2021,West,Arizona,Men'S Athletic Footwear,50,50,2500,Online
Foot Locker,23-11-2021,West,Arizona,Men'S Athletic Footwear,50,53,2650,Online
Foot Locker,24-09-2021,West,Arizona,Men'S Athletic Footwear,50,58,2900,Online
Foot Locker,22-12-2021,West,Arizona,Men'S Athletic Footwear,50,63,3150,Online
Foot Locker,23-04-2021,West,Arizona,Men'S Athletic Footwear,55,30,1650,Online
Foot Locker,24-05-2021,West,Arizona,Men'S Athletic Footwear,55,38,2090,Online
Foot Locker,23-06-2021,West,Arizona,Men'S Athletic Footwear,55,48,2640,Online
Foot Locker,22-07-2021,West,Arizona,Men'S Athletic Footwear,55,53,2915,Online
Foot Locker,23-08-2021,West,Arizona,Men'S Athletic Footwear,60,58,3480,Online
Foot Locker,23-04-2021,West,Arizona,Men'S Athletic Footwear,53,9,477,Online
Foot Locker,23-08-2021,West,Arizona,Men'S Athletic Footwear,57,16,912,Online
Foot Locker,22-07-2021,West,Arizona,Men'S Athletic Footwear,50,14,700,Online
Foot Locker,23-11-2021,West,Arizona,Men'S Athletic Footwear,46,15,690,Online
Foot Locker,23-06-2021,West,Arizona,Men'S Athletic Footwear,51,14,714,Online
Foot Locker,24-09-2021,West,Arizona,Men'S Athletic Footwear,45,16,720,Online
Foot Locker,23-10-2021,West,Arizona,Men'S Athletic Footwear,47,15,705,Online
Foot Locker,22-12-2021,West,Arizona,Men'S Athletic Footwear,49,18,882,Online
Foot Locker,24-05-2021,West,Arizona,Men'S Athletic Footwear,53,11,583,Online
Foot Locker,22-03-2021,West,Arizona,Men'S Athletic Footwear,48,10,480,Online
Foot Locker,23-02-2021,West,Idaho,Men'S Athletic Footwear,40,38,1520,Online
Foot Locker,23-01-2021,West,Idaho,Men'S Athletic Footwear,40,43,1720,Online
Foot Locker,23-01-2021,West,Idaho,Men'S Athletic Footwear,37,11,407,Online
Foot Locker,23-02-2021,West,Idaho,Men'S Athletic Footwear,38,11,418,Online
Foot Locker,24-02-2021,West,Wyoming,Men'S Athletic Footwear,36,11,396,Online
Foot Locker,24-01-2021,West,Wyoming,Men'S Athletic Footwear,36,11,396,Online
Foot Locker,22-03-2021,West,Arizona,Men'S Street Footwear,40,50,2000,Online
Foot Locker,23-10-2021,West,Arizona,Men'S Street Footwear,45,50,2250,Online
Foot Locker,23-11-2021,West,Arizona,Men'S Street Footwear,45,50,2250,Online
Foot Locker,24-09-2021,West,Arizona,Men'S Street Footwear,45,58,2610,Online
Foot Locker,22-12-2021,West,Arizona,Men'S Street Footwear,45,63,2835,Online
Foot Locker,23-04-2021,West,Arizona,Men'S Street Footwear,50,50,2500,Online
Foot Locker,24-05-2021,West,Arizona,Men'S Street Footwear,50,53,2650,Online
Foot Locker,23-06-2021,West,Arizona,Men'S Street Footwear,50,63,3150,Online
Foot Locker,22-07-2021,West,Arizona,Men'S Street Footwear,50,68,3400,Online
Foot Locker,23-08-2021,West,Arizona,Men'S Street Footwear,55,63,3465,Online
Foot Locker,23-04-2021,West,Arizona,Men'S Street Footwear,48,13,624,Online
Foot Locker,22-12-2021,West,Arizona,Men'S Street Footwear,44,18,792,Online
Foot Locker,22-03-2021,West,Arizona,Men'S Street Footwear,37,15,555,Online
Foot Locker,23-11-2021,West,Arizona,Men'S Street Footwear,42,14,588,Online
Foot Locker,24-05-2021,West,Arizona,Men'S Street Footwear,47,15,705,Online
Foot Locker,23-10-2021,West,Arizona,Men'S Street Footwear,41,14,574,Online
Foot Locker,24-09-2021,West,Arizona,Men'S Street Footwear,41,17,697,Online
Foot Locker,23-06-2021,West,Arizona,Men'S Street Footwear,48,16,768,Online
Foot Locker,22-07-2021,West,Arizona,Men'S Street Footwear,49,20,980,Online
Foot Locker,23-08-2021,West,Arizona,Men'S Street Footwear,50,16,800,Online
Foot Locker,23-01-2021,West,Idaho,Men'S Street Footwear,30,43,1290,Online
Foot Locker,23-02-2021,West,Idaho,Men'S Street Footwear,30,48,1440,Online
Foot Locker,23-01-2021,West,Idaho,Men'S Street Footwear,29,12,348,Online
Foot Locker,23-02-2021,West,Idaho,Men'S Street Footwear,29,14,406,Online
Foot Locker,24-02-2021,West,Wyoming,Men'S Street Footwear,27,11,297,Online
Foot Locker,24-01-2021,West,Wyoming,Men'S Street Footwear,29,9,261,Online
Foot Locker,23-02-2021,West,Arizona,Women'S Apparel,40,35,1400,Online
Foot Locker,22-03-2021,West,Arizona,Women'S Apparel,50,33,1650,Online
Foot Locker,23-10-2021,West,Arizona,Women'S Apparel,60,33,1980,Online
Foot Locker,24-09-2021,West,Arizona,Women'S Apparel,60,43,2580,Online
Foot Locker,23-11-2021,West,Arizona,Women'S Apparel,60,43,2580,Online
Foot Locker,23-04-2021,West,Arizona,Women'S Apparel,70,33,2310,Online
Foot Locker,24-05-2021,West,Arizona,Women'S Apparel,70,38,2660,Online
Foot Locker,23-08-2021,West,Arizona,Women'S Apparel,70,38,2660,Online
Foot Locker,22-07-2021,West,Arizona,Women'S Apparel,70,43,3010,Online
Foot Locker,23-06-2021,West,Arizona,Women'S Apparel,70,53,3710,Online
Foot Locker,23-02-2021,West,Arizona,Women'S Apparel,38,9,342,Online
Foot Locker,24-05-2021,West,Arizona,Women'S Apparel,64,10,640,Online
Foot Locker,23-04-2021,West,Arizona,Women'S Apparel,67,9,603,Online
Foot Locker,23-11-2021,West,Arizona,Women'S Apparel,55,11,605,Online
Foot Locker,24-09-2021,West,Arizona,Women'S Apparel,56,12,672,Online
Foot Locker,23-10-2021,West,Arizona,Women'S Apparel,56,9,504,Online
Foot Locker,22-07-2021,West,Arizona,Women'S Apparel,67,12,804,Online
Foot Locker,23-06-2021,West,Arizona,Women'S Apparel,69,13,897,Online
Foot Locker,22-03-2021,West,Arizona,Women'S Apparel,47,9,423,Online
Foot Locker,23-08-2021,West,Arizona,Women'S Apparel,65,9,585,Online
Foot Locker,23-01-2021,West,Idaho,Women'S Apparel,40,43,1720,Online
Foot Locker,23-01-2021,West,Idaho,Women'S Apparel,36,11,396,Online
Foot Locker,24-01-2021,West,Wyoming,Women'S Apparel,38,12,456,Online
Foot Locker,23-02-2021,West,Arizona,Women'S Athletic Footwear,40,23,920,Online
Foot Locker,23-10-2021,West,Arizona,Women'S Athletic Footwear,45,30,1350,Online
Foot Locker,23-11-2021,West,Arizona,Women'S Athletic Footwear,45,35,1575,Online
Foot Locker,24-09-2021,West,Arizona,Women'S Athletic Footwear,45,38,1710,Online
Foot Locker,22-03-2021,West,Arizona,Women'S Athletic Footwear,50,23,1150,Online
Foot Locker,23-04-2021,West,Arizona,Women'S Athletic Footwear,50,25,1250,Online
Foot Locker,24-05-2021,West,Arizona,Women'S Athletic Footwear,50,30,1500,Online
Foot Locker,23-06-2021,West,Arizona,Women'S Athletic Footwear,50,35,1750,Online
Foot Locker,22-07-2021,West,Arizona,Women'S Athletic Footwear,50,38,1900,Online
Foot Locker,23-08-2021,West,Arizona,Women'S Athletic Footwear,55,40,2200,Online
Foot Locker,22-07-2021,West,Arizona,Women'S Athletic Footwear,48,10,480,Online
Foot Locker,22-03-2021,West,Arizona,Women'S Athletic Footwear,47,7,329,Online
Foot Locker,24-09-2021,West,Arizona,Women'S Athletic Footwear,41,11,451,Online
Foot Locker,23-11-2021,West,Arizona,Women'S Athletic Footwear,42,10,420,Online
Foot Locker,23-02-2021,West,Arizona,Women'S Athletic Footwear,38,6,228,Online
Foot Locker,23-10-2021,West,Arizona,Women'S Athletic Footwear,43,9,387,Online
Foot Locker,23-08-2021,West,Arizona,Women'S Athletic Footwear,52,11,572,Online
Foot Locker,23-04-2021,West,Arizona,Women'S Athletic Footwear,46,8,368,Online
Foot Locker,23-06-2021,West,Arizona,Women'S Athletic Footwear,46,10,460,Online
Foot Locker,24-05-2021,West,Arizona,Women'S Athletic Footwear,49,9,441,Online
Foot Locker,23-01-2021,West,Idaho,Women'S Athletic Footwear,40,28,1120,Online
Foot Locker,23-01-2021,West,Idaho,Women'S Athletic Footwear,38,8,304,Online
Foot Locker,24-01-2021,West,Wyoming,Women'S Athletic Footwear,38,5,190,Online
Foot Locker,23-10-2021,West,Arizona,Women'S Street Footwear,45,33,1485,Online
Foot Locker,23-11-2021,West,Arizona,Women'S Street Footwear,45,38,1710,Online
Foot Locker,24-09-2021,West,Arizona,Women'S Street Footwear,45,43,1935,Online
Foot Locker,22-03-2021,West,Arizona,Women'S Street Footwear,50,35,1750,Online
Foot Locker,23-04-2021,West,Arizona,Women'S Street Footwear,55,35,1925,Online
Foot Locker,24-05-2021,West,Arizona,Women'S Street Footwear,55,40,2200,Online
Foot Locker,23-08-2021,West,Arizona,Women'S Street Footwear,55,45,2475,Online
Foot Locker,23-06-2021,West,Arizona,Women'S Street Footwear,55,48,2640,Online
Foot Locker,22-07-2021,West,Arizona,Women'S Street Footwear,55,48,2640,Online
Foot Locker,24-09-2021,West,Arizona,Women'S Street Footwear,43,13,559,Online
Foot Locker,23-06-2021,West,Arizona,Women'S Street Footwear,51,14,714,Online
Foot Locker,23-11-2021,West,Arizona,Women'S Street Footwear,44,11,484,Online
Foot Locker,24-05-2021,West,Arizona,Women'S Street Footwear,50,12,600,Online
Foot Locker,22-07-2021,West,Arizona,Women'S Street Footwear,51,13,663,Online
Foot Locker,23-10-2021,West,Arizona,Women'S Street Footwear,44,9,396,Online
Foot Locker,23-08-2021,West,Arizona,Women'S Street Footwear,54,11,594,Online
Foot Locker,22-03-2021,West,Arizona,Women'S Street Footwear,49,9,441,Online
Foot Locker,23-04-2021,West,Arizona,Women'S Street Footwear,50,10,500,Online
Foot Locker,23-02-2021,West,Idaho,Women'S Street Footwear,40,38,1520,Online
Foot Locker,23-01-2021,West,Idaho,Women'S Street Footwear,40,43,1720,Online
Foot Locker,23-02-2021,West,Idaho,Women'S Street Footwear,38,11,418,Online
Foot Locker,23-01-2021,West,Idaho,Women'S Street Footwear,37,11,407,Online
Foot Locker,24-02-2021,West,Wyoming,Women'S Street Footwear,39,9,351,Online
Foot Locker,24-01-2021,West,Wyoming,Women'S Street Footwear,39,9,351,Online
Kohl'S,26-01-2021,West,Arizona,Men'S Apparel,50,28,1400,Online
Kohl'S,22-12-2021,West,Arizona,Men'S Apparel,55,35,1925,Online
Kohl'S,26-01-2021,West,Arizona,Men'S Apparel,45,8,360,Online
Kohl'S,22-12-2021,West,Arizona,Men'S Apparel,52,9,468,Online
Kohl'S,26-02-2021,West,New Mexico,Men'S Apparel,50,20,1000,Online
Kohl'S,25-03-2021,West,New Mexico,Men'S Apparel,60,18,1080,Online
Kohl'S,26-04-2021,West,New Mexico,Men'S Apparel,60,20,1200,Online
Kohl'S,27-05-2021,West,New Mexico,Men'S Apparel,60,25,1500,Online
Kohl'S,26-06-2021,West,New Mexico,Men'S Apparel,60,30,1800,Online
Kohl'S,26-10-2021,West,New Mexico,Men'S Apparel,60,33,1980,Online
Kohl'S,27-09-2021,West,New Mexico,Men'S Apparel,60,43,2580,Online
Kohl'S,25-07-2021,West,New Mexico,Men'S Apparel,60,50,3000,Online
Kohl'S,26-11-2021,West,New Mexico,Men'S Apparel,70,38,2660,Online
Kohl'S,26-08-2021,West,New Mexico,Men'S Apparel,70,48,3360,Online
Kohl'S,27-09-2021,West,New Mexico,Men'S Apparel,54,11,594,Online
Kohl'S,26-08-2021,West,New Mexico,Men'S Apparel,67,12,804,Online
Kohl'S,26-04-2021,West,New Mexico,Men'S Apparel,56,6,336,Online
Kohl'S,27-05-2021,West,New Mexico,Men'S Apparel,56,7,392,Online
Kohl'S,25-03-2021,West,New Mexico,Men'S Apparel,55,5,275,Online
Kohl'S,26-06-2021,West,New Mexico,Men'S Apparel,56,9,504,Online
Kohl'S,25-07-2021,West,New Mexico,Men'S Apparel,57,15,855,Online
Kohl'S,26-02-2021,West,New Mexico,Men'S Apparel,45,5,225,Online
Kohl'S,26-10-2021,West,New Mexico,Men'S Apparel,56,9,504,Online
Kohl'S,26-11-2021,West,New Mexico,Men'S Apparel,65,11,715,Online
Kohl'S,26-02-2021,West,Arizona,Men'S Athletic Footwear,45,43,1935,Online
Kohl'S,26-01-2021,West,Arizona,Men'S Athletic Footwear,45,48,2160,Online
Kohl'S,26-01-2021,West,Arizona,Men'S Athletic Footwear,42,14,588,Online
Kohl'S,26-02-2021,West,Arizona,Men'S Athletic Footwear,44,11,484,Online
Kohl'S,25-03-2021,West,New Mexico,Men'S Athletic Footwear,55,40,2200,Online
Kohl'S,26-10-2021,West,New Mexico,Men'S Athletic Footwear,55,55,3025,Online
Kohl'S,27-09-2021,West,New Mexico,Men'S Athletic Footwear,55,63,3465,Online
Kohl'S,26-04-2021,West,New Mexico,Men'S Athletic Footwear,60,35,2100,Online
Kohl'S,27-05-2021,West,New Mexico,Men'S Athletic Footwear,60,43,2580,Online
Kohl'S,26-06-2021,West,New Mexico,Men'S Athletic Footwear,60,55,3300,Online
Kohl'S,25-07-2021,West,New Mexico,Men'S Athletic Footwear,60,60,3600,Online
Kohl'S,26-11-2021,West,New Mexico,Men'S Athletic Footwear,65,60,3900,Online
Kohl'S,26-08-2021,West,New Mexico,Men'S Athletic Footwear,65,65,4225,Online
Kohl'S,25-12-2021,West,New Mexico,Men'S Athletic Footwear,65,70,4550,Online
Kohl'S,26-04-2021,West,New Mexico,Men'S Athletic Footwear,59,10,590,Online
Kohl'S,25-12-2021,West,New Mexico,Men'S Athletic Footwear,61,18,1098,Online
Kohl'S,27-09-2021,West,New Mexico,Men'S Athletic Footwear,51,16,816,Online
Kohl'S,27-05-2021,West,New Mexico,Men'S Athletic Footwear,58,11,638,Online
Kohl'S,26-06-2021,West,New Mexico,Men'S Athletic Footwear,54,15,810,Online
Kohl'S,26-08-2021,West,New Mexico,Men'S Athletic Footwear,60,18,1080,Online
Kohl'S,26-10-2021,West,New Mexico,Men'S Athletic Footwear,50,15,750,Online
Kohl'S,25-03-2021,West,New Mexico,Men'S Athletic Footwear,51,11,561,Online
Kohl'S,25-07-2021,West,New Mexico,Men'S Athletic Footwear,56,18,1008,Online
Kohl'S,26-11-2021,West,New Mexico,Men'S Athletic Footwear,59,15,885,Online
Kohl'S,26-01-2021,West,Arizona,Men'S Street Footwear,35,48,1680,Online
Kohl'S,26-02-2021,West,Arizona,Men'S Street Footwear,35,53,1855,Online
Kohl'S,26-01-2021,West,Arizona,Men'S Street Footwear,33,13,429,Online
Kohl'S,26-02-2021,West,Arizona,Men'S Street Footwear,33,15,495,Online
Kohl'S,25-03-2021,West,New Mexico,Men'S Street Footwear,45,55,2475,Online
Kohl'S,26-10-2021,West,New Mexico,Men'S Street Footwear,50,55,2750,Online
Kohl'S,27-09-2021,West,New Mexico,Men'S Street Footwear,50,63,3150,Online
Kohl'S,26-04-2021,West,New Mexico,Men'S Street Footwear,55,55,3025,Online
Kohl'S,27-05-2021,West,New Mexico,Men'S Street Footwear,55,58,3190,Online
Kohl'S,26-06-2021,West,New Mexico,Men'S Street Footwear,55,70,3850,Online
Kohl'S,25-07-2021,West,New Mexico,Men'S Street Footwear,55,75,4125,Online
Kohl'S,26-11-2021,West,New Mexico,Men'S Street Footwear,60,55,3300,Online
Kohl'S,26-08-2021,West,New Mexico,Men'S Street Footwear,60,70,4200,Online
Kohl'S,25-12-2021,West,New Mexico,Men'S Street Footwear,60,70,4200,Online
Kohl'S,27-09-2021,West,New Mexico,Men'S Street Footwear,49,16,784,Online
Kohl'S,27-05-2021,West,New Mexico,Men'S Street Footwear,51,15,765,Online
Kohl'S,26-04-2021,West,New Mexico,Men'S Street Footwear,51,15,765,Online
Kohl'S,25-12-2021,West,New Mexico,Men'S Street Footwear,55,21,1155,Online
Kohl'S,25-07-2021,West,New Mexico,Men'S Street Footwear,54,20,1080,Online
Kohl'S,26-06-2021,West,New Mexico,Men'S Street Footwear,52,20,1040,Online
Kohl'S,26-11-2021,West,New Mexico,Men'S Street Footwear,58,16,928,Online
Kohl'S,25-03-2021,West,New Mexico,Men'S Street Footwear,44,17,748,Online
Kohl'S,26-10-2021,West,New Mexico,Men'S Street Footwear,48,17,816,Online
Kohl'S,26-08-2021,West,New Mexico,Men'S Street Footwear,56,18,1008,Online
Kohl'S,26-01-2021,West,Arizona,Women'S Apparel,45,48,2160,Online
Kohl'S,22-12-2021,West,Arizona,Women'S Apparel,60,45,2700,Online
Kohl'S,26-01-2021,West,Arizona,Women'S Apparel,42,13,546,Online
Kohl'S,22-12-2021,West,Arizona,Women'S Apparel,58,14,812,Online
Kohl'S,26-02-2021,West,New Mexico,Women'S Apparel,45,40,1800,Online
Kohl'S,25-03-2021,West,New Mexico,Women'S Apparel,55,38,2090,Online
Kohl'S,27-09-2021,West,New Mexico,Women'S Apparel,65,48,3120,Online
Kohl'S,26-04-2021,West,New Mexico,Women'S Apparel,75,38,2850,Online
Kohl'S,26-10-2021,West,New Mexico,Women'S Apparel,75,38,2850,Online
Kohl'S,27-05-2021,West,New Mexico,Women'S Apparel,75,43,3225,Online
Kohl'S,26-08-2021,West,New Mexico,Women'S Apparel,75,45,3375,Online
Kohl'S,25-07-2021,West,New Mexico,Women'S Apparel,75,50,3750,Online
Kohl'S,26-11-2021,West,New Mexico,Women'S Apparel,75,50,3750,Online
Kohl'S,26-06-2021,West,New Mexico,Women'S Apparel,75,60,4500,Online
Kohl'S,27-09-2021,West,New Mexico,Women'S Apparel,59,13,767,Online
Kohl'S,26-06-2021,West,New Mexico,Women'S Apparel,74,16,1184,Online
Kohl'S,26-10-2021,West,New Mexico,Women'S Apparel,68,11,748,Online
Kohl'S,26-02-2021,West,New Mexico,Women'S Apparel,41,10,410,Online
Kohl'S,25-03-2021,West,New Mexico,Women'S Apparel,50,10,500,Online
Kohl'S,26-04-2021,West,New Mexico,Women'S Apparel,69,10,690,Online
Kohl'S,25-07-2021,West,New Mexico,Women'S Apparel,69,14,966,Online
Kohl'S,26-08-2021,West,New Mexico,Women'S Apparel,70,13,910,Online
Kohl'S,27-05-2021,West,New Mexico,Women'S Apparel,69,12,828,Online
Kohl'S,26-11-2021,West,New Mexico,Women'S Apparel,72,14,1008,Online
Kohl'S,26-01-2021,West,Arizona,Women'S Athletic Footwear,45,33,1485,Online
Kohl'S,22-12-2021,West,Arizona,Women'S Athletic Footwear,45,43,1935,Online
Kohl'S,22-12-2021,West,Arizona,Women'S Athletic Footwear,44,12,528,Online
Kohl'S,26-01-2021,West,Arizona,Women'S Athletic Footwear,43,9,387,Online
Kohl'S,26-02-2021,West,New Mexico,Women'S Athletic Footwear,45,28,1260,Online
Kohl'S,26-10-2021,West,New Mexico,Women'S Athletic Footwear,50,35,1750,Online
Kohl'S,27-09-2021,West,New Mexico,Women'S Athletic Footwear,50,43,2150,Online
Kohl'S,25-03-2021,West,New Mexico,Women'S Athletic Footwear,55,28,1540,Online
Kohl'S,26-04-2021,West,New Mexico,Women'S Athletic Footwear,55,30,1650,Online
Kohl'S,27-05-2021,West,New Mexico,Women'S Athletic Footwear,55,35,1925,Online
Kohl'S,26-06-2021,West,New Mexico,Women'S Athletic Footwear,55,43,2365,Online
Kohl'S,25-07-2021,West,New Mexico,Women'S Athletic Footwear,55,45,2475,Online
Kohl'S,26-11-2021,West,New Mexico,Women'S Athletic Footwear,60,43,2580,Online
Kohl'S,26-08-2021,West,New Mexico,Women'S Athletic Footwear,60,48,2880,Online
Kohl'S,26-06-2021,West,New Mexico,Women'S Athletic Footwear,54,11,594,Online
Kohl'S,25-07-2021,West,New Mexico,Women'S Athletic Footwear,54,14,756,Online
Kohl'S,25-03-2021,West,New Mexico,Women'S Athletic Footwear,50,8,400,Online
Kohl'S,27-05-2021,West,New Mexico,Women'S Athletic Footwear,51,9,459,Online
Kohl'S,26-04-2021,West,New Mexico,Women'S Athletic Footwear,54,9,486,Online
Kohl'S,27-09-2021,West,New Mexico,Women'S Athletic Footwear,49,12,588,Online
Kohl'S,26-11-2021,West,New Mexico,Women'S Athletic Footwear,55,12,660,Online
Kohl'S,26-08-2021,West,New Mexico,Women'S Athletic Footwear,55,14,770,Online
Kohl'S,26-02-2021,West,New Mexico,Women'S Athletic Footwear,43,7,301,Online
Kohl'S,26-10-2021,West,New Mexico,Women'S Athletic Footwear,46,10,460,Online
Kohl'S,26-02-2021,West,Arizona,Women'S Street Footwear,45,43,1935,Online
Kohl'S,26-01-2021,West,Arizona,Women'S Street Footwear,45,48,2160,Online
Kohl'S,22-12-2021,West,Arizona,Women'S Street Footwear,45,43,1935,Online
Kohl'S,26-02-2021,West,Arizona,Women'S Street Footwear,41,11,451,Online
Kohl'S,26-01-2021,West,Arizona,Women'S Street Footwear,42,14,588,Online
Kohl'S,22-12-2021,West,Arizona,Women'S Street Footwear,43,12,516,Online
Kohl'S,26-10-2021,West,New Mexico,Women'S Street Footwear,50,38,1900,Online
Kohl'S,27-09-2021,West,New Mexico,Women'S Street Footwear,50,48,2400,Online
Kohl'S,25-03-2021,West,New Mexico,Women'S Street Footwear,55,40,2200,Online
Kohl'S,26-04-2021,West,New Mexico,Women'S Street Footwear,60,40,2400,Online
Kohl'S,27-05-2021,West,New Mexico,Women'S Street Footwear,60,45,2700,Online
Kohl'S,26-11-2021,West,New Mexico,Women'S Street Footwear,60,45,2700,Online
Kohl'S,26-08-2021,West,New Mexico,Women'S Street Footwear,60,53,3180,Online
Kohl'S,26-06-2021,West,New Mexico,Women'S Street Footwear,60,55,3300,Online
Kohl'S,25-07-2021,West,New Mexico,Women'S Street Footwear,60,55,3300,Online
Kohl'S,26-08-2021,West,New Mexico,Women'S Street Footwear,58,14,812,Online
Kohl'S,27-09-2021,West,New Mexico,Women'S Street Footwear,46,14,644,Online
Kohl'S,26-10-2021,West,New Mexico,Women'S Street Footwear,48,11,528,Online
Kohl'S,27-05-2021,West,New Mexico,Women'S Street Footwear,56,13,728,Online
Kohl'S,26-11-2021,West,New Mexico,Women'S Street Footwear,54,12,648,Online
Kohl'S,25-07-2021,West,New Mexico,Women'S Street Footwear,58,16,928,Online
Kohl'S,25-03-2021,West,New Mexico,Women'S Street Footwear,52,11,572,Online
Kohl'S,26-06-2021,West,New Mexico,Women'S Street Footwear,54,15,810,Online
Kohl'S,26-04-2021,West,New Mexico,Women'S Street Footwear,55,12,660,Online
Sports Direct,25-12-2021,West,New Mexico,Men'S Apparel,70,43,3010,Online
Sports Direct,13-01-2021,West,New Mexico,Men'S Apparel,45,25,1125,Online
Sports Direct,13-01-2021,West,New Mexico,Men'S Apparel,41,6,246,Online
Sports Direct,25-12-2021,West,New Mexico,Men'S Apparel,64,12,768,Online
Sports Direct,13-02-2021,West,New Mexico,Men'S Athletic Footwear,40,40,1600,Online
Sports Direct,13-01-2021,West,New Mexico,Men'S Athletic Footwear,40,45,1800,Online
Sports Direct,13-01-2021,West,New Mexico,Men'S Athletic Footwear,39,14,546,Online
Sports Direct,13-02-2021,West,New Mexico,Men'S Athletic Footwear,37,11,407,Online
Sports Direct,13-01-2021,West,New Mexico,Men'S Street Footwear,30,45,1350,Online
Sports Direct,13-02-2021,West,New Mexico,Men'S Street Footwear,30,50,1500,Online
Sports Direct,13-01-2021,West,New Mexico,Men'S Street Footwear,29,13,377,Online
Sports Direct,13-02-2021,West,New Mexico,Men'S Street Footwear,29,15,435,Online
Sports Direct,13-01-2021,West,New Mexico,Women'S Apparel,40,45,1800,Online
Sports Direct,25-12-2021,West,New Mexico,Women'S Apparel,75,53,3975,Online
Sports Direct,25-12-2021,West,New Mexico,Women'S Apparel,72,13,936,Online
Sports Direct,13-01-2021,West,New Mexico,Women'S Apparel,36,12,432,Online
Sports Direct,25-12-2021,West,New Mexico,Women'S Athletic Footwear,60,50,3000,Online
Sports Direct,13-01-2021,West,New Mexico,Women'S Athletic Footwear,40,30,1200,Online
Sports Direct,25-12-2021,West,New Mexico,Women'S Athletic Footwear,55,15,825,Online
Sports Direct,13-01-2021,West,New Mexico,Women'S Athletic Footwear,39,8,312,Online
Sports Direct,13-02-2021,West,New Mexico,Women'S Street Footwear,40,40,1600,Online
Sports Direct,13-01-2021,West,New Mexico,Women'S Street Footwear,40,45,1800,Online
Sports Direct,25-12-2021,West,New Mexico,Women'S Street Footwear,60,50,3000,Online
Sports Direct,13-01-2021,West,New Mexico,Women'S Street Footwear,38,13,494,Online
Sports Direct,25-12-2021,West,New Mexico,Women'S Street Footwear,59,13,767,Online
Sports Direct,13-02-2021,West,New Mexico,Women'S Street Footwear,37,10,370,Online
West Gear,09-02-2021,West,California,Men'S Apparel,63,16,1008,Online
West Gear,03-02-2021,West,California,Men'S Apparel,59,18,1062,Online
West Gear,28-01-2021,West,California,Men'S Apparel,63,22,1386,Online
West Gear,15-02-2021,West,California,Men'S Apparel,59,18,1062,Online
West Gear,11-11-2020,West,California,Men'S Apparel,50,14,700,Online
West Gear,22-01-2021,West,California,Men'S Apparel,69,19,1311,Online
West Gear,05-11-2020,West,California,Men'S Apparel,51,16,816,Online
West Gear,23-12-2020,West,California,Men'S Apparel,62,15,930,Online
West Gear,16-01-2021,West,California,Men'S Apparel,64,23,1472,Online
West Gear,29-12-2020,West,California,Men'S Apparel,59,15,885,Online
West Gear,04-01-2021,West,California,Men'S Apparel,60,15,900,Online
West Gear,10-01-2021,West,California,Men'S Apparel,62,16,992,Online
West Gear,31-03-2020,West,Colorado,Men'S Apparel,56,4,224,Online
West Gear,06-04-2020,West,Colorado,Men'S Apparel,62,4,248,Online
West Gear,25-03-2020,West,Colorado,Men'S Apparel,43,6,258,Online
West Gear,19-03-2020,West,Colorado,Men'S Apparel,41,6,246,Online
West Gear,12-05-2020,West,Colorado,Men'S Apparel,64,8,512,Online
West Gear,24-05-2020,West,Colorado,Men'S Apparel,68,12,816,Online
West Gear,18-05-2020,West,Colorado,Men'S Apparel,68,11,748,Online
West Gear,06-05-2020,West,Colorado,Men'S Apparel,74,12,888,Online
West Gear,24-04-2020,West,Colorado,Men'S Apparel,67,13,871,Online
West Gear,30-04-2020,West,Colorado,Men'S Apparel,74,14,1036,Online
West Gear,12-04-2020,West,Colorado,Men'S Apparel,63,4,252,Online
West Gear,18-04-2020,West,Colorado,Men'S Apparel,66,9,594,Online
West Gear,13-03-2020,West,Nevada,Men'S Apparel,69,11,759,Online
West Gear,01-03-2020,West,Nevada,Men'S Apparel,63,8,504,Online
West Gear,23-02-2020,West,Nevada,Men'S Apparel,67,12,804,Online
West Gear,07-03-2020,West,Nevada,Men'S Apparel,64,9,576,Online
West Gear,06-01-2020,West,Nevada,Men'S Apparel,47,7,329,Online
West Gear,24-01-2020,West,Nevada,Men'S Apparel,63,5,315,Online
West Gear,17-02-2020,West,Nevada,Men'S Apparel,68,14,952,Online
West Gear,12-01-2020,West,Nevada,Men'S Apparel,46,5,230,Online
West Gear,18-01-2020,West,Nevada,Men'S Apparel,55,5,275,Online
West Gear,30-01-2020,West,Nevada,Men'S Apparel,60,6,360,Online
West Gear,11-02-2020,West,Nevada,Men'S Apparel,60,13,780,Online
West Gear,05-02-2020,West,Nevada,Men'S Apparel,59,8,472,Online
West Gear,24-04-2021,West,Oregon,Men'S Apparel,48,4,192,Online
West Gear,23-12-2021,West,Oregon,Men'S Apparel,72,13,936,Online
West Gear,23-07-2021,West,Oregon,Men'S Apparel,84,16,1344,Online
West Gear,24-02-2021,West,Oregon,Men'S Apparel,42,4,168,Online
West Gear,23-03-2021,West,Oregon,Men'S Apparel,54,3,162,Online
West Gear,25-09-2021,West,Oregon,Men'S Apparel,58,6,348,Online
West Gear,24-08-2021,West,Oregon,Men'S Apparel,65,13,845,Online
West Gear,24-06-2021,West,Oregon,Men'S Apparel,86,11,946,Online
West Gear,24-10-2021,West,Oregon,Men'S Apparel,51,8,408,Online
West Gear,24-11-2021,West,Oregon,Men'S Apparel,68,11,748,Online
West Gear,25-05-2021,West,Oregon,Men'S Apparel,41,4,164,Online
West Gear,17-01-2021,West,Oregon,Men'S Apparel,46,6,276,Online
West Gear,24-01-2021,West,Utah,Men'S Apparel,42,4,168,Online
West Gear,23-07-2020,West,Washington,Men'S Apparel,69,9,621,Online
West Gear,05-07-2020,West,Washington,Men'S Apparel,77,14,1078,Online
West Gear,23-06-2020,West,Washington,Men'S Apparel,60,5,300,Online
West Gear,11-06-2020,West,Washington,Men'S Apparel,69,5,345,Online
West Gear,04-08-2020,West,Washington,Men'S Apparel,82,13,1066,Online
West Gear,30-05-2020,West,Washington,Men'S Apparel,51,7,357,Online
West Gear,11-07-2020,West,Washington,Men'S Apparel,71,16,1136,Online
West Gear,29-06-2020,West,Washington,Men'S Apparel,82,11,902,Online
West Gear,05-06-2020,West,Washington,Men'S Apparel,52,7,364,Online
West Gear,17-06-2020,West,Washington,Men'S Apparel,59,6,354,Online
West Gear,17-07-2020,West,Washington,Men'S Apparel,72,11,792,Online
West Gear,29-07-2020,West,Washington,Men'S Apparel,85,12,1020,Online
West Gear,06-02-2021,West,California,Men'S Athletic Footwear,58,24,1392,Online
West Gear,12-02-2021,West,California,Men'S Athletic Footwear,58,27,1566,Online
West Gear,25-01-2021,West,California,Men'S Athletic Footwear,56,27,1512,Online
West Gear,31-01-2021,West,California,Men'S Athletic Footwear,59,22,1298,Online
West Gear,14-11-2020,West,California,Men'S Athletic Footwear,58,18,1044,Online
West Gear,26-12-2020,West,California,Men'S Athletic Footwear,62,20,1240,Online
West Gear,19-01-2021,West,California,Men'S Athletic Footwear,66,26,1716,Online
West Gear,08-11-2020,West,California,Men'S Athletic Footwear,49,21,1029,Online
West Gear,13-01-2021,West,California,Men'S Athletic Footwear,59,25,1475,Online
West Gear,01-01-2021,West,California,Men'S Athletic Footwear,64,23,1472,Online
West Gear,07-01-2021,West,California,Men'S Athletic Footwear,63,25,1575,Online
West Gear,22-03-2020,West,Colorado,Men'S Athletic Footwear,38,11,418,Online
West Gear,28-03-2020,West,Colorado,Men'S Athletic Footwear,48,11,528,Online
West Gear,09-05-2020,West,Colorado,Men'S Athletic Footwear,54,15,810,Online
West Gear,03-04-2020,West,Colorado,Men'S Athletic Footwear,59,9,531,Online
West Gear,03-05-2020,West,Colorado,Men'S Athletic Footwear,69,17,1173,Online
West Gear,15-05-2020,West,Colorado,Men'S Athletic Footwear,55,15,825,Online
West Gear,21-05-2020,West,Colorado,Men'S Athletic Footwear,64,18,1152,Online
West Gear,27-05-2020,West,Colorado,Men'S Athletic Footwear,48,13,624,Online
West Gear,21-04-2020,West,Colorado,Men'S Athletic Footwear,67,19,1273,Online
West Gear,27-04-2020,West,Colorado,Men'S Athletic Footwear,73,19,1387,Online
West Gear,09-04-2020,West,Colorado,Men'S Athletic Footwear,60,11,660,Online
West Gear,15-04-2020,West,Colorado,Men'S Athletic Footwear,59,14,826,Online
West Gear,16-03-2020,West,Nevada,Men'S Athletic Footwear,38,12,456,Online
West Gear,20-02-2020,West,Nevada,Men'S Athletic Footwear,61,16,976,Online
West Gear,10-03-2020,West,Nevada,Men'S Athletic Footwear,62,19,1178,Online
West Gear,04-03-2020,West,Nevada,Men'S Athletic Footwear,64,15,960,Online
West Gear,26-02-2020,West,Nevada,Men'S Athletic Footwear,59,17,1003,Online
West Gear,08-02-2020,West,Nevada,Men'S Athletic Footwear,61,17,1037,Online
West Gear,21-01-2020,West,Nevada,Men'S Athletic Footwear,62,10,620,Online
West Gear,14-02-2020,West,Nevada,Men'S Athletic Footwear,64,18,1152,Online
West Gear,09-01-2020,West,Nevada,Men'S Athletic Footwear,43,13,559,Online
West Gear,15-01-2020,West,Nevada,Men'S Athletic Footwear,50,12,600,Online
West Gear,02-02-2020,West,Nevada,Men'S Athletic Footwear,62,17,1054,Online
West Gear,27-01-2020,West,Nevada,Men'S Athletic Footwear,60,10,600,Online
West Gear,25-05-2021,West,Oregon,Men'S Athletic Footwear,50,11,550,Online
West Gear,24-10-2021,West,Oregon,Men'S Athletic Footwear,50,14,700,Online
West Gear,25-09-2021,West,Oregon,Men'S Athletic Footwear,51,12,612,Online
West Gear,23-12-2021,West,Oregon,Men'S Athletic Footwear,72,22,1584,Online
West Gear,23-07-2021,West,Oregon,Men'S Athletic Footwear,85,20,1700,Online
West Gear,23-03-2021,West,Oregon,Men'S Athletic Footwear,45,9,405,Online
West Gear,24-04-2021,West,Oregon,Men'S Athletic Footwear,54,8,432,Online
West Gear,24-06-2021,West,Oregon,Men'S Athletic Footwear,62,17,1054,Online
West Gear,24-08-2021,West,Oregon,Men'S Athletic Footwear,76,23,1748,Online
West Gear,24-11-2021,West,Oregon,Men'S Athletic Footwear,48,20,960,Online
West Gear,17-02-2021,West,Oregon,Men'S Athletic Footwear,41,12,492,Online
West Gear,17-01-2021,West,Oregon,Men'S Athletic Footwear,42,10,420,Online
West Gear,24-02-2021,West,Utah,Men'S Athletic Footwear,39,9,351,Online
West Gear,24-01-2021,West,Utah,Men'S Athletic Footwear,39,11,429,Online
West Gear,14-07-2020,West,Washington,Men'S Athletic Footwear,71,17,1207,Online
West Gear,08-06-2020,West,Washington,Men'S Athletic Footwear,58,12,696,Online
West Gear,02-07-2020,West,Washington,Men'S Athletic Footwear,82,18,1476,Online
West Gear,26-07-2020,West,Washington,Men'S Athletic Footwear,60,19,1140,Online
West Gear,20-07-2020,West,Washington,Men'S Athletic Footwear,64,14,896,Online
West Gear,26-06-2020,West,Washington,Men'S Athletic Footwear,74,19,1406,Online
West Gear,20-06-2020,West,Washington,Men'S Athletic Footwear,60,11,660,Online
West Gear,01-08-2020,West,Washington,Men'S Athletic Footwear,77,20,1540,Online
West Gear,02-06-2020,West,Washington,Men'S Athletic Footwear,47,13,611,Online
West Gear,14-06-2020,West,Washington,Men'S Athletic Footwear,71,9,639,Online
West Gear,08-07-2020,West,Washington,Men'S Athletic Footwear,77,21,1617,Online
West Gear,11-02-2021,West,California,Men'S Street Footwear,51,29,1479,Online
West Gear,24-01-2021,West,California,Men'S Street Footwear,51,24,1224,Online
West Gear,05-02-2021,West,California,Men'S Street Footwear,52,26,1352,Online
West Gear,13-11-2020,West,California,Men'S Street Footwear,49,23,1127,Online
West Gear,30-01-2021,West,California,Men'S Street Footwear,51,24,1224,Online
West Gear,12-01-2021,West,California,Men'S Street Footwear,56,28,1568,Online
West Gear,18-01-2021,West,California,Men'S Street Footwear,62,27,1674,Online
West Gear,25-12-2020,West,California,Men'S Street Footwear,56,23,1288,Online
West Gear,07-11-2020,West,California,Men'S Street Footwear,37,22,814,Online
West Gear,31-12-2020,West,California,Men'S Street Footwear,56,25,1400,Online
West Gear,06-01-2021,West,California,Men'S Street Footwear,56,27,1512,Online
West Gear,26-05-2020,West,Colorado,Men'S Street Footwear,36,12,432,Online
West Gear,02-04-2020,West,Colorado,Men'S Street Footwear,55,13,715,Online
West Gear,21-03-2020,West,Colorado,Men'S Street Footwear,27,13,351,Online
West Gear,27-03-2020,West,Colorado,Men'S Street Footwear,37,17,629,Online
West Gear,08-05-2020,West,Colorado,Men'S Street Footwear,51,14,714,Online
West Gear,20-05-2020,West,Colorado,Men'S Street Footwear,59,20,1180,Online
West Gear,02-05-2020,West,Colorado,Men'S Street Footwear,59,16,944,Online
West Gear,14-05-2020,West,Colorado,Men'S Street Footwear,52,15,780,Online
West Gear,26-04-2020,West,Colorado,Men'S Street Footwear,63,20,1260,Online
West Gear,20-04-2020,West,Colorado,Men'S Street Footwear,64,20,1280,Online
West Gear,08-04-2020,West,Colorado,Men'S Street Footwear,55,13,715,Online
West Gear,14-04-2020,West,Colorado,Men'S Street Footwear,54,19,1026,Online
West Gear,09-03-2020,West,Nevada,Men'S Street Footwear,58,20,1160,Online
West Gear,19-02-2020,West,Nevada,Men'S Street Footwear,56,17,952,Online
West Gear,03-03-2020,West,Nevada,Men'S Street Footwear,57,16,912,Online
West Gear,25-02-2020,West,Nevada,Men'S Street Footwear,56,14,784,Online
West Gear,15-03-2020,West,Nevada,Men'S Street Footwear,28,12,336,Online
West Gear,08-01-2020,West,Nevada,Men'S Street Footwear,34,16,544,Online
West Gear,20-01-2020,West,Nevada,Men'S Street Footwear,58,14,812,Online
West Gear,07-02-2020,West,Nevada,Men'S Street Footwear,58,22,1276,Online
West Gear,13-02-2020,West,Nevada,Men'S Street Footwear,62,21,1302,Online
West Gear,14-01-2020,West,Nevada,Men'S Street Footwear,43,16,688,Online
West Gear,01-02-2020,West,Nevada,Men'S Street Footwear,56,19,1064,Online
West Gear,26-01-2020,West,Nevada,Men'S Street Footwear,58,15,870,Online
West Gear,25-09-2021,West,Oregon,Men'S Street Footwear,46,12,552,Online
West Gear,25-05-2021,West,Oregon,Men'S Street Footwear,48,15,720,Online
West Gear,24-11-2021,West,Oregon,Men'S Street Footwear,44,17,748,Online
West Gear,24-04-2021,West,Oregon,Men'S Street Footwear,51,12,612,Online
West Gear,24-10-2021,West,Oregon,Men'S Street Footwear,38,10,380,Online
West Gear,23-12-2021,West,Oregon,Men'S Street Footwear,61,19,1159,Online
West Gear,23-07-2021,West,Oregon,Men'S Street Footwear,79,26,2054,Online
West Gear,24-08-2021,West,Oregon,Men'S Street Footwear,81,20,1620,Online
West Gear,23-03-2021,West,Oregon,Men'S Street Footwear,38,13,494,Online
West Gear,24-06-2021,West,Oregon,Men'S Street Footwear,51,23,1173,Online
West Gear,17-01-2021,West,Oregon,Men'S Street Footwear,33,10,330,Online
West Gear,17-02-2021,West,Oregon,Men'S Street Footwear,33,14,462,Online
West Gear,24-02-2021,West,Utah,Men'S Street Footwear,29,12,348,Online
West Gear,24-01-2021,West,Utah,Men'S Street Footwear,27,10,270,Online
West Gear,19-07-2020,West,Washington,Men'S Street Footwear,58,15,870,Online
West Gear,01-07-2020,West,Washington,Men'S Street Footwear,73,24,1752,Online
West Gear,31-07-2020,West,Washington,Men'S Street Footwear,78,19,1482,Online
West Gear,19-06-2020,West,Washington,Men'S Street Footwear,55,17,935,Online
West Gear,13-07-2020,West,Washington,Men'S Street Footwear,64,16,1024,Online
West Gear,25-06-2020,West,Washington,Men'S Street Footwear,71,20,1420,Online
West Gear,01-06-2020,West,Washington,Men'S Street Footwear,36,14,504,Online
West Gear,25-07-2020,West,Washington,Men'S Street Footwear,54,16,864,Online
West Gear,13-06-2020,West,Washington,Men'S Street Footwear,68,16,1088,Online
West Gear,07-06-2020,West,Washington,Men'S Street Footwear,46,17,782,Online
West Gear,07-07-2020,West,Washington,Men'S Street Footwear,80,22,1760,Online
West Gear,10-02-2021,West,California,Women'S Apparel,67,20,1340,Online
West Gear,04-02-2021,West,California,Women'S Apparel,63,20,1260,Online
West Gear,16-02-2021,West,California,Women'S Apparel,67,21,1407,Online
West Gear,29-01-2021,West,California,Women'S Apparel,65,22,1430,Online
West Gear,06-11-2020,West,California,Women'S Apparel,49,23,1127,Online
West Gear,23-01-2021,West,California,Women'S Apparel,76,18,1368,Online
West Gear,24-12-2020,West,California,Women'S Apparel,54,21,1134,Online
West Gear,30-12-2020,West,California,Women'S Apparel,72,20,1440,Online
West Gear,12-11-2020,West,California,Women'S Apparel,46,18,828,Online
West Gear,17-01-2021,West,California,Women'S Apparel,72,23,1656,Online
West Gear,05-01-2021,West,California,Women'S Apparel,72,19,1368,Online
West Gear,11-01-2021,West,California,Women'S Apparel,72,22,1584,Online
West Gear,07-04-2020,West,Colorado,Women'S Apparel,72,10,720,Online
West Gear,20-03-2020,West,Colorado,Women'S Apparel,37,13,481,Online
West Gear,26-03-2020,West,Colorado,Women'S Apparel,37,12,444,Online
West Gear,01-04-2020,West,Colorado,Women'S Apparel,52,10,520,Online
West Gear,13-05-2020,West,Colorado,Women'S Apparel,65,11,715,Online
West Gear,07-05-2020,West,Colorado,Women'S Apparel,65,11,715,Online
West Gear,19-05-2020,West,Colorado,Women'S Apparel,73,13,949,Online
West Gear,25-05-2020,West,Colorado,Women'S Apparel,75,14,1050,Online
West Gear,01-05-2020,West,Colorado,Women'S Apparel,74,10,740,Online
West Gear,25-04-2020,West,Colorado,Women'S Apparel,78,14,1092,Online
West Gear,13-04-2020,West,Colorado,Women'S Apparel,74,13,962,Online
West Gear,19-04-2020,West,Colorado,Women'S Apparel,83,18,1494,Online
West Gear,02-03-2020,West,Nevada,Women'S Apparel,68,9,612,Online
West Gear,08-03-2020,West,Nevada,Women'S Apparel,68,13,884,Online
West Gear,14-03-2020,West,Nevada,Women'S Apparel,74,15,1110,Online
West Gear,07-01-2020,West,Nevada,Women'S Apparel,41,13,533,Online
West Gear,24-02-2020,West,Nevada,Women'S Apparel,74,11,814,Online
West Gear,12-02-2020,West,Nevada,Women'S Apparel,78,15,1170,Online
West Gear,13-01-2020,West,Nevada,Women'S Apparel,41,12,492,Online
West Gear,19-01-2020,West,Nevada,Women'S Apparel,54,9,486,Online
West Gear,25-01-2020,West,Nevada,Women'S Apparel,78,10,780,Online
West Gear,18-02-2020,West,Nevada,Women'S Apparel,78,11,858,Online
West Gear,31-01-2020,West,Nevada,Women'S Apparel,78,13,1014,Online
West Gear,06-02-2020,West,Nevada,Women'S Apparel,73,17,1241,Online
West Gear,24-02-2021,West,Oregon,Women'S Apparel,37,9,333,Online
West Gear,23-12-2021,West,Oregon,Women'S Apparel,77,17,1309,Online
West Gear,25-09-2021,West,Oregon,Women'S Apparel,41,7,287,Online
West Gear,23-03-2021,West,Oregon,Women'S Apparel,49,9,441,Online
West Gear,24-11-2021,West,Oregon,Women'S Apparel,76,15,1140,Online
West Gear,23-07-2021,West,Oregon,Women'S Apparel,97,15,1455,Online
West Gear,24-10-2021,West,Oregon,Women'S Apparel,58,11,638,Online
West Gear,24-08-2021,West,Oregon,Women'S Apparel,69,7,483,Online
West Gear,25-05-2021,West,Oregon,Women'S Apparel,54,16,864,Online
West Gear,24-04-2021,West,Oregon,Women'S Apparel,59,8,472,Online
West Gear,24-06-2021,West,Oregon,Women'S Apparel,95,19,1805,Online
West Gear,17-01-2021,West,Oregon,Women'S Apparel,41,12,492,Online
West Gear,24-01-2021,West,Utah,Women'S Apparel,39,11,429,Online
West Gear,06-06-2020,West,Washington,Women'S Apparel,46,12,552,Online
West Gear,31-05-2020,West,Washington,Women'S Apparel,46,13,598,Online
West Gear,30-07-2020,West,Washington,Women'S Apparel,88,14,1232,Online
West Gear,18-06-2020,West,Washington,Women'S Apparel,78,9,702,Online
West Gear,24-06-2020,West,Washington,Women'S Apparel,75,13,975,Online
West Gear,12-07-2020,West,Washington,Women'S Apparel,76,11,836,Online
West Gear,12-06-2020,West,Washington,Women'S Apparel,62,11,682,Online
West Gear,05-08-2020,West,Washington,Women'S Apparel,86,15,1290,Online
West Gear,30-06-2020,West,Washington,Women'S Apparel,98,18,1764,Online
West Gear,18-07-2020,West,Washington,Women'S Apparel,62,11,682,Online
West Gear,24-07-2020,West,Washington,Women'S Apparel,71,10,710,Online
West Gear,06-07-2020,West,Washington,Women'S Apparel,95,16,1520,Online
West Gear,27-01-2021,West,California,Women'S Athletic Footwear,53,20,1060,Online
West Gear,02-02-2021,West,California,Women'S Athletic Footwear,51,20,1020,Online
West Gear,14-02-2021,West,California,Women'S Athletic Footwear,51,19,969,Online
West Gear,08-02-2021,West,California,Women'S Athletic Footwear,53,21,1113,Online
West Gear,15-01-2021,West,California,Women'S Athletic Footwear,55,22,1210,Online
West Gear,28-12-2020,West,California,Women'S Athletic Footwear,54,19,1026,Online
West Gear,21-01-2021,West,California,Women'S Athletic Footwear,59,19,1121,Online
West Gear,10-11-2020,West,California,Women'S Athletic Footwear,47,15,705,Online
West Gear,22-12-2020,West,California,Women'S Athletic Footwear,58,17,986,Online
West Gear,03-01-2021,West,California,Women'S Athletic Footwear,56,18,1008,Online
West Gear,09-01-2021,West,California,Women'S Athletic Footwear,59,21,1239,Online
West Gear,29-05-2020,West,Colorado,Women'S Athletic Footwear,49,8,392,Online
West Gear,30-03-2020,West,Colorado,Women'S Athletic Footwear,51,9,459,Online
West Gear,05-04-2020,West,Colorado,Women'S Athletic Footwear,56,7,392,Online
West Gear,24-03-2020,West,Colorado,Women'S Athletic Footwear,36,7,252,Online
West Gear,23-05-2020,West,Colorado,Women'S Athletic Footwear,63,13,819,Online
West Gear,11-05-2020,West,Colorado,Women'S Athletic Footwear,53,9,477,Online
West Gear,05-05-2020,West,Colorado,Women'S Athletic Footwear,59,10,590,Online
West Gear,17-05-2020,West,Colorado,Women'S Athletic Footwear,60,12,720,Online
West Gear,23-04-2020,West,Colorado,Women'S Athletic Footwear,61,14,854,Online
West Gear,29-04-2020,West,Colorado,Women'S Athletic Footwear,63,14,882,Online
West Gear,11-04-2020,West,Colorado,Women'S Athletic Footwear,58,7,406,Online
West Gear,17-04-2020,West,Colorado,Women'S Athletic Footwear,62,14,868,Online
West Gear,06-03-2020,West,Nevada,Women'S Athletic Footwear,56,11,616,Online
West Gear,28-02-2020,West,Nevada,Women'S Athletic Footwear,54,11,594,Online
West Gear,12-03-2020,West,Nevada,Women'S Athletic Footwear,57,13,741,Online
West Gear,22-02-2020,West,Nevada,Women'S Athletic Footwear,58,11,638,Online
West Gear,18-03-2020,West,Nevada,Women'S Athletic Footwear,38,7,266,Online
West Gear,11-01-2020,West,Nevada,Women'S Athletic Footwear,44,7,308,Online
West Gear,23-01-2020,West,Nevada,Women'S Athletic Footwear,59,8,472,Online
West Gear,17-01-2020,West,Nevada,Women'S Athletic Footwear,50,8,400,Online
West Gear,16-02-2020,West,Nevada,Women'S Athletic Footwear,64,12,768,Online
West Gear,10-02-2020,West,Nevada,Women'S Athletic Footwear,55,12,660,Online
West Gear,29-01-2020,West,Nevada,Women'S Athletic Footwear,57,9,513,Online
West Gear,04-02-2020,West,Nevada,Women'S Athletic Footwear,58,11,638,Online
West Gear,23-12-2021,West,Oregon,Women'S Athletic Footwear,67,14,938,Online
West Gear,25-09-2021,West,Oregon,Women'S Athletic Footwear,49,5,245,Online
West Gear,24-11-2021,West,Oregon,Women'S Athletic Footwear,51,13,663,Online
West Gear,24-08-2021,West,Oregon,Women'S Athletic Footwear,68,12,816,Online
West Gear,24-02-2021,West,Oregon,Women'S Athletic Footwear,39,6,234,Online
West Gear,24-10-2021,West,Oregon,Women'S Athletic Footwear,44,8,352,Online
West Gear,23-03-2021,West,Oregon,Women'S Athletic Footwear,49,7,343,Online
West Gear,25-05-2021,West,Oregon,Women'S Athletic Footwear,49,8,392,Online
West Gear,23-07-2021,West,Oregon,Women'S Athletic Footwear,82,17,1394,Online
West Gear,24-04-2021,West,Oregon,Women'S Athletic Footwear,41,6,246,Online
West Gear,24-06-2021,West,Oregon,Women'S Athletic Footwear,74,16,1184,Online
West Gear,17-01-2021,West,Oregon,Women'S Athletic Footwear,41,7,287,Online
West Gear,24-01-2021,West,Utah,Women'S Athletic Footwear,39,6,234,Online
West Gear,16-07-2020,West,Washington,Women'S Athletic Footwear,67,11,737,Online
West Gear,28-06-2020,West,Washington,Women'S Athletic Footwear,75,13,975,Online
West Gear,04-07-2020,West,Washington,Women'S Athletic Footwear,78,14,1092,Online
West Gear,04-06-2020,West,Washington,Women'S Athletic Footwear,48,9,432,Online
West Gear,16-06-2020,West,Washington,Women'S Athletic Footwear,55,9,495,Online
West Gear,10-06-2020,West,Washington,Women'S Athletic Footwear,64,9,576,Online
West Gear,28-07-2020,West,Washington,Women'S Athletic Footwear,69,12,828,Online
West Gear,03-08-2020,West,Washington,Women'S Athletic Footwear,76,14,1064,Online
West Gear,22-07-2020,West,Washington,Women'S Athletic Footwear,58,10,580,Online
West Gear,22-06-2020,West,Washington,Women'S Athletic Footwear,59,9,531,Online
West Gear,10-07-2020,West,Washington,Women'S Athletic Footwear,74,16,1184,Online
West Gear,07-02-2021,West,California,Women'S Street Footwear,50,21,1050,Online
West Gear,26-01-2021,West,California,Women'S Street Footwear,52,23,1196,Online
West Gear,13-02-2021,West,California,Women'S Street Footwear,52,23,1196,Online
West Gear,01-02-2021,West,California,Women'S Street Footwear,50,18,900,Online
West Gear,14-01-2021,West,California,Women'S Street Footwear,62,25,1550,Online
West Gear,15-11-2020,West,California,Women'S Street Footwear,55,20,1100,Online
West Gear,20-01-2021,West,California,Women'S Street Footwear,60,20,1200,Online
West Gear,09-11-2020,West,California,Women'S Street Footwear,49,20,980,Online
West Gear,27-12-2020,West,California,Women'S Street Footwear,64,21,1344,Online
West Gear,02-01-2021,West,California,Women'S Street Footwear,60,22,1320,Online
West Gear,08-01-2021,West,California,Women'S Street Footwear,64,21,1344,Online
West Gear,28-05-2020,West,Colorado,Women'S Street Footwear,46,14,644,Online
West Gear,29-03-2020,West,Colorado,Women'S Street Footwear,51,12,612,Online
West Gear,23-03-2020,West,Colorado,Women'S Street Footwear,38,12,456,Online
West Gear,10-05-2020,West,Colorado,Women'S Street Footwear,51,10,510,Online
West Gear,04-05-2020,West,Colorado,Women'S Street Footwear,60,11,660,Online
West Gear,04-04-2020,West,Colorado,Women'S Street Footwear,61,11,671,Online
West Gear,16-05-2020,West,Colorado,Women'S Street Footwear,51,13,663,Online
West Gear,22-05-2020,West,Colorado,Women'S Street Footwear,60,13,780,Online
West Gear,22-04-2020,West,Colorado,Women'S Street Footwear,67,16,1072,Online
West Gear,28-04-2020,West,Colorado,Women'S Street Footwear,67,14,938,Online
West Gear,10-04-2020,West,Colorado,Women'S Street Footwear,59,10,590,Online
West Gear,16-04-2020,West,Colorado,Women'S Street Footwear,64,15,960,Online
West Gear,27-02-2020,West,Nevada,Women'S Street Footwear,54,11,594,Online
West Gear,17-03-2020,West,Nevada,Women'S Street Footwear,39,12,468,Online
West Gear,05-03-2020,West,Nevada,Women'S Street Footwear,55,11,605,Online
West Gear,11-03-2020,West,Nevada,Women'S Street Footwear,59,12,708,Online
West Gear,21-02-2020,West,Nevada,Women'S Street Footwear,57,12,684,Online
West Gear,15-02-2020,West,Nevada,Women'S Street Footwear,60,15,900,Online
West Gear,10-01-2020,West,Nevada,Women'S Street Footwear,41,12,492,Online
West Gear,16-01-2020,West,Nevada,Women'S Street Footwear,52,10,520,Online
West Gear,22-01-2020,West,Nevada,Women'S Street Footwear,61,12,732,Online
West Gear,09-02-2020,West,Nevada,Women'S Street Footwear,61,14,854,Online
West Gear,28-01-2020,West,Nevada,Women'S Street Footwear,63,12,756,Online
West Gear,03-02-2020,West,Nevada,Women'S Street Footwear,62,17,1054,Online
West Gear,25-09-2021,West,Oregon,Women'S Street Footwear,49,8,392,Online
West Gear,23-03-2021,West,Oregon,Women'S Street Footwear,54,9,486,Online
West Gear,23-12-2021,West,Oregon,Women'S Street Footwear,67,17,1139,Online
West Gear,24-06-2021,West,Oregon,Women'S Street Footwear,78,19,1482,Online
West Gear,23-07-2021,West,Oregon,Women'S Street Footwear,86,16,1376,Online
West Gear,24-04-2021,West,Oregon,Women'S Street Footwear,55,9,495,Online
West Gear,24-10-2021,West,Oregon,Women'S Street Footwear,46,9,414,Online
West Gear,24-08-2021,West,Oregon,Women'S Street Footwear,68,20,1360,Online
West Gear,24-11-2021,West,Oregon,Women'S Street Footwear,42,13,546,Online
West Gear,25-05-2021,West,Oregon,Women'S Street Footwear,50,10,500,Online
West Gear,17-02-2021,West,Oregon,Women'S Street Footwear,41,12,492,Online
West Gear,17-01-2021,West,Oregon,Women'S Street Footwear,43,11,473,Online
West Gear,24-02-2021,West,Utah,Women'S Street Footwear,36,9,324,Online
West Gear,24-01-2021,West,Utah,Women'S Street Footwear,39,11,429,Online
West Gear,09-07-2020,West,Washington,Women'S Street Footwear,73,16,1168,Online
West Gear,03-07-2020,West,Washington,Women'S Street Footwear,78,18,1404,Online
West Gear,21-07-2020,West,Washington,Women'S Street Footwear,56,11,616,Online
West Gear,27-07-2020,West,Washington,Women'S Street Footwear,54,12,648,Online
West Gear,15-07-2020,West,Washington,Women'S Street Footwear,63,14,882,Online
West Gear,21-06-2020,West,Washington,Women'S Street Footwear,61,12,732,Online
West Gear,27-06-2020,West,Washington,Women'S Street Footwear,72,16,1152,Online
West Gear,03-06-2020,West,Washington,Women'S Street Footwear,47,12,564,Online
West Gear,02-08-2020,West,Washington,Women'S Street Footwear,73,14,1022,Online
West Gear,15-06-2020,West,Washington,Women'S Street Footwear,74,12,888,Online
West Gear,09-06-2020,West,Washington,Women'S Street Footwear,60,12,720,Online
Amazon,09-09-2021,Midwest,Ohio,Men'S Apparel,35,45,1575,Online
Amazon,09-03-2021,Midwest,Ohio,Men'S Apparel,40,38,1520,Online
Amazon,11-10-2021,Midwest,Ohio,Men'S Apparel,40,40,1600,Online
Amazon,10-04-2021,Midwest,Ohio,Men'S Apparel,45,38,1710,Online
Amazon,11-02-2021,Midwest,Ohio,Men'S Apparel,45,45,2025,Online
Amazon,22-01-2021,Midwest,Ohio,Men'S Apparel,50,20,1000,Online
Amazon,09-05-2021,Midwest,Ohio,Men'S Apparel,50,45,2250,Online
Amazon,10-08-2021,Midwest,Ohio,Men'S Apparel,55,50,2750,Online
Amazon,11-06-2021,Midwest,Ohio,Men'S Apparel,65,50,3250,Online
Amazon,09-07-2021,Midwest,Ohio,Men'S Apparel,65,55,3575,Online
Amazon,10-11-2021,Midwest,Ohio,Men'S Apparel,80,48,3840,Online
Amazon,11-10-2021,Midwest,Ohio,Men'S Apparel,37,12,444,Online
Amazon,11-02-2021,Midwest,Ohio,Men'S Apparel,41,12,492,Online
Amazon,09-05-2021,Midwest,Ohio,Men'S Apparel,49,13,637,Online
Amazon,09-07-2021,Midwest,Ohio,Men'S Apparel,59,15,885,Online
Amazon,10-04-2021,Midwest,Ohio,Men'S Apparel,42,10,420,Online
Amazon,22-01-2021,Midwest,Ohio,Men'S Apparel,46,5,230,Online
Amazon,11-06-2021,Midwest,Ohio,Men'S Apparel,62,15,930,Online
Amazon,09-09-2021,Midwest,Ohio,Men'S Apparel,32,12,384,Online
Amazon,09-03-2021,Midwest,Ohio,Men'S Apparel,37,11,407,Online
Amazon,10-08-2021,Midwest,Ohio,Men'S Apparel,50,14,700,Online
Amazon,10-11-2021,Midwest,Ohio,Men'S Apparel,76,14,1064,Online
Amazon,10-11-2021,Midwest,Ohio,Men'S Athletic Footwear,25,50,1250,Online
Amazon,10-04-2021,Midwest,Ohio,Men'S Athletic Footwear,30,43,1290,Online
Amazon,09-03-2021,Midwest,Ohio,Men'S Athletic Footwear,30,45,1350,Online
Amazon,11-10-2021,Midwest,Ohio,Men'S Athletic Footwear,30,55,1650,Online
Amazon,22-02-2021,Midwest,Ohio,Men'S Athletic Footwear,40,20,800,Online
Amazon,22-01-2021,Midwest,Ohio,Men'S Athletic Footwear,40,30,1200,Online
Amazon,09-05-2021,Midwest,Ohio,Men'S Athletic Footwear,45,50,2250,Online
Amazon,11-06-2021,Midwest,Ohio,Men'S Athletic Footwear,45,55,2475,Online
Amazon,09-09-2021,Midwest,Ohio,Men'S Athletic Footwear,50,58,2900,Online
Amazon,09-07-2021,Midwest,Ohio,Men'S Athletic Footwear,60,65,3900,Online
Amazon,10-08-2021,Midwest,Ohio,Men'S Athletic Footwear,60,65,3900,Online
Amazon,09-12-2021,Midwest,Ohio,Men'S Athletic Footwear,65,63,4095,Online
Amazon,10-11-2021,Midwest,Ohio,Men'S Athletic Footwear,24,14,336,Online
Amazon,09-03-2021,Midwest,Ohio,Men'S Athletic Footwear,27,13,351,Online
Amazon,22-02-2021,Midwest,Ohio,Men'S Athletic Footwear,38,6,228,Online
Amazon,11-06-2021,Midwest,Ohio,Men'S Athletic Footwear,41,14,574,Online
Amazon,10-08-2021,Midwest,Ohio,Men'S Athletic Footwear,58,20,1160,Online
Amazon,11-10-2021,Midwest,Ohio,Men'S Athletic Footwear,29,14,406,Online
Amazon,22-01-2021,Midwest,Ohio,Men'S Athletic Footwear,38,8,304,Online
Amazon,09-09-2021,Midwest,Ohio,Men'S Athletic Footwear,47,17,799,Online
Amazon,09-07-2021,Midwest,Ohio,Men'S Athletic Footwear,56,20,1120,Online
Amazon,09-12-2021,Midwest,Ohio,Men'S Athletic Footwear,60,18,1080,Online
Amazon,10-04-2021,Midwest,Ohio,Men'S Athletic Footwear,28,11,308,Online
Amazon,09-05-2021,Midwest,Ohio,Men'S Athletic Footwear,44,14,616,Online
Amazon,10-04-2021,Midwest,Ohio,Men'S Street Footwear,30,73,2190,Online
Amazon,09-03-2021,Midwest,Ohio,Men'S Street Footwear,30,77,2310,Online
Amazon,10-11-2021,Midwest,Ohio,Men'S Street Footwear,35,68,2380,Online
Amazon,22-01-2021,Midwest,Ohio,Men'S Street Footwear,40,50,2000,Online
Amazon,22-02-2021,Midwest,Ohio,Men'S Street Footwear,40,55,2200,Online
Amazon,11-10-2021,Midwest,Ohio,Men'S Street Footwear,40,73,2920,Online
Amazon,09-05-2021,Midwest,Ohio,Men'S Street Footwear,45,80,3600,Online
Amazon,11-06-2021,Midwest,Ohio,Men'S Street Footwear,50,80,4000,Online
Amazon,09-09-2021,Midwest,Ohio,Men'S Street Footwear,55,78,4290,Online
Amazon,10-08-2021,Midwest,Ohio,Men'S Street Footwear,65,88,5720,Online
Amazon,09-07-2021,Midwest,Ohio,Men'S Street Footwear,65,90,5850,Online
Amazon,09-12-2021,Midwest,Ohio,Men'S Street Footwear,75,83,6225,Online
Amazon,09-05-2021,Midwest,Ohio,Men'S Street Footwear,42,21,882,Online
Amazon,10-08-2021,Midwest,Ohio,Men'S Street Footwear,61,23,1403,Online
Amazon,09-12-2021,Midwest,Ohio,Men'S Street Footwear,70,23,1610,Online
Amazon,09-03-2021,Midwest,Ohio,Men'S Street Footwear,27,23,621,Online
Amazon,10-11-2021,Midwest,Ohio,Men'S Street Footwear,34,17,578,Online
Amazon,11-10-2021,Midwest,Ohio,Men'S Street Footwear,36,21,756,Online
Amazon,09-07-2021,Midwest,Ohio,Men'S Street Footwear,63,25,1575,Online
Amazon,22-02-2021,Midwest,Ohio,Men'S Street Footwear,38,14,532,Online
Amazon,11-06-2021,Midwest,Ohio,Men'S Street Footwear,49,23,1127,Online
Amazon,22-01-2021,Midwest,Ohio,Men'S Street Footwear,37,14,518,Online
Amazon,09-09-2021,Midwest,Ohio,Men'S Street Footwear,50,23,1150,Online
Amazon,10-04-2021,Midwest,Ohio,Men'S Street Footwear,28,22,616,Online
Amazon,22-01-2021,Midwest,Ohio,Women'S Apparel,40,30,1200,Online
Amazon,09-03-2021,Midwest,Ohio,Women'S Apparel,30,48,1440,Online
Amazon,11-02-2021,Midwest,Ohio,Women'S Apparel,30,55,1650,Online
Amazon,10-04-2021,Midwest,Ohio,Women'S Apparel,35,53,1855,Online
Amazon,11-10-2021,Midwest,Ohio,Women'S Apparel,40,53,2120,Online
Amazon,09-09-2021,Midwest,Ohio,Women'S Apparel,40,55,2200,Online
Amazon,09-05-2021,Midwest,Ohio,Women'S Apparel,55,55,3025,Online
Amazon,10-08-2021,Midwest,Ohio,Women'S Apparel,60,68,4080,Online
Amazon,11-06-2021,Midwest,Ohio,Women'S Apparel,70,68,4760,Online
Amazon,09-07-2021,Midwest,Ohio,Women'S Apparel,70,73,5110,Online
Amazon,10-11-2021,Midwest,Ohio,Women'S Apparel,80,58,4640,Online
Amazon,22-01-2021,Midwest,Ohio,Women'S Apparel,37,8,296,Online
Amazon,09-03-2021,Midwest,Ohio,Women'S Apparel,28,13,364,Online
Amazon,11-02-2021,Midwest,Ohio,Women'S Apparel,29,14,406,Online
Amazon,10-08-2021,Midwest,Ohio,Women'S Apparel,54,17,918,Online
Amazon,09-09-2021,Midwest,Ohio,Women'S Apparel,37,14,518,Online
Amazon,11-06-2021,Midwest,Ohio,Women'S Apparel,64,20,1280,Online
Amazon,11-10-2021,Midwest,Ohio,Women'S Apparel,38,15,570,Online
Amazon,09-07-2021,Midwest,Ohio,Women'S Apparel,69,18,1242,Online
Amazon,09-05-2021,Midwest,Ohio,Women'S Apparel,53,14,742,Online
Amazon,10-11-2021,Midwest,Ohio,Women'S Apparel,74,17,1258,Online
Amazon,10-04-2021,Midwest,Ohio,Women'S Apparel,34,14,476,Online
Amazon,09-03-2021,Midwest,Ohio,Women'S Athletic Footwear,25,33,825,Online
Amazon,10-04-2021,Midwest,Ohio,Women'S Athletic Footwear,25,35,875,Online
Amazon,09-09-2021,Midwest,Ohio,Women'S Athletic Footwear,25,45,1125,Online
Amazon,11-02-2021,Midwest,Ohio,Women'S Athletic Footwear,30,38,1140,Online
Amazon,11-10-2021,Midwest,Ohio,Women'S Athletic Footwear,30,40,1200,Online
Amazon,22-01-2021,Midwest,Ohio,Women'S Athletic Footwear,35,15,525,Online
Amazon,09-05-2021,Midwest,Ohio,Women'S Athletic Footwear,40,43,1720,Online
Amazon,10-08-2021,Midwest,Ohio,Women'S Athletic Footwear,45,53,2385,Online
Amazon,11-06-2021,Midwest,Ohio,Women'S Athletic Footwear,50,50,2500,Online
Amazon,09-07-2021,Midwest,Ohio,Women'S Athletic Footwear,55,53,2915,Online
Amazon,10-11-2021,Midwest,Ohio,Women'S Athletic Footwear,65,50,3250,Online
Amazon,10-04-2021,Midwest,Ohio,Women'S Athletic Footwear,24,10,240,Online
Amazon,11-02-2021,Midwest,Ohio,Women'S Athletic Footwear,29,10,290,Online
Amazon,22-01-2021,Midwest,Ohio,Women'S Athletic Footwear,34,4,136,Online
Amazon,10-11-2021,Midwest,Ohio,Women'S Athletic Footwear,59,14,826,Online
Amazon,09-09-2021,Midwest,Ohio,Women'S Athletic Footwear,24,11,264,Online
Amazon,11-10-2021,Midwest,Ohio,Women'S Athletic Footwear,29,11,319,Online
Amazon,10-08-2021,Midwest,Ohio,Women'S Athletic Footwear,41,16,656,Online
Amazon,11-06-2021,Midwest,Ohio,Women'S Athletic Footwear,49,14,686,Online
Amazon,09-03-2021,Midwest,Ohio,Women'S Athletic Footwear,24,10,240,Online
Amazon,09-07-2021,Midwest,Ohio,Women'S Athletic Footwear,53,15,795,Online
Amazon,09-05-2021,Midwest,Ohio,Women'S Athletic Footwear,38,12,456,Online
Amazon,10-04-2021,Midwest,Ohio,Women'S Street Footwear,20,43,860,Online
Amazon,09-03-2021,Midwest,Ohio,Women'S Street Footwear,20,48,960,Online
Amazon,09-09-2021,Midwest,Ohio,Women'S Street Footwear,25,48,1200,Online
Amazon,22-02-2021,Midwest,Ohio,Women'S Street Footwear,30,25,750,Online
Amazon,22-01-2021,Midwest,Ohio,Women'S Street Footwear,30,30,900,Online
Amazon,11-10-2021,Midwest,Ohio,Women'S Street Footwear,30,43,1290,Online
Amazon,10-11-2021,Midwest,Ohio,Women'S Street Footwear,35,45,1575,Online
Amazon,09-05-2021,Midwest,Ohio,Women'S Street Footwear,40,48,1920,Online
Amazon,11-06-2021,Midwest,Ohio,Women'S Street Footwear,50,53,2650,Online
Amazon,09-07-2021,Midwest,Ohio,Women'S Street Footwear,55,58,3190,Online
Amazon,10-08-2021,Midwest,Ohio,Women'S Street Footwear,55,58,3190,Online
Amazon,10-11-2021,Midwest,Ohio,Women'S Street Footwear,32,12,384,Online
Amazon,09-05-2021,Midwest,Ohio,Women'S Street Footwear,39,14,546,Online
Amazon,09-07-2021,Midwest,Ohio,Women'S Street Footwear,51,17,867,Online
Amazon,10-08-2021,Midwest,Ohio,Women'S Street Footwear,53,15,795,Online
Amazon,22-01-2021,Midwest,Ohio,Women'S Street Footwear,28,8,224,Online
Amazon,10-04-2021,Midwest,Ohio,Women'S Street Footwear,19,11,209,Online
Amazon,09-03-2021,Midwest,Ohio,Women'S Street Footwear,20,12,240,Online
Amazon,11-10-2021,Midwest,Ohio,Women'S Street Footwear,27,11,297,Online
Amazon,22-02-2021,Midwest,Ohio,Women'S Street Footwear,29,6,174,Online
Amazon,11-06-2021,Midwest,Ohio,Women'S Street Footwear,49,14,686,Online
Amazon,09-09-2021,Midwest,Ohio,Women'S Street Footwear,23,14,322,Online
Foot Locker,09-08-2021,Midwest,Illinois,Men'S Apparel,59,6,354,Online
Foot Locker,10-07-2021,Midwest,Illinois,Men'S Apparel,47,6,282,Online
Foot Locker,22-07-2021,Midwest,Illinois,Men'S Apparel,49,5,245,Online
Foot Locker,28-06-2021,Midwest,Illinois,Men'S Apparel,59,4,236,Online
Foot Locker,10-06-2021,Midwest,Illinois,Men'S Apparel,50,4,200,Online
Foot Locker,22-06-2021,Midwest,Illinois,Men'S Apparel,54,3,162,Online
Foot Locker,28-07-2021,Midwest,Illinois,Men'S Apparel,56,3,168,Online
Foot Locker,16-06-2021,Midwest,Illinois,Men'S Apparel,56,4,224,Online
Foot Locker,04-06-2021,Midwest,Illinois,Men'S Apparel,53,5,265,Online
Foot Locker,04-07-2021,Midwest,Illinois,Men'S Apparel,46,5,230,Online
Foot Locker,16-07-2021,Midwest,Illinois,Men'S Apparel,49,5,245,Online
Foot Locker,03-08-2021,Midwest,Illinois,Men'S Apparel,56,4,224,Online
Foot Locker,05-07-2021,Midwest,Iowa,Men'S Apparel,46,6,276,Online
Foot Locker,06-08-2021,Midwest,Iowa,Men'S Apparel,48,5,240,Online
Foot Locker,07-09-2021,Midwest,Iowa,Men'S Apparel,34,5,170,Online
Foot Locker,06-04-2021,Midwest,Iowa,Men'S Apparel,55,3,165,Online
Foot Locker,05-03-2021,Midwest,Iowa,Men'S Apparel,28,4,112,Online
Foot Locker,06-06-2021,Midwest,Iowa,Men'S Apparel,34,4,136,Online
Foot Locker,06-10-2021,Midwest,Iowa,Men'S Apparel,42,4,168,Online
Foot Locker,06-02-2021,Midwest,Iowa,Men'S Apparel,38,4,152,Online
Foot Locker,07-05-2021,Midwest,Iowa,Men'S Apparel,43,4,172,Online
Foot Locker,12-01-2021,Midwest,Kansas,Men'S Apparel,50,18,900,Online
Foot Locker,12-01-2021,Midwest,Kansas,Men'S Apparel,48,4,192,Online
Foot Locker,18-01-2021,Midwest,Michigan,Men'S Apparel,39,10,390,Online
Foot Locker,15-12-2021,Midwest,Michigan,Men'S Apparel,55,14,770,Online
Foot Locker,08-11-2020,Midwest,Minnesota,Men'S Apparel,47,1,47,Online
Foot Locker,27-10-2020,Midwest,Minnesota,Men'S Apparel,41,4,164,Online
Foot Locker,02-12-2020,Midwest,Minnesota,Men'S Apparel,42,4,168,Online
Foot Locker,26-11-2020,Midwest,Minnesota,Men'S Apparel,49,6,294,Online
Foot Locker,14-11-2020,Midwest,Minnesota,Men'S Apparel,50,2,100,Online
Foot Locker,26-12-2020,Midwest,Minnesota,Men'S Apparel,54,4,216,Online
Foot Locker,14-12-2020,Midwest,Minnesota,Men'S Apparel,41,2,82,Online
Foot Locker,02-11-2020,Midwest,Minnesota,Men'S Apparel,47,2,94,Online
Foot Locker,20-11-2020,Midwest,Minnesota,Men'S Apparel,49,5,245,Online
Foot Locker,20-12-2020,Midwest,Minnesota,Men'S Apparel,52,3,156,Online
Foot Locker,08-12-2020,Midwest,Minnesota,Men'S Apparel,32,3,96,Online
Foot Locker,21-10-2020,Midwest,Minnesota,Men'S Apparel,43,4,172,Online
Foot Locker,18-04-2021,Midwest,Missouri,Men'S Apparel,36,7,252,Online
Foot Locker,18-02-2021,Midwest,Missouri,Men'S Apparel,38,9,342,Online
Foot Locker,18-06-2021,Midwest,Missouri,Men'S Apparel,38,10,380,Online
Foot Locker,19-09-2021,Midwest,Missouri,Men'S Apparel,23,8,184,Online
Foot Locker,18-10-2021,Midwest,Missouri,Men'S Apparel,32,7,224,Online
Foot Locker,18-08-2021,Midwest,Missouri,Men'S Apparel,34,8,272,Online
Foot Locker,18-11-2021,Midwest,Missouri,Men'S Apparel,43,8,344,Online
Foot Locker,19-05-2021,Midwest,Missouri,Men'S Apparel,44,7,308,Online
Foot Locker,17-07-2021,Midwest,Missouri,Men'S Apparel,37,9,333,Online
Foot Locker,17-03-2021,Midwest,Missouri,Men'S Apparel,41,8,328,Online
Foot Locker,25-05-2021,Midwest,Nebraska,Men'S Apparel,43,4,172,Online
Foot Locker,24-07-2021,Midwest,Nebraska,Men'S Apparel,48,3,144,Online
Foot Locker,18-06-2021,Midwest,Nebraska,Men'S Apparel,46,1,46,Online
Foot Locker,06-06-2021,Midwest,Nebraska,Men'S Apparel,45,1,45,Online
Foot Locker,12-07-2021,Midwest,Nebraska,Men'S Apparel,29,2,58,Online
Foot Locker,18-07-2021,Midwest,Nebraska,Men'S Apparel,37,1,37,Online
Foot Locker,06-07-2021,Midwest,Nebraska,Men'S Apparel,37,3,111,Online
Foot Locker,12-06-2021,Midwest,Nebraska,Men'S Apparel,42,1,42,Online
Foot Locker,30-07-2021,Midwest,Nebraska,Men'S Apparel,45,4,180,Online
Foot Locker,31-05-2021,Midwest,Nebraska,Men'S Apparel,41,3,123,Online
Foot Locker,30-06-2021,Midwest,Nebraska,Men'S Apparel,41,4,164,Online
Foot Locker,24-06-2021,Midwest,Nebraska,Men'S Apparel,42,4,168,Online
Foot Locker,09-11-2021,Midwest,North Dakota,Men'S Apparel,55,4,220,Online
Foot Locker,08-12-2021,Midwest,North Dakota,Men'S Apparel,58,5,290,Online
Foot Locker,06-01-2021,Midwest,North Dakota,Men'S Apparel,38,4,152,Online
Foot Locker,13-09-2021,Midwest,South Dakota,Men'S Apparel,45,15,675,Online
Foot Locker,12-06-2021,Midwest,South Dakota,Men'S Apparel,45,18,810,Online
Foot Locker,12-02-2021,Midwest,South Dakota,Men'S Apparel,50,18,900,Online
Foot Locker,11-03-2021,Midwest,South Dakota,Men'S Apparel,50,13,650,Online
Foot Locker,12-08-2021,Midwest,South Dakota,Men'S Apparel,50,18,900,Online
Foot Locker,11-07-2021,Midwest,South Dakota,Men'S Apparel,50,20,1000,Online
Foot Locker,13-05-2021,Midwest,South Dakota,Men'S Apparel,55,13,715,Online
Foot Locker,12-10-2021,Midwest,South Dakota,Men'S Apparel,55,13,715,Online
Foot Locker,12-04-2021,Midwest,South Dakota,Men'S Apparel,60,10,600,Online
Foot Locker,12-06-2021,Midwest,South Dakota,Men'S Apparel,41,5,205,Online
Foot Locker,12-02-2021,Midwest,South Dakota,Men'S Apparel,48,5,240,Online
Foot Locker,12-08-2021,Midwest,South Dakota,Men'S Apparel,47,5,235,Online
Foot Locker,11-07-2021,Midwest,South Dakota,Men'S Apparel,49,5,245,Online
Foot Locker,12-04-2021,Midwest,South Dakota,Men'S Apparel,56,3,168,Online
Foot Locker,12-10-2021,Midwest,South Dakota,Men'S Apparel,54,4,216,Online
Foot Locker,13-09-2021,Midwest,South Dakota,Men'S Apparel,41,4,164,Online
Foot Locker,11-03-2021,Midwest,South Dakota,Men'S Apparel,47,3,141,Online
Foot Locker,13-05-2021,Midwest,South Dakota,Men'S Apparel,51,4,204,Online
Foot Locker,01-07-2021,Midwest,Illinois,Men'S Athletic Footwear,43,6,258,Online
Foot Locker,07-07-2021,Midwest,Illinois,Men'S Athletic Footwear,43,8,344,Online
Foot Locker,25-06-2021,Midwest,Illinois,Men'S Athletic Footwear,53,5,265,Online
Foot Locker,13-07-2021,Midwest,Illinois,Men'S Athletic Footwear,41,9,369,Online
Foot Locker,19-06-2021,Midwest,Illinois,Men'S Athletic Footwear,48,4,192,Online
Foot Locker,07-06-2021,Midwest,Illinois,Men'S Athletic Footwear,43,5,215,Online
Foot Locker,31-07-2021,Midwest,Illinois,Men'S Athletic Footwear,46,7,322,Online
Foot Locker,13-06-2021,Midwest,Illinois,Men'S Athletic Footwear,46,6,276,Online
Foot Locker,06-08-2021,Midwest,Illinois,Men'S Athletic Footwear,46,8,368,Online
Foot Locker,19-07-2021,Midwest,Illinois,Men'S Athletic Footwear,41,8,328,Online
Foot Locker,25-07-2021,Midwest,Illinois,Men'S Athletic Footwear,49,8,392,Online
Foot Locker,05-03-2021,Midwest,Iowa,Men'S Athletic Footwear,19,5,95,Online
Foot Locker,06-10-2021,Midwest,Iowa,Men'S Athletic Footwear,32,8,256,Online
Foot Locker,07-05-2021,Midwest,Iowa,Men'S Athletic Footwear,37,6,222,Online
Foot Locker,06-08-2021,Midwest,Iowa,Men'S Athletic Footwear,42,8,336,Online
Foot Locker,07-09-2021,Midwest,Iowa,Men'S Athletic Footwear,27,8,216,Online
Foot Locker,06-06-2021,Midwest,Iowa,Men'S Athletic Footwear,28,8,224,Online
Foot Locker,06-04-2021,Midwest,Iowa,Men'S Athletic Footwear,18,5,90,Online
Foot Locker,05-07-2021,Midwest,Iowa,Men'S Athletic Footwear,44,9,396,Online
Foot Locker,12-02-2021,Midwest,Kansas,Men'S Athletic Footwear,40,18,720,Online
Foot Locker,12-01-2021,Midwest,Kansas,Men'S Athletic Footwear,40,28,1120,Online
Foot Locker,12-01-2021,Midwest,Kansas,Men'S Athletic Footwear,37,8,296,Online
Foot Locker,12-02-2021,Midwest,Kansas,Men'S Athletic Footwear,39,5,195,Online
Foot Locker,18-01-2021,Midwest,Michigan,Men'S Athletic Footwear,29,12,348,Online
Foot Locker,18-02-2021,Midwest,Michigan,Men'S Athletic Footwear,28,9,252,Online
Foot Locker,30-10-2020,Midwest,Minnesota,Men'S Athletic Footwear,38,4,152,Online
Foot Locker,17-12-2020,Midwest,Minnesota,Men'S Athletic Footwear,38,5,190,Online
Foot Locker,17-11-2020,Midwest,Minnesota,Men'S Athletic Footwear,38,5,190,Online
Foot Locker,29-11-2020,Midwest,Minnesota,Men'S Athletic Footwear,43,9,387,Online
Foot Locker,11-11-2020,Midwest,Minnesota,Men'S Athletic Footwear,44,4,176,Online
Foot Locker,05-11-2020,Midwest,Minnesota,Men'S Athletic Footwear,38,3,114,Online
Foot Locker,11-12-2020,Midwest,Minnesota,Men'S Athletic Footwear,34,6,204,Online
Foot Locker,24-10-2020,Midwest,Minnesota,Men'S Athletic Footwear,34,4,136,Online
Foot Locker,05-12-2020,Midwest,Minnesota,Men'S Athletic Footwear,37,7,259,Online
Foot Locker,23-11-2020,Midwest,Minnesota,Men'S Athletic Footwear,42,8,336,Online
Foot Locker,23-12-2020,Midwest,Minnesota,Men'S Athletic Footwear,42,8,336,Online
Foot Locker,18-11-2021,Midwest,Missouri,Men'S Athletic Footwear,23,9,207,Online
Foot Locker,17-03-2021,Midwest,Missouri,Men'S Athletic Footwear,34,9,306,Online
Foot Locker,18-06-2021,Midwest,Missouri,Men'S Athletic Footwear,27,9,243,Online
Foot Locker,18-08-2021,Midwest,Missouri,Men'S Athletic Footwear,38,14,532,Online
Foot Locker,19-09-2021,Midwest,Missouri,Men'S Athletic Footwear,28,10,280,Online
Foot Locker,17-07-2021,Midwest,Missouri,Men'S Athletic Footwear,33,13,429,Online
Foot Locker,19-05-2021,Midwest,Missouri,Men'S Athletic Footwear,34,9,306,Online
Foot Locker,17-12-2021,Midwest,Missouri,Men'S Athletic Footwear,32,11,352,Online
Foot Locker,18-04-2021,Midwest,Missouri,Men'S Athletic Footwear,27,7,189,Online
Foot Locker,18-10-2021,Midwest,Missouri,Men'S Athletic Footwear,24,9,216,Online
Foot Locker,09-06-2021,Midwest,Nebraska,Men'S Athletic Footwear,32,2,64,Online
Foot Locker,27-06-2021,Midwest,Nebraska,Men'S Athletic Footwear,37,8,296,Online
Foot Locker,15-07-2021,Midwest,Nebraska,Men'S Athletic Footwear,29,4,116,Online
Foot Locker,21-07-2021,Midwest,Nebraska,Men'S Athletic Footwear,29,4,116,Online
Foot Locker,09-07-2021,Midwest,Nebraska,Men'S Athletic Footwear,33,6,198,Online
Foot Locker,03-06-2021,Midwest,Nebraska,Men'S Athletic Footwear,39,3,117,Online
Foot Locker,03-07-2021,Midwest,Nebraska,Men'S Athletic Footwear,42,8,336,Online
Foot Locker,21-06-2021,Midwest,Nebraska,Men'S Athletic Footwear,32,5,160,Online
Foot Locker,28-05-2021,Midwest,Nebraska,Men'S Athletic Footwear,33,4,132,Online
Foot Locker,27-07-2021,Midwest,Nebraska,Men'S Athletic Footwear,36,6,216,Online
Foot Locker,15-06-2021,Midwest,Nebraska,Men'S Athletic Footwear,38,3,114,Online
Foot Locker,09-11-2021,Midwest,North Dakota,Men'S Athletic Footwear,36,7,252,Online
Foot Locker,08-12-2021,Midwest,North Dakota,Men'S Athletic Footwear,46,8,368,Online
Foot Locker,06-02-2021,Midwest,North Dakota,Men'S Athletic Footwear,28,5,140,Online
Foot Locker,06-01-2021,Midwest,North Dakota,Men'S Athletic Footwear,29,7,203,Online
Foot Locker,12-04-2021,Midwest,South Dakota,Men'S Athletic Footwear,40,15,600,Online
Foot Locker,11-03-2021,Midwest,South Dakota,Men'S Athletic Footwear,40,20,800,Online
Foot Locker,12-06-2021,Midwest,South Dakota,Men'S Athletic Footwear,40,25,1000,Online
Foot Locker,13-09-2021,Midwest,South Dakota,Men'S Athletic Footwear,40,28,1120,Online
Foot Locker,12-10-2021,Midwest,South Dakota,Men'S Athletic Footwear,45,25,1125,Online
Foot Locker,11-07-2021,Midwest,South Dakota,Men'S Athletic Footwear,45,30,1350,Online
Foot Locker,12-08-2021,Midwest,South Dakota,Men'S Athletic Footwear,45,30,1350,Online
Foot Locker,13-05-2021,Midwest,South Dakota,Men'S Athletic Footwear,50,20,1000,Online
Foot Locker,12-06-2021,Midwest,South Dakota,Men'S Athletic Footwear,39,7,273,Online
Foot Locker,13-09-2021,Midwest,South Dakota,Men'S Athletic Footwear,39,8,312,Online
Foot Locker,12-04-2021,Midwest,South Dakota,Men'S Athletic Footwear,39,4,156,Online
Foot Locker,11-03-2021,Midwest,South Dakota,Men'S Athletic Footwear,37,5,185,Online
Foot Locker,12-10-2021,Midwest,South Dakota,Men'S Athletic Footwear,41,8,328,Online
Foot Locker,12-08-2021,Midwest,South Dakota,Men'S Athletic Footwear,42,8,336,Online
Foot Locker,11-07-2021,Midwest,South Dakota,Men'S Athletic Footwear,44,8,352,Online
Foot Locker,13-05-2021,Midwest,South Dakota,Men'S Athletic Footwear,45,6,270,Online
Foot Locker,18-07-2021,Midwest,Illinois,Men'S Street Footwear,47,14,658,Online
Foot Locker,06-06-2021,Midwest,Illinois,Men'S Street Footwear,44,16,704,Online
Foot Locker,12-07-2021,Midwest,Illinois,Men'S Street Footwear,49,15,735,Online
Foot Locker,06-07-2021,Midwest,Illinois,Men'S Street Footwear,47,16,752,Online
Foot Locker,18-06-2021,Midwest,Illinois,Men'S Street Footwear,48,12,576,Online
Foot Locker,30-07-2021,Midwest,Illinois,Men'S Street Footwear,55,11,605,Online
Foot Locker,24-06-2021,Midwest,Illinois,Men'S Street Footwear,58,13,754,Online
Foot Locker,30-06-2021,Midwest,Illinois,Men'S Street Footwear,46,14,644,Online
Foot Locker,12-06-2021,Midwest,Illinois,Men'S Street Footwear,47,14,658,Online
Foot Locker,24-07-2021,Midwest,Illinois,Men'S Street Footwear,56,12,672,Online
Foot Locker,05-08-2021,Midwest,Illinois,Men'S Street Footwear,57,15,855,Online
Foot Locker,05-03-2021,Midwest,Iowa,Men'S Street Footwear,19,14,266,Online
Foot Locker,07-09-2021,Midwest,Iowa,Men'S Street Footwear,34,13,442,Online
Foot Locker,06-10-2021,Midwest,Iowa,Men'S Street Footwear,43,11,473,Online
Foot Locker,06-06-2021,Midwest,Iowa,Men'S Street Footwear,32,14,448,Online
Foot Locker,06-08-2021,Midwest,Iowa,Men'S Street Footwear,49,13,637,Online
Foot Locker,07-05-2021,Midwest,Iowa,Men'S Street Footwear,57,15,855,Online
Foot Locker,05-07-2021,Midwest,Iowa,Men'S Street Footwear,49,14,686,Online
Foot Locker,06-04-2021,Midwest,Iowa,Men'S Street Footwear,20,12,240,Online
Foot Locker,12-01-2021,Midwest,Kansas,Men'S Street Footwear,40,48,1920,Online
Foot Locker,12-02-2021,Midwest,Kansas,Men'S Street Footwear,40,53,2120,Online
Foot Locker,12-01-2021,Midwest,Kansas,Men'S Street Footwear,38,14,532,Online
Foot Locker,12-02-2021,Midwest,Kansas,Men'S Street Footwear,37,16,592,Online
Foot Locker,18-01-2021,Midwest,Michigan,Men'S Street Footwear,27,16,432,Online
Foot Locker,18-02-2021,Midwest,Michigan,Men'S Street Footwear,29,18,522,Online
Foot Locker,23-10-2020,Midwest,Minnesota,Men'S Street Footwear,32,14,448,Online
Foot Locker,04-11-2020,Midwest,Minnesota,Men'S Street Footwear,36,12,432,Online
Foot Locker,10-12-2020,Midwest,Minnesota,Men'S Street Footwear,41,10,410,Online
Foot Locker,16-12-2020,Midwest,Minnesota,Men'S Street Footwear,46,9,414,Online
Foot Locker,28-11-2020,Midwest,Minnesota,Men'S Street Footwear,47,14,658,Online
Foot Locker,10-11-2020,Midwest,Minnesota,Men'S Street Footwear,48,12,576,Online
Foot Locker,22-11-2020,Midwest,Minnesota,Men'S Street Footwear,49,16,784,Online
Foot Locker,04-12-2020,Midwest,Minnesota,Men'S Street Footwear,43,11,473,Online
Foot Locker,16-11-2020,Midwest,Minnesota,Men'S Street Footwear,44,11,484,Online
Foot Locker,29-10-2020,Midwest,Minnesota,Men'S Street Footwear,39,12,468,Online
Foot Locker,22-12-2020,Midwest,Minnesota,Men'S Street Footwear,50,12,600,Online
Foot Locker,19-09-2021,Midwest,Missouri,Men'S Street Footwear,32,17,544,Online
Foot Locker,18-08-2021,Midwest,Missouri,Men'S Street Footwear,38,20,760,Online
Foot Locker,18-10-2021,Midwest,Missouri,Men'S Street Footwear,34,13,442,Online
Foot Locker,18-11-2021,Midwest,Missouri,Men'S Street Footwear,34,15,510,Online
Foot Locker,17-03-2021,Midwest,Missouri,Men'S Street Footwear,34,19,646,Online
Foot Locker,19-05-2021,Midwest,Missouri,Men'S Street Footwear,39,18,702,Online
Foot Locker,18-04-2021,Midwest,Missouri,Men'S Street Footwear,33,14,462,Online
Foot Locker,17-12-2021,Midwest,Missouri,Men'S Street Footwear,41,16,656,Online
Foot Locker,18-06-2021,Midwest,Missouri,Men'S Street Footwear,32,17,544,Online
Foot Locker,17-07-2021,Midwest,Missouri,Men'S Street Footwear,36,20,720,Online
Foot Locker,26-07-2021,Midwest,Nebraska,Men'S Street Footwear,49,12,588,Online
Foot Locker,26-06-2021,Midwest,Nebraska,Men'S Street Footwear,43,17,731,Online
Foot Locker,20-06-2021,Midwest,Nebraska,Men'S Street Footwear,36,12,432,Online
Foot Locker,08-06-2021,Midwest,Nebraska,Men'S Street Footwear,38,11,418,Online
Foot Locker,02-07-2021,Midwest,Nebraska,Men'S Street Footwear,41,15,615,Online
Foot Locker,27-05-2021,Midwest,Nebraska,Men'S Street Footwear,32,12,384,Online
Foot Locker,14-07-2021,Midwest,Nebraska,Men'S Street Footwear,36,9,324,Online
Foot Locker,20-07-2021,Midwest,Nebraska,Men'S Street Footwear,37,8,296,Online
Foot Locker,08-07-2021,Midwest,Nebraska,Men'S Street Footwear,38,11,418,Online
Foot Locker,02-06-2021,Midwest,Nebraska,Men'S Street Footwear,38,12,456,Online
Foot Locker,14-06-2021,Midwest,Nebraska,Men'S Street Footwear,44,12,528,Online
Foot Locker,06-02-2021,Midwest,North Dakota,Men'S Street Footwear,28,15,420,Online
Foot Locker,06-01-2021,Midwest,North Dakota,Men'S Street Footwear,27,11,297,Online
Foot Locker,08-12-2021,Midwest,North Dakota,Men'S Street Footwear,55,15,825,Online
Foot Locker,09-11-2021,Midwest,North Dakota,Men'S Street Footwear,49,12,588,Online
Foot Locker,12-04-2021,Midwest,South Dakota,Men'S Street Footwear,40,45,1800,Online
Foot Locker,11-03-2021,Midwest,South Dakota,Men'S Street Footwear,40,50,2000,Online
Foot Locker,13-09-2021,Midwest,South Dakota,Men'S Street Footwear,45,48,2160,Online
Foot Locker,12-06-2021,Midwest,South Dakota,Men'S Street Footwear,45,50,2250,Online
Foot Locker,12-08-2021,Midwest,South Dakota,Men'S Street Footwear,50,53,2650,Online
Foot Locker,11-07-2021,Midwest,South Dakota,Men'S Street Footwear,50,55,2750,Online
Foot Locker,12-10-2021,Midwest,South Dakota,Men'S Street Footwear,55,40,2200,Online
Foot Locker,13-05-2021,Midwest,South Dakota,Men'S Street Footwear,60,50,3000,Online
Foot Locker,13-09-2021,Midwest,South Dakota,Men'S Street Footwear,42,14,588,Online
Foot Locker,12-04-2021,Midwest,South Dakota,Men'S Street Footwear,38,11,418,Online
Foot Locker,12-06-2021,Midwest,South Dakota,Men'S Street Footwear,41,14,574,Online
Foot Locker,11-07-2021,Midwest,South Dakota,Men'S Street Footwear,47,15,705,Online
Foot Locker,12-10-2021,Midwest,South Dakota,Men'S Street Footwear,54,10,540,Online
Foot Locker,13-05-2021,Midwest,South Dakota,Men'S Street Footwear,58,14,812,Online
Foot Locker,12-08-2021,Midwest,South Dakota,Men'S Street Footwear,49,13,637,Online
Foot Locker,11-03-2021,Midwest,South Dakota,Men'S Street Footwear,39,12,468,Online
Foot Locker,05-06-2021,Midwest,Illinois,Women'S Apparel,41,7,287,Online
Foot Locker,23-06-2021,Midwest,Illinois,Women'S Apparel,49,7,343,Online
Foot Locker,29-07-2021,Midwest,Illinois,Women'S Apparel,60,7,420,Online
Foot Locker,04-08-2021,Midwest,Illinois,Women'S Apparel,61,7,427,Online
Foot Locker,29-06-2021,Midwest,Illinois,Women'S Apparel,64,6,384,Online
Foot Locker,11-07-2021,Midwest,Illinois,Women'S Apparel,54,12,648,Online
Foot Locker,17-06-2021,Midwest,Illinois,Women'S Apparel,45,6,270,Online
Foot Locker,05-07-2021,Midwest,Illinois,Women'S Apparel,51,11,561,Online
Foot Locker,10-08-2021,Midwest,Illinois,Women'S Apparel,64,8,512,Online
Foot Locker,23-07-2021,Midwest,Illinois,Women'S Apparel,53,7,371,Online
Foot Locker,11-06-2021,Midwest,Illinois,Women'S Apparel,43,8,344,Online
Foot Locker,17-07-2021,Midwest,Illinois,Women'S Apparel,50,9,450,Online
Foot Locker,07-09-2021,Midwest,Iowa,Women'S Apparel,36,6,216,Online
Foot Locker,05-07-2021,Midwest,Iowa,Women'S Apparel,51,9,459,Online
Foot Locker,06-04-2021,Midwest,Iowa,Women'S Apparel,46,6,276,Online
Foot Locker,07-05-2021,Midwest,Iowa,Women'S Apparel,46,7,322,Online
Foot Locker,05-03-2021,Midwest,Iowa,Women'S Apparel,20,7,140,Online
Foot Locker,06-06-2021,Midwest,Iowa,Women'S Apparel,51,9,459,Online
Foot Locker,06-02-2021,Midwest,Iowa,Women'S Apparel,14,7,98,Online
Foot Locker,06-08-2021,Midwest,Iowa,Women'S Apparel,53,10,530,Online
Foot Locker,12-01-2021,Midwest,Kansas,Women'S Apparel,40,28,1120,Online
Foot Locker,12-01-2021,Midwest,Kansas,Women'S Apparel,37,7,259,Online
Foot Locker,18-01-2021,Midwest,Michigan,Women'S Apparel,29,12,348,Online
Foot Locker,15-12-2021,Midwest,Michigan,Women'S Apparel,59,16,944,Online
Foot Locker,28-10-2020,Midwest,Minnesota,Women'S Apparel,34,7,238,Online
Foot Locker,03-11-2020,Midwest,Minnesota,Women'S Apparel,38,5,190,Online
Foot Locker,27-11-2020,Midwest,Minnesota,Women'S Apparel,54,10,540,Online
Foot Locker,22-10-2020,Midwest,Minnesota,Women'S Apparel,32,7,224,Online
Foot Locker,21-11-2020,Midwest,Minnesota,Women'S Apparel,53,8,424,Online
Foot Locker,09-12-2020,Midwest,Minnesota,Women'S Apparel,39,5,195,Online
Foot Locker,03-12-2020,Midwest,Minnesota,Women'S Apparel,46,9,414,Online
Foot Locker,27-12-2020,Midwest,Minnesota,Women'S Apparel,54,8,432,Online
Foot Locker,15-11-2020,Midwest,Minnesota,Women'S Apparel,58,5,290,Online
Foot Locker,09-11-2020,Midwest,Minnesota,Women'S Apparel,36,5,180,Online
Foot Locker,15-12-2020,Midwest,Minnesota,Women'S Apparel,49,6,294,Online
Foot Locker,21-12-2020,Midwest,Minnesota,Women'S Apparel,59,6,354,Online
Foot Locker,19-05-2021,Midwest,Missouri,Women'S Apparel,45,11,495,Online
Foot Locker,18-04-2021,Midwest,Missouri,Women'S Apparel,28,11,308,Online
Foot Locker,17-07-2021,Midwest,Missouri,Women'S Apparel,41,16,656,Online
Foot Locker,18-02-2021,Midwest,Missouri,Women'S Apparel,28,12,336,Online
Foot Locker,18-11-2021,Midwest,Missouri,Women'S Apparel,48,11,528,Online
Foot Locker,19-09-2021,Midwest,Missouri,Women'S Apparel,28,10,280,Online
Foot Locker,18-10-2021,Midwest,Missouri,Women'S Apparel,38,9,342,Online
Foot Locker,17-03-2021,Midwest,Missouri,Women'S Apparel,34,10,340,Online
Foot Locker,18-08-2021,Midwest,Missouri,Women'S Apparel,36,13,468,Online
Foot Locker,18-06-2021,Midwest,Missouri,Women'S Apparel,42,14,588,Online
Foot Locker,07-07-2021,Midwest,Nebraska,Women'S Apparel,44,7,308,Online
Foot Locker,26-05-2021,Midwest,Nebraska,Women'S Apparel,32,7,224,Online
Foot Locker,07-06-2021,Midwest,Nebraska,Women'S Apparel,37,4,148,Online
Foot Locker,01-06-2021,Midwest,Nebraska,Women'S Apparel,32,6,192,Online
Foot Locker,13-06-2021,Midwest,Nebraska,Women'S Apparel,34,4,136,Online
Foot Locker,13-07-2021,Midwest,Nebraska,Women'S Apparel,34,4,136,Online
Foot Locker,25-06-2021,Midwest,Nebraska,Women'S Apparel,49,9,441,Online
Foot Locker,19-06-2021,Midwest,Nebraska,Women'S Apparel,51,4,204,Online
Foot Locker,25-07-2021,Midwest,Nebraska,Women'S Apparel,53,6,318,Online
Foot Locker,31-07-2021,Midwest,Nebraska,Women'S Apparel,54,7,378,Online
Foot Locker,19-07-2021,Midwest,Nebraska,Women'S Apparel,44,4,176,Online
Foot Locker,01-07-2021,Midwest,Nebraska,Women'S Apparel,49,9,441,Online
Foot Locker,09-11-2021,Midwest,North Dakota,Women'S Apparel,60,7,420,Online
Foot Locker,06-01-2021,Midwest,North Dakota,Women'S Apparel,28,8,224,Online
Foot Locker,09-10-2021,Midwest,North Dakota,Women'S Apparel,53,7,371,Online
Foot Locker,08-12-2021,Midwest,North Dakota,Women'S Apparel,63,8,504,Online
Foot Locker,12-02-2021,Midwest,South Dakota,Women'S Apparel,35,28,980,Online
Foot Locker,11-03-2021,Midwest,South Dakota,Women'S Apparel,40,23,920,Online
Foot Locker,12-04-2021,Midwest,South Dakota,Women'S Apparel,50,23,1150,Online
Foot Locker,13-09-2021,Midwest,South Dakota,Women'S Apparel,50,23,1150,Online
Foot Locker,12-06-2021,Midwest,South Dakota,Women'S Apparel,55,33,1815,Online
Foot Locker,12-08-2021,Midwest,South Dakota,Women'S Apparel,55,35,1925,Online
Foot Locker,11-07-2021,Midwest,South Dakota,Women'S Apparel,55,38,2090,Online
Foot Locker,13-05-2021,Midwest,South Dakota,Women'S Apparel,60,25,1500,Online
Foot Locker,13-09-2021,Midwest,South Dakota,Women'S Apparel,46,7,322,Online
Foot Locker,12-08-2021,Midwest,South Dakota,Women'S Apparel,53,9,477,Online
Foot Locker,13-05-2021,Midwest,South Dakota,Women'S Apparel,58,7,406,Online
Foot Locker,11-03-2021,Midwest,South Dakota,Women'S Apparel,37,6,222,Online
Foot Locker,12-04-2021,Midwest,South Dakota,Women'S Apparel,48,6,288,Online
Foot Locker,12-06-2021,Midwest,South Dakota,Women'S Apparel,50,9,450,Online
Foot Locker,11-07-2021,Midwest,South Dakota,Women'S Apparel,53,9,477,Online
Foot Locker,12-02-2021,Midwest,South Dakota,Women'S Apparel,32,8,256,Online
Foot Locker,15-07-2021,Midwest,Illinois,Women'S Athletic Footwear,37,6,222,Online
Foot Locker,21-06-2021,Midwest,Illinois,Women'S Athletic Footwear,44,2,88,Online
Foot Locker,27-07-2021,Midwest,Illinois,Women'S Athletic Footwear,47,3,141,Online
Foot Locker,21-07-2021,Midwest,Illinois,Women'S Athletic Footwear,36,4,144,Online
Foot Locker,03-07-2021,Midwest,Illinois,Women'S Athletic Footwear,38,5,190,Online
Foot Locker,09-06-2021,Midwest,Illinois,Women'S Athletic Footwear,39,3,117,Online
Foot Locker,15-06-2021,Midwest,Illinois,Women'S Athletic Footwear,41,2,82,Online
Foot Locker,02-08-2021,Midwest,Illinois,Women'S Athletic Footwear,46,5,230,Online
Foot Locker,27-06-2021,Midwest,Illinois,Women'S Athletic Footwear,48,3,144,Online
Foot Locker,08-08-2021,Midwest,Illinois,Women'S Athletic Footwear,49,5,245,Online
Foot Locker,09-07-2021,Midwest,Illinois,Women'S Athletic Footwear,39,5,195,Online
Foot Locker,05-07-2021,Midwest,Iowa,Women'S Athletic Footwear,37,5,185,Online
Foot Locker,06-08-2021,Midwest,Iowa,Women'S Athletic Footwear,37,5,185,Online
Foot Locker,05-03-2021,Midwest,Iowa,Women'S Athletic Footwear,14,3,42,Online
Foot Locker,06-10-2021,Midwest,Iowa,Women'S Athletic Footwear,34,3,102,Online
Foot Locker,06-06-2021,Midwest,Iowa,Women'S Athletic Footwear,24,4,96,Online
Foot Locker,06-02-2021,Midwest,Iowa,Women'S Athletic Footwear,25,2,50,Online
Foot Locker,07-05-2021,Midwest,Iowa,Women'S Athletic Footwear,33,3,99,Online
Foot Locker,06-04-2021,Midwest,Iowa,Women'S Athletic Footwear,15,3,45,Online
Foot Locker,07-09-2021,Midwest,Iowa,Women'S Athletic Footwear,23,4,92,Online
Foot Locker,12-01-2021,Midwest,Kansas,Women'S Athletic Footwear,35,13,455,Online
Foot Locker,12-01-2021,Midwest,Kansas,Women'S Athletic Footwear,34,4,136,Online
Foot Locker,15-12-2021,Midwest,Michigan,Women'S Athletic Footwear,48,14,672,Online
Foot Locker,18-01-2021,Midwest,Michigan,Women'S Athletic Footwear,24,8,192,Online
Foot Locker,07-12-2020,Midwest,Minnesota,Women'S Athletic Footwear,24,3,72,Online
Foot Locker,13-12-2020,Midwest,Minnesota,Women'S Athletic Footwear,32,2,64,Online
Foot Locker,26-10-2020,Midwest,Minnesota,Women'S Athletic Footwear,27,2,54,Online
Foot Locker,19-11-2020,Midwest,Minnesota,Women'S Athletic Footwear,32,5,160,Online
Foot Locker,25-11-2020,Midwest,Minnesota,Women'S Athletic Footwear,38,5,190,Online
Foot Locker,01-12-2020,Midwest,Minnesota,Women'S Athletic Footwear,33,5,165,Online
Foot Locker,13-11-2020,Midwest,Minnesota,Women'S Athletic Footwear,36,1,36,Online
Foot Locker,19-12-2020,Midwest,Minnesota,Women'S Athletic Footwear,38,5,190,Online
Foot Locker,25-12-2020,Midwest,Minnesota,Women'S Athletic Footwear,44,5,220,Online
Foot Locker,01-11-2020,Midwest,Minnesota,Women'S Athletic Footwear,32,1,32,Online
Foot Locker,07-11-2020,Midwest,Minnesota,Women'S Athletic Footwear,32,1,32,Online
Foot Locker,18-10-2021,Midwest,Missouri,Women'S Athletic Footwear,23,6,138,Online
Foot Locker,18-06-2021,Midwest,Missouri,Women'S Athletic Footwear,23,9,207,Online
Foot Locker,17-03-2021,Midwest,Missouri,Women'S Athletic Footwear,28,5,140,Online
Foot Locker,18-04-2021,Midwest,Missouri,Women'S Athletic Footwear,23,5,115,Online
Foot Locker,18-11-2021,Midwest,Missouri,Women'S Athletic Footwear,23,9,207,Online
Foot Locker,18-02-2021,Midwest,Missouri,Women'S Athletic Footwear,24,7,168,Online
Foot Locker,19-09-2021,Midwest,Missouri,Women'S Athletic Footwear,14,8,112,Online
Foot Locker,17-07-2021,Midwest,Missouri,Women'S Athletic Footwear,29,10,290,Online
Foot Locker,18-08-2021,Midwest,Missouri,Women'S Athletic Footwear,24,9,216,Online
Foot Locker,19-05-2021,Midwest,Missouri,Women'S Athletic Footwear,29,7,203,Online
Foot Locker,30-05-2021,Midwest,Nebraska,Women'S Athletic Footwear,29,1,29,Online
Foot Locker,05-07-2021,Midwest,Nebraska,Women'S Athletic Footwear,29,4,116,Online
Foot Locker,11-07-2021,Midwest,Nebraska,Women'S Athletic Footwear,19,2,38,Online
Foot Locker,29-06-2021,Midwest,Nebraska,Women'S Athletic Footwear,33,5,165,Online
Foot Locker,11-06-2021,Midwest,Nebraska,Women'S Athletic Footwear,27,0,0,Online
Foot Locker,17-07-2021,Midwest,Nebraska,Women'S Athletic Footwear,29,1,29,Online
Foot Locker,17-06-2021,Midwest,Nebraska,Women'S Athletic Footwear,34,1,34,Online
Foot Locker,23-06-2021,Midwest,Nebraska,Women'S Athletic Footwear,27,4,108,Online
Foot Locker,23-07-2021,Midwest,Nebraska,Women'S Athletic Footwear,27,4,108,Online
Foot Locker,05-06-2021,Midwest,Nebraska,Women'S Athletic Footwear,33,0,0,Online
Foot Locker,29-07-2021,Midwest,Nebraska,Women'S Athletic Footwear,38,4,152,Online
Foot Locker,08-12-2021,Midwest,North Dakota,Women'S Athletic Footwear,47,5,235,Online
Foot Locker,09-11-2021,Midwest,North Dakota,Women'S Athletic Footwear,39,5,195,Online
Foot Locker,06-01-2021,Midwest,North Dakota,Women'S Athletic Footwear,24,3,72,Online
Foot Locker,11-03-2021,Midwest,South Dakota,Women'S Athletic Footwear,35,8,280,Online
Foot Locker,12-04-2021,Midwest,South Dakota,Women'S Athletic Footwear,35,8,280,Online
Foot Locker,12-02-2021,Midwest,South Dakota,Women'S Athletic Footwear,35,10,350,Online
Foot Locker,13-09-2021,Midwest,South Dakota,Women'S Athletic Footwear,35,15,525,Online
Foot Locker,12-06-2021,Midwest,South Dakota,Women'S Athletic Footwear,35,18,630,Online
Foot Locker,11-07-2021,Midwest,South Dakota,Women'S Athletic Footwear,40,18,720,Online
Foot Locker,12-08-2021,Midwest,South Dakota,Women'S Athletic Footwear,40,20,800,Online
Foot Locker,13-05-2021,Midwest,South Dakota,Women'S Athletic Footwear,45,10,450,Online
Foot Locker,12-10-2021,Midwest,South Dakota,Women'S Athletic Footwear,45,13,585,Online
Foot Locker,13-09-2021,Midwest,South Dakota,Women'S Athletic Footwear,34,4,136,Online
Foot Locker,12-04-2021,Midwest,South Dakota,Women'S Athletic Footwear,34,2,68,Online
Foot Locker,11-07-2021,Midwest,South Dakota,Women'S Athletic Footwear,38,4,152,Online
Foot Locker,12-08-2021,Midwest,South Dakota,Women'S Athletic Footwear,38,6,228,Online
Foot Locker,11-03-2021,Midwest,South Dakota,Women'S Athletic Footwear,33,2,66,Online
Foot Locker,12-02-2021,Midwest,South Dakota,Women'S Athletic Footwear,33,3,99,Online
Foot Locker,12-06-2021,Midwest,South Dakota,Women'S Athletic Footwear,32,5,160,Online
Foot Locker,13-05-2021,Midwest,South Dakota,Women'S Athletic Footwear,43,3,129,Online
Foot Locker,12-10-2021,Midwest,South Dakota,Women'S Athletic Footwear,43,4,172,Online
Foot Locker,08-07-2021,Midwest,Illinois,Women'S Street Footwear,36,7,252,Online
Foot Locker,14-06-2021,Midwest,Illinois,Women'S Street Footwear,37,7,259,Online
Foot Locker,02-07-2021,Midwest,Illinois,Women'S Street Footwear,39,5,195,Online
Foot Locker,26-07-2021,Midwest,Illinois,Women'S Street Footwear,48,4,192,Online
Foot Locker,08-06-2021,Midwest,Illinois,Women'S Street Footwear,32,6,192,Online
Foot Locker,26-06-2021,Midwest,Illinois,Women'S Street Footwear,49,4,196,Online
Foot Locker,20-07-2021,Midwest,Illinois,Women'S Street Footwear,36,6,216,Online
Foot Locker,01-08-2021,Midwest,Illinois,Women'S Street Footwear,48,5,240,Online
Foot Locker,20-06-2021,Midwest,Illinois,Women'S Street Footwear,36,4,144,Online
Foot Locker,14-07-2021,Midwest,Illinois,Women'S Street Footwear,38,8,304,Online
Foot Locker,07-08-2021,Midwest,Illinois,Women'S Street Footwear,46,8,368,Online
Foot Locker,05-03-2021,Midwest,Iowa,Women'S Street Footwear,9,7,63,Online
Foot Locker,07-09-2021,Midwest,Iowa,Women'S Street Footwear,24,5,120,Online
Foot Locker,07-05-2021,Midwest,Iowa,Women'S Street Footwear,33,5,165,Online
Foot Locker,06-10-2021,Midwest,Iowa,Women'S Street Footwear,34,4,136,Online
Foot Locker,06-08-2021,Midwest,Iowa,Women'S Street Footwear,39,6,234,Online
Foot Locker,06-04-2021,Midwest,Iowa,Women'S Street Footwear,10,5,50,Online
Foot Locker,05-07-2021,Midwest,Iowa,Women'S Street Footwear,36,7,252,Online
Foot Locker,06-06-2021,Midwest,Iowa,Women'S Street Footwear,23,5,115,Online
Foot Locker,12-02-2021,Midwest,Kansas,Women'S Street Footwear,30,23,690,Online
Foot Locker,12-01-2021,Midwest,Kansas,Women'S Street Footwear,30,28,840,Online
Foot Locker,12-02-2021,Midwest,Kansas,Women'S Street Footwear,29,6,174,Online
Foot Locker,12-01-2021,Midwest,Kansas,Women'S Street Footwear,27,8,216,Online
Foot Locker,18-02-2021,Midwest,Michigan,Women'S Street Footwear,19,11,209,Online
Foot Locker,18-01-2021,Midwest,Michigan,Women'S Street Footwear,19,12,228,Online
Foot Locker,15-12-2021,Midwest,Michigan,Women'S Street Footwear,48,17,816,Online
Foot Locker,06-12-2020,Midwest,Minnesota,Women'S Street Footwear,24,4,96,Online
Foot Locker,18-12-2020,Midwest,Minnesota,Women'S Street Footwear,36,4,144,Online
Foot Locker,30-11-2020,Midwest,Minnesota,Women'S Street Footwear,37,7,259,Online
Foot Locker,24-12-2020,Midwest,Minnesota,Women'S Street Footwear,44,6,264,Online
Foot Locker,25-10-2020,Midwest,Minnesota,Women'S Street Footwear,25,6,150,Online
Foot Locker,12-12-2020,Midwest,Minnesota,Women'S Street Footwear,32,3,96,Online
Foot Locker,24-11-2020,Midwest,Minnesota,Women'S Street Footwear,36,6,216,Online
Foot Locker,06-11-2020,Midwest,Minnesota,Women'S Street Footwear,29,3,87,Online
Foot Locker,12-11-2020,Midwest,Minnesota,Women'S Street Footwear,37,4,148,Online
Foot Locker,31-10-2020,Midwest,Minnesota,Women'S Street Footwear,29,5,145,Online
Foot Locker,18-11-2020,Midwest,Minnesota,Women'S Street Footwear,33,5,165,Online
Foot Locker,17-03-2021,Midwest,Missouri,Women'S Street Footwear,23,10,230,Online
Foot Locker,19-05-2021,Midwest,Missouri,Women'S Street Footwear,29,9,261,Online
Foot Locker,17-07-2021,Midwest,Missouri,Women'S Street Footwear,29,13,377,Online
Foot Locker,18-08-2021,Midwest,Missouri,Women'S Street Footwear,32,12,384,Online
Foot Locker,18-10-2021,Midwest,Missouri,Women'S Street Footwear,23,7,161,Online
Foot Locker,19-09-2021,Midwest,Missouri,Women'S Street Footwear,14,8,112,Online
Foot Locker,18-04-2021,Midwest,Missouri,Women'S Street Footwear,18,8,144,Online
Foot Locker,18-11-2021,Midwest,Missouri,Women'S Street Footwear,23,8,184,Online
Foot Locker,18-06-2021,Midwest,Missouri,Women'S Street Footwear,23,11,253,Online
Foot Locker,10-06-2021,Midwest,Nebraska,Women'S Street Footwear,23,2,46,Online
Foot Locker,22-06-2021,Midwest,Nebraska,Women'S Street Footwear,27,5,135,Online
Foot Locker,28-06-2021,Midwest,Nebraska,Women'S Street Footwear,34,6,204,Online
Foot Locker,22-07-2021,Midwest,Nebraska,Women'S Street Footwear,29,3,87,Online
Foot Locker,10-07-2021,Midwest,Nebraska,Women'S Street Footwear,18,3,54,Online
Foot Locker,16-06-2021,Midwest,Nebraska,Women'S Street Footwear,32,3,96,Online
Foot Locker,04-07-2021,Midwest,Nebraska,Women'S Street Footwear,36,5,180,Online
Foot Locker,28-07-2021,Midwest,Nebraska,Women'S Street Footwear,39,6,234,Online
Foot Locker,29-05-2021,Midwest,Nebraska,Women'S Street Footwear,23,5,115,Online
Foot Locker,16-07-2021,Midwest,Nebraska,Women'S Street Footwear,29,1,29,Online
Foot Locker,04-06-2021,Midwest,Nebraska,Women'S Street Footwear,29,4,116,Online
Foot Locker,06-02-2021,Midwest,North Dakota,Women'S Street Footwear,19,6,114,Online
Foot Locker,09-11-2021,Midwest,North Dakota,Women'S Street Footwear,39,5,195,Online
Foot Locker,06-01-2021,Midwest,North Dakota,Women'S Street Footwear,19,7,133,Online
Foot Locker,08-12-2021,Midwest,North Dakota,Women'S Street Footwear,48,7,336,Online
Foot Locker,12-04-2021,Midwest,South Dakota,Women'S Street Footwear,30,15,450,Online
Foot Locker,11-03-2021,Midwest,South Dakota,Women'S Street Footwear,30,23,690,Online
Foot Locker,13-09-2021,Midwest,South Dakota,Women'S Street Footwear,35,18,630,Online
Foot Locker,12-06-2021,Midwest,South Dakota,Women'S Street Footwear,35,20,700,Online
Foot Locker,11-07-2021,Midwest,South Dakota,Women'S Street Footwear,40,23,920,Online
Foot Locker,12-08-2021,Midwest,South Dakota,Women'S Street Footwear,40,23,920,Online
Foot Locker,12-10-2021,Midwest,South Dakota,Women'S Street Footwear,45,15,675,Online
Foot Locker,13-05-2021,Midwest,South Dakota,Women'S Street Footwear,45,18,810,Online
Foot Locker,12-04-2021,Midwest,South Dakota,Women'S Street Footwear,29,5,145,Online
Foot Locker,13-09-2021,Midwest,South Dakota,Women'S Street Footwear,32,5,160,Online
Foot Locker,12-08-2021,Midwest,South Dakota,Women'S Street Footwear,36,7,252,Online
Foot Locker,12-10-2021,Midwest,South Dakota,Women'S Street Footwear,43,4,172,Online
Foot Locker,11-03-2021,Midwest,South Dakota,Women'S Street Footwear,27,6,162,Online
Foot Locker,11-07-2021,Midwest,South Dakota,Women'S Street Footwear,37,6,222,Online
Foot Locker,13-05-2021,Midwest,South Dakota,Women'S Street Footwear,43,5,215,Online
Foot Locker,12-06-2021,Midwest,South Dakota,Women'S Street Footwear,32,5,160,Online
Sports Direct,15-09-2021,Midwest,Michigan,Men'S Apparel,41,13,533,Online
Sports Direct,16-04-2021,Midwest,Michigan,Men'S Apparel,45,12,540,Online
Sports Direct,15-07-2021,Midwest,Michigan,Men'S Apparel,54,14,756,Online
Sports Direct,15-03-2021,Midwest,Michigan,Men'S Apparel,43,9,387,Online
Sports Direct,16-08-2021,Midwest,Michigan,Men'S Apparel,42,14,588,Online
Sports Direct,15-05-2021,Midwest,Michigan,Men'S Apparel,52,12,624,Online
Sports Direct,17-02-2021,Midwest,Michigan,Men'S Apparel,41,13,533,Online
Sports Direct,17-10-2021,Midwest,Michigan,Men'S Apparel,48,11,528,Online
Sports Direct,17-06-2021,Midwest,Michigan,Men'S Apparel,57,15,855,Online
Sports Direct,16-11-2021,Midwest,Michigan,Men'S Apparel,59,13,767,Online
Sports Direct,08-03-2021,Midwest,North Dakota,Men'S Apparel,40,13,520,Online
Sports Direct,09-02-2021,Midwest,North Dakota,Men'S Apparel,45,18,810,Online
Sports Direct,09-06-2021,Midwest,North Dakota,Men'S Apparel,38,5,190,Online
Sports Direct,09-08-2021,Midwest,North Dakota,Men'S Apparel,46,4,184,Online
Sports Direct,08-07-2021,Midwest,North Dakota,Men'S Apparel,49,6,294,Online
Sports Direct,09-10-2021,Midwest,North Dakota,Men'S Apparel,45,3,135,Online
Sports Direct,10-05-2021,Midwest,North Dakota,Men'S Apparel,46,3,138,Online
Sports Direct,09-04-2021,Midwest,North Dakota,Men'S Apparel,58,3,174,Online
Sports Direct,10-09-2021,Midwest,North Dakota,Men'S Apparel,36,4,144,Online
Sports Direct,09-02-2021,Midwest,North Dakota,Men'S Apparel,42,5,210,Online
Sports Direct,08-03-2021,Midwest,North Dakota,Men'S Apparel,36,4,144,Online
Sports Direct,09-01-2021,Midwest,South Dakota,Men'S Apparel,45,18,810,Online
Sports Direct,12-11-2021,Midwest,South Dakota,Men'S Apparel,60,15,900,Online
Sports Direct,11-12-2021,Midwest,South Dakota,Men'S Apparel,60,20,1200,Online
Sports Direct,11-12-2021,Midwest,South Dakota,Men'S Apparel,56,5,280,Online
Sports Direct,12-11-2021,Midwest,South Dakota,Men'S Apparel,59,5,295,Online
Sports Direct,09-01-2021,Midwest,South Dakota,Men'S Apparel,43,5,215,Online
Sports Direct,16-08-2021,Midwest,Michigan,Men'S Athletic Footwear,50,20,1000,Online
Sports Direct,17-10-2021,Midwest,Michigan,Men'S Athletic Footwear,37,17,629,Online
Sports Direct,15-09-2021,Midwest,Michigan,Men'S Athletic Footwear,37,17,629,Online
Sports Direct,15-07-2021,Midwest,Michigan,Men'S Athletic Footwear,53,19,1007,Online
Sports Direct,16-04-2021,Midwest,Michigan,Men'S Athletic Footwear,38,11,418,Online
Sports Direct,15-12-2021,Midwest,Michigan,Men'S Athletic Footwear,46,18,828,Online
Sports Direct,15-03-2021,Midwest,Michigan,Men'S Athletic Footwear,32,13,416,Online
Sports Direct,17-06-2021,Midwest,Michigan,Men'S Athletic Footwear,46,17,782,Online
Sports Direct,16-11-2021,Midwest,Michigan,Men'S Athletic Footwear,42,15,630,Online
Sports Direct,15-05-2021,Midwest,Michigan,Men'S Athletic Footwear,47,15,705,Online
Sports Direct,09-04-2021,Midwest,North Dakota,Men'S Athletic Footwear,30,15,450,Online
Sports Direct,08-03-2021,Midwest,North Dakota,Men'S Athletic Footwear,30,20,600,Online
Sports Direct,09-08-2021,Midwest,North Dakota,Men'S Athletic Footwear,42,9,378,Online
Sports Direct,09-10-2021,Midwest,North Dakota,Men'S Athletic Footwear,36,7,252,Online
Sports Direct,08-03-2021,Midwest,North Dakota,Men'S Athletic Footwear,27,6,162,Online
Sports Direct,09-04-2021,Midwest,North Dakota,Men'S Athletic Footwear,28,4,112,Online
Sports Direct,09-06-2021,Midwest,North Dakota,Men'S Athletic Footwear,32,7,224,Online
Sports Direct,10-09-2021,Midwest,North Dakota,Men'S Athletic Footwear,34,7,238,Online
Sports Direct,08-07-2021,Midwest,North Dakota,Men'S Athletic Footwear,44,8,352,Online
Sports Direct,10-05-2021,Midwest,North Dakota,Men'S Athletic Footwear,41,5,205,Online
Sports Direct,09-02-2021,Midwest,South Dakota,Men'S Athletic Footwear,35,18,630,Online
Sports Direct,09-01-2021,Midwest,South Dakota,Men'S Athletic Footwear,35,28,980,Online
Sports Direct,12-11-2021,Midwest,South Dakota,Men'S Athletic Footwear,45,25,1125,Online
Sports Direct,11-12-2021,Midwest,South Dakota,Men'S Athletic Footwear,50,30,1500,Online
Sports Direct,12-11-2021,Midwest,South Dakota,Men'S Athletic Footwear,41,6,246,Online
Sports Direct,09-02-2021,Midwest,South Dakota,Men'S Athletic Footwear,34,5,170,Online
Sports Direct,11-12-2021,Midwest,South Dakota,Men'S Athletic Footwear,45,8,360,Online
Sports Direct,09-01-2021,Midwest,South Dakota,Men'S Athletic Footwear,32,7,224,Online
Sports Direct,16-04-2021,Midwest,Michigan,Men'S Street Footwear,32,18,576,Online
Sports Direct,15-07-2021,Midwest,Michigan,Men'S Street Footwear,57,23,1311,Online
Sports Direct,15-03-2021,Midwest,Michigan,Men'S Street Footwear,34,22,748,Online
Sports Direct,15-05-2021,Midwest,Michigan,Men'S Street Footwear,48,21,1008,Online
Sports Direct,17-10-2021,Midwest,Michigan,Men'S Street Footwear,49,23,1127,Online
Sports Direct,15-12-2021,Midwest,Michigan,Men'S Street Footwear,55,26,1430,Online
Sports Direct,17-06-2021,Midwest,Michigan,Men'S Street Footwear,52,21,1092,Online
Sports Direct,15-09-2021,Midwest,Michigan,Men'S Street Footwear,42,23,966,Online
Sports Direct,16-11-2021,Midwest,Michigan,Men'S Street Footwear,49,20,980,Online
Sports Direct,16-08-2021,Midwest,Michigan,Men'S Street Footwear,55,26,1430,Online
Sports Direct,09-04-2021,Midwest,North Dakota,Men'S Street Footwear,30,45,1350,Online
Sports Direct,08-03-2021,Midwest,North Dakota,Men'S Street Footwear,30,50,1500,Online
Sports Direct,09-06-2021,Midwest,North Dakota,Men'S Street Footwear,36,13,468,Online
Sports Direct,08-03-2021,Midwest,North Dakota,Men'S Street Footwear,29,13,377,Online
Sports Direct,09-10-2021,Midwest,North Dakota,Men'S Street Footwear,49,12,588,Online
Sports Direct,10-05-2021,Midwest,North Dakota,Men'S Street Footwear,55,13,715,Online
Sports Direct,09-04-2021,Midwest,North Dakota,Men'S Street Footwear,28,11,308,Online
Sports Direct,09-08-2021,Midwest,North Dakota,Men'S Street Footwear,46,15,690,Online
Sports Direct,08-07-2021,Midwest,North Dakota,Men'S Street Footwear,48,16,768,Online
Sports Direct,10-09-2021,Midwest,North Dakota,Men'S Street Footwear,36,13,468,Online
Sports Direct,09-01-2021,Midwest,South Dakota,Men'S Street Footwear,35,48,1680,Online
Sports Direct,09-02-2021,Midwest,South Dakota,Men'S Street Footwear,35,53,1855,Online
Sports Direct,12-11-2021,Midwest,South Dakota,Men'S Street Footwear,55,40,2200,Online
Sports Direct,11-12-2021,Midwest,South Dakota,Men'S Street Footwear,60,50,3000,Online
Sports Direct,09-01-2021,Midwest,South Dakota,Men'S Street Footwear,33,13,429,Online
Sports Direct,09-02-2021,Midwest,South Dakota,Men'S Street Footwear,34,15,510,Online
Sports Direct,11-12-2021,Midwest,South Dakota,Men'S Street Footwear,58,14,812,Online
Sports Direct,12-11-2021,Midwest,South Dakota,Men'S Street Footwear,53,10,530,Online
Sports Direct,15-09-2021,Midwest,Michigan,Women'S Apparel,48,17,816,Online
Sports Direct,17-06-2021,Midwest,Michigan,Women'S Apparel,60,17,1020,Online
Sports Direct,17-02-2021,Midwest,Michigan,Women'S Apparel,33,14,462,Online
Sports Direct,16-08-2021,Midwest,Michigan,Women'S Apparel,45,18,810,Online
Sports Direct,15-03-2021,Midwest,Michigan,Women'S Apparel,33,14,462,Online
Sports Direct,16-04-2021,Midwest,Michigan,Women'S Apparel,37,15,555,Online
Sports Direct,16-11-2021,Midwest,Michigan,Women'S Apparel,59,17,1003,Online
Sports Direct,15-07-2021,Midwest,Michigan,Women'S Apparel,62,21,1302,Online
Sports Direct,17-10-2021,Midwest,Michigan,Women'S Apparel,52,14,728,Online
Sports Direct,15-05-2021,Midwest,Michigan,Women'S Apparel,55,15,825,Online
Sports Direct,09-02-2021,Midwest,North Dakota,Women'S Apparel,25,28,700,Online
Sports Direct,08-03-2021,Midwest,North Dakota,Women'S Apparel,30,23,690,Online
Sports Direct,09-02-2021,Midwest,North Dakota,Women'S Apparel,23,7,161,Online
Sports Direct,10-05-2021,Midwest,North Dakota,Women'S Apparel,52,8,416,Online
Sports Direct,08-03-2021,Midwest,North Dakota,Women'S Apparel,28,6,168,Online
Sports Direct,09-04-2021,Midwest,North Dakota,Women'S Apparel,49,7,343,Online
Sports Direct,09-08-2021,Midwest,North Dakota,Women'S Apparel,54,10,540,Online
Sports Direct,09-06-2021,Midwest,North Dakota,Women'S Apparel,51,9,459,Online
Sports Direct,08-07-2021,Midwest,North Dakota,Women'S Apparel,54,10,540,Online
Sports Direct,10-09-2021,Midwest,North Dakota,Women'S Apparel,44,6,264,Online
Sports Direct,09-01-2021,Midwest,South Dakota,Women'S Apparel,35,28,980,Online
Sports Direct,12-10-2021,Midwest,South Dakota,Women'S Apparel,60,25,1500,Online
Sports Direct,12-11-2021,Midwest,South Dakota,Women'S Apparel,65,25,1625,Online
Sports Direct,11-12-2021,Midwest,South Dakota,Women'S Apparel,65,30,1950,Online
Sports Direct,12-11-2021,Midwest,South Dakota,Women'S Apparel,61,7,427,Online
Sports Direct,09-01-2021,Midwest,South Dakota,Women'S Apparel,33,7,231,Online
Sports Direct,11-12-2021,Midwest,South Dakota,Women'S Apparel,64,8,512,Online
Sports Direct,12-10-2021,Midwest,South Dakota,Women'S Apparel,55,7,385,Online
Sports Direct,15-09-2021,Midwest,Michigan,Women'S Athletic Footwear,34,12,408,Online
Sports Direct,16-08-2021,Midwest,Michigan,Women'S Athletic Footwear,34,14,476,Online
Sports Direct,15-07-2021,Midwest,Michigan,Women'S Athletic Footwear,47,16,752,Online
Sports Direct,16-04-2021,Midwest,Michigan,Women'S Athletic Footwear,32,11,352,Online
Sports Direct,15-03-2021,Midwest,Michigan,Women'S Athletic Footwear,29,9,261,Online
Sports Direct,17-06-2021,Midwest,Michigan,Women'S Athletic Footwear,43,16,688,Online
Sports Direct,17-02-2021,Midwest,Michigan,Women'S Athletic Footwear,28,11,308,Online
Sports Direct,16-11-2021,Midwest,Michigan,Women'S Athletic Footwear,41,14,574,Online
Sports Direct,17-10-2021,Midwest,Michigan,Women'S Athletic Footwear,38,12,456,Online
Sports Direct,15-05-2021,Midwest,Michigan,Women'S Athletic Footwear,42,13,546,Online
Sports Direct,08-03-2021,Midwest,North Dakota,Women'S Athletic Footwear,25,8,200,Online
Sports Direct,09-04-2021,Midwest,North Dakota,Women'S Athletic Footwear,25,8,200,Online
Sports Direct,09-02-2021,Midwest,North Dakota,Women'S Athletic Footwear,30,10,300,Online
Sports Direct,09-10-2021,Midwest,North Dakota,Women'S Athletic Footwear,38,3,114,Online
Sports Direct,10-09-2021,Midwest,North Dakota,Women'S Athletic Footwear,28,4,112,Online
Sports Direct,09-08-2021,Midwest,North Dakota,Women'S Athletic Footwear,38,5,190,Online
Sports Direct,08-03-2021,Midwest,North Dakota,Women'S Athletic Footwear,25,2,50,Online
Sports Direct,09-06-2021,Midwest,North Dakota,Women'S Athletic Footwear,29,5,145,Online
Sports Direct,09-04-2021,Midwest,North Dakota,Women'S Athletic Footwear,24,2,48,Online
Sports Direct,08-07-2021,Midwest,North Dakota,Women'S Athletic Footwear,38,5,190,Online
Sports Direct,10-05-2021,Midwest,North Dakota,Women'S Athletic Footwear,36,3,108,Online
Sports Direct,09-02-2021,Midwest,North Dakota,Women'S Athletic Footwear,29,3,87,Online
Sports Direct,09-01-2021,Midwest,South Dakota,Women'S Athletic Footwear,30,13,390,Online
Sports Direct,12-11-2021,Midwest,South Dakota,Women'S Athletic Footwear,45,18,810,Online
Sports Direct,11-12-2021,Midwest,South Dakota,Women'S Athletic Footwear,50,20,1000,Online
Sports Direct,12-11-2021,Midwest,South Dakota,Women'S Athletic Footwear,43,4,172,Online
Sports Direct,09-01-2021,Midwest,South Dakota,Women'S Athletic Footwear,28,3,84,Online
Sports Direct,11-12-2021,Midwest,South Dakota,Women'S Athletic Footwear,45,5,225,Online
Sports Direct,15-03-2021,Midwest,Michigan,Women'S Street Footwear,25,12,300,Online
Sports Direct,15-05-2021,Midwest,Michigan,Women'S Street Footwear,44,13,572,Online
Sports Direct,16-04-2021,Midwest,Michigan,Women'S Street Footwear,27,14,378,Online
Sports Direct,15-09-2021,Midwest,Michigan,Women'S Street Footwear,34,15,510,Online
Sports Direct,16-08-2021,Midwest,Michigan,Women'S Street Footwear,42,14,588,Online
Sports Direct,17-06-2021,Midwest,Michigan,Women'S Street Footwear,41,14,574,Online
Sports Direct,17-10-2021,Midwest,Michigan,Women'S Street Footwear,37,12,444,Online
Sports Direct,16-11-2021,Midwest,Michigan,Women'S Street Footwear,43,12,516,Online
Sports Direct,15-07-2021,Midwest,Michigan,Women'S Street Footwear,46,17,782,Online
Sports Direct,09-04-2021,Midwest,North Dakota,Women'S Street Footwear,20,15,300,Online
Sports Direct,08-03-2021,Midwest,North Dakota,Women'S Street Footwear,20,23,460,Online
Sports Direct,09-06-2021,Midwest,North Dakota,Women'S Street Footwear,27,6,162,Online
Sports Direct,08-07-2021,Midwest,North Dakota,Women'S Street Footwear,37,6,222,Online
Sports Direct,09-08-2021,Midwest,North Dakota,Women'S Street Footwear,37,6,222,Online
Sports Direct,09-04-2021,Midwest,North Dakota,Women'S Street Footwear,19,4,76,Online
Sports Direct,08-03-2021,Midwest,North Dakota,Women'S Street Footwear,19,6,114,Online
Sports Direct,10-05-2021,Midwest,North Dakota,Women'S Street Footwear,37,5,185,Online
Sports Direct,10-09-2021,Midwest,North Dakota,Women'S Street Footwear,27,5,135,Online
Sports Direct,09-10-2021,Midwest,North Dakota,Women'S Street Footwear,39,4,156,Online
Sports Direct,09-02-2021,Midwest,South Dakota,Women'S Street Footwear,25,23,575,Online
Sports Direct,09-01-2021,Midwest,South Dakota,Women'S Street Footwear,25,28,700,Online
Sports Direct,12-11-2021,Midwest,South Dakota,Women'S Street Footwear,45,20,900,Online
Sports Direct,11-12-2021,Midwest,South Dakota,Women'S Street Footwear,50,25,1250,Online
Sports Direct,09-01-2021,Midwest,South Dakota,Women'S Street Footwear,25,7,175,Online
Sports Direct,09-02-2021,Midwest,South Dakota,Women'S Street Footwear,24,7,168,Online
Sports Direct,11-12-2021,Midwest,South Dakota,Women'S Street Footwear,45,7,315,Online
Sports Direct,12-11-2021,Midwest,South Dakota,Women'S Street Footwear,43,6,258,Online
West Gear,11-09-2021,Midwest,Indiana,Men'S Apparel,33,4,132,Online
West Gear,10-11-2021,Midwest,Indiana,Men'S Apparel,55,8,440,Online
West Gear,09-07-2021,Midwest,Indiana,Men'S Apparel,51,5,255,Online
West Gear,09-03-2021,Midwest,Indiana,Men'S Apparel,32,4,128,Online
West Gear,09-12-2021,Midwest,Indiana,Men'S Apparel,54,8,432,Online
West Gear,10-10-2021,Midwest,Indiana,Men'S Apparel,41,4,164,Online
West Gear,10-02-2021,Midwest,Indiana,Men'S Apparel,41,6,246,Online
West Gear,10-04-2021,Midwest,Indiana,Men'S Apparel,61,5,305,Online
West Gear,10-06-2021,Midwest,Indiana,Men'S Apparel,36,5,180,Online
West Gear,11-05-2021,Midwest,Indiana,Men'S Apparel,44,6,264,Online
West Gear,10-08-2021,Midwest,Indiana,Men'S Apparel,47,5,235,Online
West Gear,17-01-2021,Midwest,Indiana,Men'S Apparel,41,5,205,Online
West Gear,06-11-2021,Midwest,Iowa,Men'S Apparel,55,5,275,Online
West Gear,05-12-2021,Midwest,Iowa,Men'S Apparel,59,6,354,Online
West Gear,03-01-2021,Midwest,Iowa,Men'S Apparel,38,5,190,Online
West Gear,11-01-2021,Midwest,Missouri,Men'S Apparel,33,10,330,Online
West Gear,17-12-2021,Midwest,Missouri,Men'S Apparel,42,9,378,Online
West Gear,09-12-2021,Midwest,Ohio,Men'S Apparel,75,53,3975,Online
West Gear,09-12-2021,Midwest,Ohio,Men'S Apparel,68,14,952,Online
West Gear,10-01-2021,Midwest,Wisconsin,Men'S Apparel,41,6,246,Online
West Gear,03-06-2021,Midwest,Wisconsin,Men'S Apparel,34,5,170,Online
West Gear,02-12-2021,Midwest,Wisconsin,Men'S Apparel,57,7,399,Online
West Gear,02-03-2021,Midwest,Wisconsin,Men'S Apparel,29,3,87,Online
West Gear,03-02-2021,Midwest,Wisconsin,Men'S Apparel,38,4,152,Online
West Gear,04-05-2021,Midwest,Wisconsin,Men'S Apparel,44,5,220,Online
West Gear,02-07-2021,Midwest,Wisconsin,Men'S Apparel,48,5,240,Online
West Gear,03-04-2021,Midwest,Wisconsin,Men'S Apparel,55,3,165,Online
West Gear,03-11-2021,Midwest,Wisconsin,Men'S Apparel,58,6,348,Online
West Gear,03-10-2021,Midwest,Wisconsin,Men'S Apparel,44,3,132,Online
West Gear,04-09-2021,Midwest,Wisconsin,Men'S Apparel,33,3,99,Online
West Gear,03-08-2021,Midwest,Wisconsin,Men'S Apparel,48,5,240,Online
West Gear,11-09-2021,Midwest,Indiana,Men'S Athletic Footwear,29,7,203,Online
West Gear,09-07-2021,Midwest,Indiana,Men'S Athletic Footwear,49,8,392,Online
West Gear,10-04-2021,Midwest,Indiana,Men'S Athletic Footwear,23,5,115,Online
West Gear,10-06-2021,Midwest,Indiana,Men'S Athletic Footwear,32,9,288,Online
West Gear,10-08-2021,Midwest,Indiana,Men'S Athletic Footwear,41,9,369,Online
West Gear,09-03-2021,Midwest,Indiana,Men'S Athletic Footwear,23,6,138,Online
West Gear,10-10-2021,Midwest,Indiana,Men'S Athletic Footwear,32,7,224,Online
West Gear,17-01-2021,Midwest,Indiana,Men'S Athletic Footwear,32,8,256,Online
West Gear,10-11-2021,Midwest,Indiana,Men'S Athletic Footwear,33,10,330,Online
West Gear,11-05-2021,Midwest,Indiana,Men'S Athletic Footwear,37,7,259,Online
West Gear,17-02-2021,Midwest,Indiana,Men'S Athletic Footwear,38,5,190,Online
West Gear,09-12-2021,Midwest,Indiana,Men'S Athletic Footwear,49,11,539,Online
West Gear,03-01-2021,Midwest,Iowa,Men'S Athletic Footwear,29,7,203,Online
West Gear,05-12-2021,Midwest,Iowa,Men'S Athletic Footwear,47,9,423,Online
West Gear,03-02-2021,Midwest,Iowa,Men'S Athletic Footwear,29,4,116,Online
West Gear,06-11-2021,Midwest,Iowa,Men'S Athletic Footwear,32,7,224,Online
West Gear,11-01-2021,Midwest,Missouri,Men'S Athletic Footwear,23,13,299,Online
West Gear,11-02-2021,Midwest,Missouri,Men'S Athletic Footwear,24,10,240,Online
West Gear,04-09-2021,Midwest,Wisconsin,Men'S Athletic Footwear,29,7,203,Online
West Gear,03-04-2021,Midwest,Wisconsin,Men'S Athletic Footwear,20,4,80,Online
West Gear,03-11-2021,Midwest,Wisconsin,Men'S Athletic Footwear,32,8,256,Online
West Gear,03-08-2021,Midwest,Wisconsin,Men'S Athletic Footwear,43,8,344,Online
West Gear,02-12-2021,Midwest,Wisconsin,Men'S Athletic Footwear,49,10,490,Online
West Gear,03-10-2021,Midwest,Wisconsin,Men'S Athletic Footwear,33,7,231,Online
West Gear,03-06-2021,Midwest,Wisconsin,Men'S Athletic Footwear,27,9,243,Online
West Gear,04-05-2021,Midwest,Wisconsin,Men'S Athletic Footwear,39,5,195,Online
West Gear,02-07-2021,Midwest,Wisconsin,Men'S Athletic Footwear,42,9,378,Online
West Gear,02-03-2021,Midwest,Wisconsin,Men'S Athletic Footwear,19,4,76,Online
West Gear,10-01-2021,Midwest,Wisconsin,Men'S Athletic Footwear,32,8,256,Online
West Gear,10-02-2021,Midwest,Wisconsin,Men'S Athletic Footwear,34,5,170,Online
West Gear,11-05-2021,Midwest,Indiana,Men'S Street Footwear,54,16,864,Online
West Gear,09-03-2021,Midwest,Indiana,Men'S Street Footwear,23,15,345,Online
West Gear,10-11-2021,Midwest,Indiana,Men'S Street Footwear,41,12,492,Online
West Gear,09-12-2021,Midwest,Indiana,Men'S Street Footwear,58,15,870,Online
West Gear,17-01-2021,Midwest,Indiana,Men'S Street Footwear,32,13,416,Online
West Gear,10-10-2021,Midwest,Indiana,Men'S Street Footwear,41,12,492,Online
West Gear,09-07-2021,Midwest,Indiana,Men'S Street Footwear,51,15,765,Online
West Gear,11-09-2021,Midwest,Indiana,Men'S Street Footwear,33,13,429,Online
West Gear,17-02-2021,Midwest,Indiana,Men'S Street Footwear,33,15,495,Online
West Gear,10-04-2021,Midwest,Indiana,Men'S Street Footwear,23,13,299,Online
West Gear,10-06-2021,Midwest,Indiana,Men'S Street Footwear,36,16,576,Online
West Gear,10-08-2021,Midwest,Indiana,Men'S Street Footwear,47,15,705,Online
West Gear,03-02-2021,Midwest,Iowa,Men'S Street Footwear,29,14,406,Online
West Gear,05-12-2021,Midwest,Iowa,Men'S Street Footwear,54,15,810,Online
West Gear,06-11-2021,Midwest,Iowa,Men'S Street Footwear,41,11,451,Online
West Gear,03-01-2021,Midwest,Iowa,Men'S Street Footwear,28,13,364,Online
West Gear,11-02-2021,Midwest,Missouri,Men'S Street Footwear,25,22,550,Online
West Gear,11-01-2021,Midwest,Missouri,Men'S Street Footwear,23,20,460,Online
West Gear,03-04-2021,Midwest,Wisconsin,Men'S Street Footwear,18,12,216,Online
West Gear,02-03-2021,Midwest,Wisconsin,Men'S Street Footwear,19,14,266,Online
West Gear,04-09-2021,Midwest,Wisconsin,Men'S Street Footwear,33,14,462,Online
West Gear,04-05-2021,Midwest,Wisconsin,Men'S Street Footwear,58,13,754,Online
West Gear,02-12-2021,Midwest,Wisconsin,Men'S Street Footwear,58,14,812,Online
West Gear,03-10-2021,Midwest,Wisconsin,Men'S Street Footwear,43,11,473,Online
West Gear,02-07-2021,Midwest,Wisconsin,Men'S Street Footwear,45,15,675,Online
West Gear,03-08-2021,Midwest,Wisconsin,Men'S Street Footwear,46,16,736,Online
West Gear,03-11-2021,Midwest,Wisconsin,Men'S Street Footwear,41,10,410,Online
West Gear,03-06-2021,Midwest,Wisconsin,Men'S Street Footwear,32,16,512,Online
West Gear,10-01-2021,Midwest,Wisconsin,Men'S Street Footwear,32,14,448,Online
West Gear,10-02-2021,Midwest,Wisconsin,Men'S Street Footwear,34,16,544,Online
West Gear,17-01-2021,Midwest,Indiana,Women'S Apparel,34,8,272,Online
West Gear,09-12-2021,Midwest,Indiana,Women'S Apparel,62,12,744,Online
West Gear,10-02-2021,Midwest,Indiana,Women'S Apparel,19,8,152,Online
West Gear,09-07-2021,Midwest,Indiana,Women'S Apparel,54,10,540,Online
West Gear,10-06-2021,Midwest,Indiana,Women'S Apparel,56,9,504,Online
West Gear,09-03-2021,Midwest,Indiana,Women'S Apparel,24,7,168,Online
West Gear,11-09-2021,Midwest,Indiana,Women'S Apparel,36,7,252,Online
West Gear,11-05-2021,Midwest,Indiana,Women'S Apparel,53,9,477,Online
West Gear,10-10-2021,Midwest,Indiana,Women'S Apparel,48,8,384,Online
West Gear,10-08-2021,Midwest,Indiana,Women'S Apparel,54,9,486,Online
West Gear,10-11-2021,Midwest,Indiana,Women'S Apparel,61,9,549,Online
West Gear,10-04-2021,Midwest,Indiana,Women'S Apparel,47,7,329,Online
West Gear,06-11-2021,Midwest,Iowa,Women'S Apparel,59,7,413,Online
West Gear,06-10-2021,Midwest,Iowa,Women'S Apparel,49,7,343,Online
West Gear,03-01-2021,Midwest,Iowa,Women'S Apparel,28,7,196,Online
West Gear,05-12-2021,Midwest,Iowa,Women'S Apparel,59,9,531,Online
West Gear,17-12-2021,Midwest,Missouri,Women'S Apparel,47,13,611,Online
West Gear,11-01-2021,Midwest,Missouri,Women'S Apparel,24,14,336,Online
West Gear,09-12-2021,Midwest,Ohio,Women'S Apparel,80,63,5040,Online
West Gear,09-12-2021,Midwest,Ohio,Women'S Apparel,74,16,1184,Online
West Gear,10-01-2021,Midwest,Wisconsin,Women'S Apparel,32,8,256,Online
West Gear,04-09-2021,Midwest,Wisconsin,Women'S Apparel,38,5,190,Online
West Gear,03-02-2021,Midwest,Wisconsin,Women'S Apparel,14,7,98,Online
West Gear,03-10-2021,Midwest,Wisconsin,Women'S Apparel,46,7,322,Online
West Gear,04-05-2021,Midwest,Wisconsin,Women'S Apparel,47,9,423,Online
West Gear,03-08-2021,Midwest,Wisconsin,Women'S Apparel,52,10,520,Online
West Gear,03-11-2021,Midwest,Wisconsin,Women'S Apparel,61,8,488,Online
West Gear,02-12-2021,Midwest,Wisconsin,Women'S Apparel,59,9,531,Online
West Gear,02-03-2021,Midwest,Wisconsin,Women'S Apparel,18,6,108,Online
West Gear,02-07-2021,Midwest,Wisconsin,Women'S Apparel,52,9,468,Online
West Gear,03-04-2021,Midwest,Wisconsin,Women'S Apparel,49,6,294,Online
West Gear,03-06-2021,Midwest,Wisconsin,Women'S Apparel,51,10,510,Online
West Gear,09-03-2021,Midwest,Indiana,Women'S Athletic Footwear,19,3,57,Online
West Gear,10-10-2021,Midwest,Indiana,Women'S Athletic Footwear,33,4,132,Online
West Gear,11-09-2021,Midwest,Indiana,Women'S Athletic Footwear,24,4,96,Online
West Gear,10-02-2021,Midwest,Indiana,Women'S Athletic Footwear,29,4,116,Online
West Gear,10-06-2021,Midwest,Indiana,Women'S Athletic Footwear,29,5,145,Online
West Gear,10-08-2021,Midwest,Indiana,Women'S Athletic Footwear,38,6,228,Online
West Gear,09-07-2021,Midwest,Indiana,Women'S Athletic Footwear,42,5,210,Online
West Gear,10-04-2021,Midwest,Indiana,Women'S Athletic Footwear,19,4,76,Online
West Gear,11-05-2021,Midwest,Indiana,Women'S Athletic Footwear,34,5,170,Online
West Gear,10-11-2021,Midwest,Indiana,Women'S Athletic Footwear,34,8,272,Online
West Gear,09-12-2021,Midwest,Indiana,Women'S Athletic Footwear,45,9,405,Online
West Gear,17-01-2021,Midwest,Indiana,Women'S Athletic Footwear,29,5,145,Online
West Gear,06-11-2021,Midwest,Iowa,Women'S Athletic Footwear,34,5,170,Online
West Gear,05-12-2021,Midwest,Iowa,Women'S Athletic Footwear,49,6,294,Online
West Gear,03-01-2021,Midwest,Iowa,Women'S Athletic Footwear,23,3,69,Online
West Gear,11-01-2021,Midwest,Missouri,Women'S Athletic Footwear,18,9,162,Online
West Gear,17-12-2021,Midwest,Missouri,Women'S Athletic Footwear,34,9,306,Online
West Gear,09-12-2021,Midwest,Ohio,Women'S Athletic Footwear,65,53,3445,Online
West Gear,09-12-2021,Midwest,Ohio,Women'S Athletic Footwear,63,15,945,Online
West Gear,02-03-2021,Midwest,Wisconsin,Women'S Athletic Footwear,14,2,28,Online
West Gear,03-04-2021,Midwest,Wisconsin,Women'S Athletic Footwear,15,2,30,Online
West Gear,03-06-2021,Midwest,Wisconsin,Women'S Athletic Footwear,24,5,120,Online
West Gear,03-10-2021,Midwest,Wisconsin,Women'S Athletic Footwear,32,3,96,Online
West Gear,02-07-2021,Midwest,Wisconsin,Women'S Athletic Footwear,38,5,190,Online
West Gear,03-02-2021,Midwest,Wisconsin,Women'S Athletic Footwear,23,2,46,Online
West Gear,04-05-2021,Midwest,Wisconsin,Women'S Athletic Footwear,32,4,128,Online
West Gear,04-09-2021,Midwest,Wisconsin,Women'S Athletic Footwear,23,3,69,Online
West Gear,03-11-2021,Midwest,Wisconsin,Women'S Athletic Footwear,33,7,231,Online
West Gear,03-08-2021,Midwest,Wisconsin,Women'S Athletic Footwear,39,5,195,Online
West Gear,02-12-2021,Midwest,Wisconsin,Women'S Athletic Footwear,48,7,336,Online
West Gear,10-01-2021,Midwest,Wisconsin,Women'S Athletic Footwear,28,4,112,Online
West Gear,10-06-2021,Midwest,Indiana,Women'S Street Footwear,27,5,135,Online
West Gear,09-07-2021,Midwest,Indiana,Women'S Street Footwear,42,7,294,Online
West Gear,09-12-2021,Midwest,Indiana,Women'S Street Footwear,49,11,539,Online
West Gear,11-09-2021,Midwest,Indiana,Women'S Street Footwear,23,5,115,Online
West Gear,10-10-2021,Midwest,Indiana,Women'S Street Footwear,32,4,128,Online
West Gear,11-05-2021,Midwest,Indiana,Women'S Street Footwear,34,6,204,Online
West Gear,10-08-2021,Midwest,Indiana,Women'S Street Footwear,37,6,222,Online
West Gear,10-11-2021,Midwest,Indiana,Women'S Street Footwear,32,8,256,Online
West Gear,10-04-2021,Midwest,Indiana,Women'S Street Footwear,14,5,70,Online
West Gear,09-03-2021,Midwest,Indiana,Women'S Street Footwear,14,7,98,Online
West Gear,17-02-2021,Midwest,Indiana,Women'S Street Footwear,27,8,216,Online
West Gear,17-01-2021,Midwest,Indiana,Women'S Street Footwear,25,9,225,Online
West Gear,03-01-2021,Midwest,Iowa,Women'S Street Footwear,18,7,126,Online
West Gear,05-12-2021,Midwest,Iowa,Women'S Street Footwear,47,8,376,Online
West Gear,03-02-2021,Midwest,Iowa,Women'S Street Footwear,20,6,120,Online
West Gear,06-11-2021,Midwest,Iowa,Women'S Street Footwear,32,6,192,Online
West Gear,11-02-2021,Midwest,Missouri,Women'S Street Footwear,14,12,168,Online
West Gear,11-01-2021,Midwest,Missouri,Women'S Street Footwear,14,14,196,Online
West Gear,17-12-2021,Midwest,Missouri,Women'S Street Footwear,32,12,384,Online
West Gear,09-12-2021,Midwest,Ohio,Women'S Street Footwear,65,58,3770,Online
West Gear,09-12-2021,Midwest,Ohio,Women'S Street Footwear,59,16,944,Online
West Gear,03-08-2021,Midwest,Wisconsin,Women'S Street Footwear,39,6,234,Online
West Gear,03-11-2021,Midwest,Wisconsin,Women'S Street Footwear,33,7,231,Online
West Gear,03-04-2021,Midwest,Wisconsin,Women'S Street Footwear,9,4,36,Online
West Gear,03-10-2021,Midwest,Wisconsin,Women'S Street Footwear,34,3,102,Online
West Gear,02-07-2021,Midwest,Wisconsin,Women'S Street Footwear,38,6,228,Online
West Gear,02-03-2021,Midwest,Wisconsin,Women'S Street Footwear,9,6,54,Online
West Gear,03-06-2021,Midwest,Wisconsin,Women'S Street Footwear,24,5,120,Online
West Gear,02-12-2021,Midwest,Wisconsin,Women'S Street Footwear,45,9,405,Online
West Gear,04-09-2021,Midwest,Wisconsin,Women'S Street Footwear,24,4,96,Online
West Gear,10-01-2021,Midwest,Wisconsin,Women'S Street Footwear,24,9,216,Online
West Gear,04-05-2021,Midwest,Wisconsin,Women'S Street Footwear,33,5,165,Online
West Gear,10-02-2021,Midwest,Wisconsin,Women'S Street Footwear,24,7,168,Online
Amazon,28-10-2021,Northeast,Maine,Men'S Apparel,49,3,147,Online
Amazon,15-11-2021,Northeast,Maine,Men'S Apparel,50,5,250,Online
Amazon,18-11-2021,Northeast,Maine,Men'S Apparel,60,4,240,Online
Amazon,17-12-2021,Northeast,Maine,Men'S Apparel,60,5,300,Online
Amazon,09-11-2021,Northeast,Maine,Men'S Apparel,51,4,204,Online
Amazon,31-12-2021,Northeast,Maine,Men'S Apparel,52,4,208,Online
Amazon,25-12-2021,Northeast,Maine,Men'S Apparel,54,4,216,Online
Amazon,03-11-2021,Northeast,Maine,Men'S Apparel,47,2,94,Online
Amazon,21-11-2021,Northeast,Maine,Men'S Apparel,53,6,318,Online
Amazon,19-10-2021,Northeast,Maine,Men'S Apparel,61,3,183,Online
Amazon,22-10-2021,Northeast,Maine,Men'S Apparel,46,5,230,Online
Amazon,16-10-2021,Northeast,Maine,Men'S Apparel,47,4,188,Online
Amazon,14-11-2021,Northeast,Massachusetts,Men'S Apparel,63,7,441,Online
Amazon,13-12-2021,Northeast,Massachusetts,Men'S Apparel,62,8,496,Online
Amazon,14-01-2021,Northeast,Massachusetts,Men'S Apparel,52,7,364,Online
Amazon,17-07-2021,Northeast,New Hampshire,Men'S Apparel,60,10,600,Online
Amazon,19-02-2021,Northeast,New Hampshire,Men'S Apparel,56,8,448,Online
Amazon,19-06-2021,Northeast,New Hampshire,Men'S Apparel,60,9,540,Online
Amazon,17-09-2021,Northeast,New Hampshire,Men'S Apparel,64,6,384,Online
Amazon,18-04-2021,Northeast,New Hampshire,Men'S Apparel,57,5,285,Online
Amazon,17-03-2021,Northeast,New Hampshire,Men'S Apparel,58,6,348,Online
Amazon,18-08-2021,Northeast,New Hampshire,Men'S Apparel,59,7,413,Online
Amazon,17-05-2021,Northeast,New Hampshire,Men'S Apparel,63,8,504,Online
Amazon,21-01-2021,Northeast,Vermont,Men'S Apparel,59,6,354,Online
Amazon,11-04-2021,Northeast,Vermont,Men'S Apparel,51,4,204,Online
Amazon,10-07-2021,Northeast,Vermont,Men'S Apparel,54,9,486,Online
Amazon,10-05-2021,Northeast,Vermont,Men'S Apparel,55,7,385,Online
Amazon,10-09-2021,Northeast,Vermont,Men'S Apparel,58,5,290,Online
Amazon,12-10-2021,Northeast,Vermont,Men'S Apparel,66,5,330,Online
Amazon,10-12-2021,Northeast,Vermont,Men'S Apparel,67,8,536,Online
Amazon,10-03-2021,Northeast,Vermont,Men'S Apparel,51,5,255,Online
Amazon,11-08-2021,Northeast,Vermont,Men'S Apparel,57,7,399,Online
Amazon,12-02-2021,Northeast,Vermont,Men'S Apparel,54,6,324,Online
Amazon,12-06-2021,Northeast,Vermont,Men'S Apparel,58,8,464,Online
Amazon,11-11-2021,Northeast,Vermont,Men'S Apparel,67,8,536,Online
Amazon,31-10-2021,Northeast,Maine,Men'S Athletic Footwear,37,4,148,Online
Amazon,19-10-2021,Northeast,Maine,Men'S Athletic Footwear,38,5,190,Online
Amazon,28-12-2021,Northeast,Maine,Men'S Athletic Footwear,46,7,322,Online
Amazon,22-12-2021,Northeast,Maine,Men'S Athletic Footwear,49,9,441,Online
Amazon,18-11-2021,Northeast,Maine,Men'S Athletic Footwear,46,8,368,Online
Amazon,25-10-2021,Northeast,Maine,Men'S Athletic Footwear,39,5,195,Online
Amazon,12-11-2021,Northeast,Maine,Men'S Athletic Footwear,48,8,384,Online
Amazon,19-10-2021,Northeast,Maine,Men'S Athletic Footwear,54,6,324,Online
Amazon,06-11-2021,Northeast,Maine,Men'S Athletic Footwear,48,6,288,Online
Amazon,18-11-2021,Northeast,Maine,Men'S Athletic Footwear,52,5,260,Online
Amazon,17-12-2021,Northeast,Maine,Men'S Athletic Footwear,53,7,371,Online
Amazon,13-12-2021,Northeast,Massachusetts,Men'S Athletic Footwear,53,11,583,Online
Amazon,14-11-2021,Northeast,Massachusetts,Men'S Athletic Footwear,52,9,468,Online
Amazon,14-01-2021,Northeast,Massachusetts,Men'S Athletic Footwear,42,9,378,Online
Amazon,12-02-2021,Northeast,Massachusetts,Men'S Athletic Footwear,44,6,264,Online
Amazon,17-07-2021,Northeast,New Hampshire,Men'S Athletic Footwear,55,13,715,Online
Amazon,17-03-2021,Northeast,New Hampshire,Men'S Athletic Footwear,49,7,343,Online
Amazon,19-06-2021,Northeast,New Hampshire,Men'S Athletic Footwear,56,12,672,Online
Amazon,17-09-2021,Northeast,New Hampshire,Men'S Athletic Footwear,54,10,540,Online
Amazon,17-05-2021,Northeast,New Hampshire,Men'S Athletic Footwear,54,9,486,Online
Amazon,18-08-2021,Northeast,New Hampshire,Men'S Athletic Footwear,58,14,812,Online
Amazon,18-04-2021,Northeast,New Hampshire,Men'S Athletic Footwear,49,7,343,Online
Amazon,19-02-2021,Northeast,Vermont,Men'S Athletic Footwear,45,8,360,Online
Amazon,21-01-2021,Northeast,Vermont,Men'S Athletic Footwear,45,9,405,Online
Amazon,10-12-2021,Northeast,Vermont,Men'S Athletic Footwear,55,10,550,Online
Amazon,10-07-2021,Northeast,Vermont,Men'S Athletic Footwear,51,12,612,Online
Amazon,10-05-2021,Northeast,Vermont,Men'S Athletic Footwear,54,8,432,Online
Amazon,10-03-2021,Northeast,Vermont,Men'S Athletic Footwear,42,7,294,Online
Amazon,11-04-2021,Northeast,Vermont,Men'S Athletic Footwear,43,6,258,Online
Amazon,11-08-2021,Northeast,Vermont,Men'S Athletic Footwear,53,11,583,Online
Amazon,12-06-2021,Northeast,Vermont,Men'S Athletic Footwear,53,12,636,Online
Amazon,12-10-2021,Northeast,Vermont,Men'S Athletic Footwear,54,8,432,Online
Amazon,10-09-2021,Northeast,Vermont,Men'S Athletic Footwear,50,9,450,Online
Amazon,05-11-2021,Northeast,Maine,Men'S Street Footwear,52,14,728,Online
Amazon,21-12-2021,Northeast,Maine,Men'S Street Footwear,50,15,750,Online
Amazon,11-11-2021,Northeast,Maine,Men'S Street Footwear,54,16,864,Online
Amazon,30-10-2021,Northeast,Maine,Men'S Street Footwear,37,12,444,Online
Amazon,27-12-2021,Northeast,Maine,Men'S Street Footwear,53,12,636,Online
Amazon,17-12-2021,Northeast,Maine,Men'S Street Footwear,62,14,868,Online
Amazon,18-10-2021,Northeast,Maine,Men'S Street Footwear,38,14,532,Online
Amazon,24-10-2021,Northeast,Maine,Men'S Street Footwear,39,13,507,Online
Amazon,17-11-2021,Northeast,Maine,Men'S Street Footwear,51,14,714,Online
Amazon,18-11-2021,Northeast,Maine,Men'S Street Footwear,62,10,620,Online
Amazon,19-10-2021,Northeast,Maine,Men'S Street Footwear,55,12,660,Online
Amazon,13-12-2021,Northeast,Massachusetts,Men'S Street Footwear,64,15,960,Online
Amazon,14-11-2021,Northeast,Massachusetts,Men'S Street Footwear,62,11,682,Online
Amazon,14-01-2021,Northeast,Massachusetts,Men'S Street Footwear,44,15,660,Online
Amazon,12-02-2021,Northeast,Massachusetts,Men'S Street Footwear,41,17,697,Online
Amazon,17-03-2021,Northeast,New Hampshire,Men'S Street Footwear,49,17,833,Online
Amazon,18-08-2021,Northeast,New Hampshire,Men'S Street Footwear,60,20,1200,Online
Amazon,17-09-2021,Northeast,New Hampshire,Men'S Street Footwear,59,15,885,Online
Amazon,18-04-2021,Northeast,New Hampshire,Men'S Street Footwear,48,15,720,Online
Amazon,19-06-2021,Northeast,New Hampshire,Men'S Street Footwear,59,17,1003,Online
Amazon,17-05-2021,Northeast,New Hampshire,Men'S Street Footwear,64,17,1088,Online
Amazon,17-07-2021,Northeast,New Hampshire,Men'S Street Footwear,64,20,1280,Online
Amazon,19-02-2021,Northeast,Vermont,Men'S Street Footwear,49,18,882,Online
Amazon,21-01-2021,Northeast,Vermont,Men'S Street Footwear,49,13,637,Online
Amazon,11-04-2021,Northeast,Vermont,Men'S Street Footwear,41,14,574,Online
Amazon,10-07-2021,Northeast,Vermont,Men'S Street Footwear,54,18,972,Online
Amazon,10-05-2021,Northeast,Vermont,Men'S Street Footwear,55,15,825,Online
Amazon,10-09-2021,Northeast,Vermont,Men'S Street Footwear,56,14,784,Online
Amazon,12-06-2021,Northeast,Vermont,Men'S Street Footwear,58,16,928,Online
Amazon,10-03-2021,Northeast,Vermont,Men'S Street Footwear,44,14,616,Online
Amazon,11-08-2021,Northeast,Vermont,Men'S Street Footwear,58,18,1044,Online
Amazon,12-10-2021,Northeast,Vermont,Men'S Street Footwear,62,13,806,Online
Amazon,10-12-2021,Northeast,Vermont,Men'S Street Footwear,64,17,1088,Online
Amazon,23-10-2021,Northeast,Maine,Women'S Apparel,37,6,222,Online
Amazon,04-11-2021,Northeast,Maine,Women'S Apparel,39,6,234,Online
Amazon,16-11-2021,Northeast,Maine,Women'S Apparel,56,9,504,Online
Amazon,17-10-2021,Northeast,Maine,Women'S Apparel,38,7,266,Online
Amazon,17-09-2021,Northeast,Maine,Women'S Apparel,57,6,342,Online
Amazon,10-11-2021,Northeast,Maine,Women'S Apparel,56,7,392,Online
Amazon,19-10-2021,Northeast,Maine,Women'S Apparel,68,6,408,Online
Amazon,17-12-2021,Northeast,Maine,Women'S Apparel,69,8,552,Online
Amazon,26-12-2021,Northeast,Maine,Women'S Apparel,54,9,486,Online
Amazon,20-12-2021,Northeast,Maine,Women'S Apparel,58,11,638,Online
Amazon,18-11-2021,Northeast,Maine,Women'S Apparel,67,6,402,Online
Amazon,29-10-2021,Northeast,Maine,Women'S Apparel,36,5,180,Online
Amazon,13-12-2021,Northeast,Massachusetts,Women'S Apparel,65,11,715,Online
Amazon,15-10-2021,Northeast,Massachusetts,Women'S Apparel,66,7,462,Online
Amazon,14-11-2021,Northeast,Massachusetts,Women'S Apparel,64,10,640,Online
Amazon,14-01-2021,Northeast,Massachusetts,Women'S Apparel,44,10,440,Online
Amazon,18-04-2021,Northeast,New Hampshire,Women'S Apparel,46,10,460,Online
Amazon,17-05-2021,Northeast,New Hampshire,Women'S Apparel,65,12,780,Online
Amazon,17-09-2021,Northeast,New Hampshire,Women'S Apparel,68,10,680,Online
Amazon,17-03-2021,Northeast,New Hampshire,Women'S Apparel,45,8,360,Online
Amazon,18-08-2021,Northeast,New Hampshire,Women'S Apparel,64,11,704,Online
Amazon,19-06-2021,Northeast,New Hampshire,Women'S Apparel,66,14,924,Online
Amazon,19-02-2021,Northeast,New Hampshire,Women'S Apparel,46,10,460,Online
Amazon,17-07-2021,Northeast,New Hampshire,Women'S Apparel,64,14,896,Online
Amazon,21-01-2021,Northeast,Vermont,Women'S Apparel,49,9,441,Online
Amazon,11-04-2021,Northeast,Vermont,Women'S Apparel,44,9,396,Online
Amazon,11-08-2021,Northeast,Vermont,Women'S Apparel,61,10,610,Online
Amazon,10-05-2021,Northeast,Vermont,Women'S Apparel,60,12,720,Online
Amazon,10-07-2021,Northeast,Vermont,Women'S Apparel,61,13,793,Online
Amazon,12-06-2021,Northeast,Vermont,Women'S Apparel,62,12,744,Online
Amazon,10-12-2021,Northeast,Vermont,Women'S Apparel,68,11,748,Online
Amazon,11-11-2021,Northeast,Vermont,Women'S Apparel,70,9,630,Online
Amazon,12-02-2021,Northeast,Vermont,Women'S Apparel,43,9,387,Online
Amazon,10-03-2021,Northeast,Vermont,Women'S Apparel,41,8,328,Online
Amazon,10-09-2021,Northeast,Vermont,Women'S Apparel,59,8,472,Online
Amazon,27-10-2021,Northeast,Maine,Women'S Athletic Footwear,32,1,32,Online
Amazon,02-11-2021,Northeast,Maine,Women'S Athletic Footwear,33,2,66,Online
Amazon,08-11-2021,Northeast,Maine,Women'S Athletic Footwear,41,3,123,Online
Amazon,19-10-2021,Northeast,Maine,Women'S Athletic Footwear,50,3,150,Online
Amazon,24-12-2021,Northeast,Maine,Women'S Athletic Footwear,41,5,205,Online
Amazon,20-11-2021,Northeast,Maine,Women'S Athletic Footwear,43,4,172,Online
Amazon,21-10-2021,Northeast,Maine,Women'S Athletic Footwear,34,2,68,Online
Amazon,14-11-2021,Northeast,Maine,Women'S Athletic Footwear,41,5,205,Online
Amazon,17-12-2021,Northeast,Maine,Women'S Athletic Footwear,52,5,260,Online
Amazon,18-11-2021,Northeast,Maine,Women'S Athletic Footwear,54,5,270,Online
Amazon,30-12-2021,Northeast,Maine,Women'S Athletic Footwear,42,4,168,Online
Amazon,13-12-2021,Northeast,Massachusetts,Women'S Athletic Footwear,52,8,416,Online
Amazon,14-11-2021,Northeast,Massachusetts,Women'S Athletic Footwear,51,8,408,Online
Amazon,14-01-2021,Northeast,Massachusetts,Women'S Athletic Footwear,39,4,156,Online
Amazon,17-05-2021,Northeast,New Hampshire,Women'S Athletic Footwear,52,8,416,Online
Amazon,18-04-2021,Northeast,New Hampshire,Women'S Athletic Footwear,44,5,220,Online
Amazon,17-03-2021,Northeast,New Hampshire,Women'S Athletic Footwear,44,4,176,Online
Amazon,18-08-2021,Northeast,New Hampshire,Women'S Athletic Footwear,51,7,357,Online
Amazon,19-06-2021,Northeast,New Hampshire,Women'S Athletic Footwear,52,9,468,Online
Amazon,17-09-2021,Northeast,New Hampshire,Women'S Athletic Footwear,53,6,318,Online
Amazon,19-02-2021,Northeast,New Hampshire,Women'S Athletic Footwear,42,6,252,Online
Amazon,17-07-2021,Northeast,New Hampshire,Women'S Athletic Footwear,53,9,477,Online
Amazon,21-01-2021,Northeast,Vermont,Women'S Athletic Footwear,43,5,215,Online
Amazon,12-06-2021,Northeast,Vermont,Women'S Athletic Footwear,47,9,423,Online
Amazon,10-12-2021,Northeast,Vermont,Women'S Athletic Footwear,56,8,448,Online
Amazon,12-02-2021,Northeast,Vermont,Women'S Athletic Footwear,36,5,180,Online
Amazon,10-05-2021,Northeast,Vermont,Women'S Athletic Footwear,46,7,322,Online
Amazon,11-08-2021,Northeast,Vermont,Women'S Athletic Footwear,49,7,343,Online
Amazon,12-10-2021,Northeast,Vermont,Women'S Athletic Footwear,55,5,275,Online
Amazon,10-03-2021,Northeast,Vermont,Women'S Athletic Footwear,36,4,144,Online
Amazon,10-09-2021,Northeast,Vermont,Women'S Athletic Footwear,45,5,225,Online
Amazon,10-07-2021,Northeast,Vermont,Women'S Athletic Footwear,46,9,414,Online
Amazon,11-04-2021,Northeast,Vermont,Women'S Athletic Footwear,36,4,144,Online
Amazon,11-11-2021,Northeast,Vermont,Women'S Athletic Footwear,55,8,440,Online
Amazon,23-12-2021,Northeast,Maine,Women'S Street Footwear,41,7,287,Online
Amazon,17-12-2021,Northeast,Maine,Women'S Street Footwear,52,7,364,Online
Amazon,13-11-2021,Northeast,Maine,Women'S Street Footwear,42,6,252,Online
Amazon,18-11-2021,Northeast,Maine,Women'S Street Footwear,52,6,312,Online
Amazon,20-10-2021,Northeast,Maine,Women'S Street Footwear,29,6,174,Online
Amazon,01-11-2021,Northeast,Maine,Women'S Street Footwear,27,4,108,Online
Amazon,07-11-2021,Northeast,Maine,Women'S Street Footwear,42,5,210,Online
Amazon,26-10-2021,Northeast,Maine,Women'S Street Footwear,27,5,135,Online
Amazon,29-12-2021,Northeast,Maine,Women'S Street Footwear,41,4,164,Online
Amazon,19-11-2021,Northeast,Maine,Women'S Street Footwear,43,6,258,Online
Amazon,19-10-2021,Northeast,Maine,Women'S Street Footwear,52,3,156,Online
Amazon,14-11-2021,Northeast,Massachusetts,Women'S Street Footwear,50,8,400,Online
Amazon,13-12-2021,Northeast,Massachusetts,Women'S Street Footwear,51,10,510,Online
Amazon,14-01-2021,Northeast,Massachusetts,Women'S Street Footwear,32,9,288,Online
Amazon,12-02-2021,Northeast,Massachusetts,Women'S Street Footwear,33,7,231,Online
Amazon,17-03-2021,Northeast,New Hampshire,Women'S Street Footwear,38,8,304,Online
Amazon,17-07-2021,Northeast,New Hampshire,Women'S Street Footwear,54,11,594,Online
Amazon,17-05-2021,Northeast,New Hampshire,Women'S Street Footwear,51,10,510,Online
Amazon,17-09-2021,Northeast,New Hampshire,Women'S Street Footwear,52,8,416,Online
Amazon,18-04-2021,Northeast,New Hampshire,Women'S Street Footwear,38,7,266,Online
Amazon,19-06-2021,Northeast,New Hampshire,Women'S Street Footwear,53,9,477,Online
Amazon,18-08-2021,Northeast,New Hampshire,Women'S Street Footwear,52,11,572,Online
Amazon,19-02-2021,Northeast,Vermont,Women'S Street Footwear,39,9,351,Online
Amazon,21-01-2021,Northeast,Vermont,Women'S Street Footwear,38,8,304,Online
Amazon,11-08-2021,Northeast,Vermont,Women'S Street Footwear,48,11,528,Online
Amazon,10-05-2021,Northeast,Vermont,Women'S Street Footwear,49,8,392,Online
Amazon,12-06-2021,Northeast,Vermont,Women'S Street Footwear,45,8,360,Online
Amazon,10-12-2021,Northeast,Vermont,Women'S Street Footwear,55,11,605,Online
Amazon,10-07-2021,Northeast,Vermont,Women'S Street Footwear,46,10,460,Online
Amazon,10-03-2021,Northeast,Vermont,Women'S Street Footwear,34,8,272,Online
Amazon,11-04-2021,Northeast,Vermont,Women'S Street Footwear,32,7,224,Online
Amazon,10-09-2021,Northeast,Vermont,Women'S Street Footwear,46,6,276,Online
Amazon,12-10-2021,Northeast,Vermont,Women'S Street Footwear,59,5,295,Online
Foot Locker,10-01-2021,Northeast,Connecticut,Men'S Apparel,44,3,132,Online
Foot Locker,04-11-2021,Northeast,Connecticut,Men'S Apparel,60,7,420,Online
Foot Locker,03-12-2021,Northeast,Connecticut,Men'S Apparel,60,8,480,Online
Foot Locker,15-06-2021,Northeast,Delaware,Men'S Apparel,50,8,400,Online
Foot Locker,15-10-2021,Northeast,Delaware,Men'S Apparel,62,5,310,Online
Foot Locker,15-02-2021,Northeast,Delaware,Men'S Apparel,45,7,315,Online
Foot Locker,13-03-2021,Northeast,Delaware,Men'S Apparel,46,5,230,Online
Foot Locker,13-07-2021,Northeast,Delaware,Men'S Apparel,51,9,459,Online
Foot Locker,13-05-2021,Northeast,Delaware,Men'S Apparel,50,7,350,Online
Foot Locker,13-09-2021,Northeast,Delaware,Men'S Apparel,50,6,300,Online
Foot Locker,14-04-2021,Northeast,Delaware,Men'S Apparel,47,5,235,Online
Foot Locker,14-08-2021,Northeast,Delaware,Men'S Apparel,50,6,300,Online
Foot Locker,22-10-2021,Northeast,Maryland,Men'S Apparel,56,2,112,Online
Foot Locker,20-12-2021,Northeast,Maryland,Men'S Apparel,54,5,270,Online
Foot Locker,17-01-2021,Northeast,Maryland,Men'S Apparel,49,6,294,Online
Foot Locker,22-06-2021,Northeast,Maryland,Men'S Apparel,49,4,196,Online
Foot Locker,21-11-2021,Northeast,Maryland,Men'S Apparel,56,3,168,Online
Foot Locker,24-01-2021,Northeast,New Hampshire,Men'S Apparel,60,5,300,Online
Foot Locker,18-11-2021,Northeast,New Hampshire,Men'S Apparel,71,8,568,Online
Foot Locker,19-10-2021,Northeast,New Hampshire,Men'S Apparel,71,5,355,Online
Foot Locker,17-12-2021,Northeast,New Hampshire,Men'S Apparel,74,11,814,Online
Foot Locker,05-01-2020,Northeast,New York,Men'S Apparel,55,23,1265,Online
Foot Locker,04-02-2020,Northeast,New York,Men'S Apparel,56,22,1232,Online
Foot Locker,29-01-2020,Northeast,New York,Men'S Apparel,59,23,1357,Online
Foot Locker,14-03-2020,Northeast,New York,Men'S Apparel,58,23,1334,Online
Foot Locker,23-01-2020,Northeast,New York,Men'S Apparel,58,24,1392,Online
Foot Locker,08-03-2020,Northeast,New York,Men'S Apparel,55,25,1375,Online
Foot Locker,10-02-2020,Northeast,New York,Men'S Apparel,59,25,1475,Online
Foot Locker,07-11-2021,Northeast,Pennsylvania,Men'S Apparel,58,2,116,Online
Foot Locker,13-11-2021,Northeast,Pennsylvania,Men'S Apparel,55,2,110,Online
Foot Locker,19-11-2021,Northeast,Pennsylvania,Men'S Apparel,59,3,177,Online
Foot Locker,19-12-2021,Northeast,Pennsylvania,Men'S Apparel,56,3,168,Online
Foot Locker,13-12-2021,Northeast,Pennsylvania,Men'S Apparel,50,4,200,Online
Foot Locker,26-10-2021,Northeast,Pennsylvania,Men'S Apparel,54,4,216,Online
Foot Locker,01-11-2021,Northeast,Pennsylvania,Men'S Apparel,51,4,204,Online
Foot Locker,25-11-2021,Northeast,Pennsylvania,Men'S Apparel,60,5,300,Online
Foot Locker,07-12-2021,Northeast,Pennsylvania,Men'S Apparel,61,5,305,Online
Foot Locker,31-12-2021,Northeast,Pennsylvania,Men'S Apparel,63,5,315,Online
Foot Locker,25-12-2021,Northeast,Pennsylvania,Men'S Apparel,64,4,256,Online
Foot Locker,01-12-2021,Northeast,Pennsylvania,Men'S Apparel,64,6,384,Online
Foot Locker,07-04-2021,Northeast,Rhode Island,Men'S Apparel,44,2,88,Online
Foot Locker,07-08-2021,Northeast,Rhode Island,Men'S Apparel,45,3,135,Online
Foot Locker,06-07-2021,Northeast,Rhode Island,Men'S Apparel,47,6,282,Online
Foot Locker,06-05-2021,Northeast,Rhode Island,Men'S Apparel,49,5,245,Online
Foot Locker,08-10-2021,Northeast,Rhode Island,Men'S Apparel,55,2,110,Online
Foot Locker,08-02-2021,Northeast,Rhode Island,Men'S Apparel,41,4,164,Online
Foot Locker,06-09-2021,Northeast,Rhode Island,Men'S Apparel,47,3,141,Online
Foot Locker,08-06-2021,Northeast,Rhode Island,Men'S Apparel,48,6,288,Online
Foot Locker,06-03-2021,Northeast,Rhode Island,Men'S Apparel,44,2,88,Online
Foot Locker,24-01-2021,Northeast,West Virginia,Men'S Apparel,42,3,126,Online
Foot Locker,16-12-2021,Northeast,West Virginia,Men'S Apparel,61,10,610,Online
Foot Locker,17-11-2021,Northeast,West Virginia,Men'S Apparel,62,8,496,Online
Foot Locker,10-01-2021,Northeast,Connecticut,Men'S Athletic Footwear,34,6,204,Online
Foot Locker,08-02-2021,Northeast,Connecticut,Men'S Athletic Footwear,34,4,136,Online
Foot Locker,03-12-2021,Northeast,Connecticut,Men'S Athletic Footwear,51,10,510,Online
Foot Locker,04-11-2021,Northeast,Connecticut,Men'S Athletic Footwear,51,8,408,Online
Foot Locker,13-03-2021,Northeast,Delaware,Men'S Athletic Footwear,39,7,273,Online
Foot Locker,13-05-2021,Northeast,Delaware,Men'S Athletic Footwear,47,7,329,Online
Foot Locker,13-09-2021,Northeast,Delaware,Men'S Athletic Footwear,47,9,423,Online
Foot Locker,13-07-2021,Northeast,Delaware,Men'S Athletic Footwear,47,12,564,Online
Foot Locker,15-06-2021,Northeast,Delaware,Men'S Athletic Footwear,48,12,576,Online
Foot Locker,14-08-2021,Northeast,Delaware,Men'S Athletic Footwear,47,13,611,Online
Foot Locker,15-10-2021,Northeast,Delaware,Men'S Athletic Footwear,51,9,459,Online
Foot Locker,14-04-2021,Northeast,Delaware,Men'S Athletic Footwear,38,6,228,Online
Foot Locker,15-02-2021,Northeast,Maryland,Men'S Athletic Footwear,37,6,222,Online
Foot Locker,21-11-2021,Northeast,Maryland,Men'S Athletic Footwear,45,5,225,Online
Foot Locker,17-01-2021,Northeast,Maryland,Men'S Athletic Footwear,38,8,304,Online
Foot Locker,20-12-2021,Northeast,Maryland,Men'S Athletic Footwear,46,7,322,Online
Foot Locker,22-02-2021,Northeast,New Hampshire,Men'S Athletic Footwear,53,6,318,Online
Foot Locker,24-01-2021,Northeast,New Hampshire,Men'S Athletic Footwear,50,8,400,Online
Foot Locker,18-11-2021,Northeast,New Hampshire,Men'S Athletic Footwear,62,10,620,Online
Foot Locker,19-10-2021,Northeast,New Hampshire,Men'S Athletic Footwear,62,8,496,Online
Foot Locker,17-12-2021,Northeast,New Hampshire,Men'S Athletic Footwear,59,12,708,Online
Foot Locker,07-02-2020,Northeast,New York,Men'S Athletic Footwear,50,26,1300,Online
Foot Locker,01-02-2020,Northeast,New York,Men'S Athletic Footwear,47,23,1081,Online
Foot Locker,17-03-2020,Northeast,New York,Men'S Athletic Footwear,53,31,1643,Online
Foot Locker,05-03-2020,Northeast,New York,Men'S Athletic Footwear,54,27,1458,Online
Foot Locker,02-01-2020,Northeast,New York,Men'S Athletic Footwear,47,26,1222,Online
Foot Locker,11-03-2020,Northeast,New York,Men'S Athletic Footwear,53,27,1431,Online
Foot Locker,26-01-2020,Northeast,New York,Men'S Athletic Footwear,48,26,1248,Online
Foot Locker,08-01-2020,Northeast,New York,Men'S Athletic Footwear,46,26,1196,Online
Foot Locker,10-12-2021,Northeast,Pennsylvania,Men'S Athletic Footwear,48,8,384,Online
Foot Locker,16-11-2021,Northeast,Pennsylvania,Men'S Athletic Footwear,54,5,270,Online
Foot Locker,10-11-2021,Northeast,Pennsylvania,Men'S Athletic Footwear,45,5,225,Online
Foot Locker,16-12-2021,Northeast,Pennsylvania,Men'S Athletic Footwear,47,6,282,Online
Foot Locker,28-12-2021,Northeast,Pennsylvania,Men'S Athletic Footwear,55,7,385,Online
Foot Locker,22-11-2021,Northeast,Pennsylvania,Men'S Athletic Footwear,59,7,413,Online
Foot Locker,04-12-2021,Northeast,Pennsylvania,Men'S Athletic Footwear,54,8,432,Online
Foot Locker,22-12-2021,Northeast,Pennsylvania,Men'S Athletic Footwear,55,6,330,Online
Foot Locker,29-10-2021,Northeast,Pennsylvania,Men'S Athletic Footwear,44,4,176,Online
Foot Locker,04-11-2021,Northeast,Pennsylvania,Men'S Athletic Footwear,47,4,188,Online
Foot Locker,28-11-2021,Northeast,Pennsylvania,Men'S Athletic Footwear,55,9,495,Online
Foot Locker,06-03-2021,Northeast,Rhode Island,Men'S Athletic Footwear,34,4,136,Online
Foot Locker,06-05-2021,Northeast,Rhode Island,Men'S Athletic Footwear,43,5,215,Online
Foot Locker,07-08-2021,Northeast,Rhode Island,Men'S Athletic Footwear,42,9,378,Online
Foot Locker,06-09-2021,Northeast,Rhode Island,Men'S Athletic Footwear,43,6,258,Online
Foot Locker,08-06-2021,Northeast,Rhode Island,Men'S Athletic Footwear,41,9,369,Online
Foot Locker,08-10-2021,Northeast,Rhode Island,Men'S Athletic Footwear,46,6,276,Online
Foot Locker,07-04-2021,Northeast,Rhode Island,Men'S Athletic Footwear,32,3,96,Online
Foot Locker,06-07-2021,Northeast,Rhode Island,Men'S Athletic Footwear,41,8,328,Online
Foot Locker,24-01-2021,Northeast,West Virginia,Men'S Athletic Footwear,34,7,238,Online
Foot Locker,16-12-2021,Northeast,West Virginia,Men'S Athletic Footwear,52,14,728,Online
Foot Locker,17-11-2021,Northeast,West Virginia,Men'S Athletic Footwear,33,10,330,Online
Foot Locker,10-01-2021,Northeast,Connecticut,Men'S Street Footwear,34,12,408,Online
Foot Locker,08-02-2021,Northeast,Connecticut,Men'S Street Footwear,34,12,408,Online
Foot Locker,04-11-2021,Northeast,Connecticut,Men'S Street Footwear,60,11,660,Online
Foot Locker,03-12-2021,Northeast,Connecticut,Men'S Street Footwear,59,15,885,Online
Foot Locker,15-10-2021,Northeast,Delaware,Men'S Street Footwear,56,13,728,Online
Foot Locker,13-03-2021,Northeast,Delaware,Men'S Street Footwear,36,16,576,Online
Foot Locker,15-06-2021,Northeast,Delaware,Men'S Street Footwear,51,19,969,Online
Foot Locker,13-05-2021,Northeast,Delaware,Men'S Street Footwear,51,16,816,Online
Foot Locker,13-09-2021,Northeast,Delaware,Men'S Street Footwear,50,14,700,Online
Foot Locker,14-08-2021,Northeast,Delaware,Men'S Street Footwear,50,16,800,Online
Foot Locker,14-04-2021,Northeast,Delaware,Men'S Street Footwear,36,13,468,Online
Foot Locker,13-07-2021,Northeast,Delaware,Men'S Street Footwear,53,18,954,Online
Foot Locker,17-01-2021,Northeast,Maryland,Men'S Street Footwear,36,14,504,Online
Foot Locker,15-02-2021,Northeast,Maryland,Men'S Street Footwear,39,14,546,Online
Foot Locker,20-12-2021,Northeast,Maryland,Men'S Street Footwear,57,12,684,Online
Foot Locker,20-07-2021,Northeast,Maryland,Men'S Street Footwear,49,13,637,Online
Foot Locker,21-11-2021,Northeast,Maryland,Men'S Street Footwear,58,9,522,Online
Foot Locker,22-02-2021,Northeast,New Hampshire,Men'S Street Footwear,52,17,884,Online
Foot Locker,24-01-2021,Northeast,New Hampshire,Men'S Street Footwear,52,15,780,Online
Foot Locker,19-10-2021,Northeast,New Hampshire,Men'S Street Footwear,64,12,768,Online
Foot Locker,18-11-2021,Northeast,New Hampshire,Men'S Street Footwear,68,12,816,Online
Foot Locker,17-12-2021,Northeast,New Hampshire,Men'S Street Footwear,71,17,1207,Online
Foot Locker,10-03-2020,Northeast,New York,Men'S Street Footwear,59,32,1888,Online
Foot Locker,01-01-2020,Northeast,New York,Men'S Street Footwear,47,34,1598,Online
Foot Locker,04-03-2020,Northeast,New York,Men'S Street Footwear,55,31,1705,Online
Foot Locker,16-03-2020,Northeast,New York,Men'S Street Footwear,58,33,1914,Online
Foot Locker,31-01-2020,Northeast,New York,Men'S Street Footwear,45,30,1350,Online
Foot Locker,07-01-2020,Northeast,New York,Men'S Street Footwear,46,31,1426,Online
Foot Locker,25-01-2020,Northeast,New York,Men'S Street Footwear,46,35,1610,Online
Foot Locker,06-02-2020,Northeast,New York,Men'S Street Footwear,54,32,1728,Online
Foot Locker,09-12-2021,Northeast,Pennsylvania,Men'S Street Footwear,62,14,868,Online
Foot Locker,15-12-2021,Northeast,Pennsylvania,Men'S Street Footwear,55,10,550,Online
Foot Locker,09-11-2021,Northeast,Pennsylvania,Men'S Street Footwear,46,12,552,Online
Foot Locker,15-11-2021,Northeast,Pennsylvania,Men'S Street Footwear,58,14,812,Online
Foot Locker,21-11-2021,Northeast,Pennsylvania,Men'S Street Footwear,64,14,896,Online
Foot Locker,21-12-2021,Northeast,Pennsylvania,Men'S Street Footwear,66,11,726,Online
Foot Locker,03-12-2021,Northeast,Pennsylvania,Men'S Street Footwear,60,16,960,Online
Foot Locker,28-10-2021,Northeast,Pennsylvania,Men'S Street Footwear,42,12,504,Online
Foot Locker,27-11-2021,Northeast,Pennsylvania,Men'S Street Footwear,60,15,900,Online
Foot Locker,27-12-2021,Northeast,Pennsylvania,Men'S Street Footwear,67,12,804,Online
Foot Locker,03-11-2021,Northeast,Pennsylvania,Men'S Street Footwear,49,12,588,Online
Foot Locker,06-09-2021,Northeast,Rhode Island,Men'S Street Footwear,45,11,495,Online
Foot Locker,06-07-2021,Northeast,Rhode Island,Men'S Street Footwear,46,17,782,Online
Foot Locker,08-06-2021,Northeast,Rhode Island,Men'S Street Footwear,47,14,658,Online
Foot Locker,07-08-2021,Northeast,Rhode Island,Men'S Street Footwear,46,14,644,Online
Foot Locker,07-04-2021,Northeast,Rhode Island,Men'S Street Footwear,32,11,352,Online
Foot Locker,06-03-2021,Northeast,Rhode Island,Men'S Street Footwear,34,11,374,Online
Foot Locker,06-05-2021,Northeast,Rhode Island,Men'S Street Footwear,49,12,588,Online
Foot Locker,08-10-2021,Northeast,Rhode Island,Men'S Street Footwear,53,9,477,Online
Foot Locker,24-01-2021,Northeast,West Virginia,Men'S Street Footwear,33,11,363,Online
Foot Locker,17-11-2021,Northeast,West Virginia,Men'S Street Footwear,44,12,528,Online
Foot Locker,16-12-2021,Northeast,West Virginia,Men'S Street Footwear,60,18,1080,Online
Foot Locker,22-02-2021,Northeast,West Virginia,Men'S Street Footwear,32,14,448,Online
Foot Locker,03-12-2021,Northeast,Connecticut,Women'S Apparel,67,11,737,Online
Foot Locker,04-11-2021,Northeast,Connecticut,Women'S Apparel,67,10,670,Online
Foot Locker,05-10-2021,Northeast,Connecticut,Women'S Apparel,63,7,441,Online
Foot Locker,10-01-2021,Northeast,Connecticut,Women'S Apparel,33,6,198,Online
Foot Locker,13-03-2021,Northeast,Delaware,Women'S Apparel,39,7,273,Online
Foot Locker,13-07-2021,Northeast,Delaware,Women'S Apparel,55,15,825,Online
Foot Locker,14-08-2021,Northeast,Delaware,Women'S Apparel,59,12,708,Online
Foot Locker,15-02-2021,Northeast,Delaware,Women'S Apparel,39,10,390,Online
Foot Locker,15-06-2021,Northeast,Delaware,Women'S Apparel,56,14,784,Online
Foot Locker,14-04-2021,Northeast,Delaware,Women'S Apparel,38,8,304,Online
Foot Locker,13-09-2021,Northeast,Delaware,Women'S Apparel,58,8,464,Online
Foot Locker,13-05-2021,Northeast,Delaware,Women'S Apparel,54,10,540,Online
Foot Locker,22-10-2021,Northeast,Maryland,Women'S Apparel,60,5,300,Online
Foot Locker,20-12-2021,Northeast,Maryland,Women'S Apparel,61,7,427,Online
Foot Locker,21-11-2021,Northeast,Maryland,Women'S Apparel,62,6,372,Online
Foot Locker,22-06-2021,Northeast,Maryland,Women'S Apparel,53,8,424,Online
Foot Locker,17-01-2021,Northeast,Maryland,Women'S Apparel,36,8,288,Online
Foot Locker,24-01-2021,Northeast,New Hampshire,Women'S Apparel,54,8,432,Online
Foot Locker,18-11-2021,Northeast,New Hampshire,Women'S Apparel,78,12,936,Online
Foot Locker,19-10-2021,Northeast,New Hampshire,Women'S Apparel,72,8,576,Online
Foot Locker,17-12-2021,Northeast,New Hampshire,Women'S Apparel,74,12,888,Online
Foot Locker,30-01-2020,Northeast,New York,Women'S Apparel,45,24,1080,Online
Foot Locker,03-03-2020,Northeast,New York,Women'S Apparel,59,29,1711,Online
Foot Locker,06-01-2020,Northeast,New York,Women'S Apparel,46,26,1196,Online
Foot Locker,05-02-2020,Northeast,New York,Women'S Apparel,49,24,1176,Online
Foot Locker,24-01-2020,Northeast,New York,Women'S Apparel,48,29,1392,Online
Foot Locker,09-03-2020,Northeast,New York,Women'S Apparel,64,31,1984,Online
Foot Locker,15-03-2020,Northeast,New York,Women'S Apparel,61,29,1769,Online
Foot Locker,08-11-2021,Northeast,Pennsylvania,Women'S Apparel,47,4,188,Online
Foot Locker,14-11-2021,Northeast,Pennsylvania,Women'S Apparel,48,5,240,Online
Foot Locker,20-12-2021,Northeast,Pennsylvania,Women'S Apparel,60,6,360,Online
Foot Locker,14-12-2021,Northeast,Pennsylvania,Women'S Apparel,55,6,330,Online
Foot Locker,02-12-2021,Northeast,Pennsylvania,Women'S Apparel,64,10,640,Online
Foot Locker,26-11-2021,Northeast,Pennsylvania,Women'S Apparel,65,8,520,Online
Foot Locker,08-12-2021,Northeast,Pennsylvania,Women'S Apparel,64,10,640,Online
Foot Locker,01-01-2020,Northeast,Pennsylvania,Women'S Apparel,68,8,544,Online
Foot Locker,27-10-2021,Northeast,Pennsylvania,Women'S Apparel,43,6,258,Online
Foot Locker,26-12-2021,Northeast,Pennsylvania,Women'S Apparel,71,7,497,Online
Foot Locker,02-11-2021,Northeast,Pennsylvania,Women'S Apparel,44,7,308,Online
Foot Locker,20-11-2021,Northeast,Pennsylvania,Women'S Apparel,64,6,384,Online
Foot Locker,06-07-2021,Northeast,Rhode Island,Women'S Apparel,50,12,600,Online
Foot Locker,08-06-2021,Northeast,Rhode Island,Women'S Apparel,51,9,459,Online
Foot Locker,06-09-2021,Northeast,Rhode Island,Women'S Apparel,52,6,312,Online
Foot Locker,07-04-2021,Northeast,Rhode Island,Women'S Apparel,33,5,165,Online
Foot Locker,08-02-2021,Northeast,Rhode Island,Women'S Apparel,33,7,231,Online
Foot Locker,06-05-2021,Northeast,Rhode Island,Women'S Apparel,52,8,416,Online
Foot Locker,06-03-2021,Northeast,Rhode Island,Women'S Apparel,32,5,160,Online
Foot Locker,07-08-2021,Northeast,Rhode Island,Women'S Apparel,52,9,468,Online
Foot Locker,24-01-2021,Northeast,West Virginia,Women'S Apparel,33,6,198,Online
Foot Locker,17-10-2021,Northeast,West Virginia,Women'S Apparel,47,8,376,Online
Foot Locker,17-11-2021,Northeast,West Virginia,Women'S Apparel,64,10,640,Online
Foot Locker,16-12-2021,Northeast,West Virginia,Women'S Apparel,68,12,816,Online
Foot Locker,04-11-2021,Northeast,Connecticut,Women'S Athletic Footwear,50,8,400,Online
Foot Locker,03-12-2021,Northeast,Connecticut,Women'S Athletic Footwear,53,9,477,Online
Foot Locker,10-01-2021,Northeast,Connecticut,Women'S Athletic Footwear,29,2,58,Online
Foot Locker,14-08-2021,Northeast,Delaware,Women'S Athletic Footwear,41,6,246,Online
Foot Locker,15-10-2021,Northeast,Delaware,Women'S Athletic Footwear,52,4,208,Online
Foot Locker,14-04-2021,Northeast,Delaware,Women'S Athletic Footwear,32,4,128,Online
Foot Locker,13-09-2021,Northeast,Delaware,Women'S Athletic Footwear,41,6,246,Online
Foot Locker,13-05-2021,Northeast,Delaware,Women'S Athletic Footwear,41,7,287,Online
Foot Locker,13-03-2021,Northeast,Delaware,Women'S Athletic Footwear,32,3,96,Online
Foot Locker,13-07-2021,Northeast,Delaware,Women'S Athletic Footwear,43,9,387,Online
Foot Locker,15-02-2021,Northeast,Delaware,Women'S Athletic Footwear,33,5,165,Online
Foot Locker,15-06-2021,Northeast,Delaware,Women'S Athletic Footwear,41,8,328,Online
Foot Locker,21-11-2021,Northeast,Maryland,Women'S Athletic Footwear,48,4,192,Online
Foot Locker,20-12-2021,Northeast,Maryland,Women'S Athletic Footwear,49,4,196,Online
Foot Locker,22-06-2021,Northeast,Maryland,Women'S Athletic Footwear,37,4,148,Online
Foot Locker,22-10-2021,Northeast,Maryland,Women'S Athletic Footwear,49,2,98,Online
Foot Locker,17-01-2021,Northeast,Maryland,Women'S Athletic Footwear,32,5,160,Online
Foot Locker,24-01-2021,Northeast,New Hampshire,Women'S Athletic Footwear,49,4,196,Online
Foot Locker,18-11-2021,Northeast,New Hampshire,Women'S Athletic Footwear,64,9,576,Online
Foot Locker,19-10-2021,Northeast,New Hampshire,Women'S Athletic Footwear,62,5,310,Online
Foot Locker,17-12-2021,Northeast,New Hampshire,Women'S Athletic Footwear,62,9,558,Online
Foot Locker,07-03-2020,Northeast,New York,Women'S Athletic Footwear,47,26,1222,Online
Foot Locker,04-01-2020,Northeast,New York,Women'S Athletic Footwear,41,25,1025,Online
Foot Locker,13-03-2020,Northeast,New York,Women'S Athletic Footwear,46,24,1104,Online
Foot Locker,31-03-2020,Northeast,New York,Women'S Athletic Footwear,47,24,1128,Online
Foot Locker,09-02-2020,Northeast,New York,Women'S Athletic Footwear,46,23,1058,Online
Foot Locker,03-02-2020,Northeast,New York,Women'S Athletic Footwear,41,24,984,Online
Foot Locker,22-01-2020,Northeast,New York,Women'S Athletic Footwear,44,21,924,Online
Foot Locker,28-01-2020,Northeast,New York,Women'S Athletic Footwear,43,22,946,Online
Foot Locker,18-12-2021,Northeast,Pennsylvania,Women'S Athletic Footwear,48,3,144,Online
Foot Locker,12-11-2021,Northeast,Pennsylvania,Women'S Athletic Footwear,42,2,84,Online
Foot Locker,12-12-2021,Northeast,Pennsylvania,Women'S Athletic Footwear,41,5,205,Online
Foot Locker,18-11-2021,Northeast,Pennsylvania,Women'S Athletic Footwear,51,3,153,Online
Foot Locker,06-11-2021,Northeast,Pennsylvania,Women'S Athletic Footwear,43,1,43,Online
Foot Locker,24-12-2021,Northeast,Pennsylvania,Women'S Athletic Footwear,56,4,224,Online
Foot Locker,31-10-2021,Northeast,Pennsylvania,Women'S Athletic Footwear,39,1,39,Online
Foot Locker,30-11-2021,Northeast,Pennsylvania,Women'S Athletic Footwear,51,4,204,Online
Foot Locker,24-11-2021,Northeast,Pennsylvania,Women'S Athletic Footwear,52,4,208,Online
Foot Locker,30-12-2021,Northeast,Pennsylvania,Women'S Athletic Footwear,57,5,285,Online
Foot Locker,06-12-2021,Northeast,Pennsylvania,Women'S Athletic Footwear,53,6,318,Online
Foot Locker,06-03-2021,Northeast,Rhode Island,Women'S Athletic Footwear,29,1,29,Online
Foot Locker,08-10-2021,Northeast,Rhode Island,Women'S Athletic Footwear,47,2,94,Online
Foot Locker,06-07-2021,Northeast,Rhode Island,Women'S Athletic Footwear,37,6,222,Online
Foot Locker,06-05-2021,Northeast,Rhode Island,Women'S Athletic Footwear,39,4,156,Online
Foot Locker,07-04-2021,Northeast,Rhode Island,Women'S Athletic Footwear,29,1,29,Online
Foot Locker,07-08-2021,Northeast,Rhode Island,Women'S Athletic Footwear,37,4,148,Online
Foot Locker,08-02-2021,Northeast,Rhode Island,Women'S Athletic Footwear,29,1,29,Online
Foot Locker,06-09-2021,Northeast,Rhode Island,Women'S Athletic Footwear,39,3,117,Online
Foot Locker,08-06-2021,Northeast,Rhode Island,Women'S Athletic Footwear,39,6,234,Online
Foot Locker,24-01-2021,Northeast,West Virginia,Women'S Athletic Footwear,28,2,56,Online
Foot Locker,16-12-2021,Northeast,West Virginia,Women'S Athletic Footwear,53,10,530,Online
Foot Locker,17-11-2021,Northeast,West Virginia,Women'S Athletic Footwear,38,9,342,Online
Foot Locker,03-12-2021,Northeast,Connecticut,Women'S Street Footwear,50,9,450,Online
Foot Locker,04-11-2021,Northeast,Connecticut,Women'S Street Footwear,51,8,408,Online
Foot Locker,08-02-2021,Northeast,Connecticut,Women'S Street Footwear,24,5,120,Online
Foot Locker,10-01-2021,Northeast,Connecticut,Women'S Street Footwear,24,6,144,Online
Foot Locker,14-08-2021,Northeast,Delaware,Women'S Street Footwear,42,11,462,Online
Foot Locker,13-09-2021,Northeast,Delaware,Women'S Street Footwear,43,6,258,Online
Foot Locker,13-05-2021,Northeast,Delaware,Women'S Street Footwear,41,8,328,Online
Foot Locker,15-06-2021,Northeast,Delaware,Women'S Street Footwear,43,9,387,Online
Foot Locker,13-03-2021,Northeast,Delaware,Women'S Street Footwear,29,7,203,Online
Foot Locker,13-07-2021,Northeast,Delaware,Women'S Street Footwear,41,10,410,Online
Foot Locker,14-04-2021,Northeast,Delaware,Women'S Street Footwear,27,6,162,Online
Foot Locker,15-10-2021,Northeast,Delaware,Women'S Street Footwear,50,5,250,Online
Foot Locker,20-12-2021,Northeast,Maryland,Women'S Street Footwear,45,7,315,Online
Foot Locker,22-06-2021,Northeast,Maryland,Women'S Street Footwear,37,5,185,Online
Foot Locker,21-11-2021,Northeast,Maryland,Women'S Street Footwear,49,5,245,Online
Foot Locker,15-02-2021,Northeast,Maryland,Women'S Street Footwear,27,7,189,Online
Foot Locker,17-01-2021,Northeast,Maryland,Women'S Street Footwear,29,9,261,Online
Foot Locker,24-01-2021,Northeast,New Hampshire,Women'S Street Footwear,44,9,396,Online
Foot Locker,22-02-2021,Northeast,New Hampshire,Women'S Street Footwear,43,8,344,Online
Foot Locker,17-12-2021,Northeast,New Hampshire,Women'S Street Footwear,62,11,682,Online
Foot Locker,19-10-2021,Northeast,New Hampshire,Women'S Street Footwear,59,5,295,Online
Foot Locker,18-11-2021,Northeast,New Hampshire,Women'S Street Footwear,63,10,630,Online
Foot Locker,12-03-2020,Northeast,New York,Women'S Street Footwear,46,25,1150,Online
Foot Locker,03-01-2020,Northeast,New York,Women'S Street Footwear,36,25,900,Online
Foot Locker,18-03-2020,Northeast,New York,Women'S Street Footwear,45,26,1170,Online
Foot Locker,21-01-2020,Northeast,New York,Women'S Street Footwear,36,28,1008,Online
Foot Locker,08-02-2020,Northeast,New York,Women'S Street Footwear,46,26,1196,Online
Foot Locker,06-03-2020,Northeast,New York,Women'S Street Footwear,46,28,1288,Online
Foot Locker,27-01-2020,Northeast,New York,Women'S Street Footwear,39,25,975,Online
Foot Locker,02-02-2020,Northeast,New York,Women'S Street Footwear,39,25,975,Online
Foot Locker,11-12-2021,Northeast,Pennsylvania,Women'S Street Footwear,41,5,205,Online
Foot Locker,17-12-2021,Northeast,Pennsylvania,Women'S Street Footwear,48,3,144,Online
Foot Locker,11-11-2021,Northeast,Pennsylvania,Women'S Street Footwear,38,4,152,Online
Foot Locker,17-11-2021,Northeast,Pennsylvania,Women'S Street Footwear,52,4,208,Online
Foot Locker,29-11-2021,Northeast,Pennsylvania,Women'S Street Footwear,51,6,306,Online
Foot Locker,23-11-2021,Northeast,Pennsylvania,Women'S Street Footwear,52,4,208,Online
Foot Locker,30-10-2021,Northeast,Pennsylvania,Women'S Street Footwear,34,5,170,Online
Foot Locker,23-12-2021,Northeast,Pennsylvania,Women'S Street Footwear,55,6,330,Online
Foot Locker,29-12-2021,Northeast,Pennsylvania,Women'S Street Footwear,55,7,385,Online
Foot Locker,05-11-2021,Northeast,Pennsylvania,Women'S Street Footwear,36,5,180,Online
Foot Locker,05-12-2021,Northeast,Pennsylvania,Women'S Street Footwear,54,6,324,Online
Foot Locker,06-09-2021,Northeast,Rhode Island,Women'S Street Footwear,36,4,144,Online
Foot Locker,06-03-2021,Northeast,Rhode Island,Women'S Street Footwear,23,5,115,Online
Foot Locker,07-04-2021,Northeast,Rhode Island,Women'S Street Footwear,24,4,96,Online
Foot Locker,06-07-2021,Northeast,Rhode Island,Women'S Street Footwear,37,7,259,Online
Foot Locker,08-10-2021,Northeast,Rhode Island,Women'S Street Footwear,45,3,135,Online
Foot Locker,06-05-2021,Northeast,Rhode Island,Women'S Street Footwear,39,6,234,Online
Foot Locker,07-08-2021,Northeast,Rhode Island,Women'S Street Footwear,38,8,304,Online
Foot Locker,08-06-2021,Northeast,Rhode Island,Women'S Street Footwear,39,7,273,Online
Foot Locker,24-01-2021,Northeast,West Virginia,Women'S Street Footwear,24,6,144,Online
Foot Locker,17-11-2021,Northeast,West Virginia,Women'S Street Footwear,32,8,256,Online
Kohl'S,10-01-2021,Northeast,Delaware,Men'S Apparel,41,5,205,Online
Kohl'S,14-11-2021,Northeast,Delaware,Men'S Apparel,60,7,420,Online
Kohl'S,13-12-2021,Northeast,Delaware,Men'S Apparel,61,9,549,Online
Kohl'S,08-02-2021,Northeast,New Jersey,Men'S Apparel,41,5,205,Online
Kohl'S,06-09-2021,Northeast,New Jersey,Men'S Apparel,47,4,188,Online
Kohl'S,06-05-2021,Northeast,New Jersey,Men'S Apparel,47,7,329,Online
Kohl'S,08-10-2021,Northeast,New Jersey,Men'S Apparel,58,4,232,Online
Kohl'S,07-08-2021,Northeast,New Jersey,Men'S Apparel,46,5,230,Online
Kohl'S,06-07-2021,Northeast,New Jersey,Men'S Apparel,48,7,336,Online
Kohl'S,07-04-2021,Northeast,New Jersey,Men'S Apparel,44,3,132,Online
Kohl'S,06-03-2021,Northeast,New Jersey,Men'S Apparel,43,3,129,Online
Kohl'S,08-06-2021,Northeast,New Jersey,Men'S Apparel,46,7,322,Online
Kohl'S,14-01-2021,Northeast,New York,Men'S Apparel,49,15,735,Online
Kohl'S,08-12-2021,Northeast,New York,Men'S Apparel,60,16,960,Online
Kohl'S,14-11-2021,Northeast,Delaware,Men'S Athletic Footwear,53,9,477,Online
Kohl'S,10-01-2021,Northeast,Delaware,Men'S Athletic Footwear,33,8,264,Online
Kohl'S,13-12-2021,Northeast,Delaware,Men'S Athletic Footwear,50,10,500,Online
Kohl'S,08-02-2021,Northeast,Delaware,Men'S Athletic Footwear,32,5,160,Online
Kohl'S,07-04-2021,Northeast,New Jersey,Men'S Athletic Footwear,33,5,165,Online
Kohl'S,08-06-2021,Northeast,New Jersey,Men'S Athletic Footwear,44,11,484,Online
Kohl'S,07-08-2021,Northeast,New Jersey,Men'S Athletic Footwear,42,10,420,Online
Kohl'S,06-03-2021,Northeast,New Jersey,Men'S Athletic Footwear,32,6,192,Online
Kohl'S,06-05-2021,Northeast,New Jersey,Men'S Athletic Footwear,41,7,287,Online
Kohl'S,06-09-2021,Northeast,New Jersey,Men'S Athletic Footwear,41,7,287,Online
Kohl'S,06-07-2021,Northeast,New Jersey,Men'S Athletic Footwear,42,10,420,Online
Kohl'S,08-10-2021,Northeast,New Jersey,Men'S Athletic Footwear,48,6,288,Online
Kohl'S,12-02-2021,Northeast,New York,Men'S Athletic Footwear,37,15,555,Online
Kohl'S,14-01-2021,Northeast,New York,Men'S Athletic Footwear,39,16,624,Online
Kohl'S,14-11-2021,Northeast,Delaware,Men'S Street Footwear,60,14,840,Online
Kohl'S,13-12-2021,Northeast,Delaware,Men'S Street Footwear,62,17,1054,Online
Kohl'S,08-02-2021,Northeast,Delaware,Men'S Street Footwear,34,15,510,Online
Kohl'S,10-01-2021,Northeast,Delaware,Men'S Street Footwear,32,14,448,Online
Kohl'S,06-03-2021,Northeast,New Jersey,Men'S Street Footwear,32,14,448,Online
Kohl'S,08-06-2021,Northeast,New Jersey,Men'S Street Footwear,45,16,720,Online
Kohl'S,08-10-2021,Northeast,New Jersey,Men'S Street Footwear,53,12,636,Online
Kohl'S,06-07-2021,Northeast,New Jersey,Men'S Street Footwear,47,19,893,Online
Kohl'S,06-05-2021,Northeast,New Jersey,Men'S Street Footwear,48,13,624,Online
Kohl'S,07-08-2021,Northeast,New Jersey,Men'S Street Footwear,47,18,846,Online
Kohl'S,06-09-2021,Northeast,New Jersey,Men'S Street Footwear,46,12,552,Online
Kohl'S,07-04-2021,Northeast,New Jersey,Men'S Street Footwear,34,13,442,Online
Kohl'S,12-02-2021,Northeast,New York,Men'S Street Footwear,37,24,888,Online
Kohl'S,14-01-2021,Northeast,New York,Men'S Street Footwear,39,22,858,Online
Kohl'S,13-12-2021,Northeast,Delaware,Women'S Apparel,65,12,780,Online
Kohl'S,10-01-2021,Northeast,Delaware,Women'S Apparel,33,7,231,Online
Kohl'S,15-10-2021,Northeast,Delaware,Women'S Apparel,63,8,504,Online
Kohl'S,14-11-2021,Northeast,Delaware,Women'S Apparel,64,10,640,Online
Kohl'S,06-03-2021,Northeast,New Jersey,Women'S Apparel,32,6,192,Online
Kohl'S,08-06-2021,Northeast,New Jersey,Women'S Apparel,50,12,600,Online
Kohl'S,06-05-2021,Northeast,New Jersey,Women'S Apparel,51,10,510,Online
Kohl'S,08-02-2021,Northeast,New Jersey,Women'S Apparel,32,7,224,Online
Kohl'S,06-09-2021,Northeast,New Jersey,Women'S Apparel,50,7,350,Online
Kohl'S,07-08-2021,Northeast,New Jersey,Women'S Apparel,52,11,572,Online
Kohl'S,06-07-2021,Northeast,New Jersey,Women'S Apparel,54,13,702,Online
Kohl'S,07-04-2021,Northeast,New Jersey,Women'S Apparel,33,7,231,Online
Kohl'S,14-01-2021,Northeast,New York,Women'S Apparel,38,16,608,Online
Kohl'S,08-12-2021,Northeast,New York,Women'S Apparel,69,18,1242,Online
Kohl'S,10-01-2021,Northeast,Delaware,Women'S Athletic Footwear,27,4,108,Online
Kohl'S,14-11-2021,Northeast,Delaware,Women'S Athletic Footwear,51,8,408,Online
Kohl'S,13-12-2021,Northeast,Delaware,Women'S Athletic Footwear,53,10,530,Online
Kohl'S,06-05-2021,Northeast,New Jersey,Women'S Athletic Footwear,38,6,228,Online
Kohl'S,07-04-2021,Northeast,New Jersey,Women'S Athletic Footwear,27,3,81,Online
Kohl'S,07-08-2021,Northeast,New Jersey,Women'S Athletic Footwear,36,5,180,Online
Kohl'S,06-03-2021,Northeast,New Jersey,Women'S Athletic Footwear,27,2,54,Online
Kohl'S,08-10-2021,Northeast,New Jersey,Women'S Athletic Footwear,48,3,144,Online
Kohl'S,08-02-2021,Northeast,New Jersey,Women'S Athletic Footwear,29,3,87,Online
Kohl'S,06-09-2021,Northeast,New Jersey,Women'S Athletic Footwear,37,4,148,Online
Kohl'S,06-07-2021,Northeast,New Jersey,Women'S Athletic Footwear,36,6,216,Online
Kohl'S,08-06-2021,Northeast,New Jersey,Women'S Athletic Footwear,39,7,273,Online
Kohl'S,08-12-2021,Northeast,New York,Women'S Athletic Footwear,54,16,864,Online
Kohl'S,14-01-2021,Northeast,New York,Women'S Athletic Footwear,34,13,442,Online
Kohl'S,08-02-2021,Northeast,Delaware,Women'S Street Footwear,24,6,144,Online
Kohl'S,10-01-2021,Northeast,Delaware,Women'S Street Footwear,24,7,168,Online
Kohl'S,14-11-2021,Northeast,Delaware,Women'S Street Footwear,52,9,468,Online
Kohl'S,13-12-2021,Northeast,Delaware,Women'S Street Footwear,50,11,550,Online
Kohl'S,07-04-2021,Northeast,New Jersey,Women'S Street Footwear,24,5,120,Online
Kohl'S,06-05-2021,Northeast,New Jersey,Women'S Street Footwear,38,8,304,Online
Kohl'S,08-10-2021,Northeast,New Jersey,Women'S Street Footwear,46,4,184,Online
Kohl'S,06-07-2021,Northeast,New Jersey,Women'S Street Footwear,37,8,296,Online
Kohl'S,06-03-2021,Northeast,New Jersey,Women'S Street Footwear,24,6,144,Online
Kohl'S,08-06-2021,Northeast,New Jersey,Women'S Street Footwear,38,7,266,Online
Kohl'S,06-09-2021,Northeast,New Jersey,Women'S Street Footwear,39,5,195,Online
Kohl'S,07-08-2021,Northeast,New Jersey,Women'S Street Footwear,37,8,296,Online
Kohl'S,08-12-2021,Northeast,New York,Women'S Street Footwear,52,16,832,Online
Kohl'S,14-01-2021,Northeast,New York,Women'S Street Footwear,29,17,493,Online
Kohl'S,12-02-2021,Northeast,New York,Women'S Street Footwear,29,14,406,Online
Sports Direct,03-03-2021,Northeast,Connecticut,Men'S Apparel,48,4,192,Online
Sports Direct,03-09-2021,Northeast,Connecticut,Men'S Apparel,50,5,250,Online
Sports Direct,05-10-2021,Northeast,Connecticut,Men'S Apparel,64,4,256,Online
Sports Direct,05-02-2021,Northeast,Connecticut,Men'S Apparel,49,6,294,Online
Sports Direct,03-05-2021,Northeast,Connecticut,Men'S Apparel,50,7,350,Online
Sports Direct,04-08-2021,Northeast,Connecticut,Men'S Apparel,51,5,255,Online
Sports Direct,05-06-2021,Northeast,Connecticut,Men'S Apparel,53,7,371,Online
Sports Direct,03-07-2021,Northeast,Connecticut,Men'S Apparel,53,8,424,Online
Sports Direct,04-04-2021,Northeast,Connecticut,Men'S Apparel,46,4,184,Online
Sports Direct,20-09-2021,Northeast,Maryland,Men'S Apparel,48,3,144,Online
Sports Direct,20-07-2021,Northeast,Maryland,Men'S Apparel,46,5,230,Online
Sports Direct,21-08-2021,Northeast,Maryland,Men'S Apparel,47,4,188,Online
Sports Direct,15-10-2021,Northeast,Massachusetts,Men'S Apparel,62,3,186,Online
Sports Direct,13-09-2021,Northeast,Massachusetts,Men'S Apparel,52,3,156,Online
Sports Direct,14-08-2021,Northeast,Massachusetts,Men'S Apparel,50,4,200,Online
Sports Direct,15-02-2021,Northeast,Massachusetts,Men'S Apparel,48,4,192,Online
Sports Direct,14-04-2021,Northeast,Massachusetts,Men'S Apparel,49,3,147,Online
Sports Direct,13-05-2021,Northeast,Massachusetts,Men'S Apparel,50,5,250,Online
Sports Direct,15-06-2021,Northeast,Massachusetts,Men'S Apparel,51,6,306,Online
Sports Direct,13-03-2021,Northeast,Massachusetts,Men'S Apparel,46,3,138,Online
Sports Direct,13-07-2021,Northeast,Massachusetts,Men'S Apparel,53,7,371,Online
Sports Direct,07-01-2021,Northeast,New Jersey,Men'S Apparel,49,6,294,Online
Sports Direct,07-11-2021,Northeast,New Jersey,Men'S Apparel,55,6,330,Online
Sports Direct,06-12-2021,Northeast,New Jersey,Men'S Apparel,55,8,440,Online
Sports Direct,17-01-2021,Northeast,Rhode Island,Men'S Apparel,48,4,192,Online
Sports Direct,06-12-2021,Northeast,Rhode Island,Men'S Apparel,56,7,392,Online
Sports Direct,07-11-2021,Northeast,Rhode Island,Men'S Apparel,58,4,232,Online
Sports Direct,05-06-2021,Northeast,Connecticut,Men'S Athletic Footwear,48,9,432,Online
Sports Direct,05-10-2021,Northeast,Connecticut,Men'S Athletic Footwear,52,7,364,Online
Sports Direct,03-09-2021,Northeast,Connecticut,Men'S Athletic Footwear,47,8,376,Online
Sports Direct,03-05-2021,Northeast,Connecticut,Men'S Athletic Footwear,48,7,336,Online
Sports Direct,03-07-2021,Northeast,Connecticut,Men'S Athletic Footwear,48,11,528,Online
Sports Direct,03-03-2021,Northeast,Connecticut,Men'S Athletic Footwear,38,6,228,Online
Sports Direct,04-04-2021,Northeast,Connecticut,Men'S Athletic Footwear,38,6,228,Online
Sports Direct,04-08-2021,Northeast,Connecticut,Men'S Athletic Footwear,48,11,528,Online
Sports Direct,20-09-2021,Northeast,Maryland,Men'S Athletic Footwear,44,6,264,Online
Sports Direct,22-10-2021,Northeast,Maryland,Men'S Athletic Footwear,48,6,288,Online
Sports Direct,20-07-2021,Northeast,Maryland,Men'S Athletic Footwear,42,7,294,Online
Sports Direct,21-08-2021,Northeast,Maryland,Men'S Athletic Footwear,41,8,328,Online
Sports Direct,13-09-2021,Northeast,Massachusetts,Men'S Athletic Footwear,49,6,294,Online
Sports Direct,14-08-2021,Northeast,Massachusetts,Men'S Athletic Footwear,47,9,423,Online
Sports Direct,15-06-2021,Northeast,Massachusetts,Men'S Athletic Footwear,47,9,423,Online
Sports Direct,13-05-2021,Northeast,Massachusetts,Men'S Athletic Footwear,47,5,235,Online
Sports Direct,13-07-2021,Northeast,Massachusetts,Men'S Athletic Footwear,49,11,539,Online
Sports Direct,14-04-2021,Northeast,Massachusetts,Men'S Athletic Footwear,37,5,185,Online
Sports Direct,13-03-2021,Northeast,Massachusetts,Men'S Athletic Footwear,38,5,190,Online
Sports Direct,15-10-2021,Northeast,Massachusetts,Men'S Athletic Footwear,53,6,318,Online
Sports Direct,06-12-2021,Northeast,New Jersey,Men'S Athletic Footwear,49,11,539,Online
Sports Direct,07-11-2021,Northeast,New Jersey,Men'S Athletic Footwear,46,8,368,Online
Sports Direct,05-02-2021,Northeast,New Jersey,Men'S Athletic Footwear,37,5,185,Online
Sports Direct,07-01-2021,Northeast,New Jersey,Men'S Athletic Footwear,37,9,333,Online
Sports Direct,15-02-2021,Northeast,Rhode Island,Men'S Athletic Footwear,38,4,152,Online
Sports Direct,17-01-2021,Northeast,Rhode Island,Men'S Athletic Footwear,38,7,266,Online
Sports Direct,07-11-2021,Northeast,Rhode Island,Men'S Athletic Footwear,46,6,276,Online
Sports Direct,06-12-2021,Northeast,Rhode Island,Men'S Athletic Footwear,45,8,360,Online
Sports Direct,04-04-2021,Northeast,Connecticut,Men'S Street Footwear,36,15,540,Online
Sports Direct,03-03-2021,Northeast,Connecticut,Men'S Street Footwear,39,13,507,Online
Sports Direct,03-05-2021,Northeast,Connecticut,Men'S Street Footwear,54,14,756,Online
Sports Direct,03-09-2021,Northeast,Connecticut,Men'S Street Footwear,52,13,676,Online
Sports Direct,03-07-2021,Northeast,Connecticut,Men'S Street Footwear,54,19,1026,Online
Sports Direct,05-06-2021,Northeast,Connecticut,Men'S Street Footwear,50,18,900,Online
Sports Direct,04-08-2021,Northeast,Connecticut,Men'S Street Footwear,51,16,816,Online
Sports Direct,05-10-2021,Northeast,Connecticut,Men'S Street Footwear,59,11,649,Online
Sports Direct,20-09-2021,Northeast,Maryland,Men'S Street Footwear,49,13,637,Online
Sports Direct,21-08-2021,Northeast,Maryland,Men'S Street Footwear,48,14,672,Online
Sports Direct,22-10-2021,Northeast,Maryland,Men'S Street Footwear,52,11,572,Online
Sports Direct,15-06-2021,Northeast,Massachusetts,Men'S Street Footwear,51,16,816,Online
Sports Direct,13-07-2021,Northeast,Massachusetts,Men'S Street Footwear,52,15,780,Online
Sports Direct,13-09-2021,Northeast,Massachusetts,Men'S Street Footwear,53,14,742,Online
Sports Direct,13-05-2021,Northeast,Massachusetts,Men'S Street Footwear,53,13,689,Online
Sports Direct,13-03-2021,Northeast,Massachusetts,Men'S Street Footwear,38,13,494,Online
Sports Direct,14-08-2021,Northeast,Massachusetts,Men'S Street Footwear,50,16,800,Online
Sports Direct,14-04-2021,Northeast,Massachusetts,Men'S Street Footwear,38,12,456,Online
Sports Direct,15-10-2021,Northeast,Massachusetts,Men'S Street Footwear,57,12,684,Online
Sports Direct,06-12-2021,Northeast,New Jersey,Men'S Street Footwear,55,15,825,Online
Sports Direct,07-11-2021,Northeast,New Jersey,Men'S Street Footwear,59,11,649,Online
Sports Direct,05-02-2021,Northeast,New Jersey,Men'S Street Footwear,39,15,585,Online
Sports Direct,07-01-2021,Northeast,New Jersey,Men'S Street Footwear,38,13,494,Online
Sports Direct,15-02-2021,Northeast,Rhode Island,Men'S Street Footwear,36,14,504,Online
Sports Direct,17-01-2021,Northeast,Rhode Island,Men'S Street Footwear,38,13,494,Online
Sports Direct,07-11-2021,Northeast,Rhode Island,Men'S Street Footwear,55,10,550,Online
Sports Direct,06-12-2021,Northeast,Rhode Island,Men'S Street Footwear,54,14,756,Online
Sports Direct,05-02-2021,Northeast,Connecticut,Women'S Apparel,39,8,312,Online
Sports Direct,03-07-2021,Northeast,Connecticut,Women'S Apparel,56,14,784,Online
Sports Direct,03-03-2021,Northeast,Connecticut,Women'S Apparel,38,7,266,Online
Sports Direct,03-09-2021,Northeast,Connecticut,Women'S Apparel,54,8,432,Online
Sports Direct,03-05-2021,Northeast,Connecticut,Women'S Apparel,55,11,605,Online
Sports Direct,05-06-2021,Northeast,Connecticut,Women'S Apparel,56,12,672,Online
Sports Direct,04-04-2021,Northeast,Connecticut,Women'S Apparel,36,7,252,Online
Sports Direct,04-08-2021,Northeast,Connecticut,Women'S Apparel,55,11,605,Online
Sports Direct,20-09-2021,Northeast,Maryland,Women'S Apparel,54,5,270,Online
Sports Direct,20-07-2021,Northeast,Maryland,Women'S Apparel,54,10,540,Online
Sports Direct,21-08-2021,Northeast,Maryland,Women'S Apparel,53,8,424,Online
Sports Direct,15-06-2021,Northeast,Massachusetts,Women'S Apparel,54,10,540,Online
Sports Direct,13-03-2021,Northeast,Massachusetts,Women'S Apparel,39,5,195,Online
Sports Direct,13-05-2021,Northeast,Massachusetts,Women'S Apparel,55,9,495,Online
Sports Direct,13-07-2021,Northeast,Massachusetts,Women'S Apparel,55,13,715,Online
Sports Direct,15-02-2021,Northeast,Massachusetts,Women'S Apparel,38,8,304,Online
Sports Direct,14-04-2021,Northeast,Massachusetts,Women'S Apparel,39,8,312,Online
Sports Direct,13-09-2021,Northeast,Massachusetts,Women'S Apparel,57,6,342,Online
Sports Direct,14-08-2021,Northeast,Massachusetts,Women'S Apparel,58,9,522,Online
Sports Direct,07-01-2021,Northeast,New Jersey,Women'S Apparel,37,8,296,Online
Sports Direct,07-11-2021,Northeast,New Jersey,Women'S Apparel,59,9,531,Online
Sports Direct,08-10-2021,Northeast,New Jersey,Women'S Apparel,62,7,434,Online
Sports Direct,06-12-2021,Northeast,New Jersey,Women'S Apparel,59,10,590,Online
Sports Direct,17-01-2021,Northeast,Rhode Island,Women'S Apparel,38,7,266,Online
Sports Direct,08-10-2021,Northeast,Rhode Island,Women'S Apparel,64,6,384,Online
Sports Direct,07-11-2021,Northeast,Rhode Island,Women'S Apparel,60,8,480,Online
Sports Direct,06-12-2021,Northeast,Rhode Island,Women'S Apparel,60,9,540,Online
Sports Direct,05-10-2021,Northeast,Connecticut,Women'S Athletic Footwear,50,4,200,Online
Sports Direct,04-08-2021,Northeast,Connecticut,Women'S Athletic Footwear,41,7,287,Online
Sports Direct,03-05-2021,Northeast,Connecticut,Women'S Athletic Footwear,44,6,264,Online
Sports Direct,03-03-2021,Northeast,Connecticut,Women'S Athletic Footwear,32,3,96,Online
Sports Direct,05-06-2021,Northeast,Connecticut,Women'S Athletic Footwear,42,8,336,Online
Sports Direct,05-02-2021,Northeast,Connecticut,Women'S Athletic Footwear,32,3,96,Online
Sports Direct,03-07-2021,Northeast,Connecticut,Women'S Athletic Footwear,42,8,336,Online
Sports Direct,04-04-2021,Northeast,Connecticut,Women'S Athletic Footwear,32,4,128,Online
Sports Direct,03-09-2021,Northeast,Connecticut,Women'S Athletic Footwear,41,5,205,Online
Sports Direct,20-09-2021,Northeast,Maryland,Women'S Athletic Footwear,36,3,108,Online
Sports Direct,21-08-2021,Northeast,Maryland,Women'S Athletic Footwear,37,4,148,Online
Sports Direct,20-07-2021,Northeast,Maryland,Women'S Athletic Footwear,36,5,180,Online
Sports Direct,15-06-2021,Northeast,Massachusetts,Women'S Athletic Footwear,41,7,287,Online
Sports Direct,13-03-2021,Northeast,Massachusetts,Women'S Athletic Footwear,34,9,306,Online
Sports Direct,14-08-2021,Northeast,Massachusetts,Women'S Athletic Footwear,42,5,210,Online
Sports Direct,13-07-2021,Northeast,Massachusetts,Women'S Athletic Footwear,44,6,264,Online
Sports Direct,15-02-2021,Northeast,Massachusetts,Women'S Athletic Footwear,32,7,224,Online
Sports Direct,15-10-2021,Northeast,Massachusetts,Women'S Athletic Footwear,54,3,162,Online
Sports Direct,14-04-2021,Northeast,Massachusetts,Women'S Athletic Footwear,32,4,128,Online
Sports Direct,13-05-2021,Northeast,Massachusetts,Women'S Athletic Footwear,44,5,220,Online
Sports Direct,13-09-2021,Northeast,Massachusetts,Women'S Athletic Footwear,42,4,168,Online
Sports Direct,07-01-2021,Northeast,New Jersey,Women'S Athletic Footwear,33,4,132,Online
Sports Direct,06-12-2021,Northeast,New Jersey,Women'S Athletic Footwear,47,8,376,Online
Sports Direct,07-11-2021,Northeast,New Jersey,Women'S Athletic Footwear,49,7,343,Online
Sports Direct,17-01-2021,Northeast,Rhode Island,Women'S Athletic Footwear,34,3,102,Online
Sports Direct,06-12-2021,Northeast,Rhode Island,Women'S Athletic Footwear,48,7,336,Online
Sports Direct,07-11-2021,Northeast,Rhode Island,Women'S Athletic Footwear,48,6,288,Online
Sports Direct,03-05-2021,Northeast,Connecticut,Women'S Street Footwear,43,7,301,Online
Sports Direct,04-08-2021,Northeast,Connecticut,Women'S Street Footwear,41,9,369,Online
Sports Direct,04-04-2021,Northeast,Connecticut,Women'S Street Footwear,29,6,174,Online
Sports Direct,05-10-2021,Northeast,Connecticut,Women'S Street Footwear,53,5,265,Online
Sports Direct,03-09-2021,Northeast,Connecticut,Women'S Street Footwear,41,6,246,Online
Sports Direct,03-07-2021,Northeast,Connecticut,Women'S Street Footwear,44,8,352,Online
Sports Direct,03-03-2021,Northeast,Connecticut,Women'S Street Footwear,29,7,203,Online
Sports Direct,05-06-2021,Northeast,Connecticut,Women'S Street Footwear,42,9,378,Online
Sports Direct,22-10-2021,Northeast,Maryland,Women'S Street Footwear,49,3,147,Online
Sports Direct,20-07-2021,Northeast,Maryland,Women'S Street Footwear,37,6,222,Online
Sports Direct,20-09-2021,Northeast,Maryland,Women'S Street Footwear,38,4,152,Online
Sports Direct,21-08-2021,Northeast,Maryland,Women'S Street Footwear,39,6,234,Online
Sports Direct,14-04-2021,Northeast,Massachusetts,Women'S Street Footwear,29,4,116,Online
Sports Direct,14-08-2021,Northeast,Massachusetts,Women'S Street Footwear,42,7,294,Online
Sports Direct,15-10-2021,Northeast,Massachusetts,Women'S Street Footwear,53,3,159,Online
Sports Direct,15-06-2021,Northeast,Massachusetts,Women'S Street Footwear,42,7,294,Online
Sports Direct,13-09-2021,Northeast,Massachusetts,Women'S Street Footwear,41,4,164,Online
Sports Direct,13-07-2021,Northeast,Massachusetts,Women'S Street Footwear,41,8,328,Online
Sports Direct,13-03-2021,Northeast,Massachusetts,Women'S Street Footwear,28,5,140,Online
Sports Direct,13-05-2021,Northeast,Massachusetts,Women'S Street Footwear,41,6,246,Online
Sports Direct,07-01-2021,Northeast,New Jersey,Women'S Street Footwear,28,9,252,Online
Sports Direct,05-02-2021,Northeast,New Jersey,Women'S Street Footwear,29,7,203,Online
Sports Direct,06-12-2021,Northeast,New Jersey,Women'S Street Footwear,49,9,441,Online
Sports Direct,07-11-2021,Northeast,New Jersey,Women'S Street Footwear,48,7,336,Online
Sports Direct,17-01-2021,Northeast,Rhode Island,Women'S Street Footwear,27,7,189,Online
Sports Direct,15-02-2021,Northeast,Rhode Island,Women'S Street Footwear,29,6,174,Online
Sports Direct,06-12-2021,Northeast,Rhode Island,Women'S Street Footwear,47,7,329,Online
Sports Direct,07-11-2021,Northeast,Rhode Island,Women'S Street Footwear,48,6,288,Online
Walmart,23-04-2020,Northeast,New York,Men'S Apparel,58,25,1450,Online
Walmart,25-04-2020,Northeast,New York,Men'S Apparel,64,24,1536,Online
Walmart,01-05-2020,Northeast,New York,Men'S Apparel,64,25,1600,Online
Walmart,07-05-2020,Northeast,New York,Men'S Apparel,60,26,1560,Online
Walmart,17-04-2020,Northeast,New York,Men'S Apparel,54,27,1458,Online
Walmart,04-05-2020,Northeast,New York,Men'S Athletic Footwear,51,30,1530,Online
Walmart,28-04-2020,Northeast,New York,Men'S Athletic Footwear,53,27,1431,Online
Walmart,20-04-2020,Northeast,New York,Men'S Athletic Footwear,50,27,1350,Online
Walmart,27-04-2020,Northeast,New York,Men'S Street Footwear,60,30,1800,Online
Walmart,19-04-2020,Northeast,New York,Men'S Street Footwear,56,36,2016,Online
Walmart,03-05-2020,Northeast,New York,Men'S Street Footwear,62,31,1922,Online
Walmart,18-07-2020,Northeast,New York,Women'S Apparel,68,29,1972,Online
Walmart,18-04-2020,Northeast,New York,Women'S Apparel,62,29,1798,Online
Walmart,02-05-2020,Northeast,New York,Women'S Apparel,66,26,1716,Online
Walmart,26-04-2020,Northeast,New York,Women'S Apparel,68,29,1972,Online
Walmart,24-04-2020,Northeast,New York,Women'S Apparel,59,28,1652,Online
Walmart,22-04-2020,Northeast,New York,Women'S Athletic Footwear,47,25,1175,Online
Walmart,06-05-2020,Northeast,New York,Women'S Athletic Footwear,54,23,1242,Online
Walmart,30-04-2020,Northeast,New York,Women'S Athletic Footwear,50,25,1250,Online
Walmart,21-04-2020,Northeast,New York,Women'S Street Footwear,47,27,1269,Online
Walmart,05-05-2020,Northeast,New York,Women'S Street Footwear,54,29,1566,Online
Walmart,29-04-2020,Northeast,New York,Women'S Street Footwear,52,26,1352,Online
West Gear,20-05-2021,Northeast,Maryland,Men'S Apparel,49,4,196,Online
West Gear,20-03-2021,Northeast,Maryland,Men'S Apparel,43,2,86,Online
West Gear,21-04-2021,Northeast,Maryland,Men'S Apparel,41,2,82,Online
West Gear,22-02-2021,Northeast,Maryland,Men'S Apparel,41,3,123,Online
West Gear,09-11-2021,Northeast,New York,Men'S Apparel,62,15,930,Online
West Gear,10-02-2021,Northeast,New York,Men'S Apparel,50,15,750,Online
West Gear,08-07-2021,Northeast,New York,Men'S Apparel,62,17,1054,Online
West Gear,09-04-2021,Northeast,New York,Men'S Apparel,50,12,600,Online
West Gear,10-10-2021,Northeast,New York,Men'S Apparel,59,15,885,Online
West Gear,08-09-2021,Northeast,New York,Men'S Apparel,51,13,663,Online
West Gear,09-08-2021,Northeast,New York,Men'S Apparel,52,15,780,Online
West Gear,08-03-2021,Northeast,New York,Men'S Apparel,51,13,663,Online
West Gear,08-05-2021,Northeast,New York,Men'S Apparel,56,14,784,Online
West Gear,10-06-2021,Northeast,New York,Men'S Apparel,62,15,930,Online
West Gear,16-03-2021,Northeast,West Virginia,Men'S Apparel,37,6,222,Online
West Gear,18-09-2021,Northeast,West Virginia,Men'S Apparel,32,6,192,Online
West Gear,17-02-2021,Northeast,West Virginia,Men'S Apparel,48,7,336,Online
West Gear,18-05-2021,Northeast,West Virginia,Men'S Apparel,42,7,294,Online
West Gear,17-08-2021,Northeast,West Virginia,Men'S Apparel,49,7,343,Online
West Gear,16-07-2021,Northeast,West Virginia,Men'S Apparel,54,9,486,Online
West Gear,17-10-2021,Northeast,West Virginia,Men'S Apparel,41,5,205,Online
West Gear,17-06-2021,Northeast,West Virginia,Men'S Apparel,41,7,287,Online
West Gear,17-04-2021,Northeast,West Virginia,Men'S Apparel,60,6,360,Online
West Gear,20-05-2021,Northeast,Maryland,Men'S Athletic Footwear,42,5,210,Online
West Gear,21-04-2021,Northeast,Maryland,Men'S Athletic Footwear,32,3,96,Online
West Gear,20-03-2021,Northeast,Maryland,Men'S Athletic Footwear,34,4,136,Online
West Gear,22-06-2021,Northeast,Maryland,Men'S Athletic Footwear,41,8,328,Online
West Gear,09-04-2021,Northeast,New York,Men'S Athletic Footwear,43,15,645,Online
West Gear,08-09-2021,Northeast,New York,Men'S Athletic Footwear,48,16,768,Online
West Gear,09-08-2021,Northeast,New York,Men'S Athletic Footwear,55,21,1155,Online
West Gear,08-07-2021,Northeast,New York,Men'S Athletic Footwear,56,20,1120,Online
West Gear,08-03-2021,Northeast,New York,Men'S Athletic Footwear,44,17,748,Online
West Gear,10-10-2021,Northeast,New York,Men'S Athletic Footwear,46,16,736,Online
West Gear,08-05-2021,Northeast,New York,Men'S Athletic Footwear,53,16,848,Online
West Gear,10-06-2021,Northeast,New York,Men'S Athletic Footwear,54,18,972,Online
West Gear,09-11-2021,Northeast,New York,Men'S Athletic Footwear,49,16,784,Online
West Gear,08-12-2021,Northeast,New York,Men'S Athletic Footwear,51,17,867,Online
West Gear,11-11-2021,Northeast,Vermont,Men'S Athletic Footwear,55,8,440,Online
West Gear,22-02-2021,Northeast,West Virginia,Men'S Athletic Footwear,34,4,136,Online
West Gear,17-06-2021,Northeast,West Virginia,Men'S Athletic Footwear,37,12,444,Online
West Gear,18-05-2021,Northeast,West Virginia,Men'S Athletic Footwear,37,9,333,Online
West Gear,17-10-2021,Northeast,West Virginia,Men'S Athletic Footwear,32,8,256,Online
West Gear,18-09-2021,Northeast,West Virginia,Men'S Athletic Footwear,29,9,261,Online
West Gear,16-07-2021,Northeast,West Virginia,Men'S Athletic Footwear,50,12,600,Online
West Gear,16-03-2021,Northeast,West Virginia,Men'S Athletic Footwear,27,7,189,Online
West Gear,17-04-2021,Northeast,West Virginia,Men'S Athletic Footwear,28,8,224,Online
West Gear,17-08-2021,Northeast,West Virginia,Men'S Athletic Footwear,42,9,378,Online
West Gear,22-06-2021,Northeast,Maryland,Men'S Street Footwear,47,13,611,Online
West Gear,21-04-2021,Northeast,Maryland,Men'S Street Footwear,33,13,429,Online
West Gear,20-05-2021,Northeast,Maryland,Men'S Street Footwear,49,12,588,Online
West Gear,20-03-2021,Northeast,Maryland,Men'S Street Footwear,32,13,416,Online
West Gear,09-11-2021,Northeast,New York,Men'S Street Footwear,56,22,1232,Online
West Gear,08-07-2021,Northeast,New York,Men'S Street Footwear,59,25,1475,Online
West Gear,09-04-2021,Northeast,New York,Men'S Street Footwear,42,25,1050,Online
West Gear,10-06-2021,Northeast,New York,Men'S Street Footwear,59,26,1534,Online
West Gear,09-08-2021,Northeast,New York,Men'S Street Footwear,62,25,1550,Online
West Gear,10-10-2021,Northeast,New York,Men'S Street Footwear,57,21,1197,Online
West Gear,08-12-2021,Northeast,New York,Men'S Street Footwear,59,25,1475,Online
West Gear,08-03-2021,Northeast,New York,Men'S Street Footwear,44,25,1100,Online
West Gear,08-09-2021,Northeast,New York,Men'S Street Footwear,50,24,1200,Online
West Gear,08-05-2021,Northeast,New York,Men'S Street Footwear,50,26,1300,Online
West Gear,11-11-2021,Northeast,Vermont,Men'S Street Footwear,64,13,832,Online
West Gear,17-04-2021,Northeast,West Virginia,Men'S Street Footwear,27,14,378,Online
West Gear,16-03-2021,Northeast,West Virginia,Men'S Street Footwear,28,17,476,Online
West Gear,18-09-2021,Northeast,West Virginia,Men'S Street Footwear,34,15,510,Online
West Gear,17-06-2021,Northeast,West Virginia,Men'S Street Footwear,43,15,645,Online
West Gear,17-08-2021,Northeast,West Virginia,Men'S Street Footwear,46,13,598,Online
West Gear,16-07-2021,Northeast,West Virginia,Men'S Street Footwear,55,18,990,Online
West Gear,18-05-2021,Northeast,West Virginia,Men'S Street Footwear,58,18,1044,Online
West Gear,17-10-2021,Northeast,West Virginia,Men'S Street Footwear,41,12,492,Online
West Gear,20-05-2021,Northeast,Maryland,Women'S Apparel,52,6,312,Online
West Gear,22-02-2021,Northeast,Maryland,Women'S Apparel,34,6,204,Online
West Gear,21-04-2021,Northeast,Maryland,Women'S Apparel,32,5,160,Online
West Gear,20-03-2021,Northeast,Maryland,Women'S Apparel,33,5,165,Online
West Gear,08-03-2021,Northeast,New York,Women'S Apparel,43,16,688,Online
West Gear,09-08-2021,Northeast,New York,Women'S Apparel,55,22,1210,Online
West Gear,08-09-2021,Northeast,New York,Women'S Apparel,59,16,944,Online
West Gear,10-10-2021,Northeast,New York,Women'S Apparel,64,16,1024,Online
West Gear,10-06-2021,Northeast,New York,Women'S Apparel,69,18,1242,Online
West Gear,08-05-2021,Northeast,New York,Women'S Apparel,59,17,1003,Online
West Gear,10-02-2021,Northeast,New York,Women'S Apparel,42,18,756,Online
West Gear,09-11-2021,Northeast,New York,Women'S Apparel,68,18,1224,Online
West Gear,09-04-2021,Northeast,New York,Women'S Apparel,41,16,656,Online
West Gear,08-07-2021,Northeast,New York,Women'S Apparel,66,19,1254,Online
West Gear,12-10-2021,Northeast,Vermont,Women'S Apparel,71,8,568,Online
West Gear,18-09-2021,Northeast,West Virginia,Women'S Apparel,36,8,288,Online
West Gear,17-04-2021,Northeast,West Virginia,Women'S Apparel,47,9,423,Online
West Gear,17-06-2021,Northeast,West Virginia,Women'S Apparel,59,12,708,Online
West Gear,17-02-2021,Northeast,West Virginia,Women'S Apparel,24,11,264,Online
West Gear,16-03-2021,Northeast,West Virginia,Women'S Apparel,29,8,232,Online
West Gear,17-08-2021,Northeast,West Virginia,Women'S Apparel,54,12,648,Online
West Gear,16-07-2021,Northeast,West Virginia,Women'S Apparel,63,13,819,Online
West Gear,18-05-2021,Northeast,West Virginia,Women'S Apparel,52,10,520,Online
West Gear,20-03-2021,Northeast,Maryland,Women'S Athletic Footwear,29,1,29,Online
West Gear,21-04-2021,Northeast,Maryland,Women'S Athletic Footwear,27,1,27,Online
West Gear,20-05-2021,Northeast,Maryland,Women'S Athletic Footwear,37,3,111,Online
West Gear,22-02-2021,Northeast,Maryland,Women'S Athletic Footwear,28,1,28,Online
West Gear,09-08-2021,Northeast,New York,Women'S Athletic Footwear,41,15,615,Online
West Gear,08-05-2021,Northeast,New York,Women'S Athletic Footwear,47,13,611,Online
West Gear,09-11-2021,Northeast,New York,Women'S Athletic Footwear,47,14,658,Online
West Gear,09-04-2021,Northeast,New York,Women'S Athletic Footwear,37,14,518,Online
West Gear,08-03-2021,Northeast,New York,Women'S Athletic Footwear,39,11,429,Online
West Gear,08-09-2021,Northeast,New York,Women'S Athletic Footwear,44,14,616,Online
West Gear,10-10-2021,Northeast,New York,Women'S Athletic Footwear,45,14,630,Online
West Gear,10-06-2021,Northeast,New York,Women'S Athletic Footwear,49,14,686,Online
West Gear,10-02-2021,Northeast,New York,Women'S Athletic Footwear,37,13,481,Online
West Gear,08-07-2021,Northeast,New York,Women'S Athletic Footwear,53,15,795,Online
West Gear,18-09-2021,Northeast,West Virginia,Women'S Athletic Footwear,23,6,138,Online
West Gear,17-08-2021,Northeast,West Virginia,Women'S Athletic Footwear,36,7,252,Online
West Gear,16-07-2021,Northeast,West Virginia,Women'S Athletic Footwear,48,8,384,Online
West Gear,17-04-2021,Northeast,West Virginia,Women'S Athletic Footwear,25,5,125,Online
West Gear,17-06-2021,Northeast,West Virginia,Women'S Athletic Footwear,33,7,231,Online
West Gear,16-03-2021,Northeast,West Virginia,Women'S Athletic Footwear,23,5,115,Online
West Gear,17-10-2021,Northeast,West Virginia,Women'S Athletic Footwear,32,5,160,Online
West Gear,17-02-2021,Northeast,West Virginia,Women'S Athletic Footwear,34,5,170,Online
West Gear,18-05-2021,Northeast,West Virginia,Women'S Athletic Footwear,33,5,165,Online
West Gear,20-05-2021,Northeast,Maryland,Women'S Street Footwear,36,4,144,Online
West Gear,21-04-2021,Northeast,Maryland,Women'S Street Footwear,24,3,72,Online
West Gear,20-03-2021,Northeast,Maryland,Women'S Street Footwear,24,5,120,Online
West Gear,08-09-2021,Northeast,New York,Women'S Street Footwear,41,14,574,Online
West Gear,08-07-2021,Northeast,New York,Women'S Street Footwear,51,17,867,Online
West Gear,08-03-2021,Northeast,New York,Women'S Street Footwear,33,16,528,Online
West Gear,09-04-2021,Northeast,New York,Women'S Street Footwear,34,15,510,Online
West Gear,09-11-2021,Northeast,New York,Women'S Street Footwear,45,15,675,Online
West Gear,08-05-2021,Northeast,New York,Women'S Street Footwear,49,16,784,Online
West Gear,09-08-2021,Northeast,New York,Women'S Street Footwear,51,19,969,Online
West Gear,10-06-2021,Northeast,New York,Women'S Street Footwear,48,15,720,Online
West Gear,10-10-2021,Northeast,New York,Women'S Street Footwear,46,14,644,Online
West Gear,11-11-2021,Northeast,Vermont,Women'S Street Footwear,57,10,570,Online
West Gear,22-02-2021,Northeast,West Virginia,Women'S Street Footwear,24,5,120,Online
West Gear,17-08-2021,Northeast,West Virginia,Women'S Street Footwear,38,9,342,Online
West Gear,17-10-2021,Northeast,West Virginia,Women'S Street Footwear,33,4,132,Online
West Gear,16-07-2021,Northeast,West Virginia,Women'S Street Footwear,49,10,490,Online
West Gear,16-12-2021,Northeast,West Virginia,Women'S Street Footwear,50,11,550,Online
West Gear,17-04-2021,Northeast,West Virginia,Women'S Street Footwear,19,7,133,Online
West Gear,16-03-2021,Northeast,West Virginia,Women'S Street Footwear,19,9,171,Online
West Gear,18-09-2021,Northeast,West Virginia,Women'S Street Footwear,24,7,168,Online
West Gear,17-06-2021,Northeast,West Virginia,Women'S Street Footwear,33,8,264,Online
West Gear,18-05-2021,Northeast,West Virginia,Women'S Street Footwear,32,8,256,Online
Amazon,13-10-2021,South,Alabama,Men'S Athletic Footwear,38,8,304,Online
Amazon,12-10-2021,South,Alabama,Men'S Street Footwear,38,12,456,Online
Amazon,15-10-2021,South,Alabama,Women'S Athletic Footwear,34,3,102,Online
Amazon,14-10-2021,South,Alabama,Women'S Street Footwear,28,6,168,Online
Foot Locker,16-03-2021,South,Mississippi,Men'S Apparel,35,33,1155,Online
Foot Locker,17-04-2021,South,Mississippi,Men'S Apparel,40,33,1320,Online
Foot Locker,18-02-2021,South,Mississippi,Men'S Apparel,40,40,1600,Online
Foot Locker,16-05-2021,South,Mississippi,Men'S Apparel,45,40,1800,Online
Foot Locker,18-06-2021,South,Mississippi,Men'S Apparel,60,45,2700,Online
Foot Locker,18-06-2021,South,Mississippi,Men'S Apparel,57,14,798,Online
Foot Locker,16-03-2021,South,Mississippi,Men'S Apparel,32,8,256,Online
Foot Locker,18-02-2021,South,Mississippi,Men'S Apparel,39,11,429,Online
Foot Locker,16-05-2021,South,Mississippi,Men'S Apparel,41,12,492,Online
Foot Locker,17-04-2021,South,Mississippi,Men'S Apparel,38,8,304,Online
Foot Locker,17-04-2021,South,Mississippi,Men'S Athletic Footwear,25,38,950,Online
Foot Locker,16-03-2021,South,Mississippi,Men'S Athletic Footwear,25,40,1000,Online
Foot Locker,16-05-2021,South,Mississippi,Men'S Athletic Footwear,40,45,1800,Online
Foot Locker,18-06-2021,South,Mississippi,Men'S Athletic Footwear,40,50,2000,Online
Foot Locker,16-05-2021,South,Mississippi,Men'S Athletic Footwear,37,13,481,Online
Foot Locker,16-03-2021,South,Mississippi,Men'S Athletic Footwear,24,10,240,Online
Foot Locker,18-06-2021,South,Mississippi,Men'S Athletic Footwear,37,13,481,Online
Foot Locker,17-04-2021,South,Mississippi,Men'S Athletic Footwear,23,11,253,Online
Foot Locker,22-05-2021,South,Tennessee,Men'S Athletic Footwear,32,6,192,Online
Foot Locker,23-10-2021,South,Texas,Men'S Athletic Footwear,41,7,287,Online
Foot Locker,17-04-2021,South,Mississippi,Men'S Street Footwear,25,68,1700,Online
Foot Locker,16-03-2021,South,Mississippi,Men'S Street Footwear,25,72,1800,Online
Foot Locker,16-05-2021,South,Mississippi,Men'S Street Footwear,40,75,3000,Online
Foot Locker,18-06-2021,South,Mississippi,Men'S Street Footwear,45,75,3375,Online
Foot Locker,16-07-2021,South,Mississippi,Men'S Street Footwear,60,85,5100,Online
Foot Locker,16-07-2021,South,Mississippi,Men'S Street Footwear,58,22,1276,Online
Foot Locker,18-06-2021,South,Mississippi,Men'S Street Footwear,44,21,924,Online
Foot Locker,17-04-2021,South,Mississippi,Men'S Street Footwear,23,17,391,Online
Foot Locker,16-03-2021,South,Mississippi,Men'S Street Footwear,23,19,437,Online
Foot Locker,16-05-2021,South,Mississippi,Men'S Street Footwear,39,19,741,Online
Foot Locker,21-05-2021,South,Tennessee,Men'S Street Footwear,32,12,384,Online
Foot Locker,22-10-2021,South,Texas,Men'S Street Footwear,44,11,484,Online
Foot Locker,16-03-2021,South,Mississippi,Women'S Apparel,25,43,1075,Online
Foot Locker,18-02-2021,South,Mississippi,Women'S Apparel,25,50,1250,Online
Foot Locker,17-04-2021,South,Mississippi,Women'S Apparel,30,48,1440,Online
Foot Locker,16-05-2021,South,Mississippi,Women'S Apparel,50,50,2500,Online
Foot Locker,18-06-2021,South,Mississippi,Women'S Apparel,65,63,4095,Online
Foot Locker,18-02-2021,South,Mississippi,Women'S Apparel,24,13,312,Online
Foot Locker,17-04-2021,South,Mississippi,Women'S Apparel,28,12,336,Online
Foot Locker,16-03-2021,South,Mississippi,Women'S Apparel,24,12,288,Online
Foot Locker,18-06-2021,South,Mississippi,Women'S Apparel,60,19,1140,Online
Foot Locker,16-05-2021,South,Mississippi,Women'S Apparel,47,14,658,Online
Foot Locker,16-03-2021,South,Mississippi,Women'S Athletic Footwear,20,28,560,Online
Foot Locker,17-04-2021,South,Mississippi,Women'S Athletic Footwear,20,30,600,Online
Foot Locker,18-02-2021,South,Mississippi,Women'S Athletic Footwear,25,33,825,Online
Foot Locker,16-05-2021,South,Mississippi,Women'S Athletic Footwear,35,38,1330,Online
Foot Locker,18-06-2021,South,Mississippi,Women'S Athletic Footwear,45,45,2025,Online
Foot Locker,18-02-2021,South,Mississippi,Women'S Athletic Footwear,25,9,225,Online
Foot Locker,18-06-2021,South,Mississippi,Women'S Athletic Footwear,43,12,516,Online
Foot Locker,16-05-2021,South,Mississippi,Women'S Athletic Footwear,33,10,330,Online
Foot Locker,17-04-2021,South,Mississippi,Women'S Athletic Footwear,19,8,152,Online
Foot Locker,16-03-2021,South,Mississippi,Women'S Athletic Footwear,19,8,152,Online
Foot Locker,24-05-2021,South,Tennessee,Women'S Athletic Footwear,27,2,54,Online
Foot Locker,25-10-2021,South,Texas,Women'S Athletic Footwear,38,2,76,Online
Foot Locker,17-04-2021,South,Mississippi,Women'S Street Footwear,15,38,570,Online
Foot Locker,16-03-2021,South,Mississippi,Women'S Street Footwear,15,43,645,Online
Foot Locker,16-05-2021,South,Mississippi,Women'S Street Footwear,35,43,1505,Online
Foot Locker,18-06-2021,South,Mississippi,Women'S Street Footwear,45,48,2160,Online
Foot Locker,16-03-2021,South,Mississippi,Women'S Street Footwear,14,13,182,Online
Foot Locker,16-05-2021,South,Mississippi,Women'S Street Footwear,33,12,396,Online
Foot Locker,17-04-2021,South,Mississippi,Women'S Street Footwear,14,10,140,Online
Foot Locker,18-06-2021,South,Mississippi,Women'S Street Footwear,41,14,574,Online
Foot Locker,23-05-2021,South,Tennessee,Women'S Street Footwear,24,7,168,Online
Foot Locker,24-10-2021,South,Texas,Women'S Street Footwear,33,6,198,Online
Sports Direct,16-12-2021,South,Mississippi,Men'S Apparel,70,48,3360,Online
Sports Direct,17-11-2021,South,Mississippi,Men'S Apparel,75,43,3225,Online
Sports Direct,17-11-2021,South,Mississippi,Men'S Apparel,71,12,852,Online
Sports Direct,16-12-2021,South,Mississippi,Men'S Apparel,65,12,780,Online
Sports Direct,17-11-2021,South,Mississippi,Men'S Athletic Footwear,20,45,900,Online
Sports Direct,16-12-2021,South,Mississippi,Men'S Athletic Footwear,60,58,3480,Online
Sports Direct,17-11-2021,South,Mississippi,Men'S Athletic Footwear,18,12,216,Online
Sports Direct,16-12-2021,South,Mississippi,Men'S Athletic Footwear,58,16,928,Online
Sports Direct,17-11-2021,South,Mississippi,Men'S Street Footwear,30,63,1890,Online
Sports Direct,16-12-2021,South,Mississippi,Men'S Street Footwear,70,78,5460,Online
Sports Direct,16-12-2021,South,Mississippi,Men'S Street Footwear,68,19,1292,Online
Sports Direct,17-11-2021,South,Mississippi,Men'S Street Footwear,28,16,448,Online
Sports Direct,18-10-2021,South,Mississippi,Women'S Apparel,35,48,1680,Online
Sports Direct,17-11-2021,South,Mississippi,Women'S Apparel,75,53,3975,Online
Sports Direct,16-12-2021,South,Mississippi,Women'S Apparel,75,58,4350,Online
Sports Direct,17-11-2021,South,Mississippi,Women'S Apparel,68,16,1088,Online
Sports Direct,16-12-2021,South,Mississippi,Women'S Apparel,71,14,994,Online
Sports Direct,18-10-2021,South,Mississippi,Women'S Apparel,33,12,396,Online
Sports Direct,16-12-2021,South,Mississippi,Women'S Athletic Footwear,60,48,2880,Online
Sports Direct,17-11-2021,South,Mississippi,Women'S Athletic Footwear,60,45,2700,Online
Sports Direct,16-12-2021,South,Mississippi,Women'S Athletic Footwear,56,13,728,Online
Sports Direct,17-11-2021,South,Mississippi,Women'S Athletic Footwear,54,12,648,Online
Sports Direct,17-11-2021,South,Mississippi,Women'S Street Footwear,30,40,1200,Online
Sports Direct,16-12-2021,South,Mississippi,Women'S Street Footwear,60,53,3180,Online
Sports Direct,17-11-2021,South,Mississippi,Women'S Street Footwear,28,11,308,Online
Sports Direct,16-12-2021,South,Mississippi,Women'S Street Footwear,59,14,826,Online
Walmart,16-09-2021,South,Mississippi,Men'S Apparel,30,40,1200,Online
Walmart,18-10-2021,South,Mississippi,Men'S Apparel,35,35,1225,Online
Walmart,17-08-2021,South,Mississippi,Men'S Apparel,50,45,2250,Online
Walmart,16-07-2021,South,Mississippi,Men'S Apparel,60,50,3000,Online
Walmart,17-08-2021,South,Mississippi,Men'S Apparel,46,12,552,Online
Walmart,16-09-2021,South,Mississippi,Men'S Apparel,29,11,319,Online
Walmart,16-07-2021,South,Mississippi,Men'S Apparel,59,15,885,Online
Walmart,18-10-2021,South,Mississippi,Men'S Apparel,32,10,320,Online
Walmart,18-10-2021,South,Mississippi,Men'S Athletic Footwear,25,50,1250,Online
Walmart,16-09-2021,South,Mississippi,Men'S Athletic Footwear,45,53,2385,Online
Walmart,16-07-2021,South,Mississippi,Men'S Athletic Footwear,55,60,3300,Online
Walmart,17-08-2021,South,Mississippi,Men'S Athletic Footwear,55,60,3300,Online
Walmart,18-10-2021,South,Mississippi,Men'S Athletic Footwear,25,15,375,Online
Walmart,16-09-2021,South,Mississippi,Men'S Athletic Footwear,42,15,630,Online
Walmart,16-07-2021,South,Mississippi,Men'S Athletic Footwear,53,16,848,Online
Walmart,17-08-2021,South,Mississippi,Men'S Athletic Footwear,50,17,850,Online
Walmart,18-10-2021,South,Mississippi,Men'S Street Footwear,35,68,2380,Online
Walmart,16-09-2021,South,Mississippi,Men'S Street Footwear,50,73,3650,Online
Walmart,17-08-2021,South,Mississippi,Men'S Street Footwear,60,83,4980,Online
Walmart,18-10-2021,South,Mississippi,Men'S Street Footwear,32,18,576,Online
Walmart,16-09-2021,South,Mississippi,Men'S Street Footwear,47,20,940,Online
Walmart,17-08-2021,South,Mississippi,Men'S Street Footwear,56,22,1232,Online
Walmart,16-09-2021,South,Mississippi,Women'S Apparel,35,50,1750,Online
Walmart,17-08-2021,South,Mississippi,Women'S Apparel,55,63,3465,Online
Walmart,16-07-2021,South,Mississippi,Women'S Apparel,65,68,4420,Online
Walmart,16-07-2021,South,Mississippi,Women'S Apparel,61,18,1098,Online
Walmart,16-09-2021,South,Mississippi,Women'S Apparel,32,13,416,Online
Walmart,17-08-2021,South,Mississippi,Women'S Apparel,53,17,901,Online
Walmart,16-09-2021,South,Mississippi,Women'S Athletic Footwear,20,40,800,Online
Walmart,18-10-2021,South,Mississippi,Women'S Athletic Footwear,25,35,875,Online
Walmart,17-08-2021,South,Mississippi,Women'S Athletic Footwear,40,48,1920,Online
Walmart,16-07-2021,South,Mississippi,Women'S Athletic Footwear,50,48,2400,Online
Walmart,18-10-2021,South,Mississippi,Women'S Athletic Footwear,23,11,253,Online
Walmart,17-08-2021,South,Mississippi,Women'S Athletic Footwear,39,13,507,Online
Walmart,16-07-2021,South,Mississippi,Women'S Athletic Footwear,48,12,576,Online
Walmart,16-09-2021,South,Mississippi,Women'S Athletic Footwear,19,10,190,Online
Walmart,16-09-2021,South,Mississippi,Women'S Street Footwear,20,43,860,Online
Walmart,18-10-2021,South,Mississippi,Women'S Street Footwear,25,38,950,Online
Walmart,16-07-2021,South,Mississippi,Women'S Street Footwear,50,53,2650,Online
Walmart,17-08-2021,South,Mississippi,Women'S Street Footwear,50,53,2650,Online
Walmart,16-09-2021,South,Mississippi,Women'S Street Footwear,19,12,228,Online
Walmart,16-07-2021,South,Mississippi,Women'S Street Footwear,48,14,672,Online
Walmart,17-08-2021,South,Mississippi,Women'S Street Footwear,48,15,720,Online
Walmart,18-10-2021,South,Mississippi,Women'S Street Footwear,24,10,240,Online
Amazon,23-09-2021,Southeast,Kentucky,Men'S Apparel,45,20,900,Online
Amazon,22-02-2021,Southeast,Kentucky,Men'S Apparel,50,20,1000,Online
Amazon,22-04-2021,Southeast,Kentucky,Men'S Apparel,50,13,650,Online
Amazon,23-05-2021,Southeast,Kentucky,Men'S Apparel,50,15,750,Online
Amazon,22-06-2021,Southeast,Kentucky,Men'S Apparel,50,20,1000,Online
Amazon,22-08-2021,Southeast,Kentucky,Men'S Apparel,50,23,1150,Online
Amazon,21-07-2021,Southeast,Kentucky,Men'S Apparel,50,25,1250,Online
Amazon,21-03-2021,Southeast,Kentucky,Men'S Apparel,55,15,825,Online
Amazon,22-10-2021,Southeast,Kentucky,Men'S Apparel,55,15,825,Online
Amazon,23-05-2021,Southeast,Kentucky,Men'S Apparel,46,4,184,Online
Amazon,21-07-2021,Southeast,Kentucky,Men'S Apparel,46,8,368,Online
Amazon,21-03-2021,Southeast,Kentucky,Men'S Apparel,52,4,208,Online
Amazon,23-09-2021,Southeast,Kentucky,Men'S Apparel,43,6,258,Online
Amazon,22-02-2021,Southeast,Kentucky,Men'S Apparel,48,5,240,Online
Amazon,22-04-2021,Southeast,Kentucky,Men'S Apparel,47,4,188,Online
Amazon,22-06-2021,Southeast,Kentucky,Men'S Apparel,49,5,245,Online
Amazon,22-08-2021,Southeast,Kentucky,Men'S Apparel,49,7,343,Online
Amazon,22-10-2021,Southeast,Kentucky,Men'S Apparel,53,4,212,Online
Amazon,13-01-2021,Southeast,North Carolina,Men'S Apparel,45,48,2160,Online
Amazon,02-12-2021,Southeast,North Carolina,Men'S Apparel,70,68,4760,Online
Amazon,02-12-2021,Southeast,North Carolina,Men'S Apparel,65,17,1105,Online
Amazon,13-01-2021,Southeast,North Carolina,Men'S Apparel,44,13,572,Online
Amazon,22-06-2021,Southeast,Kentucky,Men'S Athletic Footwear,35,28,980,Online
Amazon,22-11-2021,Southeast,Kentucky,Men'S Athletic Footwear,40,28,1120,Online
Amazon,22-04-2021,Southeast,Kentucky,Men'S Athletic Footwear,45,18,810,Online
Amazon,21-03-2021,Southeast,Kentucky,Men'S Athletic Footwear,45,23,1035,Online
Amazon,22-10-2021,Southeast,Kentucky,Men'S Athletic Footwear,45,28,1260,Online
Amazon,23-05-2021,Southeast,Kentucky,Men'S Athletic Footwear,45,23,1035,Online
Amazon,23-09-2021,Southeast,Kentucky,Men'S Athletic Footwear,45,33,1485,Online
Amazon,21-07-2021,Southeast,Kentucky,Men'S Athletic Footwear,45,35,1575,Online
Amazon,22-08-2021,Southeast,Kentucky,Men'S Athletic Footwear,45,35,1575,Online
Amazon,22-11-2021,Southeast,Kentucky,Men'S Athletic Footwear,39,7,273,Online
Amazon,22-08-2021,Southeast,Kentucky,Men'S Athletic Footwear,41,9,369,Online
Amazon,22-04-2021,Southeast,Kentucky,Men'S Athletic Footwear,41,5,205,Online
Amazon,22-06-2021,Southeast,Kentucky,Men'S Athletic Footwear,33,8,264,Online
Amazon,21-03-2021,Southeast,Kentucky,Men'S Athletic Footwear,41,6,246,Online
Amazon,23-09-2021,Southeast,Kentucky,Men'S Athletic Footwear,44,9,396,Online
Amazon,21-07-2021,Southeast,Kentucky,Men'S Athletic Footwear,44,10,440,Online
Amazon,22-10-2021,Southeast,Kentucky,Men'S Athletic Footwear,41,8,328,Online
Amazon,23-05-2021,Southeast,Kentucky,Men'S Athletic Footwear,42,7,294,Online
Amazon,11-02-2021,Southeast,North Carolina,Men'S Athletic Footwear,35,48,1680,Online
Amazon,13-01-2021,Southeast,North Carolina,Men'S Athletic Footwear,35,58,2030,Online
Amazon,11-02-2021,Southeast,North Carolina,Men'S Athletic Footwear,33,14,462,Online
Amazon,13-01-2021,Southeast,North Carolina,Men'S Athletic Footwear,33,15,495,Online
Amazon,22-06-2021,Southeast,Kentucky,Men'S Street Footwear,40,53,2120,Online
Amazon,22-04-2021,Southeast,Kentucky,Men'S Street Footwear,45,48,2160,Online
Amazon,21-03-2021,Southeast,Kentucky,Men'S Street Footwear,45,52,2340,Online
Amazon,22-11-2021,Southeast,Kentucky,Men'S Street Footwear,50,43,2150,Online
Amazon,23-05-2021,Southeast,Kentucky,Men'S Street Footwear,50,52,2600,Online
Amazon,23-09-2021,Southeast,Kentucky,Men'S Street Footwear,50,53,2650,Online
Amazon,22-08-2021,Southeast,Kentucky,Men'S Street Footwear,50,58,2900,Online
Amazon,21-07-2021,Southeast,Kentucky,Men'S Street Footwear,50,60,3000,Online
Amazon,22-10-2021,Southeast,Kentucky,Men'S Street Footwear,55,45,2475,Online
Amazon,22-06-2021,Southeast,Kentucky,Men'S Street Footwear,36,14,504,Online
Amazon,21-03-2021,Southeast,Kentucky,Men'S Street Footwear,41,16,656,Online
Amazon,23-05-2021,Southeast,Kentucky,Men'S Street Footwear,49,16,784,Online
Amazon,22-11-2021,Southeast,Kentucky,Men'S Street Footwear,48,12,576,Online
Amazon,23-09-2021,Southeast,Kentucky,Men'S Street Footwear,48,14,672,Online
Amazon,22-08-2021,Southeast,Kentucky,Men'S Street Footwear,46,17,782,Online
Amazon,22-04-2021,Southeast,Kentucky,Men'S Street Footwear,41,12,492,Online
Amazon,21-07-2021,Southeast,Kentucky,Men'S Street Footwear,47,17,799,Online
Amazon,22-10-2021,Southeast,Kentucky,Men'S Street Footwear,53,13,689,Online
Amazon,13-01-2021,Southeast,North Carolina,Men'S Street Footwear,35,78,2730,Online
Amazon,11-02-2021,Southeast,North Carolina,Men'S Street Footwear,35,83,2905,Online
Amazon,11-02-2021,Southeast,North Carolina,Men'S Street Footwear,32,23,736,Online
Amazon,13-01-2021,Southeast,North Carolina,Men'S Street Footwear,32,19,608,Online
Amazon,22-04-2021,Southeast,Kentucky,Women'S Apparel,40,25,1000,Online
Amazon,22-02-2021,Southeast,Kentucky,Women'S Apparel,40,30,1200,Online
Amazon,21-03-2021,Southeast,Kentucky,Women'S Apparel,45,25,1125,Online
Amazon,23-09-2021,Southeast,Kentucky,Women'S Apparel,50,28,1400,Online
Amazon,22-10-2021,Southeast,Kentucky,Women'S Apparel,55,28,1540,Online
Amazon,23-05-2021,Southeast,Kentucky,Women'S Apparel,55,28,1540,Online
Amazon,22-06-2021,Southeast,Kentucky,Women'S Apparel,55,38,2090,Online
Amazon,22-08-2021,Southeast,Kentucky,Women'S Apparel,55,40,2200,Online
Amazon,21-07-2021,Southeast,Kentucky,Women'S Apparel,55,43,2365,Online
Amazon,22-04-2021,Southeast,Kentucky,Women'S Apparel,36,8,288,Online
Amazon,22-10-2021,Southeast,Kentucky,Women'S Apparel,53,8,424,Online
Amazon,22-02-2021,Southeast,Kentucky,Women'S Apparel,39,8,312,Online
Amazon,21-03-2021,Southeast,Kentucky,Women'S Apparel,42,7,294,Online
Amazon,23-05-2021,Southeast,Kentucky,Women'S Apparel,51,8,408,Online
Amazon,23-09-2021,Southeast,Kentucky,Women'S Apparel,49,7,343,Online
Amazon,22-06-2021,Southeast,Kentucky,Women'S Apparel,52,10,520,Online
Amazon,21-07-2021,Southeast,Kentucky,Women'S Apparel,50,12,600,Online
Amazon,22-08-2021,Southeast,Kentucky,Women'S Apparel,51,12,612,Online
Amazon,13-01-2021,Southeast,North Carolina,Women'S Apparel,35,58,2030,Online
Amazon,02-12-2021,Southeast,North Carolina,Women'S Apparel,75,78,5850,Online
Amazon,13-01-2021,Southeast,North Carolina,Women'S Apparel,32,17,544,Online
Amazon,02-12-2021,Southeast,North Carolina,Women'S Apparel,69,23,1587,Online
Amazon,22-06-2021,Southeast,Kentucky,Women'S Athletic Footwear,30,20,600,Online
Amazon,22-02-2021,Southeast,Kentucky,Women'S Athletic Footwear,35,13,455,Online
Amazon,23-09-2021,Southeast,Kentucky,Women'S Athletic Footwear,35,20,700,Online
Amazon,21-03-2021,Southeast,Kentucky,Women'S Athletic Footwear,40,10,400,Online
Amazon,23-05-2021,Southeast,Kentucky,Women'S Athletic Footwear,40,13,520,Online
Amazon,21-07-2021,Southeast,Kentucky,Women'S Athletic Footwear,40,23,920,Online
Amazon,22-08-2021,Southeast,Kentucky,Women'S Athletic Footwear,40,25,1000,Online
Amazon,22-04-2021,Southeast,Kentucky,Women'S Athletic Footwear,45,10,450,Online
Amazon,22-10-2021,Southeast,Kentucky,Women'S Athletic Footwear,45,15,675,Online
Amazon,22-08-2021,Southeast,Kentucky,Women'S Athletic Footwear,38,8,304,Online
Amazon,22-04-2021,Southeast,Kentucky,Women'S Athletic Footwear,42,3,126,Online
Amazon,23-09-2021,Southeast,Kentucky,Women'S Athletic Footwear,32,5,160,Online
Amazon,21-03-2021,Southeast,Kentucky,Women'S Athletic Footwear,36,3,108,Online
Amazon,22-10-2021,Southeast,Kentucky,Women'S Athletic Footwear,41,4,164,Online
Amazon,22-02-2021,Southeast,Kentucky,Women'S Athletic Footwear,34,3,102,Online
Amazon,21-07-2021,Southeast,Kentucky,Women'S Athletic Footwear,37,6,222,Online
Amazon,23-05-2021,Southeast,Kentucky,Women'S Athletic Footwear,38,4,152,Online
Amazon,22-06-2021,Southeast,Kentucky,Women'S Athletic Footwear,29,5,145,Online
Amazon,13-01-2021,Southeast,North Carolina,Women'S Athletic Footwear,30,43,1290,Online
Amazon,02-12-2021,Southeast,North Carolina,Women'S Athletic Footwear,60,68,4080,Online
Amazon,13-01-2021,Southeast,North Carolina,Women'S Athletic Footwear,29,12,348,Online
Amazon,02-12-2021,Southeast,North Carolina,Women'S Athletic Footwear,55,20,1100,Online
Amazon,22-06-2021,Southeast,Kentucky,Women'S Street Footwear,30,23,690,Online
Amazon,23-09-2021,Southeast,Kentucky,Women'S Street Footwear,35,23,805,Online
Amazon,21-03-2021,Southeast,Kentucky,Women'S Street Footwear,35,25,875,Online
Amazon,22-04-2021,Southeast,Kentucky,Women'S Street Footwear,40,18,720,Online
Amazon,23-05-2021,Southeast,Kentucky,Women'S Street Footwear,40,20,800,Online
Amazon,21-07-2021,Southeast,Kentucky,Women'S Street Footwear,40,28,1120,Online
Amazon,22-08-2021,Southeast,Kentucky,Women'S Street Footwear,40,28,1120,Online
Amazon,22-10-2021,Southeast,Kentucky,Women'S Street Footwear,45,18,810,Online
Amazon,22-11-2021,Southeast,Kentucky,Women'S Street Footwear,45,22,990,Online
Amazon,21-03-2021,Southeast,Kentucky,Women'S Street Footwear,34,7,238,Online
Amazon,22-11-2021,Southeast,Kentucky,Women'S Street Footwear,41,6,246,Online
Amazon,23-05-2021,Southeast,Kentucky,Women'S Street Footwear,38,6,228,Online
Amazon,21-07-2021,Southeast,Kentucky,Women'S Street Footwear,38,7,266,Online
Amazon,23-09-2021,Southeast,Kentucky,Women'S Street Footwear,33,7,231,Online
Amazon,22-08-2021,Southeast,Kentucky,Women'S Street Footwear,36,8,288,Online
Amazon,22-10-2021,Southeast,Kentucky,Women'S Street Footwear,43,5,215,Online
Amazon,22-06-2021,Southeast,Kentucky,Women'S Street Footwear,28,6,168,Online
Amazon,22-04-2021,Southeast,Kentucky,Women'S Street Footwear,38,5,190,Online
Amazon,11-02-2021,Southeast,North Carolina,Women'S Street Footwear,25,53,1325,Online
Amazon,13-01-2021,Southeast,North Carolina,Women'S Street Footwear,25,58,1450,Online
Amazon,02-12-2021,Southeast,North Carolina,Women'S Street Footwear,60,73,4380,Online
Amazon,11-02-2021,Southeast,North Carolina,Women'S Street Footwear,23,16,368,Online
Amazon,02-12-2021,Southeast,North Carolina,Women'S Street Footwear,55,22,1210,Online
Amazon,13-01-2021,Southeast,North Carolina,Women'S Street Footwear,24,17,408,Online
Foot Locker,21-09-2020,Southeast,Florida,Men'S Apparel,52,23,1196,Online
Foot Locker,22-08-2020,Southeast,Florida,Men'S Apparel,53,18,954,Online
Foot Locker,16-08-2020,Southeast,Florida,Men'S Apparel,53,22,1166,Online
Foot Locker,24-05-2020,Southeast,Florida,Men'S Apparel,60,20,1200,Online
Foot Locker,10-08-2020,Southeast,Florida,Men'S Apparel,50,20,1000,Online
Foot Locker,09-01-2021,Southeast,Georgia,Men'S Apparel,50,73,3650,Online
Foot Locker,09-01-2021,Southeast,Georgia,Men'S Apparel,47,19,893,Online
Foot Locker,20-01-2021,Southeast,Kentucky,Men'S Apparel,40,43,1720,Online
Foot Locker,21-12-2021,Southeast,Kentucky,Men'S Apparel,60,23,1380,Online
Foot Locker,22-11-2021,Southeast,Kentucky,Men'S Apparel,65,18,1170,Online
Foot Locker,21-12-2021,Southeast,Kentucky,Men'S Apparel,54,7,378,Online
Foot Locker,20-01-2021,Southeast,Kentucky,Men'S Apparel,38,12,456,Online
Foot Locker,22-11-2021,Southeast,Kentucky,Men'S Apparel,59,5,295,Online
Foot Locker,05-03-2021,Southeast,South Carolina,Men'S Apparel,45,63,2835,Online
Foot Locker,06-04-2021,Southeast,South Carolina,Men'S Apparel,50,63,3150,Online
Foot Locker,07-02-2021,Southeast,South Carolina,Men'S Apparel,50,70,3500,Online
Foot Locker,05-09-2021,Southeast,South Carolina,Men'S Apparel,50,70,3500,Online
Foot Locker,05-05-2021,Southeast,South Carolina,Men'S Apparel,55,70,3850,Online
Foot Locker,07-10-2021,Southeast,South Carolina,Men'S Apparel,55,65,3575,Online
Foot Locker,06-08-2021,Southeast,South Carolina,Men'S Apparel,55,75,4125,Online
Foot Locker,07-06-2021,Southeast,South Carolina,Men'S Apparel,65,75,4875,Online
Foot Locker,05-07-2021,Southeast,South Carolina,Men'S Apparel,65,80,5200,Online
Foot Locker,06-11-2021,Southeast,South Carolina,Men'S Apparel,70,73,5110,Online
Foot Locker,07-06-2021,Southeast,South Carolina,Men'S Apparel,62,20,1240,Online
Foot Locker,05-07-2021,Southeast,South Carolina,Men'S Apparel,64,24,1536,Online
Foot Locker,05-09-2021,Southeast,South Carolina,Men'S Apparel,48,18,864,Online
Foot Locker,06-08-2021,Southeast,South Carolina,Men'S Apparel,51,23,1173,Online
Foot Locker,07-02-2021,Southeast,South Carolina,Men'S Apparel,49,19,931,Online
Foot Locker,06-11-2021,Southeast,South Carolina,Men'S Apparel,66,20,1320,Online
Foot Locker,05-03-2021,Southeast,South Carolina,Men'S Apparel,41,18,738,Online
Foot Locker,07-10-2021,Southeast,South Carolina,Men'S Apparel,52,19,988,Online
Foot Locker,06-04-2021,Southeast,South Carolina,Men'S Apparel,47,19,893,Online
Foot Locker,05-05-2021,Southeast,South Carolina,Men'S Apparel,53,20,1060,Online
Foot Locker,18-10-2020,Southeast,Florida,Men'S Athletic Footwear,33,7,231,Online
Foot Locker,24-09-2020,Southeast,Florida,Men'S Athletic Footwear,46,26,1196,Online
Foot Locker,19-08-2020,Southeast,Florida,Men'S Athletic Footwear,42,23,966,Online
Foot Locker,13-08-2020,Southeast,Florida,Men'S Athletic Footwear,43,20,860,Online
Foot Locker,24-04-2020,Southeast,Florida,Men'S Athletic Footwear,41,21,861,Online
Foot Locker,07-02-2021,Southeast,Georgia,Men'S Athletic Footwear,40,73,2920,Online
Foot Locker,09-01-2021,Southeast,Georgia,Men'S Athletic Footwear,40,83,3320,Online
Foot Locker,09-01-2021,Southeast,Georgia,Men'S Athletic Footwear,37,21,777,Online
Foot Locker,07-02-2021,Southeast,Georgia,Men'S Athletic Footwear,39,22,858,Online
Foot Locker,18-02-2021,Southeast,Kentucky,Men'S Athletic Footwear,30,43,1290,Online
Foot Locker,20-01-2021,Southeast,Kentucky,Men'S Athletic Footwear,30,53,1590,Online
Foot Locker,21-12-2021,Southeast,Kentucky,Men'S Athletic Footwear,55,33,1815,Online
Foot Locker,20-01-2021,Southeast,Kentucky,Men'S Athletic Footwear,29,14,406,Online
Foot Locker,18-02-2021,Southeast,Kentucky,Men'S Athletic Footwear,27,11,297,Online
Foot Locker,21-12-2021,Southeast,Kentucky,Men'S Athletic Footwear,52,10,520,Online
Foot Locker,06-04-2021,Southeast,South Carolina,Men'S Athletic Footwear,35,68,2380,Online
Foot Locker,05-03-2021,Southeast,South Carolina,Men'S Athletic Footwear,35,70,2450,Online
Foot Locker,06-11-2021,Southeast,South Carolina,Men'S Athletic Footwear,45,75,3375,Online
Foot Locker,07-10-2021,Southeast,South Carolina,Men'S Athletic Footwear,45,80,3600,Online
Foot Locker,05-05-2021,Southeast,South Carolina,Men'S Athletic Footwear,50,75,3750,Online
Foot Locker,07-06-2021,Southeast,South Carolina,Men'S Athletic Footwear,50,80,4000,Online
Foot Locker,05-09-2021,Southeast,South Carolina,Men'S Athletic Footwear,50,83,4150,Online
Foot Locker,05-12-2021,Southeast,South Carolina,Men'S Athletic Footwear,60,88,5280,Online
Foot Locker,05-07-2021,Southeast,South Carolina,Men'S Athletic Footwear,60,90,5400,Online
Foot Locker,06-08-2021,Southeast,South Carolina,Men'S Athletic Footwear,60,90,5400,Online
Foot Locker,06-11-2021,Southeast,South Carolina,Men'S Athletic Footwear,44,19,836,Online
Foot Locker,05-05-2021,Southeast,South Carolina,Men'S Athletic Footwear,45,19,855,Online
Foot Locker,07-06-2021,Southeast,South Carolina,Men'S Athletic Footwear,49,20,980,Online
Foot Locker,05-12-2021,Southeast,South Carolina,Men'S Athletic Footwear,58,22,1276,Online
Foot Locker,06-04-2021,Southeast,South Carolina,Men'S Athletic Footwear,34,18,612,Online
Foot Locker,05-09-2021,Southeast,South Carolina,Men'S Athletic Footwear,48,22,1056,Online
Foot Locker,05-03-2021,Southeast,South Carolina,Men'S Athletic Footwear,32,21,672,Online
Foot Locker,06-08-2021,Southeast,South Carolina,Men'S Athletic Footwear,54,24,1296,Online
Foot Locker,05-07-2021,Southeast,South Carolina,Men'S Athletic Footwear,58,27,1566,Online
Foot Locker,07-10-2021,Southeast,South Carolina,Men'S Athletic Footwear,42,21,882,Online
Foot Locker,17-10-2020,Southeast,Florida,Men'S Street Footwear,33,13,429,Online
Foot Locker,23-09-2020,Southeast,Florida,Men'S Street Footwear,53,28,1484,Online
Foot Locker,12-08-2020,Southeast,Florida,Men'S Street Footwear,43,32,1376,Online
Foot Locker,24-04-2020,Southeast,Florida,Men'S Street Footwear,42,26,1092,Online
Foot Locker,18-08-2020,Southeast,Florida,Men'S Street Footwear,41,27,1107,Online
Foot Locker,09-01-2021,Southeast,Georgia,Men'S Street Footwear,40,103,4120,Online
Foot Locker,07-02-2021,Southeast,Georgia,Men'S Street Footwear,40,108,4320,Online
Foot Locker,09-01-2021,Southeast,Georgia,Men'S Street Footwear,39,26,1014,Online
Foot Locker,07-02-2021,Southeast,Georgia,Men'S Street Footwear,38,31,1178,Online
Foot Locker,20-01-2021,Southeast,Kentucky,Men'S Street Footwear,30,73,2190,Online
Foot Locker,18-02-2021,Southeast,Kentucky,Men'S Street Footwear,30,78,2340,Online
Foot Locker,21-12-2021,Southeast,Kentucky,Men'S Street Footwear,65,53,3445,Online
Foot Locker,18-02-2021,Southeast,Kentucky,Men'S Street Footwear,28,23,644,Online
Foot Locker,20-01-2021,Southeast,Kentucky,Men'S Street Footwear,29,19,551,Online
Foot Locker,21-12-2021,Southeast,Kentucky,Men'S Street Footwear,59,16,944,Online
Foot Locker,06-04-2021,Southeast,South Carolina,Men'S Street Footwear,35,98,3430,Online
Foot Locker,05-03-2021,Southeast,South Carolina,Men'S Street Footwear,35,102,3570,Online
Foot Locker,05-05-2021,Southeast,South Carolina,Men'S Street Footwear,50,105,5250,Online
Foot Locker,07-06-2021,Southeast,South Carolina,Men'S Street Footwear,55,105,5775,Online
Foot Locker,06-11-2021,Southeast,South Carolina,Men'S Street Footwear,55,93,5115,Online
Foot Locker,07-10-2021,Southeast,South Carolina,Men'S Street Footwear,55,98,5390,Online
Foot Locker,05-09-2021,Southeast,South Carolina,Men'S Street Footwear,55,103,5665,Online
Foot Locker,06-08-2021,Southeast,South Carolina,Men'S Street Footwear,65,113,7345,Online
Foot Locker,05-07-2021,Southeast,South Carolina,Men'S Street Footwear,65,115,7475,Online
Foot Locker,05-12-2021,Southeast,South Carolina,Men'S Street Footwear,70,108,7560,Online
Foot Locker,05-05-2021,Southeast,South Carolina,Men'S Street Footwear,48,28,1344,Online
Foot Locker,07-06-2021,Southeast,South Carolina,Men'S Street Footwear,51,27,1377,Online
Foot Locker,06-04-2021,Southeast,South Carolina,Men'S Street Footwear,33,28,924,Online
Foot Locker,06-11-2021,Southeast,South Carolina,Men'S Street Footwear,50,28,1400,Online
Foot Locker,06-08-2021,Southeast,South Carolina,Men'S Street Footwear,62,33,2046,Online
Foot Locker,05-03-2021,Southeast,South Carolina,Men'S Street Footwear,33,27,891,Online
Foot Locker,05-09-2021,Southeast,South Carolina,Men'S Street Footwear,51,29,1479,Online
Foot Locker,05-07-2021,Southeast,South Carolina,Men'S Street Footwear,63,31,1953,Online
Foot Locker,07-10-2021,Southeast,South Carolina,Men'S Street Footwear,50,24,1200,Online
Foot Locker,05-12-2021,Southeast,South Carolina,Men'S Street Footwear,67,29,1943,Online
Foot Locker,22-09-2020,Southeast,Florida,Women'S Apparel,56,28,1568,Online
Foot Locker,11-08-2020,Southeast,Florida,Women'S Apparel,41,25,1025,Online
Foot Locker,24-05-2020,Southeast,Florida,Women'S Apparel,64,22,1408,Online
Foot Locker,23-08-2020,Southeast,Florida,Women'S Apparel,42,23,966,Online
Foot Locker,17-08-2020,Southeast,Florida,Women'S Apparel,41,22,902,Online
Foot Locker,09-01-2021,Southeast,Georgia,Women'S Apparel,40,83,3320,Online
Foot Locker,09-01-2021,Southeast,Georgia,Women'S Apparel,37,24,888,Online
Foot Locker,21-12-2021,Southeast,Kentucky,Women'S Apparel,65,33,2145,Online
Foot Locker,22-11-2021,Southeast,Kentucky,Women'S Apparel,70,28,1960,Online
Foot Locker,20-01-2021,Southeast,Kentucky,Women'S Apparel,30,53,1590,Online
Foot Locker,21-12-2021,Southeast,Kentucky,Women'S Apparel,64,10,640,Online
Foot Locker,22-11-2021,Southeast,Kentucky,Women'S Apparel,66,8,528,Online
Foot Locker,20-01-2021,Southeast,Kentucky,Women'S Apparel,29,16,464,Online
Foot Locker,05-03-2021,Southeast,South Carolina,Women'S Apparel,35,73,2555,Online
Foot Locker,07-02-2021,Southeast,South Carolina,Women'S Apparel,35,80,2800,Online
Foot Locker,06-04-2021,Southeast,South Carolina,Women'S Apparel,40,78,3120,Online
Foot Locker,05-09-2021,Southeast,South Carolina,Women'S Apparel,55,80,4400,Online
Foot Locker,07-10-2021,Southeast,South Carolina,Women'S Apparel,60,78,4680,Online
Foot Locker,05-05-2021,Southeast,South Carolina,Women'S Apparel,60,80,4800,Online
Foot Locker,06-08-2021,Southeast,South Carolina,Women'S Apparel,60,93,5580,Online
Foot Locker,07-06-2021,Southeast,South Carolina,Women'S Apparel,70,93,6510,Online
Foot Locker,05-07-2021,Southeast,South Carolina,Women'S Apparel,70,98,6860,Online
Foot Locker,06-11-2021,Southeast,South Carolina,Women'S Apparel,75,83,6225,Online
Foot Locker,05-09-2021,Southeast,South Carolina,Women'S Apparel,52,23,1196,Online
Foot Locker,05-05-2021,Southeast,South Carolina,Women'S Apparel,59,20,1180,Online
Foot Locker,06-08-2021,Southeast,South Carolina,Women'S Apparel,58,28,1624,Online
Foot Locker,05-03-2021,Southeast,South Carolina,Women'S Apparel,32,19,608,Online
Foot Locker,06-04-2021,Southeast,South Carolina,Women'S Apparel,39,21,819,Online
Foot Locker,06-11-2021,Southeast,South Carolina,Women'S Apparel,74,21,1554,Online
Foot Locker,07-06-2021,Southeast,South Carolina,Women'S Apparel,65,25,1625,Online
Foot Locker,07-02-2021,Southeast,South Carolina,Women'S Apparel,34,22,748,Online
Foot Locker,07-10-2021,Southeast,South Carolina,Women'S Apparel,56,23,1288,Online
Foot Locker,05-07-2021,Southeast,South Carolina,Women'S Apparel,66,24,1584,Online
Foot Locker,21-08-2020,Southeast,Florida,Women'S Athletic Footwear,36,18,648,Online
Foot Locker,20-09-2020,Southeast,Florida,Women'S Athletic Footwear,44,23,1012,Online
Foot Locker,20-10-2020,Southeast,Florida,Women'S Athletic Footwear,29,3,87,Online
Foot Locker,09-01-2021,Southeast,Georgia,Women'S Athletic Footwear,35,68,2380,Online
Foot Locker,09-01-2021,Southeast,Georgia,Women'S Athletic Footwear,34,20,680,Online
Foot Locker,20-01-2021,Southeast,Kentucky,Women'S Athletic Footwear,25,38,950,Online
Foot Locker,21-12-2021,Southeast,Kentucky,Women'S Athletic Footwear,50,23,1150,Online
Foot Locker,22-11-2021,Southeast,Kentucky,Women'S Athletic Footwear,55,20,1100,Online
Foot Locker,22-11-2021,Southeast,Kentucky,Women'S Athletic Footwear,52,5,260,Online
Foot Locker,20-01-2021,Southeast,Kentucky,Women'S Athletic Footwear,23,10,230,Online
Foot Locker,21-12-2021,Southeast,Kentucky,Women'S Athletic Footwear,49,7,343,Online
Foot Locker,05-03-2021,Southeast,South Carolina,Women'S Athletic Footwear,30,58,1740,Online
Foot Locker,06-04-2021,Southeast,South Carolina,Women'S Athletic Footwear,30,60,1800,Online
Foot Locker,07-02-2021,Southeast,South Carolina,Women'S Athletic Footwear,35,63,2205,Online
Foot Locker,05-09-2021,Southeast,South Carolina,Women'S Athletic Footwear,40,70,2800,Online
Foot Locker,05-05-2021,Southeast,South Carolina,Women'S Athletic Footwear,45,68,3060,Online
Foot Locker,06-08-2021,Southeast,South Carolina,Women'S Athletic Footwear,45,78,3510,Online
Foot Locker,07-10-2021,Southeast,South Carolina,Women'S Athletic Footwear,45,65,2925,Online
Foot Locker,07-06-2021,Southeast,South Carolina,Women'S Athletic Footwear,50,75,3750,Online
Foot Locker,05-07-2021,Southeast,South Carolina,Women'S Athletic Footwear,55,78,4290,Online
Foot Locker,06-11-2021,Southeast,South Carolina,Women'S Athletic Footwear,55,75,4125,Online
Foot Locker,05-09-2021,Southeast,South Carolina,Women'S Athletic Footwear,39,21,819,Online
Foot Locker,07-10-2021,Southeast,South Carolina,Women'S Athletic Footwear,41,18,738,Online
Foot Locker,06-08-2021,Southeast,South Carolina,Women'S Athletic Footwear,44,23,1012,Online
Foot Locker,05-03-2021,Southeast,South Carolina,Women'S Athletic Footwear,27,14,378,Online
Foot Locker,05-05-2021,Southeast,South Carolina,Women'S Athletic Footwear,43,18,774,Online
Foot Locker,05-07-2021,Southeast,South Carolina,Women'S Athletic Footwear,52,20,1040,Online
Foot Locker,06-11-2021,Southeast,South Carolina,Women'S Athletic Footwear,53,23,1219,Online
Foot Locker,06-04-2021,Southeast,South Carolina,Women'S Athletic Footwear,27,18,486,Online
Foot Locker,07-02-2021,Southeast,South Carolina,Women'S Athletic Footwear,33,17,561,Online
Foot Locker,07-06-2021,Southeast,South Carolina,Women'S Athletic Footwear,47,22,1034,Online
Foot Locker,20-08-2020,Southeast,Florida,Women'S Street Footwear,32,22,704,Online
Foot Locker,14-08-2020,Southeast,Florida,Women'S Street Footwear,32,24,768,Online
Foot Locker,19-10-2020,Southeast,Florida,Women'S Street Footwear,24,6,144,Online
Foot Locker,07-02-2021,Southeast,Georgia,Women'S Street Footwear,30,78,2340,Online
Foot Locker,09-01-2021,Southeast,Georgia,Women'S Street Footwear,30,83,2490,Online
Foot Locker,07-02-2021,Southeast,Georgia,Women'S Street Footwear,29,22,638,Online
Foot Locker,09-01-2021,Southeast,Georgia,Women'S Street Footwear,29,25,725,Online
Foot Locker,18-02-2021,Southeast,Kentucky,Women'S Street Footwear,20,48,960,Online
Foot Locker,20-01-2021,Southeast,Kentucky,Women'S Street Footwear,20,53,1060,Online
Foot Locker,21-12-2021,Southeast,Kentucky,Women'S Street Footwear,55,28,1540,Online
Foot Locker,18-02-2021,Southeast,Kentucky,Women'S Street Footwear,18,12,216,Online
Foot Locker,20-01-2021,Southeast,Kentucky,Women'S Street Footwear,18,16,288,Online
Foot Locker,21-12-2021,Southeast,Kentucky,Women'S Street Footwear,51,7,357,Online
Foot Locker,06-04-2021,Southeast,South Carolina,Women'S Street Footwear,25,68,1700,Online
Foot Locker,05-03-2021,Southeast,South Carolina,Women'S Street Footwear,25,73,1825,Online
Foot Locker,05-09-2021,Southeast,South Carolina,Women'S Street Footwear,40,73,2920,Online
Foot Locker,05-05-2021,Southeast,South Carolina,Women'S Street Footwear,45,73,3285,Online
Foot Locker,07-10-2021,Southeast,South Carolina,Women'S Street Footwear,45,68,3060,Online
Foot Locker,06-11-2021,Southeast,South Carolina,Women'S Street Footwear,45,70,3150,Online
Foot Locker,07-06-2021,Southeast,South Carolina,Women'S Street Footwear,50,78,3900,Online
Foot Locker,05-07-2021,Southeast,South Carolina,Women'S Street Footwear,55,83,4565,Online
Foot Locker,06-08-2021,Southeast,South Carolina,Women'S Street Footwear,55,83,4565,Online
Foot Locker,06-11-2021,Southeast,South Carolina,Women'S Street Footwear,43,20,860,Online
Foot Locker,07-06-2021,Southeast,South Carolina,Women'S Street Footwear,47,21,987,Online
Foot Locker,05-07-2021,Southeast,South Carolina,Women'S Street Footwear,51,25,1275,Online
Foot Locker,05-05-2021,Southeast,South Carolina,Women'S Street Footwear,41,21,861,Online
Foot Locker,05-03-2021,Southeast,South Carolina,Women'S Street Footwear,24,18,432,Online
Foot Locker,06-04-2021,Southeast,South Carolina,Women'S Street Footwear,24,18,432,Online
Foot Locker,05-09-2021,Southeast,South Carolina,Women'S Street Footwear,38,20,760,Online
Foot Locker,07-10-2021,Southeast,South Carolina,Women'S Street Footwear,41,18,738,Online
Foot Locker,06-08-2021,Southeast,South Carolina,Women'S Street Footwear,50,23,1150,Online
Sports Direct,27-09-2020,Southeast,Florida,Men'S Apparel,50,21,1050,Online
Sports Direct,03-10-2020,Southeast,Florida,Men'S Apparel,57,19,1083,Online
Sports Direct,09-10-2020,Southeast,Florida,Men'S Apparel,64,20,1280,Online
Sports Direct,02-09-2021,Southeast,North Carolina,Men'S Apparel,40,60,2400,Online
Sports Direct,02-03-2021,Southeast,North Carolina,Men'S Apparel,40,53,2120,Online
Sports Direct,03-04-2021,Southeast,North Carolina,Men'S Apparel,45,53,2385,Online
Sports Direct,04-02-2021,Southeast,North Carolina,Men'S Apparel,45,60,2700,Online
Sports Direct,04-10-2021,Southeast,North Carolina,Men'S Apparel,45,55,2475,Online
Sports Direct,02-05-2021,Southeast,North Carolina,Men'S Apparel,50,60,3000,Online
Sports Direct,03-08-2021,Southeast,North Carolina,Men'S Apparel,55,65,3575,Online
Sports Direct,04-06-2021,Southeast,North Carolina,Men'S Apparel,65,65,4225,Online
Sports Direct,02-07-2021,Southeast,North Carolina,Men'S Apparel,65,70,4550,Online
Sports Direct,03-11-2021,Southeast,North Carolina,Men'S Apparel,75,63,4725,Online
Sports Direct,02-03-2021,Southeast,North Carolina,Men'S Apparel,37,16,592,Online
Sports Direct,02-09-2021,Southeast,North Carolina,Men'S Apparel,38,16,608,Online
Sports Direct,04-10-2021,Southeast,North Carolina,Men'S Apparel,42,15,630,Online
Sports Direct,03-08-2021,Southeast,North Carolina,Men'S Apparel,53,18,954,Online
Sports Direct,02-05-2021,Southeast,North Carolina,Men'S Apparel,46,15,690,Online
Sports Direct,02-07-2021,Southeast,North Carolina,Men'S Apparel,59,18,1062,Online
Sports Direct,04-06-2021,Southeast,North Carolina,Men'S Apparel,61,16,976,Online
Sports Direct,03-11-2021,Southeast,North Carolina,Men'S Apparel,72,16,1152,Online
Sports Direct,03-04-2021,Southeast,North Carolina,Men'S Apparel,42,13,546,Online
Sports Direct,04-02-2021,Southeast,North Carolina,Men'S Apparel,44,18,792,Online
Sports Direct,06-01-2021,Southeast,South Carolina,Men'S Apparel,45,63,2835,Online
Sports Direct,05-12-2021,Southeast,South Carolina,Men'S Apparel,70,78,5460,Online
Sports Direct,05-12-2021,Southeast,South Carolina,Men'S Apparel,66,23,1518,Online
Sports Direct,06-01-2021,Southeast,South Carolina,Men'S Apparel,42,16,672,Online
Sports Direct,19-01-2021,Southeast,Virginia,Men'S Apparel,43,12,516,Online
Sports Direct,30-09-2020,Southeast,Florida,Men'S Athletic Footwear,47,22,1034,Online
Sports Direct,24-05-2020,Southeast,Florida,Men'S Athletic Footwear,51,25,1275,Online
Sports Direct,06-10-2020,Southeast,Florida,Men'S Athletic Footwear,49,22,1078,Online
Sports Direct,03-04-2021,Southeast,North Carolina,Men'S Athletic Footwear,30,58,1740,Online
Sports Direct,02-03-2021,Southeast,North Carolina,Men'S Athletic Footwear,30,60,1800,Online
Sports Direct,03-11-2021,Southeast,North Carolina,Men'S Athletic Footwear,35,65,2275,Online
Sports Direct,04-10-2021,Southeast,North Carolina,Men'S Athletic Footwear,35,70,2450,Online
Sports Direct,02-05-2021,Southeast,North Carolina,Men'S Athletic Footwear,45,65,2925,Online
Sports Direct,04-06-2021,Southeast,North Carolina,Men'S Athletic Footwear,45,70,3150,Online
Sports Direct,02-09-2021,Southeast,North Carolina,Men'S Athletic Footwear,50,73,3650,Online
Sports Direct,02-12-2021,Southeast,North Carolina,Men'S Athletic Footwear,60,78,4680,Online
Sports Direct,02-07-2021,Southeast,North Carolina,Men'S Athletic Footwear,60,80,4800,Online
Sports Direct,03-08-2021,Southeast,North Carolina,Men'S Athletic Footwear,60,80,4800,Online
Sports Direct,02-03-2021,Southeast,North Carolina,Men'S Athletic Footwear,29,15,435,Online
Sports Direct,02-12-2021,Southeast,North Carolina,Men'S Athletic Footwear,55,20,1100,Online
Sports Direct,03-08-2021,Southeast,North Carolina,Men'S Athletic Footwear,58,20,1160,Online
Sports Direct,04-10-2021,Southeast,North Carolina,Men'S Athletic Footwear,33,20,660,Online
Sports Direct,02-05-2021,Southeast,North Carolina,Men'S Athletic Footwear,42,18,756,Online
Sports Direct,03-04-2021,Southeast,North Carolina,Men'S Athletic Footwear,28,16,448,Online
Sports Direct,03-11-2021,Southeast,North Carolina,Men'S Athletic Footwear,32,20,640,Online
Sports Direct,04-06-2021,Southeast,North Carolina,Men'S Athletic Footwear,42,18,756,Online
Sports Direct,02-09-2021,Southeast,North Carolina,Men'S Athletic Footwear,49,18,882,Online
Sports Direct,02-07-2021,Southeast,North Carolina,Men'S Athletic Footwear,58,22,1276,Online
Sports Direct,04-02-2021,Southeast,South Carolina,Men'S Athletic Footwear,35,63,2205,Online
Sports Direct,06-01-2021,Southeast,South Carolina,Men'S Athletic Footwear,35,73,2555,Online
Sports Direct,04-02-2021,Southeast,South Carolina,Men'S Athletic Footwear,34,19,646,Online
Sports Direct,06-01-2021,Southeast,South Carolina,Men'S Athletic Footwear,34,18,612,Online
Sports Direct,19-01-2021,Southeast,Virginia,Men'S Athletic Footwear,34,15,510,Online
Sports Direct,17-02-2021,Southeast,Virginia,Men'S Athletic Footwear,33,12,396,Online
Sports Direct,24-05-2020,Southeast,Florida,Men'S Street Footwear,63,32,2016,Online
Sports Direct,05-10-2020,Southeast,Florida,Men'S Street Footwear,56,24,1344,Online
Sports Direct,29-09-2020,Southeast,Florida,Men'S Street Footwear,56,27,1512,Online
Sports Direct,03-04-2021,Southeast,North Carolina,Men'S Street Footwear,30,88,2640,Online
Sports Direct,02-03-2021,Southeast,North Carolina,Men'S Street Footwear,30,92,2760,Online
Sports Direct,02-05-2021,Southeast,North Carolina,Men'S Street Footwear,45,95,4275,Online
Sports Direct,03-11-2021,Southeast,North Carolina,Men'S Street Footwear,45,83,3735,Online
Sports Direct,04-10-2021,Southeast,North Carolina,Men'S Street Footwear,45,88,3960,Online
Sports Direct,04-06-2021,Southeast,North Carolina,Men'S Street Footwear,50,95,4750,Online
Sports Direct,02-09-2021,Southeast,North Carolina,Men'S Street Footwear,55,93,5115,Online
Sports Direct,03-08-2021,Southeast,North Carolina,Men'S Street Footwear,65,103,6695,Online
Sports Direct,02-07-2021,Southeast,North Carolina,Men'S Street Footwear,65,105,6825,Online
Sports Direct,02-12-2021,Southeast,North Carolina,Men'S Street Footwear,70,98,6860,Online
Sports Direct,02-07-2021,Southeast,North Carolina,Men'S Street Footwear,60,29,1740,Online
Sports Direct,02-12-2021,Southeast,North Carolina,Men'S Street Footwear,64,24,1536,Online
Sports Direct,02-09-2021,Southeast,North Carolina,Men'S Street Footwear,53,25,1325,Online
Sports Direct,03-08-2021,Southeast,North Carolina,Men'S Street Footwear,61,31,1891,Online
Sports Direct,03-04-2021,Southeast,North Carolina,Men'S Street Footwear,27,26,702,Online
Sports Direct,02-03-2021,Southeast,North Carolina,Men'S Street Footwear,28,28,784,Online
Sports Direct,04-10-2021,Southeast,North Carolina,Men'S Street Footwear,42,25,1050,Online
Sports Direct,02-05-2021,Southeast,North Carolina,Men'S Street Footwear,41,25,1025,Online
Sports Direct,03-11-2021,Southeast,North Carolina,Men'S Street Footwear,44,22,968,Online
Sports Direct,04-06-2021,Southeast,North Carolina,Men'S Street Footwear,46,24,1104,Online
Sports Direct,06-01-2021,Southeast,South Carolina,Men'S Street Footwear,35,93,3255,Online
Sports Direct,04-02-2021,Southeast,South Carolina,Men'S Street Footwear,35,98,3430,Online
Sports Direct,06-01-2021,Southeast,South Carolina,Men'S Street Footwear,33,23,759,Online
Sports Direct,04-02-2021,Southeast,South Carolina,Men'S Street Footwear,34,26,884,Online
Sports Direct,19-01-2021,Southeast,Virginia,Men'S Street Footwear,34,20,680,Online
Sports Direct,17-02-2021,Southeast,Virginia,Men'S Street Footwear,34,20,680,Online
Sports Direct,10-10-2020,Southeast,Florida,Women'S Apparel,64,21,1344,Online
Sports Direct,28-09-2020,Southeast,Florida,Women'S Apparel,55,22,1210,Online
Sports Direct,04-10-2020,Southeast,Florida,Women'S Apparel,59,22,1298,Online
Sports Direct,02-03-2021,Southeast,North Carolina,Women'S Apparel,30,63,1890,Online
Sports Direct,04-02-2021,Southeast,North Carolina,Women'S Apparel,30,70,2100,Online
Sports Direct,03-04-2021,Southeast,North Carolina,Women'S Apparel,35,68,2380,Online
Sports Direct,02-09-2021,Southeast,North Carolina,Women'S Apparel,45,70,3150,Online
Sports Direct,04-10-2021,Southeast,North Carolina,Women'S Apparel,50,68,3400,Online
Sports Direct,02-05-2021,Southeast,North Carolina,Women'S Apparel,55,70,3850,Online
Sports Direct,03-08-2021,Southeast,North Carolina,Women'S Apparel,60,83,4980,Online
Sports Direct,04-06-2021,Southeast,North Carolina,Women'S Apparel,70,83,5810,Online
Sports Direct,02-07-2021,Southeast,North Carolina,Women'S Apparel,70,88,6160,Online
Sports Direct,03-11-2021,Southeast,North Carolina,Women'S Apparel,75,73,5475,Online
Sports Direct,04-02-2021,Southeast,North Carolina,Women'S Apparel,29,20,580,Online
Sports Direct,04-06-2021,Southeast,North Carolina,Women'S Apparel,67,23,1541,Online
Sports Direct,03-04-2021,Southeast,North Carolina,Women'S Apparel,32,19,608,Online
Sports Direct,02-09-2021,Southeast,North Carolina,Women'S Apparel,41,20,820,Online
Sports Direct,02-03-2021,Southeast,North Carolina,Women'S Apparel,27,17,459,Online
Sports Direct,02-05-2021,Southeast,North Carolina,Women'S Apparel,51,20,1020,Online
Sports Direct,04-10-2021,Southeast,North Carolina,Women'S Apparel,48,18,864,Online
Sports Direct,02-07-2021,Southeast,North Carolina,Women'S Apparel,64,26,1664,Online
Sports Direct,03-08-2021,Southeast,North Carolina,Women'S Apparel,54,23,1242,Online
Sports Direct,03-11-2021,Southeast,North Carolina,Women'S Apparel,72,21,1512,Online
Sports Direct,06-01-2021,Southeast,South Carolina,Women'S Apparel,35,73,2555,Online
Sports Direct,05-12-2021,Southeast,South Carolina,Women'S Apparel,75,88,6600,Online
Sports Direct,05-12-2021,Southeast,South Carolina,Women'S Apparel,68,23,1564,Online
Sports Direct,06-01-2021,Southeast,South Carolina,Women'S Apparel,34,20,680,Online
Sports Direct,19-01-2021,Southeast,Virginia,Women'S Apparel,33,14,462,Online
Sports Direct,26-09-2020,Southeast,Florida,Women'S Athletic Footwear,42,21,882,Online
Sports Direct,24-05-2020,Southeast,Florida,Women'S Athletic Footwear,54,21,1134,Online
Sports Direct,02-10-2020,Southeast,Florida,Women'S Athletic Footwear,45,18,810,Online
Sports Direct,08-10-2020,Southeast,Florida,Women'S Athletic Footwear,49,20,980,Online
Sports Direct,02-03-2021,Southeast,North Carolina,Women'S Athletic Footwear,25,48,1200,Online
Sports Direct,03-04-2021,Southeast,North Carolina,Women'S Athletic Footwear,25,50,1250,Online
Sports Direct,04-02-2021,Southeast,North Carolina,Women'S Athletic Footwear,30,53,1590,Online
Sports Direct,02-09-2021,Southeast,North Carolina,Women'S Athletic Footwear,30,60,1800,Online
Sports Direct,04-10-2021,Southeast,North Carolina,Women'S Athletic Footwear,35,55,1925,Online
Sports Direct,02-05-2021,Southeast,North Carolina,Women'S Athletic Footwear,40,58,2320,Online
Sports Direct,03-08-2021,Southeast,North Carolina,Women'S Athletic Footwear,45,68,3060,Online
Sports Direct,04-06-2021,Southeast,North Carolina,Women'S Athletic Footwear,50,65,3250,Online
Sports Direct,02-07-2021,Southeast,North Carolina,Women'S Athletic Footwear,55,68,3740,Online
Sports Direct,03-11-2021,Southeast,North Carolina,Women'S Athletic Footwear,60,65,3900,Online
Sports Direct,02-09-2021,Southeast,North Carolina,Women'S Athletic Footwear,28,15,420,Online
Sports Direct,04-02-2021,Southeast,North Carolina,Women'S Athletic Footwear,29,14,406,Online
Sports Direct,04-06-2021,Southeast,North Carolina,Women'S Athletic Footwear,49,17,833,Online
Sports Direct,02-07-2021,Southeast,North Carolina,Women'S Athletic Footwear,52,20,1040,Online
Sports Direct,03-11-2021,Southeast,North Carolina,Women'S Athletic Footwear,55,16,880,Online
Sports Direct,03-08-2021,Southeast,North Carolina,Women'S Athletic Footwear,44,18,792,Online
Sports Direct,03-04-2021,Southeast,North Carolina,Women'S Athletic Footwear,24,14,336,Online
Sports Direct,02-03-2021,Southeast,North Carolina,Women'S Athletic Footwear,25,12,300,Online
Sports Direct,04-10-2021,Southeast,North Carolina,Women'S Athletic Footwear,34,16,544,Online
Sports Direct,02-05-2021,Southeast,North Carolina,Women'S Athletic Footwear,38,15,570,Online
Sports Direct,05-12-2021,Southeast,South Carolina,Women'S Athletic Footwear,60,78,4680,Online
Sports Direct,06-01-2021,Southeast,South Carolina,Women'S Athletic Footwear,30,58,1740,Online
Sports Direct,05-12-2021,Southeast,South Carolina,Women'S Athletic Footwear,59,19,1121,Online
Sports Direct,06-01-2021,Southeast,South Carolina,Women'S Athletic Footwear,29,17,493,Online
Sports Direct,19-01-2021,Southeast,Virginia,Women'S Athletic Footwear,29,12,348,Online
Sports Direct,25-09-2020,Southeast,Florida,Women'S Street Footwear,41,23,943,Online
Sports Direct,07-10-2020,Southeast,Florida,Women'S Street Footwear,46,22,1012,Online
Sports Direct,24-05-2020,Southeast,Florida,Women'S Street Footwear,52,25,1300,Online
Sports Direct,01-10-2020,Southeast,Florida,Women'S Street Footwear,47,20,940,Online
Sports Direct,03-04-2021,Southeast,North Carolina,Women'S Street Footwear,20,58,1160,Online
Sports Direct,02-03-2021,Southeast,North Carolina,Women'S Street Footwear,20,63,1260,Online
Sports Direct,02-09-2021,Southeast,North Carolina,Women'S Street Footwear,30,63,1890,Online
Sports Direct,04-10-2021,Southeast,North Carolina,Women'S Street Footwear,35,58,2030,Online
Sports Direct,02-05-2021,Southeast,North Carolina,Women'S Street Footwear,40,63,2520,Online
Sports Direct,03-11-2021,Southeast,North Carolina,Women'S Street Footwear,40,60,2400,Online
Sports Direct,04-06-2021,Southeast,North Carolina,Women'S Street Footwear,50,68,3400,Online
Sports Direct,02-07-2021,Southeast,North Carolina,Women'S Street Footwear,55,73,4015,Online
Sports Direct,03-08-2021,Southeast,North Carolina,Women'S Street Footwear,55,73,4015,Online
Sports Direct,02-09-2021,Southeast,North Carolina,Women'S Street Footwear,28,18,504,Online
Sports Direct,04-10-2021,Southeast,North Carolina,Women'S Street Footwear,34,15,510,Online
Sports Direct,02-03-2021,Southeast,North Carolina,Women'S Street Footwear,19,18,342,Online
Sports Direct,02-05-2021,Southeast,North Carolina,Women'S Street Footwear,37,17,629,Online
Sports Direct,03-08-2021,Southeast,North Carolina,Women'S Street Footwear,54,21,1134,Online
Sports Direct,03-11-2021,Southeast,North Carolina,Women'S Street Footwear,38,17,646,Online
Sports Direct,04-06-2021,Southeast,North Carolina,Women'S Street Footwear,47,17,799,Online
Sports Direct,03-04-2021,Southeast,North Carolina,Women'S Street Footwear,20,14,280,Online
Sports Direct,02-07-2021,Southeast,North Carolina,Women'S Street Footwear,53,20,1060,Online
Sports Direct,05-12-2021,Southeast,South Carolina,Women'S Street Footwear,60,83,4980,Online
Sports Direct,05-12-2021,Southeast,South Carolina,Women'S Street Footwear,56,22,1232,Online
Sports Direct,04-02-2021,Southeast,South Carolina,Women'S Street Footwear,25,68,1700,Online
Sports Direct,06-01-2021,Southeast,South Carolina,Women'S Street Footwear,25,73,1825,Online
Sports Direct,06-01-2021,Southeast,South Carolina,Women'S Street Footwear,24,19,456,Online
Sports Direct,04-02-2021,Southeast,South Carolina,Women'S Street Footwear,23,17,391,Online
Sports Direct,19-01-2021,Southeast,Virginia,Women'S Street Footwear,23,15,345,Online
Sports Direct,17-02-2021,Southeast,Virginia,Women'S Street Footwear,23,15,345,Online
West Gear,24-04-2020,Southeast,Florida,Men'S Apparel,52,20,1040,Online
West Gear,24-04-2020,Southeast,Florida,Men'S Apparel,58,20,1160,Online
West Gear,15-09-2020,Southeast,Florida,Men'S Apparel,61,21,1281,Online
West Gear,09-09-2020,Southeast,Florida,Men'S Apparel,62,23,1426,Online
West Gear,12-01-2021,Southeast,Florida,Men'S Apparel,51,17,867,Online
West Gear,18-09-2020,Southeast,Florida,Men'S Athletic Footwear,55,25,1375,Online
West Gear,12-09-2020,Southeast,Florida,Men'S Athletic Footwear,57,23,1311,Online
West Gear,24-04-2020,Southeast,Florida,Men'S Athletic Footwear,54,21,1134,Online
West Gear,24-04-2020,Southeast,Florida,Men'S Athletic Footwear,54,19,1026,Online
West Gear,12-01-2021,Southeast,Florida,Men'S Athletic Footwear,44,19,836,Online
West Gear,10-02-2021,Southeast,Florida,Men'S Athletic Footwear,42,14,588,Online
West Gear,24-04-2020,Southeast,Florida,Men'S Street Footwear,52,30,1560,Online
West Gear,17-09-2020,Southeast,Florida,Men'S Street Footwear,60,30,1800,Online
West Gear,24-04-2020,Southeast,Florida,Men'S Street Footwear,55,29,1595,Online
West Gear,11-09-2020,Southeast,Florida,Men'S Street Footwear,60,30,1800,Online
West Gear,12-01-2021,Southeast,Florida,Men'S Street Footwear,41,26,1066,Online
West Gear,10-02-2021,Southeast,Florida,Men'S Street Footwear,44,23,1012,Online
West Gear,24-04-2020,Southeast,Florida,Women'S Apparel,44,21,924,Online
West Gear,24-04-2020,Southeast,Florida,Women'S Apparel,64,25,1600,Online
West Gear,10-09-2020,Southeast,Florida,Women'S Apparel,63,26,1638,Online
West Gear,16-09-2020,Southeast,Florida,Women'S Apparel,67,24,1608,Online
West Gear,12-01-2021,Southeast,Florida,Women'S Apparel,44,18,792,Online
West Gear,08-09-2020,Southeast,Florida,Women'S Athletic Footwear,47,22,1034,Online
West Gear,24-04-2020,Southeast,Florida,Women'S Athletic Footwear,49,18,882,Online
West Gear,14-09-2020,Southeast,Florida,Women'S Athletic Footwear,53,23,1219,Online
West Gear,15-08-2020,Southeast,Florida,Women'S Athletic Footwear,38,17,646,Online
West Gear,24-04-2020,Southeast,Florida,Women'S Athletic Footwear,38,19,722,Online
West Gear,12-01-2021,Southeast,Florida,Women'S Athletic Footwear,37,15,555,Online
West Gear,07-09-2020,Southeast,Florida,Women'S Street Footwear,49,21,1029,Online
West Gear,24-04-2020,Southeast,Florida,Women'S Street Footwear,47,19,893,Online
West Gear,13-09-2020,Southeast,Florida,Women'S Street Footwear,50,22,1100,Online
West Gear,19-09-2020,Southeast,Florida,Women'S Street Footwear,53,23,1219,Online
West Gear,24-04-2020,Southeast,Florida,Women'S Street Footwear,32,20,640,Online
West Gear,10-02-2021,Southeast,Florida,Women'S Street Footwear,33,17,561,Online
West Gear,12-01-2021,Southeast,Florida,Women'S Street Footwear,32,17,544,Online
Foot Locker,10-12-2021,West,Wyoming,Men'S Apparel,54,15,810,Online
Foot Locker,01-06-2021,West,California,Men'S Athletic Footwear,41,8,328,Online
Foot Locker,07-08-2020,West,Washington,Men'S Athletic Footwear,41,22,902,Online
Foot Locker,31-05-2021,West,California,Men'S Street Footwear,44,12,528,Online
Foot Locker,06-08-2020,West,Washington,Men'S Street Footwear,44,27,1188,Online
Foot Locker,10-12-2021,West,Wyoming,Women'S Apparel,56,17,952,Online
Foot Locker,03-06-2021,West,California,Women'S Athletic Footwear,37,3,111,Online
Foot Locker,09-08-2020,West,Washington,Women'S Athletic Footwear,38,18,684,Online
Foot Locker,10-12-2021,West,Wyoming,Women'S Athletic Footwear,44,14,616,Online
Foot Locker,02-06-2021,West,California,Women'S Street Footwear,32,8,256,Online
Foot Locker,08-08-2020,West,Washington,Women'S Street Footwear,34,23,782,Online
Foot Locker,10-12-2021,West,Wyoming,Women'S Street Footwear,44,17,748,Online
Kohl'S,11-08-2021,West,Wyoming,Men'S Apparel,47,14,658,Online
Kohl'S,12-02-2021,West,Wyoming,Men'S Apparel,47,15,705,Online
Kohl'S,11-11-2021,West,Wyoming,Men'S Apparel,51,14,714,Online
Kohl'S,10-05-2021,West,Wyoming,Men'S Apparel,45,13,585,Online
Kohl'S,11-04-2021,West,Wyoming,Men'S Apparel,47,11,517,Online
Kohl'S,10-07-2021,West,Wyoming,Men'S Apparel,48,14,672,Online
Kohl'S,10-09-2021,West,Wyoming,Men'S Apparel,48,13,624,Online
Kohl'S,12-06-2021,West,Wyoming,Men'S Apparel,49,14,686,Online
Kohl'S,12-10-2021,West,Wyoming,Men'S Apparel,54,13,702,Online
Kohl'S,10-03-2021,West,Wyoming,Men'S Apparel,47,13,611,Online
Kohl'S,10-05-2021,West,Wyoming,Men'S Athletic Footwear,41,15,615,Online
Kohl'S,12-10-2021,West,Wyoming,Men'S Athletic Footwear,44,17,748,Online
Kohl'S,12-06-2021,West,Wyoming,Men'S Athletic Footwear,42,17,714,Online
Kohl'S,11-08-2021,West,Wyoming,Men'S Athletic Footwear,43,16,688,Online
Kohl'S,10-12-2021,West,Wyoming,Men'S Athletic Footwear,44,17,748,Online
Kohl'S,11-11-2021,West,Wyoming,Men'S Athletic Footwear,42,17,714,Online
Kohl'S,10-09-2021,West,Wyoming,Men'S Athletic Footwear,44,15,660,Online
Kohl'S,10-07-2021,West,Wyoming,Men'S Athletic Footwear,44,16,704,Online
Kohl'S,10-03-2021,West,Wyoming,Men'S Athletic Footwear,37,13,481,Online
Kohl'S,11-04-2021,West,Wyoming,Men'S Athletic Footwear,39,14,546,Online
Kohl'S,10-03-2021,West,Wyoming,Men'S Street Footwear,38,25,950,Online
Kohl'S,10-12-2021,West,Wyoming,Men'S Street Footwear,52,22,1144,Online
Kohl'S,11-11-2021,West,Wyoming,Men'S Street Footwear,53,22,1166,Online
Kohl'S,11-04-2021,West,Wyoming,Men'S Street Footwear,39,21,819,Online
Kohl'S,12-06-2021,West,Wyoming,Men'S Street Footwear,46,25,1150,Online
Kohl'S,11-08-2021,West,Wyoming,Men'S Street Footwear,47,26,1222,Online
Kohl'S,10-09-2021,West,Wyoming,Men'S Street Footwear,48,21,1008,Online
Kohl'S,10-07-2021,West,Wyoming,Men'S Street Footwear,48,23,1104,Online
Kohl'S,12-10-2021,West,Wyoming,Men'S Street Footwear,50,20,1000,Online
Kohl'S,10-05-2021,West,Wyoming,Men'S Street Footwear,45,25,1125,Online
Kohl'S,11-04-2021,West,Wyoming,Women'S Apparel,36,15,540,Online
Kohl'S,10-07-2021,West,Wyoming,Women'S Apparel,51,20,1020,Online
Kohl'S,10-03-2021,West,Wyoming,Women'S Apparel,37,17,629,Online
Kohl'S,12-06-2021,West,Wyoming,Women'S Apparel,50,16,800,Online
Kohl'S,12-10-2021,West,Wyoming,Women'S Apparel,55,15,825,Online
Kohl'S,12-02-2021,West,Wyoming,Women'S Apparel,38,17,646,Online
Kohl'S,11-11-2021,West,Wyoming,Women'S Apparel,55,16,880,Online
Kohl'S,10-05-2021,West,Wyoming,Women'S Apparel,52,16,832,Online
Kohl'S,10-09-2021,West,Wyoming,Women'S Apparel,52,17,884,Online
Kohl'S,11-08-2021,West,Wyoming,Women'S Apparel,52,20,1040,Online
Kohl'S,12-10-2021,West,Wyoming,Women'S Athletic Footwear,41,12,492,Online
Kohl'S,10-03-2021,West,Wyoming,Women'S Athletic Footwear,33,11,363,Online
Kohl'S,11-04-2021,West,Wyoming,Women'S Athletic Footwear,33,12,396,Online
Kohl'S,12-06-2021,West,Wyoming,Women'S Athletic Footwear,38,14,532,Online
Kohl'S,10-07-2021,West,Wyoming,Women'S Athletic Footwear,39,15,585,Online
Kohl'S,12-02-2021,West,Wyoming,Women'S Athletic Footwear,32,12,384,Online
Kohl'S,10-09-2021,West,Wyoming,Women'S Athletic Footwear,38,14,532,Online
Kohl'S,11-08-2021,West,Wyoming,Women'S Athletic Footwear,38,15,570,Online
Kohl'S,11-11-2021,West,Wyoming,Women'S Athletic Footwear,42,14,588,Online
Kohl'S,10-05-2021,West,Wyoming,Women'S Athletic Footwear,39,13,507,Online
Kohl'S,10-03-2021,West,Wyoming,Women'S Street Footwear,27,15,405,Online
Kohl'S,12-06-2021,West,Wyoming,Women'S Street Footwear,38,13,494,Online
Kohl'S,11-08-2021,West,Wyoming,Women'S Street Footwear,38,14,532,Online
Kohl'S,11-04-2021,West,Wyoming,Women'S Street Footwear,28,15,420,Online
Kohl'S,10-09-2021,West,Wyoming,Women'S Street Footwear,38,14,532,Online
Kohl'S,12-10-2021,West,Wyoming,Women'S Street Footwear,42,13,546,Online
Kohl'S,10-07-2021,West,Wyoming,Women'S Street Footwear,38,15,570,Online
Kohl'S,10-05-2021,West,Wyoming,Women'S Street Footwear,39,15,585,Online
Kohl'S,11-11-2021,West,Wyoming,Women'S Street Footwear,42,15,630,Online
West Gear,11-02-2021,West,Utah,Men'S Apparel,32,10,320,Online
West Gear,11-06-2021,West,Utah,Men'S Apparel,34,11,374,Online
West Gear,11-08-2021,West,Utah,Men'S Apparel,29,11,319,Online
West Gear,10-07-2021,West,Utah,Men'S Apparel,32,13,416,Online
West Gear,11-04-2021,West,Utah,Men'S Apparel,33,7,231,Online
West Gear,11-11-2021,West,Utah,Men'S Apparel,39,9,351,Online
West Gear,12-09-2021,West,Utah,Men'S Apparel,19,9,171,Online
West Gear,11-10-2021,West,Utah,Men'S Apparel,29,8,232,Online
West Gear,10-03-2021,West,Utah,Men'S Apparel,38,8,304,Online
West Gear,10-12-2021,West,Utah,Men'S Apparel,38,11,418,Online
West Gear,12-05-2021,West,Utah,Men'S Apparel,39,8,312,Online
West Gear,12-09-2021,West,Utah,Men'S Athletic Footwear,23,12,276,Online
West Gear,11-04-2021,West,Utah,Men'S Athletic Footwear,25,9,225,Online
West Gear,11-11-2021,West,Utah,Men'S Athletic Footwear,20,11,220,Online
West Gear,11-08-2021,West,Utah,Men'S Athletic Footwear,34,13,442,Online
West Gear,10-07-2021,West,Utah,Men'S Athletic Footwear,29,16,464,Online
West Gear,11-06-2021,West,Utah,Men'S Athletic Footwear,24,11,264,Online
West Gear,10-12-2021,West,Utah,Men'S Athletic Footwear,28,15,420,Online
West Gear,12-05-2021,West,Utah,Men'S Athletic Footwear,29,10,290,Online
West Gear,11-10-2021,West,Utah,Men'S Athletic Footwear,19,10,190,Online
West Gear,10-03-2021,West,Utah,Men'S Athletic Footwear,28,10,280,Online
West Gear,11-04-2021,West,Utah,Men'S Street Footwear,27,18,486,Online
West Gear,11-11-2021,West,Utah,Men'S Street Footwear,29,15,435,Online
West Gear,11-08-2021,West,Utah,Men'S Street Footwear,33,20,660,Online
West Gear,11-10-2021,West,Utah,Men'S Street Footwear,28,17,476,Online
West Gear,11-06-2021,West,Utah,Men'S Street Footwear,28,18,504,Online
West Gear,12-05-2021,West,Utah,Men'S Street Footwear,32,17,544,Online
West Gear,10-03-2021,West,Utah,Men'S Street Footwear,29,17,493,Online
West Gear,12-09-2021,West,Utah,Men'S Street Footwear,29,17,493,Online
West Gear,10-07-2021,West,Utah,Men'S Street Footwear,34,22,748,Online
West Gear,10-12-2021,West,Utah,Men'S Street Footwear,39,20,780,Online
West Gear,11-04-2021,West,Utah,Women'S Apparel,24,11,264,Online
West Gear,11-08-2021,West,Utah,Women'S Apparel,32,15,480,Online
West Gear,11-06-2021,West,Utah,Women'S Apparel,38,15,570,Online
West Gear,10-12-2021,West,Utah,Women'S Apparel,42,13,546,Online
West Gear,11-02-2021,West,Utah,Women'S Apparel,24,13,312,Online
West Gear,11-10-2021,West,Utah,Women'S Apparel,32,10,320,Online
West Gear,12-09-2021,West,Utah,Women'S Apparel,24,12,288,Online
West Gear,10-03-2021,West,Utah,Women'S Apparel,29,10,290,Online
West Gear,10-07-2021,West,Utah,Women'S Apparel,38,15,570,Online
West Gear,11-11-2021,West,Utah,Women'S Apparel,43,11,473,Online
West Gear,12-05-2021,West,Utah,Women'S Apparel,44,12,528,Online
West Gear,11-02-2021,West,Utah,Women'S Athletic Footwear,19,9,171,Online
West Gear,10-07-2021,West,Utah,Women'S Athletic Footwear,23,12,276,Online
West Gear,12-09-2021,West,Utah,Women'S Athletic Footwear,10,9,90,Online
West Gear,11-06-2021,West,Utah,Women'S Athletic Footwear,19,11,209,Online
West Gear,11-11-2021,West,Utah,Women'S Athletic Footwear,19,11,209,Online
West Gear,10-12-2021,West,Utah,Women'S Athletic Footwear,27,11,297,Online
West Gear,11-04-2021,West,Utah,Women'S Athletic Footwear,18,7,126,Online
West Gear,11-08-2021,West,Utah,Women'S Athletic Footwear,19,10,190,Online
West Gear,10-03-2021,West,Utah,Women'S Athletic Footwear,23,7,161,Online
West Gear,11-10-2021,West,Utah,Women'S Athletic Footwear,19,7,133,Online
West Gear,12-05-2021,West,Utah,Women'S Athletic Footwear,23,7,161,Online
West Gear,11-04-2021,West,Utah,Women'S Street Footwear,14,10,140,Online
West Gear,10-12-2021,West,Utah,Women'S Street Footwear,29,11,319,Online
West Gear,11-11-2021,West,Utah,Women'S Street Footwear,19,9,171,Online
West Gear,10-07-2021,West,Utah,Women'S Street Footwear,24,14,336,Online
West Gear,11-10-2021,West,Utah,Women'S Street Footwear,19,9,171,Online
West Gear,11-06-2021,West,Utah,Women'S Street Footwear,19,12,228,Online
West Gear,11-08-2021,West,Utah,Women'S Street Footwear,29,11,319,Online
West Gear,12-09-2021,West,Utah,Women'S Street Footwear,9,9,81,Online
West Gear,10-03-2021,West,Utah,Women'S Street Footwear,18,11,198,Online
West Gear,12-05-2021,West,Utah,Women'S Street Footwear,25,10,250,Online
Kohl'S,06-02-2021,Midwest,Montana,Men'S Apparel,42,12,504,Online
Kohl'S,12-02-2021,Midwest,Montana,Men'S Apparel,52,11,572,Online
Kohl'S,13-01-2021,Midwest,Montana,Men'S Apparel,48,6,288,Online
Kohl'S,07-01-2021,Midwest,Montana,Men'S Apparel,48,6,288,Online
Kohl'S,18-02-2021,Midwest,Montana,Men'S Apparel,50,10,500,Online
Kohl'S,08-03-2021,Midwest,Montana,Men'S Apparel,53,12,636,Online
Kohl'S,25-01-2021,Midwest,Montana,Men'S Apparel,41,6,246,Online
Kohl'S,31-01-2021,Midwest,Montana,Men'S Apparel,41,8,328,Online
Kohl'S,19-01-2021,Midwest,Montana,Men'S Apparel,44,6,264,Online
Kohl'S,02-03-2021,Midwest,Montana,Men'S Apparel,51,11,561,Online
Kohl'S,01-01-2021,Midwest,Montana,Men'S Apparel,47,8,376,Online
Kohl'S,24-02-2021,Midwest,Montana,Men'S Apparel,54,10,540,Online
Kohl'S,29-12-2020,Midwest,Minnesota,Men'S Athletic Footwear,43,13,559,Online
Kohl'S,10-01-2021,Midwest,Montana,Men'S Athletic Footwear,41,12,492,Online
Kohl'S,28-01-2021,Midwest,Montana,Men'S Athletic Footwear,42,15,630,Online
Kohl'S,27-02-2021,Midwest,Montana,Men'S Athletic Footwear,42,17,714,Online
Kohl'S,03-02-2021,Midwest,Montana,Men'S Athletic Footwear,41,16,656,Online
Kohl'S,05-03-2021,Midwest,Montana,Men'S Athletic Footwear,45,18,810,Online
Kohl'S,21-02-2021,Midwest,Montana,Men'S Athletic Footwear,49,16,784,Online
Kohl'S,09-02-2021,Midwest,Montana,Men'S Athletic Footwear,54,19,1026,Online
Kohl'S,22-01-2021,Midwest,Montana,Men'S Athletic Footwear,41,11,451,Online
Kohl'S,15-02-2021,Midwest,Montana,Men'S Athletic Footwear,48,16,768,Online
Kohl'S,04-01-2021,Midwest,Montana,Men'S Athletic Footwear,42,12,504,Online
Kohl'S,16-01-2021,Midwest,Montana,Men'S Athletic Footwear,43,10,430,Online
Kohl'S,28-12-2020,Midwest,Minnesota,Men'S Street Footwear,32,12,384,Online
Kohl'S,09-01-2021,Midwest,Montana,Men'S Street Footwear,32,17,544,Online
Kohl'S,04-03-2021,Midwest,Montana,Men'S Street Footwear,41,20,820,Online
Kohl'S,20-02-2021,Midwest,Montana,Men'S Street Footwear,44,16,704,Online
Kohl'S,03-01-2021,Midwest,Montana,Men'S Street Footwear,34,16,544,Online
Kohl'S,21-01-2021,Midwest,Montana,Men'S Street Footwear,39,15,585,Online
Kohl'S,14-02-2021,Midwest,Montana,Men'S Street Footwear,41,18,738,Online
Kohl'S,08-02-2021,Midwest,Montana,Men'S Street Footwear,42,20,840,Online
Kohl'S,27-01-2021,Midwest,Montana,Men'S Street Footwear,36,17,612,Online
Kohl'S,02-02-2021,Midwest,Montana,Men'S Street Footwear,37,20,740,Online
Kohl'S,26-02-2021,Midwest,Montana,Men'S Street Footwear,38,17,646,Online
Kohl'S,15-01-2021,Midwest,Montana,Men'S Street Footwear,44,16,704,Online
Kohl'S,07-02-2021,Midwest,Montana,Women'S Apparel,58,14,812,Online
Kohl'S,01-02-2021,Midwest,Montana,Women'S Apparel,55,15,825,Online
Kohl'S,08-01-2021,Midwest,Montana,Women'S Apparel,43,12,516,Online
Kohl'S,13-02-2021,Midwest,Montana,Women'S Apparel,56,11,616,Online
Kohl'S,03-03-2021,Midwest,Montana,Women'S Apparel,56,13,728,Online
Kohl'S,26-01-2021,Midwest,Montana,Women'S Apparel,59,11,649,Online
Kohl'S,14-01-2021,Midwest,Montana,Women'S Apparel,42,11,462,Online
Kohl'S,02-01-2021,Midwest,Montana,Women'S Apparel,43,14,602,Online
Kohl'S,20-01-2021,Midwest,Montana,Women'S Apparel,55,10,550,Online
Kohl'S,25-02-2021,Midwest,Montana,Women'S Apparel,58,11,638,Online
Kohl'S,09-03-2021,Midwest,Montana,Women'S Apparel,55,13,715,Online
Kohl'S,19-02-2021,Midwest,Montana,Women'S Apparel,59,12,708,Online
Kohl'S,31-12-2020,Midwest,Minnesota,Women'S Athletic Footwear,44,10,440,Online
Kohl'S,18-01-2021,Midwest,Montana,Women'S Athletic Footwear,36,8,288,Online
Kohl'S,07-03-2021,Midwest,Montana,Women'S Athletic Footwear,43,14,602,Online
Kohl'S,23-02-2021,Midwest,Montana,Women'S Athletic Footwear,44,11,484,Online
Kohl'S,05-02-2021,Midwest,Montana,Women'S Athletic Footwear,36,11,396,Online
Kohl'S,24-01-2021,Midwest,Montana,Women'S Athletic Footwear,38,9,342,Online
Kohl'S,30-01-2021,Midwest,Montana,Women'S Athletic Footwear,38,11,418,Online
Kohl'S,12-01-2021,Midwest,Montana,Women'S Athletic Footwear,44,9,396,Online
Kohl'S,11-02-2021,Midwest,Montana,Women'S Athletic Footwear,41,11,451,Online
Kohl'S,01-03-2021,Midwest,Montana,Women'S Athletic Footwear,39,12,468,Online
Kohl'S,17-02-2021,Midwest,Montana,Women'S Athletic Footwear,41,12,492,Online
Kohl'S,06-01-2021,Midwest,Montana,Women'S Athletic Footwear,44,8,352,Online
Kohl'S,30-12-2020,Midwest,Minnesota,Women'S Street Footwear,41,12,492,Online
Kohl'S,23-01-2021,Midwest,Montana,Women'S Street Footwear,44,11,484,Online
Kohl'S,29-01-2021,Midwest,Montana,Women'S Street Footwear,44,17,748,Online
Kohl'S,16-02-2021,Midwest,Montana,Women'S Street Footwear,42,12,504,Online
Kohl'S,28-02-2021,Midwest,Montana,Women'S Street Footwear,37,12,444,Online
Kohl'S,22-02-2021,Midwest,Montana,Women'S Street Footwear,41,12,492,Online
Kohl'S,11-01-2021,Midwest,Montana,Women'S Street Footwear,42,13,546,Online
Kohl'S,05-01-2021,Midwest,Montana,Women'S Street Footwear,43,12,516,Online
Kohl'S,04-02-2021,Midwest,Montana,Women'S Street Footwear,44,14,616,Online
Kohl'S,10-02-2021,Midwest,Montana,Women'S Street Footwear,49,13,637,Online
Kohl'S,06-03-2021,Midwest,Montana,Women'S Street Footwear,42,13,546,Online
Kohl'S,17-01-2021,Midwest,Montana,Women'S Street Footwear,44,12,528,Online
Kohl'S,17-04-2021,West,California,Men'S Apparel,45,13,585,Online
Kohl'S,29-05-2021,West,California,Men'S Apparel,55,16,880,Online
Kohl'S,29-04-2021,West,California,Men'S Apparel,46,19,874,Online
Kohl'S,11-04-2021,West,California,Men'S Apparel,49,12,588,Online
Kohl'S,11-03-2021,West,California,Men'S Apparel,49,15,735,Online
Kohl'S,11-05-2021,West,California,Men'S Apparel,58,16,928,Online
Kohl'S,05-05-2021,West,California,Men'S Apparel,58,18,1044,Online
Kohl'S,23-03-2021,West,California,Men'S Apparel,46,11,506,Online
Kohl'S,17-03-2021,West,California,Men'S Apparel,46,11,506,Online
Kohl'S,17-05-2021,West,California,Men'S Apparel,56,17,952,Online
Kohl'S,23-04-2021,West,California,Men'S Apparel,45,13,585,Online
Kohl'S,23-05-2021,West,California,Men'S Apparel,55,17,935,Online
Kohl'S,20-03-2021,West,California,Men'S Athletic Footwear,41,20,820,Online
Kohl'S,14-04-2021,West,California,Men'S Athletic Footwear,47,17,799,Online
Kohl'S,20-04-2021,West,California,Men'S Athletic Footwear,47,23,1081,Online
Kohl'S,08-04-2021,West,California,Men'S Athletic Footwear,49,16,784,Online
Kohl'S,14-05-2021,West,California,Men'S Athletic Footwear,51,23,1173,Online
Kohl'S,08-05-2021,West,California,Men'S Athletic Footwear,50,25,1250,Online
Kohl'S,26-04-2021,West,California,Men'S Athletic Footwear,46,22,1012,Online
Kohl'S,26-05-2021,West,California,Men'S Athletic Footwear,50,24,1200,Online
Kohl'S,20-05-2021,West,California,Men'S Athletic Footwear,54,22,1188,Online
Kohl'S,14-03-2021,West,California,Men'S Athletic Footwear,43,20,860,Online
Kohl'S,02-05-2021,West,California,Men'S Athletic Footwear,51,22,1122,Online
Kohl'S,18-02-2021,West,California,Men'S Athletic Footwear,41,20,820,Online
Kohl'S,19-03-2021,West,California,Men'S Street Footwear,32,22,704,Online
Kohl'S,07-04-2021,West,California,Men'S Street Footwear,43,24,1032,Online
Kohl'S,13-05-2021,West,California,Men'S Street Footwear,49,22,1078,Online
Kohl'S,19-05-2021,West,California,Men'S Street Footwear,49,23,1127,Online
Kohl'S,25-04-2021,West,California,Men'S Street Footwear,41,24,984,Online
Kohl'S,25-05-2021,West,California,Men'S Street Footwear,49,23,1127,Online
Kohl'S,13-04-2021,West,California,Men'S Street Footwear,41,21,861,Online
Kohl'S,01-05-2021,West,California,Men'S Street Footwear,47,25,1175,Online
Kohl'S,13-03-2021,West,California,Men'S Street Footwear,34,23,782,Online
Kohl'S,07-05-2021,West,California,Men'S Street Footwear,47,21,987,Online
Kohl'S,19-04-2021,West,California,Men'S Street Footwear,44,27,1188,Online
Kohl'S,17-02-2021,West,California,Men'S Street Footwear,32,20,640,Online
Kohl'S,18-03-2021,West,California,Women'S Apparel,41,18,738,Online
Kohl'S,30-04-2021,West,California,Women'S Apparel,59,20,1180,Online
Kohl'S,12-03-2021,West,California,Women'S Apparel,41,18,738,Online
Kohl'S,12-05-2021,West,California,Women'S Apparel,59,19,1121,Online
Kohl'S,24-04-2021,West,California,Women'S Apparel,60,20,1200,Online
Kohl'S,18-04-2021,West,California,Women'S Apparel,64,18,1152,Online
Kohl'S,12-04-2021,West,California,Women'S Apparel,62,17,1054,Online
Kohl'S,24-05-2021,West,California,Women'S Apparel,59,19,1121,Online
Kohl'S,06-04-2021,West,California,Women'S Apparel,41,19,779,Online
Kohl'S,30-05-2021,West,California,Women'S Apparel,59,20,1180,Online
Kohl'S,06-05-2021,West,California,Women'S Apparel,61,19,1159,Online
Kohl'S,18-05-2021,West,California,Women'S Apparel,62,18,1116,Online
Kohl'S,22-03-2021,West,California,Women'S Athletic Footwear,41,15,615,Online
Kohl'S,22-05-2021,West,California,Women'S Athletic Footwear,47,18,846,Online
Kohl'S,16-05-2021,West,California,Women'S Athletic Footwear,48,18,864,Online
Kohl'S,16-04-2021,West,California,Women'S Athletic Footwear,41,15,615,Online
Kohl'S,22-04-2021,West,California,Women'S Athletic Footwear,44,18,792,Online
Kohl'S,28-04-2021,West,California,Women'S Athletic Footwear,44,19,836,Online
Kohl'S,04-05-2021,West,California,Women'S Athletic Footwear,47,17,799,Online
Kohl'S,16-03-2021,West,California,Women'S Athletic Footwear,41,15,615,Online
Kohl'S,10-04-2021,West,California,Women'S Athletic Footwear,43,15,645,Online
Kohl'S,10-05-2021,West,California,Women'S Athletic Footwear,46,18,828,Online
Kohl'S,28-05-2021,West,California,Women'S Athletic Footwear,49,21,1029,Online
Kohl'S,10-03-2021,West,California,Women'S Athletic Footwear,41,16,656,Online
Kohl'S,15-03-2021,West,California,Women'S Street Footwear,44,17,748,Online
Kohl'S,09-05-2021,West,California,Women'S Street Footwear,46,20,920,Online
Kohl'S,21-05-2021,West,California,Women'S Street Footwear,47,17,799,Online
Kohl'S,03-05-2021,West,California,Women'S Street Footwear,48,22,1056,Online
Kohl'S,15-05-2021,West,California,Women'S Street Footwear,49,18,882,Online
Kohl'S,15-04-2021,West,California,Women'S Street Footwear,45,16,720,Online
Kohl'S,27-04-2021,West,California,Women'S Street Footwear,47,22,1034,Online
Kohl'S,27-05-2021,West,California,Women'S Street Footwear,46,18,828,Online
Kohl'S,21-03-2021,West,California,Women'S Street Footwear,42,17,714,Online
Kohl'S,21-04-2021,West,California,Women'S Street Footwear,48,20,960,Online
Kohl'S,09-04-2021,West,California,Women'S Street Footwear,49,18,882,Online
Kohl'S,09-03-2021,West,California,Women'S Street Footwear,41,19,779,Online
Foot Locker,12-12-2021,Midwest,Kansas,Men'S Apparel,70,30,2100,Online
Foot Locker,13-11-2021,Midwest,Kansas,Men'S Apparel,75,25,1875,Online
Foot Locker,13-11-2021,Midwest,Kansas,Men'S Apparel,68,7,476,Online
Foot Locker,12-12-2021,Midwest,Kansas,Men'S Apparel,64,8,512,Online
Foot Locker,13-11-2021,Midwest,Kansas,Men'S Athletic Footwear,15,28,420,Online
Foot Locker,12-12-2021,Midwest,Kansas,Men'S Athletic Footwear,60,40,2400,Online
Foot Locker,13-11-2021,Midwest,Kansas,Men'S Athletic Footwear,14,7,98,Online
Foot Locker,12-12-2021,Midwest,Kansas,Men'S Athletic Footwear,59,12,708,Online
Foot Locker,13-11-2021,Midwest,Kansas,Men'S Street Footwear,25,45,1125,Online
Foot Locker,12-12-2021,Midwest,Kansas,Men'S Street Footwear,70,60,4200,Online
Foot Locker,13-11-2021,Midwest,Kansas,Men'S Street Footwear,23,12,276,Online
Foot Locker,12-12-2021,Midwest,Kansas,Men'S Street Footwear,66,15,990,Online
Foot Locker,14-10-2021,Midwest,Kansas,Women'S Apparel,30,30,900,Online
Foot Locker,13-11-2021,Midwest,Kansas,Women'S Apparel,75,35,2625,Online
Foot Locker,12-12-2021,Midwest,Kansas,Women'S Apparel,75,40,3000,Online
Foot Locker,12-12-2021,Midwest,Kansas,Women'S Apparel,68,11,748,Online
Foot Locker,13-11-2021,Midwest,Kansas,Women'S Apparel,73,9,657,Online
Foot Locker,14-10-2021,Midwest,Kansas,Women'S Apparel,28,9,252,Online
Foot Locker,13-11-2021,Midwest,Kansas,Women'S Athletic Footwear,55,28,1540,Online
Foot Locker,12-12-2021,Midwest,Kansas,Women'S Athletic Footwear,60,30,1800,Online
Foot Locker,12-12-2021,Midwest,Kansas,Women'S Athletic Footwear,59,9,531,Online
Foot Locker,13-11-2021,Midwest,Kansas,Women'S Athletic Footwear,54,8,432,Online
Foot Locker,13-11-2021,Midwest,Kansas,Women'S Street Footwear,25,22,550,Online
Foot Locker,12-12-2021,Midwest,Kansas,Women'S Street Footwear,60,35,2100,Online
Foot Locker,12-12-2021,Midwest,Kansas,Women'S Street Footwear,58,10,580,Online
Foot Locker,13-11-2021,Midwest,Kansas,Women'S Street Footwear,23,6,138,Online
Kohl'S,12-09-2021,Midwest,Kansas,Men'S Apparel,25,23,575,Online
Kohl'S,14-10-2021,Midwest,Kansas,Men'S Apparel,30,18,540,Online
Kohl'S,14-02-2021,Midwest,Kansas,Men'S Apparel,35,23,805,Online
Kohl'S,12-03-2021,Midwest,Kansas,Men'S Apparel,35,15,525,Online
Kohl'S,13-04-2021,Midwest,Kansas,Men'S Apparel,40,15,600,Online
Kohl'S,12-05-2021,Midwest,Kansas,Men'S Apparel,45,23,1035,Online
Kohl'S,13-08-2021,Midwest,Kansas,Men'S Apparel,50,28,1400,Online
Kohl'S,14-06-2021,Midwest,Kansas,Men'S Apparel,55,28,1540,Online
Kohl'S,12-07-2021,Midwest,Kansas,Men'S Apparel,60,33,1980,Online
Kohl'S,12-03-2021,Midwest,Kansas,Men'S Apparel,32,4,128,Online
Kohl'S,12-07-2021,Midwest,Kansas,Men'S Apparel,56,9,504,Online
Kohl'S,14-02-2021,Midwest,Kansas,Men'S Apparel,32,7,224,Online
Kohl'S,14-06-2021,Midwest,Kansas,Men'S Apparel,54,8,432,Online
Kohl'S,12-09-2021,Midwest,Kansas,Men'S Apparel,24,6,144,Online
Kohl'S,14-10-2021,Midwest,Kansas,Men'S Apparel,29,5,145,Online
Kohl'S,13-04-2021,Midwest,Kansas,Men'S Apparel,39,4,156,Online
Kohl'S,12-05-2021,Midwest,Kansas,Men'S Apparel,43,6,258,Online
Kohl'S,13-08-2021,Midwest,Kansas,Men'S Apparel,47,7,329,Online
Kohl'S,12-03-2021,Midwest,Kansas,Men'S Athletic Footwear,20,23,460,Online
Kohl'S,14-10-2021,Midwest,Kansas,Men'S Athletic Footwear,20,33,660,Online
Kohl'S,13-04-2021,Midwest,Kansas,Men'S Athletic Footwear,25,20,500,Online
Kohl'S,14-06-2021,Midwest,Kansas,Men'S Athletic Footwear,35,33,1155,Online
Kohl'S,12-05-2021,Midwest,Kansas,Men'S Athletic Footwear,40,28,1120,Online
Kohl'S,12-09-2021,Midwest,Kansas,Men'S Athletic Footwear,40,35,1400,Online
Kohl'S,12-07-2021,Midwest,Kansas,Men'S Athletic Footwear,50,43,2150,Online
Kohl'S,13-08-2021,Midwest,Kansas,Men'S Athletic Footwear,55,43,2365,Online
Kohl'S,12-09-2021,Midwest,Kansas,Men'S Athletic Footwear,38,9,342,Online
Kohl'S,13-08-2021,Midwest,Kansas,Men'S Athletic Footwear,51,11,561,Online
Kohl'S,14-10-2021,Midwest,Kansas,Men'S Athletic Footwear,19,9,171,Online
Kohl'S,12-03-2021,Midwest,Kansas,Men'S Athletic Footwear,19,6,114,Online
Kohl'S,13-04-2021,Midwest,Kansas,Men'S Athletic Footwear,25,6,150,Online
Kohl'S,14-06-2021,Midwest,Kansas,Men'S Athletic Footwear,32,9,288,Online
Kohl'S,12-05-2021,Midwest,Kansas,Men'S Athletic Footwear,39,8,312,Online
Kohl'S,12-07-2021,Midwest,Kansas,Men'S Athletic Footwear,49,12,588,Online
Kohl'S,12-03-2021,Midwest,Kansas,Men'S Street Footwear,20,55,1100,Online
Kohl'S,13-04-2021,Midwest,Kansas,Men'S Street Footwear,25,50,1250,Online
Kohl'S,14-10-2021,Midwest,Kansas,Men'S Street Footwear,30,50,1500,Online
Kohl'S,12-05-2021,Midwest,Kansas,Men'S Street Footwear,40,57,2280,Online
Kohl'S,14-06-2021,Midwest,Kansas,Men'S Street Footwear,40,58,2320,Online
Kohl'S,12-09-2021,Midwest,Kansas,Men'S Street Footwear,50,55,2750,Online
Kohl'S,12-07-2021,Midwest,Kansas,Men'S Street Footwear,55,68,3740,Online
Kohl'S,13-08-2021,Midwest,Kansas,Men'S Street Footwear,60,65,3900,Online
Kohl'S,13-04-2021,Midwest,Kansas,Men'S Street Footwear,24,15,360,Online
Kohl'S,12-05-2021,Midwest,Kansas,Men'S Street Footwear,36,14,504,Online
Kohl'S,14-10-2021,Midwest,Kansas,Men'S Street Footwear,29,15,435,Online
Kohl'S,12-03-2021,Midwest,Kansas,Men'S Street Footwear,20,15,300,Online
Kohl'S,14-06-2021,Midwest,Kansas,Men'S Street Footwear,37,14,518,Online
Kohl'S,12-09-2021,Midwest,Kansas,Men'S Street Footwear,47,17,799,Online
Kohl'S,12-07-2021,Midwest,Kansas,Men'S Street Footwear,51,18,918,Online
Kohl'S,13-08-2021,Midwest,Kansas,Men'S Street Footwear,56,19,1064,Online
Kohl'S,14-02-2021,Midwest,Kansas,Women'S Apparel,20,33,660,Online
Kohl'S,12-03-2021,Midwest,Kansas,Women'S Apparel,25,25,625,Online
Kohl'S,13-04-2021,Midwest,Kansas,Women'S Apparel,30,30,900,Online
Kohl'S,12-09-2021,Midwest,Kansas,Women'S Apparel,30,33,990,Online
Kohl'S,12-05-2021,Midwest,Kansas,Women'S Apparel,45,33,1485,Online
Kohl'S,13-08-2021,Midwest,Kansas,Women'S Apparel,55,45,2475,Online
Kohl'S,14-06-2021,Midwest,Kansas,Women'S Apparel,60,45,2700,Online
Kohl'S,12-07-2021,Midwest,Kansas,Women'S Apparel,65,50,3250,Online
Kohl'S,12-05-2021,Midwest,Kansas,Women'S Apparel,42,9,378,Online
Kohl'S,14-02-2021,Midwest,Kansas,Women'S Apparel,18,10,180,Online
Kohl'S,13-04-2021,Midwest,Kansas,Women'S Apparel,29,8,232,Online
Kohl'S,12-09-2021,Midwest,Kansas,Women'S Apparel,29,9,261,Online
Kohl'S,14-06-2021,Midwest,Kansas,Women'S Apparel,58,12,696,Online
Kohl'S,12-07-2021,Midwest,Kansas,Women'S Apparel,60,14,840,Online
Kohl'S,12-03-2021,Midwest,Kansas,Women'S Apparel,23,7,161,Online
Kohl'S,13-08-2021,Midwest,Kansas,Women'S Apparel,52,11,572,Online
Kohl'S,12-09-2021,Midwest,Kansas,Women'S Athletic Footwear,15,23,345,Online
Kohl'S,12-03-2021,Midwest,Kansas,Women'S Athletic Footwear,20,10,200,Online
Kohl'S,13-04-2021,Midwest,Kansas,Women'S Athletic Footwear,20,13,260,Online
Kohl'S,14-02-2021,Midwest,Kansas,Women'S Athletic Footwear,20,15,300,Online
Kohl'S,14-10-2021,Midwest,Kansas,Women'S Athletic Footwear,20,18,360,Online
Kohl'S,12-05-2021,Midwest,Kansas,Women'S Athletic Footwear,35,20,700,Online
Kohl'S,14-06-2021,Midwest,Kansas,Women'S Athletic Footwear,40,28,1120,Online
Kohl'S,13-08-2021,Midwest,Kansas,Women'S Athletic Footwear,40,30,1200,Online
Kohl'S,12-07-2021,Midwest,Kansas,Women'S Athletic Footwear,45,30,1350,Online
Kohl'S,13-04-2021,Midwest,Kansas,Women'S Athletic Footwear,19,4,76,Online
Kohl'S,14-02-2021,Midwest,Kansas,Women'S Athletic Footwear,20,4,80,Online
Kohl'S,14-06-2021,Midwest,Kansas,Women'S Athletic Footwear,38,8,304,Online
Kohl'S,12-09-2021,Midwest,Kansas,Women'S Athletic Footwear,14,7,98,Online
Kohl'S,14-10-2021,Midwest,Kansas,Women'S Athletic Footwear,19,5,95,Online
Kohl'S,12-03-2021,Midwest,Kansas,Women'S Athletic Footwear,20,3,60,Online
Kohl'S,13-08-2021,Midwest,Kansas,Women'S Athletic Footwear,37,9,333,Online
Kohl'S,12-07-2021,Midwest,Kansas,Women'S Athletic Footwear,43,8,344,Online
Kohl'S,12-05-2021,Midwest,Kansas,Women'S Athletic Footwear,32,6,192,Online
Kohl'S,12-03-2021,Midwest,Kansas,Women'S Street Footwear,10,25,250,Online
Kohl'S,13-04-2021,Midwest,Kansas,Women'S Street Footwear,15,20,300,Online
Kohl'S,12-09-2021,Midwest,Kansas,Women'S Street Footwear,15,25,375,Online
Kohl'S,14-10-2021,Midwest,Kansas,Women'S Street Footwear,20,20,400,Online
Kohl'S,12-05-2021,Midwest,Kansas,Women'S Street Footwear,35,25,875,Online
Kohl'S,14-06-2021,Midwest,Kansas,Women'S Street Footwear,40,30,1200,Online
Kohl'S,12-07-2021,Midwest,Kansas,Women'S Street Footwear,45,35,1575,Online
Kohl'S,13-08-2021,Midwest,Kansas,Women'S Street Footwear,50,35,1750,Online
Kohl'S,12-03-2021,Midwest,Kansas,Women'S Street Footwear,9,8,72,Online
Kohl'S,14-06-2021,Midwest,Kansas,Women'S Street Footwear,37,8,296,Online
Kohl'S,12-07-2021,Midwest,Kansas,Women'S Street Footwear,42,10,420,Online
Kohl'S,12-09-2021,Midwest,Kansas,Women'S Street Footwear,15,8,120,Online
Kohl'S,14-10-2021,Midwest,Kansas,Women'S Street Footwear,19,6,114,Online
Kohl'S,12-05-2021,Midwest,Kansas,Women'S Street Footwear,32,7,224,Online
Kohl'S,13-04-2021,Midwest,Kansas,Women'S Street Footwear,14,6,84,Online
Kohl'S,13-08-2021,Midwest,Kansas,Women'S Street Footwear,47,10,470,Online
Sports Direct,12-08-2021,Midwest,Illinois,Men'S Athletic Footwear,28,20,560,Online
Sports Direct,11-03-2021,Midwest,Montana,Men'S Athletic Footwear,29,18,522,Online
Sports Direct,02-08-2021,Midwest,Nebraska,Men'S Athletic Footwear,29,20,580,Online
Sports Direct,11-08-2021,Midwest,Illinois,Men'S Street Footwear,20,19,380,Online
Sports Direct,10-03-2021,Midwest,Montana,Men'S Street Footwear,18,21,378,Online
Sports Direct,01-08-2021,Midwest,Nebraska,Men'S Street Footwear,19,20,380,Online
Sports Direct,14-08-2021,Midwest,Illinois,Women'S Athletic Footwear,34,15,510,Online
Sports Direct,13-03-2021,Midwest,Montana,Women'S Athletic Footwear,32,14,448,Online
Sports Direct,04-08-2021,Midwest,Nebraska,Women'S Athletic Footwear,33,14,462,Online
Sports Direct,13-08-2021,Midwest,Illinois,Women'S Street Footwear,27,16,432,Online
Sports Direct,12-03-2021,Midwest,Montana,Women'S Street Footwear,27,13,351,Online
Sports Direct,03-08-2021,Midwest,Nebraska,Women'S Street Footwear,28,14,392,Online
Sports Direct,20-07-2020,Northeast,New York,Men'S Athletic Footwear,34,23,782,Online
Sports Direct,19-07-2020,Northeast,New York,Men'S Street Footwear,24,23,552,Online
Sports Direct,22-07-2020,Northeast,New York,Women'S Athletic Footwear,34,18,612,Online
Sports Direct,21-07-2020,Northeast,New York,Women'S Street Footwear,33,21,693,Online
Foot Locker,05-01-2021,South,Louisiana,Men'S Apparel,40,33,1320,Online
Foot Locker,05-01-2021,South,Louisiana,Men'S Apparel,36,9,324,Online
Foot Locker,05-01-2021,South,Louisiana,Men'S Athletic Footwear,30,68,2040,Online
Foot Locker,04-02-2021,South,Louisiana,Men'S Athletic Footwear,35,60,2100,Online
Foot Locker,04-02-2021,South,Louisiana,Men'S Athletic Footwear,32,17,544,Online
Foot Locker,05-01-2021,South,Louisiana,Men'S Athletic Footwear,28,20,560,Online
Foot Locker,05-01-2021,South,Louisiana,Men'S Street Footwear,20,68,1360,Online
Foot Locker,04-02-2021,South,Louisiana,Men'S Street Footwear,25,63,1575,Online
Foot Locker,04-02-2021,South,Louisiana,Men'S Street Footwear,23,16,368,Online
Foot Locker,05-01-2021,South,Louisiana,Men'S Street Footwear,19,18,342,Online
Foot Locker,05-01-2021,South,Louisiana,Women'S Athletic Footwear,35,48,1680,Online
Foot Locker,05-01-2021,South,Louisiana,Women'S Athletic Footwear,33,13,429,Online
Foot Locker,05-01-2021,South,Louisiana,Women'S Street Footwear,30,48,1440,Online
Foot Locker,04-02-2021,South,Louisiana,Women'S Street Footwear,35,43,1505,Online
Foot Locker,05-01-2021,South,Louisiana,Women'S Street Footwear,28,12,336,Online
Foot Locker,04-02-2021,South,Louisiana,Women'S Street Footwear,34,13,442,Online
Kohl'S,16-01-2021,South,Oklahoma,Men'S Apparel,35,25,875,Online
Kohl'S,19-12-2021,South,Oklahoma,Men'S Apparel,70,33,2310,Online
Kohl'S,20-11-2021,South,Oklahoma,Men'S Apparel,75,28,2100,Online
Kohl'S,16-01-2021,South,Oklahoma,Men'S Apparel,33,7,231,Online
Kohl'S,19-12-2021,South,Oklahoma,Men'S Apparel,69,8,552,Online
Kohl'S,20-11-2021,South,Oklahoma,Men'S Apparel,71,8,568,Online
Kohl'S,20-11-2021,South,Oklahoma,Men'S Athletic Footwear,15,30,450,Online
Kohl'S,14-02-2021,South,Oklahoma,Men'S Athletic Footwear,25,25,625,Online
Kohl'S,16-01-2021,South,Oklahoma,Men'S Athletic Footwear,25,35,875,Online
Kohl'S,19-12-2021,South,Oklahoma,Men'S Athletic Footwear,60,43,2580,Online
Kohl'S,19-12-2021,South,Oklahoma,Men'S Athletic Footwear,58,12,696,Online
Kohl'S,20-11-2021,South,Oklahoma,Men'S Athletic Footwear,14,8,112,Online
Kohl'S,16-01-2021,South,Oklahoma,Men'S Athletic Footwear,23,9,207,Online
Kohl'S,14-02-2021,South,Oklahoma,Men'S Athletic Footwear,23,7,161,Online
Kohl'S,16-01-2021,South,Oklahoma,Men'S Street Footwear,25,55,1375,Online
Kohl'S,14-02-2021,South,Oklahoma,Men'S Street Footwear,25,60,1500,Online
Kohl'S,20-11-2021,South,Oklahoma,Men'S Street Footwear,25,48,1200,Online
Kohl'S,19-12-2021,South,Oklahoma,Men'S Street Footwear,70,63,4410,Online
Kohl'S,14-02-2021,South,Oklahoma,Men'S Street Footwear,23,16,368,Online
Kohl'S,16-01-2021,South,Oklahoma,Men'S Street Footwear,23,15,345,Online
Kohl'S,20-11-2021,South,Oklahoma,Men'S Street Footwear,23,13,299,Online
Kohl'S,19-12-2021,South,Oklahoma,Men'S Street Footwear,64,17,1088,Online
Kohl'S,16-01-2021,South,Oklahoma,Women'S Apparel,25,35,875,Online
Kohl'S,21-10-2021,South,Oklahoma,Women'S Apparel,30,33,990,Online
Kohl'S,20-11-2021,South,Oklahoma,Women'S Apparel,75,38,2850,Online
Kohl'S,19-12-2021,South,Oklahoma,Women'S Apparel,75,43,3225,Online
Kohl'S,16-01-2021,South,Oklahoma,Women'S Apparel,23,10,230,Online
Kohl'S,19-12-2021,South,Oklahoma,Women'S Apparel,68,12,816,Online
Kohl'S,20-11-2021,South,Oklahoma,Women'S Apparel,72,11,792,Online
Kohl'S,21-10-2021,South,Oklahoma,Women'S Apparel,29,9,261,Online
Kohl'S,16-01-2021,South,Oklahoma,Women'S Athletic Footwear,20,20,400,Online
Kohl'S,20-11-2021,South,Oklahoma,Women'S Athletic Footwear,55,30,1650,Online
Kohl'S,19-12-2021,South,Oklahoma,Women'S Athletic Footwear,60,33,1980,Online
Kohl'S,16-01-2021,South,Oklahoma,Women'S Athletic Footwear,19,6,114,Online
Kohl'S,20-11-2021,South,Oklahoma,Women'S Athletic Footwear,52,8,416,Online
Kohl'S,19-12-2021,South,Oklahoma,Women'S Athletic Footwear,54,9,486,Online
Kohl'S,14-02-2021,South,Oklahoma,Women'S Street Footwear,15,30,450,Online
Kohl'S,16-01-2021,South,Oklahoma,Women'S Street Footwear,15,35,525,Online
Kohl'S,20-11-2021,South,Oklahoma,Women'S Street Footwear,25,25,625,Online
Kohl'S,19-12-2021,South,Oklahoma,Women'S Street Footwear,60,38,2280,Online
Kohl'S,16-01-2021,South,Oklahoma,Women'S Street Footwear,14,9,126,Online
Kohl'S,14-02-2021,South,Oklahoma,Women'S Street Footwear,14,8,112,Online
Kohl'S,19-12-2021,South,Oklahoma,Women'S Street Footwear,55,10,550,Online
Kohl'S,20-11-2021,South,Oklahoma,Women'S Street Footwear,23,7,161,Online
Sports Direct,05-08-2021,South,Alabama,Men'S Apparel,37,9,333,Online
Sports Direct,11-08-2021,South,Alabama,Men'S Apparel,38,7,266,Online
Sports Direct,17-08-2021,South,Alabama,Men'S Apparel,37,7,259,Online
Sports Direct,23-08-2021,South,Alabama,Men'S Apparel,23,7,161,Online
Sports Direct,29-08-2021,South,Alabama,Men'S Apparel,49,12,588,Online
Sports Direct,04-09-2021,South,Alabama,Men'S Apparel,49,15,735,Online
Sports Direct,10-10-2021,South,Alabama,Men'S Apparel,58,15,870,Online
Sports Direct,22-09-2021,South,Alabama,Men'S Apparel,41,9,369,Online
Sports Direct,10-09-2021,South,Alabama,Men'S Apparel,45,13,585,Online
Sports Direct,04-10-2021,South,Alabama,Men'S Apparel,48,11,528,Online
Sports Direct,16-09-2021,South,Alabama,Men'S Apparel,50,12,600,Online
Sports Direct,28-09-2021,South,Alabama,Men'S Apparel,29,8,232,Online
Sports Direct,23-01-2021,South,Mississippi,Men'S Apparel,35,35,1225,Online
Sports Direct,23-01-2021,South,Mississippi,Men'S Apparel,34,10,340,Online
Sports Direct,14-03-2021,South,Tennessee,Men'S Apparel,39,10,390,Online
Sports Direct,20-03-2021,South,Tennessee,Men'S Apparel,37,8,296,Online
Sports Direct,01-04-2021,South,Tennessee,Men'S Apparel,28,8,224,Online
Sports Direct,26-03-2021,South,Tennessee,Men'S Apparel,39,7,273,Online
Sports Direct,13-04-2021,South,Tennessee,Men'S Apparel,43,15,645,Online
Sports Direct,07-04-2021,South,Tennessee,Men'S Apparel,41,11,451,Online
Sports Direct,19-05-2021,South,Tennessee,Men'S Apparel,50,14,700,Online
Sports Direct,07-05-2021,South,Tennessee,Men'S Apparel,32,9,288,Online
Sports Direct,01-05-2021,South,Tennessee,Men'S Apparel,47,12,564,Online
Sports Direct,19-04-2021,South,Tennessee,Men'S Apparel,43,17,731,Online
Sports Direct,25-04-2021,South,Tennessee,Men'S Apparel,49,13,637,Online
Sports Direct,13-05-2021,South,Tennessee,Men'S Apparel,51,11,561,Online
Sports Direct,15-08-2021,South,Texas,Men'S Apparel,37,9,333,Online
Sports Direct,21-08-2021,South,Texas,Men'S Apparel,38,8,304,Online
Sports Direct,02-09-2021,South,Texas,Men'S Apparel,34,9,306,Online
Sports Direct,14-09-2021,South,Texas,Men'S Apparel,45,15,675,Online
Sports Direct,08-10-2021,South,Texas,Men'S Apparel,36,10,360,Online
Sports Direct,27-08-2021,South,Texas,Men'S Apparel,38,8,304,Online
Sports Direct,08-09-2021,South,Texas,Men'S Apparel,49,13,637,Online
Sports Direct,20-09-2021,South,Texas,Men'S Apparel,47,17,799,Online
Sports Direct,26-09-2021,South,Texas,Men'S Apparel,53,14,742,Online
Sports Direct,14-10-2021,South,Texas,Men'S Apparel,56,14,784,Online
Sports Direct,02-10-2021,South,Texas,Men'S Apparel,53,14,742,Online
Sports Direct,20-10-2021,South,Texas,Men'S Apparel,58,16,928,Online
Sports Direct,04-08-2020,South,Texas,Men'S Apparel,41,13,533,Online
Sports Direct,23-07-2020,South,Texas,Men'S Apparel,36,15,540,Online
Sports Direct,29-07-2020,South,Texas,Men'S Apparel,38,13,494,Online
Sports Direct,08-08-2021,South,Alabama,Men'S Athletic Footwear,33,17,561,Online
Sports Direct,14-08-2021,South,Alabama,Men'S Athletic Footwear,36,19,684,Online
Sports Direct,01-09-2021,South,Alabama,Men'S Athletic Footwear,49,20,980,Online
Sports Direct,20-08-2021,South,Alabama,Men'S Athletic Footwear,19,19,361,Online
Sports Direct,26-08-2021,South,Alabama,Men'S Athletic Footwear,19,19,361,Online
Sports Direct,01-10-2021,South,Alabama,Men'S Athletic Footwear,19,17,323,Online
Sports Direct,25-09-2021,South,Alabama,Men'S Athletic Footwear,29,16,464,Online
Sports Direct,19-09-2021,South,Alabama,Men'S Athletic Footwear,50,14,700,Online
Sports Direct,07-09-2021,South,Alabama,Men'S Athletic Footwear,49,22,1078,Online
Sports Direct,07-10-2021,South,Alabama,Men'S Athletic Footwear,58,23,1334,Online
Sports Direct,13-09-2021,South,Alabama,Men'S Athletic Footwear,52,21,1092,Online
Sports Direct,21-02-2021,South,Mississippi,Men'S Athletic Footwear,25,35,875,Online
Sports Direct,23-01-2021,South,Mississippi,Men'S Athletic Footwear,25,45,1125,Online
Sports Direct,21-02-2021,South,Mississippi,Men'S Athletic Footwear,24,11,264,Online
Sports Direct,23-01-2021,South,Mississippi,Men'S Athletic Footwear,25,13,325,Online
Sports Direct,17-03-2021,South,Tennessee,Men'S Athletic Footwear,33,18,594,Online
Sports Direct,04-04-2021,South,Tennessee,Men'S Athletic Footwear,23,22,506,Online
Sports Direct,29-03-2021,South,Tennessee,Men'S Athletic Footwear,24,18,432,Online
Sports Direct,10-04-2021,South,Tennessee,Men'S Athletic Footwear,42,20,840,Online
Sports Direct,23-03-2021,South,Tennessee,Men'S Athletic Footwear,37,16,592,Online
Sports Direct,16-05-2021,South,Tennessee,Men'S Athletic Footwear,51,24,1224,Online
Sports Direct,10-05-2021,South,Tennessee,Men'S Athletic Footwear,29,19,551,Online
Sports Direct,22-04-2021,South,Tennessee,Men'S Athletic Footwear,54,23,1242,Online
Sports Direct,16-04-2021,South,Tennessee,Men'S Athletic Footwear,43,21,903,Online
Sports Direct,04-05-2021,South,Tennessee,Men'S Athletic Footwear,32,15,480,Online
Sports Direct,28-04-2021,South,Tennessee,Men'S Athletic Footwear,47,17,799,Online
Sports Direct,18-08-2021,South,Texas,Men'S Athletic Footwear,32,16,512,Online
Sports Direct,30-08-2021,South,Texas,Men'S Athletic Footwear,28,18,504,Online
Sports Direct,11-09-2021,South,Texas,Men'S Athletic Footwear,49,20,980,Online
Sports Direct,05-09-2021,South,Texas,Men'S Athletic Footwear,29,19,551,Online
Sports Direct,11-10-2021,South,Texas,Men'S Athletic Footwear,37,22,814,Online
Sports Direct,24-08-2021,South,Texas,Men'S Athletic Footwear,39,17,663,Online
Sports Direct,23-09-2021,South,Texas,Men'S Athletic Footwear,53,21,1113,Online
Sports Direct,05-10-2021,South,Texas,Men'S Athletic Footwear,38,17,646,Online
Sports Direct,29-09-2021,South,Texas,Men'S Athletic Footwear,54,18,972,Online
Sports Direct,17-10-2021,South,Texas,Men'S Athletic Footwear,56,23,1288,Online
Sports Direct,17-09-2021,South,Texas,Men'S Athletic Footwear,48,22,1056,Online
Sports Direct,26-07-2020,South,Texas,Men'S Athletic Footwear,33,26,858,Online
Sports Direct,07-08-2020,South,Texas,Men'S Athletic Footwear,38,23,874,Online
Sports Direct,01-08-2020,South,Texas,Men'S Athletic Footwear,39,24,936,Online
Sports Direct,07-08-2021,South,Alabama,Men'S Street Footwear,24,16,384,Online
Sports Direct,13-08-2021,South,Alabama,Men'S Street Footwear,28,16,448,Online
Sports Direct,31-08-2021,South,Alabama,Men'S Street Footwear,43,20,860,Online
Sports Direct,19-08-2021,South,Alabama,Men'S Street Footwear,19,20,380,Online
Sports Direct,25-08-2021,South,Alabama,Men'S Street Footwear,9,20,180,Online
Sports Direct,24-09-2021,South,Alabama,Men'S Street Footwear,29,13,377,Online
Sports Direct,18-09-2021,South,Alabama,Men'S Street Footwear,51,18,918,Online
Sports Direct,12-09-2021,South,Alabama,Men'S Street Footwear,38,23,874,Online
Sports Direct,06-10-2021,South,Alabama,Men'S Street Footwear,56,23,1288,Online
Sports Direct,30-09-2021,South,Alabama,Men'S Street Footwear,18,17,306,Online
Sports Direct,06-09-2021,South,Alabama,Men'S Street Footwear,44,21,924,Online
Sports Direct,23-01-2021,South,Mississippi,Men'S Street Footwear,25,65,1625,Online
Sports Direct,21-02-2021,South,Mississippi,Men'S Street Footwear,25,70,1750,Online
Sports Direct,23-01-2021,South,Mississippi,Men'S Street Footwear,24,18,432,Online
Sports Direct,21-02-2021,South,Mississippi,Men'S Street Footwear,24,19,456,Online
Sports Direct,03-04-2021,South,Tennessee,Men'S Street Footwear,14,19,266,Online
Sports Direct,28-03-2021,South,Tennessee,Men'S Street Footwear,19,17,323,Online
Sports Direct,16-03-2021,South,Tennessee,Men'S Street Footwear,24,17,408,Online
Sports Direct,22-03-2021,South,Tennessee,Men'S Street Footwear,27,19,513,Online
Sports Direct,09-04-2021,South,Tennessee,Men'S Street Footwear,36,22,792,Online
Sports Direct,09-05-2021,South,Tennessee,Men'S Street Footwear,29,20,580,Online
Sports Direct,03-05-2021,South,Tennessee,Men'S Street Footwear,33,17,561,Online
Sports Direct,15-04-2021,South,Tennessee,Men'S Street Footwear,36,22,792,Online
Sports Direct,21-04-2021,South,Tennessee,Men'S Street Footwear,41,23,943,Online
Sports Direct,15-05-2021,South,Tennessee,Men'S Street Footwear,53,20,1060,Online
Sports Direct,27-04-2021,South,Tennessee,Men'S Street Footwear,49,18,882,Online
Sports Direct,17-08-2021,South,Texas,Men'S Street Footwear,23,18,414,Online
Sports Direct,29-08-2021,South,Texas,Men'S Street Footwear,18,18,324,Online
Sports Direct,10-09-2021,South,Texas,Men'S Street Footwear,41,22,902,Online
Sports Direct,04-09-2021,South,Texas,Men'S Street Footwear,19,20,380,Online
Sports Direct,23-08-2021,South,Texas,Men'S Street Footwear,29,18,522,Online
Sports Direct,04-10-2021,South,Texas,Men'S Street Footwear,39,16,624,Online
Sports Direct,22-09-2021,South,Texas,Men'S Street Footwear,49,21,1029,Online
Sports Direct,16-09-2021,South,Texas,Men'S Street Footwear,41,23,943,Online
Sports Direct,16-10-2021,South,Texas,Men'S Street Footwear,59,22,1298,Online
Sports Direct,10-10-2021,South,Texas,Men'S Street Footwear,38,18,684,Online
Sports Direct,28-09-2021,South,Texas,Men'S Street Footwear,53,18,954,Online
Sports Direct,31-07-2020,South,Texas,Men'S Street Footwear,29,25,725,Online
Sports Direct,06-08-2020,South,Texas,Men'S Street Footwear,27,23,621,Online
Sports Direct,25-07-2020,South,Texas,Men'S Street Footwear,23,21,483,Online
Sports Direct,12-08-2021,South,Alabama,Women'S Apparel,33,13,429,Online
Sports Direct,06-08-2021,South,Alabama,Women'S Apparel,32,14,448,Online
Sports Direct,30-08-2021,South,Alabama,Women'S Apparel,43,20,860,Online
Sports Direct,05-09-2021,South,Alabama,Women'S Apparel,50,25,1250,Online
Sports Direct,24-08-2021,South,Alabama,Women'S Apparel,20,15,300,Online
Sports Direct,18-08-2021,South,Alabama,Women'S Apparel,34,10,340,Online
Sports Direct,29-09-2021,South,Alabama,Women'S Apparel,36,14,504,Online
Sports Direct,23-09-2021,South,Alabama,Women'S Apparel,37,15,555,Online
Sports Direct,17-09-2021,South,Alabama,Women'S Apparel,59,18,1062,Online
Sports Direct,05-10-2021,South,Alabama,Women'S Apparel,56,19,1064,Online
Sports Direct,11-09-2021,South,Alabama,Women'S Apparel,56,24,1344,Online
Sports Direct,11-10-2021,South,Alabama,Women'S Apparel,68,20,1360,Online
Sports Direct,23-01-2021,South,Mississippi,Women'S Apparel,25,45,1125,Online
Sports Direct,23-01-2021,South,Mississippi,Women'S Apparel,23,12,276,Online
Sports Direct,21-03-2021,South,Tennessee,Women'S Apparel,32,13,416,Online
Sports Direct,15-03-2021,South,Tennessee,Women'S Apparel,33,13,429,Online
Sports Direct,14-04-2021,South,Tennessee,Women'S Apparel,49,24,1176,Online
Sports Direct,27-03-2021,South,Tennessee,Women'S Apparel,33,11,363,Online
Sports Direct,08-04-2021,South,Tennessee,Women'S Apparel,38,20,760,Online
Sports Direct,02-04-2021,South,Tennessee,Women'S Apparel,24,16,384,Online
Sports Direct,20-04-2021,South,Tennessee,Women'S Apparel,52,22,1144,Online
Sports Direct,08-05-2021,South,Tennessee,Women'S Apparel,43,13,559,Online
Sports Direct,26-04-2021,South,Tennessee,Women'S Apparel,53,18,954,Online
Sports Direct,14-05-2021,South,Tennessee,Women'S Apparel,59,17,1003,Online
Sports Direct,02-05-2021,South,Tennessee,Women'S Apparel,42,16,672,Online
Sports Direct,20-05-2021,South,Tennessee,Women'S Apparel,61,23,1403,Online
Sports Direct,16-08-2021,South,Texas,Women'S Apparel,33,15,495,Online
Sports Direct,22-08-2021,South,Texas,Women'S Apparel,32,14,448,Online
Sports Direct,03-09-2021,South,Texas,Women'S Apparel,29,16,464,Online
Sports Direct,28-08-2021,South,Texas,Women'S Apparel,32,14,448,Online
Sports Direct,15-09-2021,South,Texas,Women'S Apparel,53,26,1378,Online
Sports Direct,09-09-2021,South,Texas,Women'S Apparel,43,22,946,Online
Sports Direct,15-10-2021,South,Texas,Women'S Apparel,67,18,1206,Online
Sports Direct,21-10-2021,South,Texas,Women'S Apparel,65,23,1495,Online
Sports Direct,21-09-2021,South,Texas,Women'S Apparel,54,26,1404,Online
Sports Direct,09-10-2021,South,Texas,Women'S Apparel,45,16,720,Online
Sports Direct,03-10-2021,South,Texas,Women'S Apparel,48,20,960,Online
Sports Direct,27-09-2021,South,Texas,Women'S Apparel,56,23,1288,Online
Sports Direct,05-08-2020,South,Texas,Women'S Apparel,39,19,741,Online
Sports Direct,30-07-2020,South,Texas,Women'S Apparel,34,20,680,Online
Sports Direct,24-07-2020,South,Texas,Women'S Apparel,34,20,680,Online
Sports Direct,10-08-2021,South,Alabama,Women'S Athletic Footwear,32,10,320,Online
Sports Direct,22-08-2021,South,Alabama,Women'S Athletic Footwear,18,11,198,Online
Sports Direct,16-08-2021,South,Alabama,Women'S Athletic Footwear,33,11,363,Online
Sports Direct,28-08-2021,South,Alabama,Women'S Athletic Footwear,34,14,476,Online
Sports Direct,03-09-2021,South,Alabama,Women'S Athletic Footwear,41,18,738,Online
Sports Direct,15-09-2021,South,Alabama,Women'S Athletic Footwear,46,12,552,Online
Sports Direct,21-09-2021,South,Alabama,Women'S Athletic Footwear,58,10,580,Online
Sports Direct,27-09-2021,South,Alabama,Women'S Athletic Footwear,32,9,288,Online
Sports Direct,03-10-2021,South,Alabama,Women'S Athletic Footwear,44,13,572,Online
Sports Direct,09-09-2021,South,Alabama,Women'S Athletic Footwear,44,17,748,Online
Sports Direct,09-10-2021,South,Alabama,Women'S Athletic Footwear,63,14,882,Online
Sports Direct,23-01-2021,South,Mississippi,Women'S Athletic Footwear,20,30,600,Online
Sports Direct,23-01-2021,South,Mississippi,Women'S Athletic Footwear,19,8,152,Online
Sports Direct,06-04-2021,South,Tennessee,Women'S Athletic Footwear,27,14,378,Online
Sports Direct,19-03-2021,South,Tennessee,Women'S Athletic Footwear,33,11,363,Online
Sports Direct,12-04-2021,South,Tennessee,Women'S Athletic Footwear,36,17,612,Online
Sports Direct,25-03-2021,South,Tennessee,Women'S Athletic Footwear,33,10,330,Online
Sports Direct,31-03-2021,South,Tennessee,Women'S Athletic Footwear,23,11,253,Online
Sports Direct,18-04-2021,South,Tennessee,Women'S Athletic Footwear,37,16,592,Online
Sports Direct,24-04-2021,South,Tennessee,Women'S Athletic Footwear,42,13,546,Online
Sports Direct,12-05-2021,South,Tennessee,Women'S Athletic Footwear,52,13,676,Online
Sports Direct,18-05-2021,South,Tennessee,Women'S Athletic Footwear,54,15,810,Online
Sports Direct,06-05-2021,South,Tennessee,Women'S Athletic Footwear,38,10,380,Online
Sports Direct,30-04-2021,South,Tennessee,Women'S Athletic Footwear,53,10,530,Online
Sports Direct,20-08-2021,South,Texas,Women'S Athletic Footwear,32,13,416,Online
Sports Direct,13-09-2021,South,Texas,Women'S Athletic Footwear,43,17,731,Online
Sports Direct,26-08-2021,South,Texas,Women'S Athletic Footwear,32,12,384,Online
Sports Direct,01-09-2021,South,Texas,Women'S Athletic Footwear,29,13,377,Online
Sports Direct,07-09-2021,South,Texas,Women'S Athletic Footwear,34,15,510,Online
Sports Direct,07-10-2021,South,Texas,Women'S Athletic Footwear,41,11,451,Online
Sports Direct,19-09-2021,South,Texas,Women'S Athletic Footwear,43,15,645,Online
Sports Direct,13-10-2021,South,Texas,Women'S Athletic Footwear,59,15,885,Online
Sports Direct,19-10-2021,South,Texas,Women'S Athletic Footwear,59,17,1003,Online
Sports Direct,25-09-2021,South,Texas,Women'S Athletic Footwear,47,15,705,Online
Sports Direct,01-10-2021,South,Texas,Women'S Athletic Footwear,56,13,728,Online
Sports Direct,03-08-2020,South,Texas,Women'S Athletic Footwear,37,17,629,Online
Sports Direct,09-08-2020,South,Texas,Women'S Athletic Footwear,36,16,576,Online
Sports Direct,28-07-2020,South,Texas,Women'S Athletic Footwear,34,18,612,Online
Sports Direct,09-08-2021,South,Alabama,Women'S Street Footwear,32,13,416,Online
Sports Direct,27-08-2021,South,Alabama,Women'S Street Footwear,15,17,255,Online
Sports Direct,15-08-2021,South,Alabama,Women'S Street Footwear,27,12,324,Online
Sports Direct,21-08-2021,South,Alabama,Women'S Street Footwear,14,12,168,Online
Sports Direct,02-09-2021,South,Alabama,Women'S Street Footwear,44,19,836,Online
Sports Direct,26-09-2021,South,Alabama,Women'S Street Footwear,32,12,384,Online
Sports Direct,14-09-2021,South,Alabama,Women'S Street Footwear,51,27,1377,Online
Sports Direct,08-10-2021,South,Alabama,Women'S Street Footwear,64,18,1152,Online
Sports Direct,08-09-2021,South,Alabama,Women'S Street Footwear,41,25,1025,Online
Sports Direct,20-09-2021,South,Alabama,Women'S Street Footwear,59,19,1121,Online
Sports Direct,02-10-2021,South,Alabama,Women'S Street Footwear,43,14,602,Online
Sports Direct,21-02-2021,South,Mississippi,Women'S Street Footwear,15,40,600,Online
Sports Direct,23-01-2021,South,Mississippi,Women'S Street Footwear,15,45,675,Online
Sports Direct,21-02-2021,South,Mississippi,Women'S Street Footwear,14,12,168,Online
Sports Direct,23-01-2021,South,Mississippi,Women'S Street Footwear,14,12,168,Online
Sports Direct,18-03-2021,South,Tennessee,Women'S Street Footwear,32,12,384,Online
Sports Direct,11-04-2021,South,Tennessee,Women'S Street Footwear,36,17,612,Online
Sports Direct,05-04-2021,South,Tennessee,Women'S Street Footwear,19,18,342,Online
Sports Direct,30-03-2021,South,Tennessee,Women'S Street Footwear,19,14,266,Online
Sports Direct,24-03-2021,South,Tennessee,Women'S Street Footwear,28,12,336,Online
Sports Direct,17-05-2021,South,Tennessee,Women'S Street Footwear,54,21,1134,Online
Sports Direct,11-05-2021,South,Tennessee,Women'S Street Footwear,50,17,850,Online
Sports Direct,05-05-2021,South,Tennessee,Women'S Street Footwear,36,15,540,Online
Sports Direct,29-04-2021,South,Tennessee,Women'S Street Footwear,54,18,972,Online
Sports Direct,17-04-2021,South,Tennessee,Women'S Street Footwear,36,26,936,Online
Sports Direct,23-04-2021,South,Tennessee,Women'S Street Footwear,46,29,1334,Online
Sports Direct,19-08-2021,South,Texas,Women'S Street Footwear,34,12,408,Online
Sports Direct,06-09-2021,South,Texas,Women'S Street Footwear,24,18,432,Online
Sports Direct,25-08-2021,South,Texas,Women'S Street Footwear,28,15,420,Online
Sports Direct,12-09-2021,South,Texas,Women'S Street Footwear,44,18,792,Online
Sports Direct,31-08-2021,South,Texas,Women'S Street Footwear,25,15,375,Online
Sports Direct,06-10-2021,South,Texas,Women'S Street Footwear,41,14,574,Online
Sports Direct,30-09-2021,South,Texas,Women'S Street Footwear,59,20,1180,Online
Sports Direct,18-10-2021,South,Texas,Women'S Street Footwear,62,19,1178,Online
Sports Direct,18-09-2021,South,Texas,Women'S Street Footwear,44,25,1100,Online
Sports Direct,24-09-2021,South,Texas,Women'S Street Footwear,46,27,1242,Online
Sports Direct,12-10-2021,South,Texas,Women'S Street Footwear,63,18,1134,Online
Sports Direct,27-07-2020,South,Texas,Women'S Street Footwear,32,18,576,Online
Sports Direct,08-08-2020,South,Texas,Women'S Street Footwear,34,20,680,Online
Sports Direct,02-08-2020,South,Texas,Women'S Street Footwear,32,18,576,Online
Walmart,19-09-2021,South,Arkansas,Men'S Apparel,25,33,825,Online
Walmart,21-10-2021,South,Arkansas,Men'S Apparel,30,28,840,Online
Walmart,21-02-2021,South,Arkansas,Men'S Apparel,35,33,1155,Online
Walmart,19-03-2021,South,Arkansas,Men'S Apparel,35,25,875,Online
Walmart,20-04-2021,South,Arkansas,Men'S Apparel,40,25,1000,Online
Walmart,19-05-2021,South,Arkansas,Men'S Apparel,45,33,1485,Online
Walmart,20-08-2021,South,Arkansas,Men'S Apparel,50,38,1900,Online
Walmart,21-06-2021,South,Arkansas,Men'S Apparel,55,38,2090,Online
Walmart,19-07-2021,South,Arkansas,Men'S Apparel,60,43,2580,Online
Walmart,21-02-2021,South,Arkansas,Men'S Apparel,34,10,340,Online
Walmart,19-03-2021,South,Arkansas,Men'S Apparel,32,7,224,Online
Walmart,21-10-2021,South,Arkansas,Men'S Apparel,27,8,216,Online
Walmart,19-05-2021,South,Arkansas,Men'S Apparel,42,9,378,Online
Walmart,20-04-2021,South,Arkansas,Men'S Apparel,37,7,259,Online
Walmart,21-06-2021,South,Arkansas,Men'S Apparel,54,10,540,Online
Walmart,20-08-2021,South,Arkansas,Men'S Apparel,48,11,528,Online
Walmart,19-07-2021,South,Arkansas,Men'S Apparel,55,12,660,Online
Walmart,19-09-2021,South,Arkansas,Men'S Apparel,23,9,207,Online
Walmart,03-09-2020,South,Texas,Men'S Apparel,41,17,697,Online
Walmart,28-08-2020,South,Texas,Men'S Apparel,41,20,820,Online
Walmart,16-08-2020,South,Texas,Men'S Apparel,42,17,714,Online
Walmart,15-09-2020,South,Texas,Men'S Apparel,42,15,630,Online
Walmart,10-08-2020,South,Texas,Men'S Apparel,42,15,630,Online
Walmart,09-09-2020,South,Texas,Men'S Apparel,44,18,792,Online
Walmart,22-08-2020,South,Texas,Men'S Apparel,41,17,697,Online
Walmart,30-10-2020,South,Texas,Men'S Apparel,42,17,714,Online
Walmart,24-10-2020,South,Texas,Men'S Apparel,42,20,840,Online
Walmart,19-03-2021,South,Arkansas,Men'S Athletic Footwear,20,33,660,Online
Walmart,21-10-2021,South,Arkansas,Men'S Athletic Footwear,20,43,860,Online
Walmart,20-04-2021,South,Arkansas,Men'S Athletic Footwear,25,30,750,Online
Walmart,21-06-2021,South,Arkansas,Men'S Athletic Footwear,35,43,1505,Online
Walmart,19-05-2021,South,Arkansas,Men'S Athletic Footwear,40,38,1520,Online
Walmart,19-09-2021,South,Arkansas,Men'S Athletic Footwear,40,45,1800,Online
Walmart,19-07-2021,South,Arkansas,Men'S Athletic Footwear,50,53,2650,Online
Walmart,20-08-2021,South,Arkansas,Men'S Athletic Footwear,55,53,2915,Online
Walmart,21-10-2021,South,Arkansas,Men'S Athletic Footwear,19,11,209,Online
Walmart,19-03-2021,South,Arkansas,Men'S Athletic Footwear,20,10,200,Online
Walmart,19-07-2021,South,Arkansas,Men'S Athletic Footwear,47,15,705,Online
Walmart,19-09-2021,South,Arkansas,Men'S Athletic Footwear,39,13,507,Online
Walmart,20-08-2021,South,Arkansas,Men'S Athletic Footwear,50,15,750,Online
Walmart,20-04-2021,South,Arkansas,Men'S Athletic Footwear,24,8,192,Online
Walmart,21-06-2021,South,Arkansas,Men'S Athletic Footwear,32,11,352,Online
Walmart,19-05-2021,South,Arkansas,Men'S Athletic Footwear,38,11,418,Online
Walmart,31-08-2020,South,Texas,Men'S Athletic Footwear,41,26,1066,Online
Walmart,19-08-2020,South,Texas,Men'S Athletic Footwear,42,24,1008,Online
Walmart,13-08-2020,South,Texas,Men'S Athletic Footwear,38,26,988,Online
Walmart,06-09-2020,South,Texas,Men'S Athletic Footwear,41,21,861,Online
Walmart,25-08-2020,South,Texas,Men'S Athletic Footwear,42,24,1008,Online
Walmart,12-09-2020,South,Texas,Men'S Athletic Footwear,43,22,946,Online
Walmart,27-10-2020,South,Texas,Men'S Athletic Footwear,44,29,1276,Online
Walmart,21-10-2020,South,Texas,Men'S Athletic Footwear,43,24,1032,Online
Walmart,19-03-2021,South,Arkansas,Men'S Street Footwear,20,65,1300,Online
Walmart,20-04-2021,South,Arkansas,Men'S Street Footwear,25,60,1500,Online
Walmart,21-10-2021,South,Arkansas,Men'S Street Footwear,30,60,1800,Online
Walmart,19-05-2021,South,Arkansas,Men'S Street Footwear,40,67,2680,Online
Walmart,21-06-2021,South,Arkansas,Men'S Street Footwear,40,68,2720,Online
Walmart,19-09-2021,South,Arkansas,Men'S Street Footwear,50,65,3250,Online
Walmart,19-07-2021,South,Arkansas,Men'S Street Footwear,55,78,4290,Online
Walmart,20-08-2021,South,Arkansas,Men'S Street Footwear,60,75,4500,Online
Walmart,21-10-2021,South,Arkansas,Men'S Street Footwear,27,15,405,Online
Walmart,21-06-2021,South,Arkansas,Men'S Street Footwear,36,20,720,Online
Walmart,19-07-2021,South,Arkansas,Men'S Street Footwear,50,23,1150,Online
Walmart,19-09-2021,South,Arkansas,Men'S Street Footwear,48,18,864,Online
Walmart,19-03-2021,South,Arkansas,Men'S Street Footwear,18,18,324,Online
Walmart,20-04-2021,South,Arkansas,Men'S Street Footwear,23,17,391,Online
Walmart,19-05-2021,South,Arkansas,Men'S Street Footwear,39,18,702,Online
Walmart,20-08-2021,South,Arkansas,Men'S Street Footwear,55,21,1155,Online
Walmart,24-08-2020,South,Texas,Men'S Street Footwear,37,24,888,Online
Walmart,18-08-2020,South,Texas,Men'S Street Footwear,39,24,936,Online
Walmart,12-08-2020,South,Texas,Men'S Street Footwear,29,27,783,Online
Walmart,26-10-2020,South,Texas,Men'S Street Footwear,41,24,984,Online
Walmart,05-09-2020,South,Texas,Men'S Street Footwear,44,26,1144,Online
Walmart,30-08-2020,South,Texas,Men'S Street Footwear,37,27,999,Online
Walmart,20-10-2020,South,Texas,Men'S Street Footwear,43,23,989,Online
Walmart,11-09-2020,South,Texas,Men'S Street Footwear,44,24,1056,Online
Walmart,21-02-2021,South,Arkansas,Women'S Apparel,20,43,860,Online
Walmart,19-03-2021,South,Arkansas,Women'S Apparel,25,35,875,Online
Walmart,20-04-2021,South,Arkansas,Women'S Apparel,30,40,1200,Online
Walmart,19-09-2021,South,Arkansas,Women'S Apparel,30,43,1290,Online
Walmart,19-05-2021,South,Arkansas,Women'S Apparel,45,43,1935,Online
Walmart,20-08-2021,South,Arkansas,Women'S Apparel,55,55,3025,Online
Walmart,21-06-2021,South,Arkansas,Women'S Apparel,60,55,3300,Online
Walmart,19-07-2021,South,Arkansas,Women'S Apparel,65,60,3900,Online
Walmart,19-03-2021,South,Arkansas,Women'S Apparel,24,10,240,Online
Walmart,20-04-2021,South,Arkansas,Women'S Apparel,28,12,336,Online
Walmart,20-08-2021,South,Arkansas,Women'S Apparel,50,14,700,Online
Walmart,21-02-2021,South,Arkansas,Women'S Apparel,19,12,228,Online
Walmart,19-09-2021,South,Arkansas,Women'S Apparel,29,12,348,Online
Walmart,21-06-2021,South,Arkansas,Women'S Apparel,54,16,864,Online
Walmart,19-07-2021,South,Arkansas,Women'S Apparel,63,15,945,Online
Walmart,19-05-2021,South,Arkansas,Women'S Apparel,44,11,484,Online
Walmart,11-08-2020,South,Texas,Women'S Apparel,39,23,897,Online
Walmart,25-10-2020,South,Texas,Women'S Apparel,51,25,1275,Online
Walmart,16-09-2020,South,Texas,Women'S Apparel,53,21,1113,Online
Walmart,31-10-2020,South,Texas,Women'S Apparel,53,26,1378,Online
Walmart,17-08-2020,South,Texas,Women'S Apparel,37,28,1036,Online
Walmart,29-08-2020,South,Texas,Women'S Apparel,47,29,1363,Online
Walmart,23-08-2020,South,Texas,Women'S Apparel,47,25,1175,Online
Walmart,10-09-2020,South,Texas,Women'S Apparel,50,21,1050,Online
Walmart,04-09-2020,South,Texas,Women'S Apparel,46,23,1058,Online
Walmart,19-09-2021,South,Arkansas,Women'S Athletic Footwear,15,33,495,Online
Walmart,19-03-2021,South,Arkansas,Women'S Athletic Footwear,20,20,400,Online
Walmart,20-04-2021,South,Arkansas,Women'S Athletic Footwear,20,23,460,Online
Walmart,21-02-2021,South,Arkansas,Women'S Athletic Footwear,20,25,500,Online
Walmart,21-10-2021,South,Arkansas,Women'S Athletic Footwear,20,28,560,Online
Walmart,19-05-2021,South,Arkansas,Women'S Athletic Footwear,35,30,1050,Online
Walmart,21-06-2021,South,Arkansas,Women'S Athletic Footwear,40,38,1520,Online
Walmart,20-08-2021,South,Arkansas,Women'S Athletic Footwear,40,40,1600,Online
Walmart,19-07-2021,South,Arkansas,Women'S Athletic Footwear,45,40,1800,Online
Walmart,21-02-2021,South,Arkansas,Women'S Athletic Footwear,18,7,126,Online
Walmart,20-08-2021,South,Arkansas,Women'S Athletic Footwear,39,10,390,Online
Walmart,19-09-2021,South,Arkansas,Women'S Athletic Footwear,14,9,126,Online
Walmart,19-03-2021,South,Arkansas,Women'S Athletic Footwear,19,6,114,Online
Walmart,21-06-2021,South,Arkansas,Women'S Athletic Footwear,37,10,370,Online
Walmart,21-10-2021,South,Arkansas,Women'S Athletic Footwear,19,7,133,Online
Walmart,20-04-2021,South,Arkansas,Women'S Athletic Footwear,20,6,120,Online
Walmart,19-05-2021,South,Arkansas,Women'S Athletic Footwear,34,8,272,Online
Walmart,19-07-2021,South,Arkansas,Women'S Athletic Footwear,41,12,492,Online
Walmart,08-09-2020,South,Texas,Women'S Athletic Footwear,47,18,846,Online
Walmart,23-10-2020,South,Texas,Women'S Athletic Footwear,48,20,960,Online
Walmart,21-08-2020,South,Texas,Women'S Athletic Footwear,38,20,760,Online
Walmart,15-08-2020,South,Texas,Women'S Athletic Footwear,39,19,741,Online
Walmart,14-09-2020,South,Texas,Women'S Athletic Footwear,45,17,765,Online
Walmart,29-10-2020,South,Texas,Women'S Athletic Footwear,47,18,846,Online
Walmart,02-09-2020,South,Texas,Women'S Athletic Footwear,38,19,722,Online
Walmart,27-08-2020,South,Texas,Women'S Athletic Footwear,36,21,756,Online
Walmart,19-03-2021,South,Arkansas,Women'S Street Footwear,10,35,350,Online
Walmart,20-04-2021,South,Arkansas,Women'S Street Footwear,15,30,450,Online
Walmart,19-09-2021,South,Arkansas,Women'S Street Footwear,15,35,525,Online
Walmart,21-10-2021,South,Arkansas,Women'S Street Footwear,20,30,600,Online
Walmart,19-05-2021,South,Arkansas,Women'S Street Footwear,35,35,1225,Online
Walmart,21-06-2021,South,Arkansas,Women'S Street Footwear,40,40,1600,Online
Walmart,19-07-2021,South,Arkansas,Women'S Street Footwear,45,45,2025,Online
Walmart,20-08-2021,South,Arkansas,Women'S Street Footwear,50,45,2250,Online
Walmart,21-10-2021,South,Arkansas,Women'S Street Footwear,19,8,152,Online
Walmart,19-07-2021,South,Arkansas,Women'S Street Footwear,43,13,559,Online
Walmart,20-04-2021,South,Arkansas,Women'S Street Footwear,14,8,112,Online
Walmart,19-09-2021,South,Arkansas,Women'S Street Footwear,14,9,126,Online
Walmart,20-08-2021,South,Arkansas,Women'S Street Footwear,47,13,611,Online
Walmart,19-03-2021,South,Arkansas,Women'S Street Footwear,10,9,90,Online
Walmart,21-06-2021,South,Arkansas,Women'S Street Footwear,38,10,380,Online
Walmart,19-05-2021,South,Arkansas,Women'S Street Footwear,34,9,306,Online
Walmart,26-08-2020,South,Texas,Women'S Street Footwear,37,32,1184,Online
Walmart,01-09-2020,South,Texas,Women'S Street Footwear,39,30,1170,Online
Walmart,13-09-2020,South,Texas,Women'S Street Footwear,48,19,912,Online
Walmart,14-08-2020,South,Texas,Women'S Street Footwear,33,23,759,Online
Walmart,22-10-2020,South,Texas,Women'S Street Footwear,47,21,987,Online
Walmart,20-08-2020,South,Texas,Women'S Street Footwear,37,23,851,Online
Walmart,07-09-2020,South,Texas,Women'S Street Footwear,46,23,1058,Online
Walmart,28-10-2020,South,Texas,Women'S Street Footwear,47,26,1222,Online
West Gear,23-01-2021,South,Arkansas,Men'S Apparel,35,28,980,Online
West Gear,19-12-2021,South,Arkansas,Men'S Apparel,70,40,2800,Online
West Gear,20-11-2021,South,Arkansas,Men'S Apparel,75,35,2625,Online
West Gear,20-11-2021,South,Arkansas,Men'S Apparel,69,9,621,Online
West Gear,19-12-2021,South,Arkansas,Men'S Apparel,64,11,704,Online
West Gear,23-01-2021,South,Arkansas,Men'S Apparel,33,8,264,Online
West Gear,19-09-2021,South,Oklahoma,Men'S Apparel,25,25,625,Online
West Gear,21-10-2021,South,Oklahoma,Men'S Apparel,30,20,600,Online
West Gear,21-02-2021,South,Oklahoma,Men'S Apparel,35,25,875,Online
West Gear,19-03-2021,South,Oklahoma,Men'S Apparel,35,18,630,Online
West Gear,20-04-2021,South,Oklahoma,Men'S Apparel,40,18,720,Online
West Gear,19-05-2021,South,Oklahoma,Men'S Apparel,45,25,1125,Online
West Gear,20-08-2021,South,Oklahoma,Men'S Apparel,50,30,1500,Online
West Gear,21-06-2021,South,Oklahoma,Men'S Apparel,55,30,1650,Online
West Gear,19-07-2021,South,Oklahoma,Men'S Apparel,60,35,2100,Online
West Gear,19-09-2021,South,Oklahoma,Men'S Apparel,23,7,161,Online
West Gear,19-05-2021,South,Oklahoma,Men'S Apparel,43,8,344,Online
West Gear,20-08-2021,South,Oklahoma,Men'S Apparel,47,8,376,Online
West Gear,19-07-2021,South,Oklahoma,Men'S Apparel,59,10,590,Online
West Gear,19-03-2021,South,Oklahoma,Men'S Apparel,34,5,170,Online
West Gear,21-02-2021,South,Oklahoma,Men'S Apparel,34,8,272,Online
West Gear,21-06-2021,South,Oklahoma,Men'S Apparel,51,9,459,Online
West Gear,21-10-2021,South,Oklahoma,Men'S Apparel,29,5,145,Online
West Gear,20-04-2021,South,Oklahoma,Men'S Apparel,38,5,190,Online
West Gear,20-11-2021,South,Arkansas,Men'S Athletic Footwear,15,38,570,Online
West Gear,21-02-2021,South,Arkansas,Men'S Athletic Footwear,25,28,700,Online
West Gear,23-01-2021,South,Arkansas,Men'S Athletic Footwear,25,38,950,Online
West Gear,19-12-2021,South,Arkansas,Men'S Athletic Footwear,60,50,3000,Online
West Gear,23-01-2021,South,Arkansas,Men'S Athletic Footwear,25,11,275,Online
West Gear,21-02-2021,South,Arkansas,Men'S Athletic Footwear,23,8,184,Online
West Gear,19-12-2021,South,Arkansas,Men'S Athletic Footwear,54,14,756,Online
West Gear,20-11-2021,South,Arkansas,Men'S Athletic Footwear,14,9,126,Online
West Gear,19-03-2021,South,Oklahoma,Men'S Athletic Footwear,20,25,500,Online
West Gear,21-10-2021,South,Oklahoma,Men'S Athletic Footwear,20,35,700,Online
West Gear,20-04-2021,South,Oklahoma,Men'S Athletic Footwear,25,23,575,Online
West Gear,21-06-2021,South,Oklahoma,Men'S Athletic Footwear,35,35,1225,Online
West Gear,19-05-2021,South,Oklahoma,Men'S Athletic Footwear,40,30,1200,Online
West Gear,19-09-2021,South,Oklahoma,Men'S Athletic Footwear,40,38,1520,Online
West Gear,19-07-2021,South,Oklahoma,Men'S Athletic Footwear,50,45,2250,Online
West Gear,20-08-2021,South,Oklahoma,Men'S Athletic Footwear,55,45,2475,Online
West Gear,21-06-2021,South,Oklahoma,Men'S Athletic Footwear,33,9,297,Online
West Gear,19-09-2021,South,Oklahoma,Men'S Athletic Footwear,38,10,380,Online
West Gear,19-05-2021,South,Oklahoma,Men'S Athletic Footwear,39,9,351,Online
West Gear,21-10-2021,South,Oklahoma,Men'S Athletic Footwear,19,9,171,Online
West Gear,20-08-2021,South,Oklahoma,Men'S Athletic Footwear,51,11,561,Online
West Gear,19-03-2021,South,Oklahoma,Men'S Athletic Footwear,19,7,133,Online
West Gear,20-04-2021,South,Oklahoma,Men'S Athletic Footwear,23,7,161,Online
West Gear,19-07-2021,South,Oklahoma,Men'S Athletic Footwear,45,12,540,Online
West Gear,23-01-2021,South,Arkansas,Men'S Street Footwear,25,58,1450,Online
West Gear,21-02-2021,South,Arkansas,Men'S Street Footwear,25,63,1575,Online
West Gear,20-11-2021,South,Arkansas,Men'S Street Footwear,25,55,1375,Online
West Gear,19-12-2021,South,Arkansas,Men'S Street Footwear,70,70,4900,Online
West Gear,20-11-2021,South,Arkansas,Men'S Street Footwear,24,14,336,Online
West Gear,21-02-2021,South,Arkansas,Men'S Street Footwear,24,17,408,Online
West Gear,23-01-2021,South,Arkansas,Men'S Street Footwear,24,17,408,Online
West Gear,19-12-2021,South,Arkansas,Men'S Street Footwear,67,20,1340,Online
West Gear,19-03-2021,South,Oklahoma,Men'S Street Footwear,20,57,1140,Online
West Gear,20-04-2021,South,Oklahoma,Men'S Street Footwear,25,53,1325,Online
West Gear,21-10-2021,South,Oklahoma,Men'S Street Footwear,30,53,1590,Online
West Gear,19-05-2021,South,Oklahoma,Men'S Street Footwear,40,60,2400,Online
West Gear,21-06-2021,South,Oklahoma,Men'S Street Footwear,40,60,2400,Online
West Gear,19-09-2021,South,Oklahoma,Men'S Street Footwear,50,58,2900,Online
West Gear,19-07-2021,South,Oklahoma,Men'S Street Footwear,55,70,3850,Online
West Gear,20-08-2021,South,Oklahoma,Men'S Street Footwear,60,68,4080,Online
West Gear,19-03-2021,South,Oklahoma,Men'S Street Footwear,19,15,285,Online
West Gear,21-06-2021,South,Oklahoma,Men'S Street Footwear,38,16,608,Online
West Gear,20-08-2021,South,Oklahoma,Men'S Street Footwear,56,19,1064,Online
West Gear,19-07-2021,South,Oklahoma,Men'S Street Footwear,50,18,900,Online
West Gear,20-04-2021,South,Oklahoma,Men'S Street Footwear,24,15,360,Online
West Gear,21-10-2021,South,Oklahoma,Men'S Street Footwear,29,14,406,Online
West Gear,19-05-2021,South,Oklahoma,Men'S Street Footwear,36,17,612,Online
West Gear,19-09-2021,South,Oklahoma,Men'S Street Footwear,49,15,735,Online
West Gear,23-01-2021,South,Arkansas,Women'S Apparel,25,38,950,Online
West Gear,21-10-2021,South,Arkansas,Women'S Apparel,30,40,1200,Online
West Gear,20-11-2021,South,Arkansas,Women'S Apparel,75,45,3375,Online
West Gear,19-12-2021,South,Arkansas,Women'S Apparel,75,50,3750,Online
West Gear,19-12-2021,South,Arkansas,Women'S Apparel,70,15,1050,Online
West Gear,23-01-2021,South,Arkansas,Women'S Apparel,23,10,230,Online
West Gear,21-10-2021,South,Arkansas,Women'S Apparel,29,10,290,Online
West Gear,20-11-2021,South,Arkansas,Women'S Apparel,73,12,876,Online
West Gear,05-01-2021,South,Louisiana,Women'S Apparel,35,48,1680,Online
West Gear,05-01-2021,South,Louisiana,Women'S Apparel,34,14,476,Online
West Gear,21-02-2021,South,Oklahoma,Women'S Apparel,20,35,700,Online
West Gear,19-03-2021,South,Oklahoma,Women'S Apparel,25,28,700,Online
West Gear,20-04-2021,South,Oklahoma,Women'S Apparel,30,33,990,Online
West Gear,19-09-2021,South,Oklahoma,Women'S Apparel,30,35,1050,Online
West Gear,19-05-2021,South,Oklahoma,Women'S Apparel,45,35,1575,Online
West Gear,20-08-2021,South,Oklahoma,Women'S Apparel,55,48,2640,Online
West Gear,21-06-2021,South,Oklahoma,Women'S Apparel,60,48,2880,Online
West Gear,19-07-2021,South,Oklahoma,Women'S Apparel,65,53,3445,Online
West Gear,21-02-2021,South,Oklahoma,Women'S Apparel,18,10,180,Online
West Gear,21-06-2021,South,Oklahoma,Women'S Apparel,55,12,660,Online
West Gear,19-09-2021,South,Oklahoma,Women'S Apparel,28,9,252,Online
West Gear,19-05-2021,South,Oklahoma,Women'S Apparel,42,10,420,Online
West Gear,20-08-2021,South,Oklahoma,Women'S Apparel,50,12,600,Online
West Gear,19-03-2021,South,Oklahoma,Women'S Apparel,23,7,161,Online
West Gear,19-07-2021,South,Oklahoma,Women'S Apparel,61,14,854,Online
West Gear,20-04-2021,South,Oklahoma,Women'S Apparel,28,9,252,Online
West Gear,23-01-2021,South,Arkansas,Women'S Athletic Footwear,20,23,460,Online
West Gear,20-11-2021,South,Arkansas,Women'S Athletic Footwear,55,38,2090,Online
West Gear,19-12-2021,South,Arkansas,Women'S Athletic Footwear,60,40,2400,Online
West Gear,20-11-2021,South,Arkansas,Women'S Athletic Footwear,51,11,561,Online
West Gear,19-12-2021,South,Arkansas,Women'S Athletic Footwear,57,12,684,Online
West Gear,23-01-2021,South,Arkansas,Women'S Athletic Footwear,18,7,126,Online
West Gear,19-09-2021,South,Oklahoma,Women'S Athletic Footwear,15,25,375,Online
West Gear,19-03-2021,South,Oklahoma,Women'S Athletic Footwear,20,13,260,Online
West Gear,20-04-2021,South,Oklahoma,Women'S Athletic Footwear,20,15,300,Online
West Gear,21-02-2021,South,Oklahoma,Women'S Athletic Footwear,20,18,360,Online
West Gear,21-10-2021,South,Oklahoma,Women'S Athletic Footwear,20,20,400,Online
West Gear,19-05-2021,South,Oklahoma,Women'S Athletic Footwear,35,23,805,Online
West Gear,21-06-2021,South,Oklahoma,Women'S Athletic Footwear,40,30,1200,Online
West Gear,20-08-2021,South,Oklahoma,Women'S Athletic Footwear,40,33,1320,Online
West Gear,19-07-2021,South,Oklahoma,Women'S Athletic Footwear,45,33,1485,Online
West Gear,19-03-2021,South,Oklahoma,Women'S Athletic Footwear,20,3,60,Online
West Gear,21-06-2021,South,Oklahoma,Women'S Athletic Footwear,38,9,342,Online
West Gear,19-09-2021,South,Oklahoma,Women'S Athletic Footwear,14,6,84,Online
West Gear,21-02-2021,South,Oklahoma,Women'S Athletic Footwear,19,5,95,Online
West Gear,21-10-2021,South,Oklahoma,Women'S Athletic Footwear,18,5,90,Online
West Gear,20-08-2021,South,Oklahoma,Women'S Athletic Footwear,37,9,333,Online
West Gear,20-04-2021,South,Oklahoma,Women'S Athletic Footwear,18,5,90,Online
West Gear,19-07-2021,South,Oklahoma,Women'S Athletic Footwear,41,9,369,Online
West Gear,19-05-2021,South,Oklahoma,Women'S Athletic Footwear,34,6,204,Online
West Gear,21-02-2021,South,Arkansas,Women'S Street Footwear,15,33,495,Online
West Gear,23-01-2021,South,Arkansas,Women'S Street Footwear,15,38,570,Online
West Gear,20-11-2021,South,Arkansas,Women'S Street Footwear,25,32,800,Online
West Gear,19-12-2021,South,Arkansas,Women'S Street Footwear,60,45,2700,Online
West Gear,21-02-2021,South,Arkansas,Women'S Street Footwear,15,9,135,Online
West Gear,20-11-2021,South,Arkansas,Women'S Street Footwear,23,9,207,Online
West Gear,19-12-2021,South,Arkansas,Women'S Street Footwear,55,13,715,Online
West Gear,23-01-2021,South,Arkansas,Women'S Street Footwear,15,10,150,Online
West Gear,19-03-2021,South,Oklahoma,Women'S Street Footwear,10,28,280,Online
West Gear,20-04-2021,South,Oklahoma,Women'S Street Footwear,15,23,345,Online
West Gear,19-09-2021,South,Oklahoma,Women'S Street Footwear,15,28,420,Online
West Gear,21-10-2021,South,Oklahoma,Women'S Street Footwear,20,23,460,Online
West Gear,19-05-2021,South,Oklahoma,Women'S Street Footwear,35,28,980,Online
West Gear,21-06-2021,South,Oklahoma,Women'S Street Footwear,40,33,1320,Online
West Gear,19-07-2021,South,Oklahoma,Women'S Street Footwear,45,38,1710,Online
West Gear,20-08-2021,South,Oklahoma,Women'S Street Footwear,50,38,1900,Online
West Gear,19-03-2021,South,Oklahoma,Women'S Street Footwear,9,8,72,Online
West Gear,19-09-2021,South,Oklahoma,Women'S Street Footwear,14,7,98,Online
West Gear,21-10-2021,South,Oklahoma,Women'S Street Footwear,20,6,120,Online
West Gear,19-05-2021,South,Oklahoma,Women'S Street Footwear,34,7,238,Online
West Gear,21-06-2021,South,Oklahoma,Women'S Street Footwear,36,9,324,Online
West Gear,20-04-2021,South,Oklahoma,Women'S Street Footwear,14,7,98,Online
West Gear,20-08-2021,South,Oklahoma,Women'S Street Footwear,47,11,517,Online
West Gear,19-07-2021,South,Oklahoma,Women'S Street Footwear,44,9,396,Online
Foot Locker,04-02-2021,West,Idaho,Men'S Apparel,40,25,1000,Online
Foot Locker,04-02-2021,West,Idaho,Men'S Apparel,39,7,273,Online
Foot Locker,04-12-2021,West,Idaho,Men'S Apparel,55,48,2640,Online
Foot Locker,04-12-2021,West,Idaho,Men'S Apparel,50,13,650,Online
Foot Locker,06-03-2021,West,Idaho,Men'S Athletic Footwear,40,63,2520,Online
Foot Locker,04-12-2021,West,Idaho,Men'S Athletic Footwear,55,78,4290,Online
Foot Locker,08-08-2021,West,Idaho,Men'S Athletic Footwear,55,75,4125,Online
Foot Locker,06-03-2021,West,Idaho,Men'S Athletic Footwear,36,17,612,Online
Foot Locker,08-08-2021,West,Idaho,Men'S Athletic Footwear,53,20,1060,Online
Foot Locker,04-12-2021,West,Idaho,Men'S Athletic Footwear,51,21,1071,Online
Foot Locker,06-03-2021,West,Idaho,Men'S Street Footwear,30,63,1890,Online
Foot Locker,08-08-2021,West,Idaho,Men'S Street Footwear,50,75,3750,Online
Foot Locker,04-12-2021,West,Idaho,Men'S Street Footwear,55,78,4290,Online
Foot Locker,06-03-2021,West,Idaho,Men'S Street Footwear,28,16,448,Online
Foot Locker,04-12-2021,West,Idaho,Men'S Street Footwear,54,23,1242,Online
Foot Locker,08-08-2021,West,Idaho,Men'S Street Footwear,46,21,966,Online
Foot Locker,04-02-2021,West,Idaho,Women'S Apparel,35,45,1575,Online
Foot Locker,04-02-2021,West,Idaho,Women'S Apparel,34,13,442,Online
Foot Locker,04-12-2021,West,Idaho,Women'S Apparel,65,73,4745,Online
Foot Locker,06-07-2021,West,Idaho,Women'S Apparel,65,80,5200,Online
Foot Locker,04-12-2021,West,Idaho,Women'S Apparel,60,20,1200,Online
Foot Locker,06-07-2021,West,Idaho,Women'S Apparel,64,21,1344,Online
Foot Locker,04-02-2021,West,Idaho,Women'S Athletic Footwear,35,38,1330,Online
Foot Locker,06-03-2021,West,Idaho,Women'S Athletic Footwear,35,35,1225,Online
Foot Locker,08-08-2021,West,Idaho,Women'S Athletic Footwear,50,48,2400,Online
Foot Locker,04-12-2021,West,Idaho,Women'S Athletic Footwear,60,53,3180,Online
Foot Locker,04-02-2021,West,Idaho,Women'S Athletic Footwear,32,11,352,Online
Foot Locker,06-03-2021,West,Idaho,Women'S Athletic Footwear,33,11,363,Online
Foot Locker,08-08-2021,West,Idaho,Women'S Athletic Footwear,48,12,576,Online
Foot Locker,04-12-2021,West,Idaho,Women'S Athletic Footwear,59,14,826,Online
Foot Locker,06-03-2021,West,Idaho,Women'S Street Footwear,30,45,1350,Online
Foot Locker,08-08-2021,West,Idaho,Women'S Street Footwear,50,93,4650,Online
Foot Locker,04-12-2021,West,Idaho,Women'S Street Footwear,60,68,4080,Online
Foot Locker,06-03-2021,West,Idaho,Women'S Street Footwear,28,11,308,Online
Foot Locker,04-12-2021,West,Idaho,Women'S Street Footwear,56,18,1008,Online
Foot Locker,08-08-2021,West,Idaho,Women'S Street Footwear,46,25,1150,Online
Sports Direct,04-10-2021,West,Idaho,Men'S Apparel,35,35,1225,Online
Sports Direct,05-11-2021,West,Idaho,Men'S Apparel,55,43,2365,Online
Sports Direct,05-09-2021,West,Idaho,Men'S Apparel,55,40,2200,Online
Sports Direct,08-08-2021,West,Idaho,Men'S Apparel,55,48,2640,Online
Sports Direct,05-09-2021,West,Idaho,Men'S Apparel,50,10,500,Online
Sports Direct,08-08-2021,West,Idaho,Men'S Apparel,52,13,676,Online
Sports Direct,04-10-2021,West,Idaho,Men'S Apparel,32,9,288,Online
Sports Direct,05-11-2021,West,Idaho,Men'S Apparel,54,11,594,Online
Sports Direct,05-11-2021,West,Idaho,Men'S Athletic Footwear,35,68,2380,Online
Sports Direct,04-10-2021,West,Idaho,Men'S Athletic Footwear,40,58,2320,Online
Sports Direct,05-09-2021,West,Idaho,Men'S Athletic Footwear,55,63,3465,Online
Sports Direct,05-11-2021,West,Idaho,Men'S Athletic Footwear,32,19,608,Online
Sports Direct,05-09-2021,West,Idaho,Men'S Athletic Footwear,50,19,950,Online
Sports Direct,04-10-2021,West,Idaho,Men'S Athletic Footwear,37,17,629,Online
Sports Direct,05-11-2021,West,Idaho,Men'S Street Footwear,35,68,2380,Online
Sports Direct,04-10-2021,West,Idaho,Men'S Street Footwear,40,58,2320,Online
Sports Direct,05-09-2021,West,Idaho,Men'S Street Footwear,55,68,3740,Online
Sports Direct,05-09-2021,West,Idaho,Men'S Street Footwear,50,18,900,Online
Sports Direct,04-10-2021,West,Idaho,Men'S Street Footwear,36,17,612,Online
Sports Direct,05-11-2021,West,Idaho,Men'S Street Footwear,33,18,594,Online
Sports Direct,04-10-2021,West,Idaho,Women'S Apparel,45,53,2385,Online
Sports Direct,05-09-2021,West,Idaho,Women'S Apparel,50,63,3150,Online
Sports Direct,08-08-2021,West,Idaho,Women'S Apparel,60,73,4380,Online
Sports Direct,05-11-2021,West,Idaho,Women'S Apparel,65,63,4095,Online
Sports Direct,04-10-2021,West,Idaho,Women'S Apparel,42,14,588,Online
Sports Direct,05-09-2021,West,Idaho,Women'S Apparel,49,18,882,Online
Sports Direct,05-11-2021,West,Idaho,Women'S Apparel,63,16,1008,Online
Sports Direct,08-08-2021,West,Idaho,Women'S Apparel,54,20,1080,Online
Sports Direct,04-10-2021,West,Idaho,Women'S Athletic Footwear,45,38,1710,Online
Sports Direct,05-09-2021,West,Idaho,Women'S Athletic Footwear,60,40,2400,Online
Sports Direct,05-11-2021,West,Idaho,Women'S Athletic Footwear,60,45,2700,Online
Sports Direct,05-11-2021,West,Idaho,Women'S Athletic Footwear,54,12,648,Online
Sports Direct,05-09-2021,West,Idaho,Women'S Athletic Footwear,55,12,660,Online
Sports Direct,04-10-2021,West,Idaho,Women'S Athletic Footwear,44,10,440,Online
Sports Direct,04-10-2021,West,Idaho,Women'S Street Footwear,45,53,2385,Online
Sports Direct,05-11-2021,West,Idaho,Women'S Street Footwear,60,60,3600,Online
Sports Direct,05-09-2021,West,Idaho,Women'S Street Footwear,60,68,4080,Online
Sports Direct,04-10-2021,West,Idaho,Women'S Street Footwear,41,13,533,Online
Sports Direct,05-09-2021,West,Idaho,Women'S Street Footwear,56,18,1008,Online
Sports Direct,05-11-2021,West,Idaho,Women'S Street Footwear,58,15,870,Online
West Gear,05-04-2021,West,Idaho,Men'S Apparel,35,28,980,Online
West Gear,06-03-2021,West,Idaho,Men'S Apparel,40,25,1000,Online
West Gear,05-05-2021,West,Idaho,Men'S Apparel,50,40,2000,Online
West Gear,04-06-2021,West,Idaho,Men'S Apparel,55,45,2475,Online
West Gear,06-07-2021,West,Idaho,Men'S Apparel,55,53,2915,Online
West Gear,05-05-2021,West,Idaho,Men'S Apparel,47,12,564,Online
West Gear,05-04-2021,West,Idaho,Men'S Apparel,34,7,238,Online
West Gear,04-06-2021,West,Idaho,Men'S Apparel,52,12,624,Online
West Gear,06-03-2021,West,Idaho,Men'S Apparel,37,8,296,Online
West Gear,06-07-2021,West,Idaho,Men'S Apparel,53,13,689,Online
West Gear,05-04-2021,West,Idaho,Men'S Athletic Footwear,30,65,1950,Online
West Gear,05-05-2021,West,Idaho,Men'S Athletic Footwear,30,73,2190,Online
West Gear,04-06-2021,West,Idaho,Men'S Athletic Footwear,50,75,3750,Online
West Gear,06-07-2021,West,Idaho,Men'S Athletic Footwear,55,78,4290,Online
West Gear,05-05-2021,West,Idaho,Men'S Athletic Footwear,28,20,560,Online
West Gear,05-04-2021,West,Idaho,Men'S Athletic Footwear,29,20,580,Online
West Gear,04-06-2021,West,Idaho,Men'S Athletic Footwear,46,19,874,Online
West Gear,06-07-2021,West,Idaho,Men'S Athletic Footwear,52,20,1040,Online
West Gear,05-04-2021,West,Idaho,Men'S Street Footwear,20,65,1300,Online
West Gear,05-05-2021,West,Idaho,Men'S Street Footwear,20,70,1400,Online
West Gear,04-06-2021,West,Idaho,Men'S Street Footwear,45,75,3375,Online
West Gear,06-07-2021,West,Idaho,Men'S Street Footwear,50,78,3900,Online
West Gear,05-04-2021,West,Idaho,Men'S Street Footwear,19,20,380,Online
West Gear,04-06-2021,West,Idaho,Men'S Street Footwear,42,20,840,Online
West Gear,05-05-2021,West,Idaho,Men'S Street Footwear,18,20,360,Online
West Gear,06-07-2021,West,Idaho,Men'S Street Footwear,48,22,1056,Online
West Gear,05-04-2021,West,Idaho,Women'S Apparel,30,55,1650,Online
West Gear,06-03-2021,West,Idaho,Women'S Apparel,35,40,1400,Online
West Gear,05-05-2021,West,Idaho,Women'S Apparel,45,75,3375,Online
West Gear,04-06-2021,West,Idaho,Women'S Apparel,60,83,4980,Online
West Gear,05-04-2021,West,Idaho,Women'S Apparel,28,14,392,Online
West Gear,04-06-2021,West,Idaho,Women'S Apparel,55,23,1265,Online
West Gear,05-05-2021,West,Idaho,Women'S Apparel,42,22,924,Online
West Gear,06-03-2021,West,Idaho,Women'S Apparel,33,12,396,Online
West Gear,05-04-2021,West,Idaho,Women'S Athletic Footwear,30,38,1140,Online
West Gear,05-05-2021,West,Idaho,Women'S Athletic Footwear,35,50,1750,Online
West Gear,04-06-2021,West,Idaho,Women'S Athletic Footwear,50,55,2750,Online
West Gear,06-07-2021,West,Idaho,Women'S Athletic Footwear,50,53,2650,Online
West Gear,05-04-2021,West,Idaho,Women'S Athletic Footwear,29,11,319,Online
West Gear,05-05-2021,West,Idaho,Women'S Athletic Footwear,33,13,429,Online
West Gear,04-06-2021,West,Idaho,Women'S Athletic Footwear,48,14,672,Online
West Gear,06-07-2021,West,Idaho,Women'S Athletic Footwear,47,14,658,Online
West Gear,05-04-2021,West,Idaho,Women'S Street Footwear,25,48,1200,Online
West Gear,05-05-2021,West,Idaho,Women'S Street Footwear,25,58,1450,Online
West Gear,04-06-2021,West,Idaho,Women'S Street Footwear,50,60,3000,Online
West Gear,06-07-2021,West,Idaho,Women'S Street Footwear,50,93,4650,Online
West Gear,05-05-2021,West,Idaho,Women'S Street Footwear,23,17,391,Online
West Gear,05-04-2021,West,Idaho,Women'S Street Footwear,24,14,336,Online
West Gear,04-06-2021,West,Idaho,Women'S Street Footwear,47,17,799,Online
West Gear,06-07-2021,West,Idaho,Women'S Street Footwear,46,24,1104,Online
West Gear,10-01-2021,Northeast,Maine,Men'S Athletic Footwear,45,38,1710,Outlet
West Gear,03-01-2020,Northeast,Pennsylvania,Men'S Athletic Footwear,35,14,490,Outlet
West Gear,10-01-2021,Northeast,Maine,Men'S Street Footwear,35,38,1330,Outlet
West Gear,02-01-2020,Northeast,Pennsylvania,Men'S Street Footwear,27,16,432,Outlet
West Gear,10-01-2021,Northeast,Maine,Women'S Athletic Footwear,45,23,1035,Outlet
West Gear,05-01-2020,Northeast,Pennsylvania,Women'S Athletic Footwear,34,9,306,Outlet
West Gear,10-01-2021,Northeast,Maine,Women'S Street Footwear,45,38,1710,Outlet
West Gear,04-01-2020,Northeast,Pennsylvania,Women'S Street Footwear,36,14,504,Outlet
Foot Locker,16-12-2021,South,Louisiana,Men'S Apparel,55,17,935,Outlet
Foot Locker,16-12-2021,South,Louisiana,Women'S Apparel,59,19,1121,Outlet
Foot Locker,16-12-2021,South,Louisiana,Women'S Athletic Footwear,53,19,1007,Outlet
Foot Locker,16-12-2021,South,Louisiana,Women'S Street Footwear,53,19,1007,Outlet
West Gear,17-02-2021,South,Louisiana,Men'S Apparel,33,5,165,Outlet
West Gear,17-11-2021,South,Louisiana,Men'S Apparel,53,15,795,Outlet
West Gear,17-06-2021,South,Louisiana,Men'S Apparel,70,15,1050,Outlet
West Gear,18-05-2021,South,Louisiana,Men'S Apparel,32,8,256,Outlet
West Gear,17-10-2021,South,Louisiana,Men'S Apparel,39,11,429,Outlet
West Gear,18-09-2021,South,Louisiana,Men'S Apparel,41,8,328,Outlet
West Gear,17-08-2021,South,Louisiana,Men'S Apparel,47,15,705,Outlet
West Gear,16-07-2021,South,Louisiana,Men'S Apparel,73,22,1606,Outlet
West Gear,17-04-2021,South,Louisiana,Men'S Apparel,34,6,204,Outlet
West Gear,16-03-2021,South,Louisiana,Men'S Apparel,40,5,200,Outlet
West Gear,18-09-2021,South,Louisiana,Men'S Athletic Footwear,40,18,720,Outlet
West Gear,16-03-2021,South,Louisiana,Men'S Athletic Footwear,38,12,456,Outlet
West Gear,18-05-2021,South,Louisiana,Men'S Athletic Footwear,40,13,520,Outlet
West Gear,16-12-2021,South,Louisiana,Men'S Athletic Footwear,52,25,1300,Outlet
West Gear,17-08-2021,South,Louisiana,Men'S Athletic Footwear,57,26,1482,Outlet
West Gear,17-10-2021,South,Louisiana,Men'S Athletic Footwear,34,18,612,Outlet
West Gear,17-06-2021,South,Louisiana,Men'S Athletic Footwear,55,22,1210,Outlet
West Gear,17-04-2021,South,Louisiana,Men'S Athletic Footwear,36,11,396,Outlet
West Gear,16-07-2021,South,Louisiana,Men'S Athletic Footwear,67,25,1675,Outlet
West Gear,17-11-2021,South,Louisiana,Men'S Athletic Footwear,35,22,770,Outlet
West Gear,02-11-2020,South,Texas,Men'S Athletic Footwear,33,25,825,Outlet
West Gear,18-09-2021,South,Louisiana,Men'S Street Footwear,33,18,594,Outlet
West Gear,17-10-2021,South,Louisiana,Men'S Street Footwear,25,12,300,Outlet
West Gear,18-05-2021,South,Louisiana,Men'S Street Footwear,32,18,576,Outlet
West Gear,16-07-2021,South,Louisiana,Men'S Street Footwear,62,31,1922,Outlet
West Gear,16-03-2021,South,Louisiana,Men'S Street Footwear,29,18,522,Outlet
West Gear,16-12-2021,South,Louisiana,Men'S Street Footwear,46,27,1242,Outlet
West Gear,17-11-2021,South,Louisiana,Men'S Street Footwear,28,22,616,Outlet
West Gear,17-04-2021,South,Louisiana,Men'S Street Footwear,38,17,646,Outlet
West Gear,17-06-2021,South,Louisiana,Men'S Street Footwear,47,26,1222,Outlet
West Gear,17-08-2021,South,Louisiana,Men'S Street Footwear,73,26,1898,Outlet
West Gear,01-11-2020,South,Texas,Men'S Street Footwear,30,26,780,Outlet
West Gear,16-03-2021,South,Louisiana,Women'S Apparel,29,11,319,Outlet
West Gear,17-02-2021,South,Louisiana,Women'S Apparel,32,13,416,Outlet
West Gear,17-04-2021,South,Louisiana,Women'S Apparel,39,12,468,Outlet
West Gear,17-08-2021,South,Louisiana,Women'S Apparel,46,10,460,Outlet
West Gear,18-09-2021,South,Louisiana,Women'S Apparel,30,9,270,Outlet
West Gear,17-10-2021,South,Louisiana,Women'S Apparel,44,14,616,Outlet
West Gear,18-05-2021,South,Louisiana,Women'S Apparel,46,18,828,Outlet
West Gear,17-11-2021,South,Louisiana,Women'S Apparel,64,18,1152,Outlet
West Gear,17-06-2021,South,Louisiana,Women'S Apparel,80,25,2000,Outlet
West Gear,16-07-2021,South,Louisiana,Women'S Apparel,81,21,1701,Outlet
West Gear,18-09-2021,South,Louisiana,Women'S Athletic Footwear,34,8,272,Outlet
West Gear,17-10-2021,South,Louisiana,Women'S Athletic Footwear,31,12,372,Outlet
West Gear,18-05-2021,South,Louisiana,Women'S Athletic Footwear,33,10,330,Outlet
West Gear,16-03-2021,South,Louisiana,Women'S Athletic Footwear,43,10,430,Outlet
West Gear,17-04-2021,South,Louisiana,Women'S Athletic Footwear,27,9,243,Outlet
West Gear,16-07-2021,South,Louisiana,Women'S Athletic Footwear,62,20,1240,Outlet
West Gear,17-11-2021,South,Louisiana,Women'S Athletic Footwear,40,16,640,Outlet
West Gear,17-02-2021,South,Louisiana,Women'S Athletic Footwear,33,8,264,Outlet
West Gear,17-08-2021,South,Louisiana,Women'S Athletic Footwear,55,14,770,Outlet
West Gear,17-06-2021,South,Louisiana,Women'S Athletic Footwear,59,18,1062,Outlet
West Gear,04-11-2020,South,Texas,Women'S Athletic Footwear,35,22,770,Outlet
West Gear,18-05-2021,South,Louisiana,Women'S Street Footwear,37,14,518,Outlet
West Gear,17-04-2021,South,Louisiana,Women'S Street Footwear,40,12,480,Outlet
West Gear,17-08-2021,South,Louisiana,Women'S Street Footwear,50,22,1100,Outlet
West Gear,17-06-2021,South,Louisiana,Women'S Street Footwear,55,21,1155,Outlet
West Gear,17-10-2021,South,Louisiana,Women'S Street Footwear,33,13,429,Outlet
West Gear,16-03-2021,South,Louisiana,Women'S Street Footwear,39,12,468,Outlet
West Gear,18-09-2021,South,Louisiana,Women'S Street Footwear,30,10,300,Outlet
West Gear,17-11-2021,South,Louisiana,Women'S Street Footwear,30,16,480,Outlet
West Gear,16-07-2021,South,Louisiana,Women'S Street Footwear,69,21,1449,Outlet
West Gear,03-11-2020,South,Texas,Women'S Street Footwear,33,27,891,Outlet
Foot Locker,12-12-2021,Southeast,Georgia,Men'S Apparel,44,12,528,Outlet
Foot Locker,24-04-2021,Southeast,Virginia,Men'S Apparel,40,4,160,Outlet
Foot Locker,23-03-2021,Southeast,Virginia,Men'S Apparel,43,3,129,Outlet
Foot Locker,25-05-2021,Southeast,Virginia,Men'S Apparel,34,5,170,Outlet
Foot Locker,23-07-2021,Southeast,Virginia,Men'S Apparel,72,21,1512,Outlet
Foot Locker,24-11-2021,Southeast,Virginia,Men'S Apparel,56,14,784,Outlet
Foot Locker,24-02-2021,Southeast,Virginia,Men'S Apparel,29,4,116,Outlet
Foot Locker,24-08-2021,Southeast,Virginia,Men'S Apparel,51,13,663,Outlet
Foot Locker,24-06-2021,Southeast,Virginia,Men'S Apparel,68,13,884,Outlet
Foot Locker,25-09-2021,Southeast,Virginia,Men'S Apparel,39,7,273,Outlet
Foot Locker,24-10-2021,Southeast,Virginia,Men'S Apparel,42,11,462,Outlet
Foot Locker,24-11-2021,Southeast,Virginia,Men'S Athletic Footwear,34,22,748,Outlet
Foot Locker,24-10-2021,Southeast,Virginia,Men'S Athletic Footwear,39,17,663,Outlet
Foot Locker,23-07-2021,Southeast,Virginia,Men'S Athletic Footwear,60,22,1320,Outlet
Foot Locker,25-09-2021,Southeast,Virginia,Men'S Athletic Footwear,43,15,645,Outlet
Foot Locker,23-03-2021,Southeast,Virginia,Men'S Athletic Footwear,35,10,350,Outlet
Foot Locker,25-05-2021,Southeast,Virginia,Men'S Athletic Footwear,40,11,440,Outlet
Foot Locker,24-04-2021,Southeast,Virginia,Men'S Athletic Footwear,44,9,396,Outlet
Foot Locker,24-06-2021,Southeast,Virginia,Men'S Athletic Footwear,45,22,990,Outlet
Foot Locker,23-12-2021,Southeast,Virginia,Men'S Athletic Footwear,54,23,1242,Outlet
Foot Locker,24-08-2021,Southeast,Virginia,Men'S Athletic Footwear,53,24,1272,Outlet
Foot Locker,24-06-2021,Southeast,Virginia,Men'S Street Footwear,37,23,851,Outlet
Foot Locker,24-04-2021,Southeast,Virginia,Men'S Street Footwear,38,15,570,Outlet
Foot Locker,23-07-2021,Southeast,Virginia,Men'S Street Footwear,60,27,1620,Outlet
Foot Locker,23-03-2021,Southeast,Virginia,Men'S Street Footwear,30,16,480,Outlet
Foot Locker,24-10-2021,Southeast,Virginia,Men'S Street Footwear,28,12,336,Outlet
Foot Locker,25-05-2021,Southeast,Virginia,Men'S Street Footwear,39,18,702,Outlet
Foot Locker,23-12-2021,Southeast,Virginia,Men'S Street Footwear,49,25,1225,Outlet
Foot Locker,24-08-2021,Southeast,Virginia,Men'S Street Footwear,67,27,1809,Outlet
Foot Locker,24-11-2021,Southeast,Virginia,Men'S Street Footwear,34,17,578,Outlet
Foot Locker,25-09-2021,Southeast,Virginia,Men'S Street Footwear,35,15,525,Outlet
Foot Locker,12-12-2021,Southeast,Georgia,Women'S Apparel,47,16,752,Outlet
Foot Locker,24-10-2021,Southeast,Virginia,Women'S Apparel,40,11,440,Outlet
Foot Locker,24-11-2021,Southeast,Virginia,Women'S Apparel,60,18,1080,Outlet
Foot Locker,23-07-2021,Southeast,Virginia,Women'S Apparel,82,19,1558,Outlet
Foot Locker,24-08-2021,Southeast,Virginia,Women'S Apparel,55,8,440,Outlet
Foot Locker,25-05-2021,Southeast,Virginia,Women'S Apparel,44,17,748,Outlet
Foot Locker,24-02-2021,Southeast,Virginia,Women'S Apparel,30,11,330,Outlet
Foot Locker,25-09-2021,Southeast,Virginia,Women'S Apparel,33,8,264,Outlet
Foot Locker,23-03-2021,Southeast,Virginia,Women'S Apparel,35,10,350,Outlet
Foot Locker,24-04-2021,Southeast,Virginia,Women'S Apparel,47,9,423,Outlet
Foot Locker,24-06-2021,Southeast,Virginia,Women'S Apparel,82,23,1886,Outlet
Foot Locker,12-12-2021,Southeast,Georgia,Women'S Athletic Footwear,40,14,560,Outlet
Foot Locker,24-10-2021,Southeast,Virginia,Women'S Athletic Footwear,31,10,310,Outlet
Foot Locker,25-05-2021,Southeast,Virginia,Women'S Athletic Footwear,33,9,297,Outlet
Foot Locker,24-11-2021,Southeast,Virginia,Women'S Athletic Footwear,36,14,504,Outlet
Foot Locker,23-03-2021,Southeast,Virginia,Women'S Athletic Footwear,38,8,304,Outlet
Foot Locker,24-08-2021,Southeast,Virginia,Women'S Athletic Footwear,52,14,728,Outlet
Foot Locker,25-09-2021,Southeast,Virginia,Women'S Athletic Footwear,37,7,259,Outlet
Foot Locker,24-02-2021,Southeast,Virginia,Women'S Athletic Footwear,28,6,168,Outlet
Foot Locker,24-06-2021,Southeast,Virginia,Women'S Athletic Footwear,61,18,1098,Outlet
Foot Locker,24-04-2021,Southeast,Virginia,Women'S Athletic Footwear,32,7,224,Outlet
Foot Locker,23-07-2021,Southeast,Virginia,Women'S Athletic Footwear,65,19,1235,Outlet
Foot Locker,12-12-2021,Southeast,Georgia,Women'S Street Footwear,36,15,540,Outlet
Foot Locker,25-05-2021,Southeast,Virginia,Women'S Street Footwear,37,11,407,Outlet
Foot Locker,24-04-2021,Southeast,Virginia,Women'S Street Footwear,41,11,451,Outlet
Foot Locker,24-08-2021,Southeast,Virginia,Women'S Street Footwear,53,22,1166,Outlet
Foot Locker,24-06-2021,Southeast,Virginia,Women'S Street Footwear,58,21,1218,Outlet
Foot Locker,23-07-2021,Southeast,Virginia,Women'S Street Footwear,62,21,1302,Outlet
Foot Locker,24-11-2021,Southeast,Virginia,Women'S Street Footwear,33,14,462,Outlet
Foot Locker,25-09-2021,Southeast,Virginia,Women'S Street Footwear,34,8,272,Outlet
Foot Locker,23-03-2021,Southeast,Virginia,Women'S Street Footwear,43,11,473,Outlet
Foot Locker,24-10-2021,Southeast,Virginia,Women'S Street Footwear,39,12,468,Outlet
Sports Direct,17-02-2021,Southeast,Florida,Men'S Apparel,55,20,1100,Outlet
Sports Direct,16-03-2021,Southeast,Florida,Men'S Apparel,65,18,1170,Outlet
Sports Direct,17-02-2021,Southeast,Florida,Men'S Apparel,44,6,264,Outlet
Sports Direct,16-03-2021,Southeast,Florida,Men'S Apparel,44,6,264,Outlet
Sports Direct,14-09-2021,Southeast,Georgia,Men'S Apparel,36,13,468,Outlet
Sports Direct,12-07-2021,Southeast,Georgia,Men'S Apparel,39,16,624,Outlet
Sports Direct,13-11-2021,Southeast,Georgia,Men'S Apparel,47,12,564,Outlet
Sports Direct,13-02-2021,Southeast,Georgia,Men'S Apparel,34,6,204,Outlet
Sports Direct,13-06-2021,Southeast,Georgia,Men'S Apparel,42,9,378,Outlet
Sports Direct,13-08-2021,Southeast,Georgia,Men'S Apparel,51,14,714,Outlet
Sports Direct,13-10-2021,Southeast,Georgia,Men'S Apparel,41,10,410,Outlet
Sports Direct,12-03-2021,Southeast,Georgia,Men'S Apparel,41,5,205,Outlet
Sports Direct,13-04-2021,Southeast,Georgia,Men'S Apparel,38,6,228,Outlet
Sports Direct,14-05-2021,Southeast,Georgia,Men'S Apparel,39,7,273,Outlet
Sports Direct,23-12-2021,Southeast,Virginia,Men'S Apparel,59,16,944,Outlet
Sports Direct,16-03-2021,Southeast,Florida,Men'S Athletic Footwear,60,40,2400,Outlet
Sports Direct,16-03-2021,Southeast,Florida,Men'S Athletic Footwear,44,12,528,Outlet
Sports Direct,13-10-2021,Southeast,Georgia,Men'S Athletic Footwear,34,17,578,Outlet
Sports Direct,13-04-2021,Southeast,Georgia,Men'S Athletic Footwear,40,11,440,Outlet
Sports Direct,13-08-2021,Southeast,Georgia,Men'S Athletic Footwear,44,20,880,Outlet
Sports Direct,12-03-2021,Southeast,Georgia,Men'S Athletic Footwear,37,11,407,Outlet
Sports Direct,14-09-2021,Southeast,Georgia,Men'S Athletic Footwear,38,20,760,Outlet
Sports Direct,13-11-2021,Southeast,Georgia,Men'S Athletic Footwear,40,18,720,Outlet
Sports Direct,13-06-2021,Southeast,Georgia,Men'S Athletic Footwear,41,16,656,Outlet
Sports Direct,14-05-2021,Southeast,Georgia,Men'S Athletic Footwear,36,14,504,Outlet
Sports Direct,12-07-2021,Southeast,Georgia,Men'S Athletic Footwear,37,17,629,Outlet
Sports Direct,12-12-2021,Southeast,Georgia,Men'S Athletic Footwear,39,22,858,Outlet
Sports Direct,16-03-2021,Southeast,Florida,Men'S Street Footwear,50,55,2750,Outlet
Sports Direct,16-03-2021,Southeast,Florida,Men'S Street Footwear,35,17,595,Outlet
Sports Direct,13-11-2021,Southeast,Georgia,Men'S Street Footwear,36,17,612,Outlet
Sports Direct,12-03-2021,Southeast,Georgia,Men'S Street Footwear,30,16,480,Outlet
Sports Direct,13-06-2021,Southeast,Georgia,Men'S Street Footwear,35,20,700,Outlet
Sports Direct,13-04-2021,Southeast,Georgia,Men'S Street Footwear,37,18,666,Outlet
Sports Direct,14-09-2021,Southeast,Georgia,Men'S Street Footwear,31,20,620,Outlet
Sports Direct,13-10-2021,Southeast,Georgia,Men'S Street Footwear,34,17,578,Outlet
Sports Direct,14-05-2021,Southeast,Georgia,Men'S Street Footwear,37,19,703,Outlet
Sports Direct,12-07-2021,Southeast,Georgia,Men'S Street Footwear,37,22,814,Outlet
Sports Direct,13-08-2021,Southeast,Georgia,Men'S Street Footwear,39,21,819,Outlet
Sports Direct,12-12-2021,Southeast,Georgia,Men'S Street Footwear,42,21,882,Outlet
Sports Direct,17-02-2021,Southeast,Florida,Women'S Apparel,50,40,2000,Outlet
Sports Direct,16-03-2021,Southeast,Florida,Women'S Apparel,60,38,2280,Outlet
Sports Direct,16-03-2021,Southeast,Florida,Women'S Apparel,48,13,624,Outlet
Sports Direct,17-02-2021,Southeast,Florida,Women'S Apparel,33,12,396,Outlet
Sports Direct,13-04-2021,Southeast,Georgia,Women'S Apparel,56,11,616,Outlet
Sports Direct,13-02-2021,Southeast,Georgia,Women'S Apparel,28,13,364,Outlet
Sports Direct,12-03-2021,Southeast,Georgia,Women'S Apparel,40,11,440,Outlet
Sports Direct,13-11-2021,Southeast,Georgia,Women'S Apparel,46,16,736,Outlet
Sports Direct,13-08-2021,Southeast,Georgia,Women'S Apparel,50,13,650,Outlet
Sports Direct,12-07-2021,Southeast,Georgia,Women'S Apparel,51,16,816,Outlet
Sports Direct,14-09-2021,Southeast,Georgia,Women'S Apparel,46,14,644,Outlet
Sports Direct,13-10-2021,Southeast,Georgia,Women'S Apparel,46,11,506,Outlet
Sports Direct,14-05-2021,Southeast,Georgia,Women'S Apparel,53,12,636,Outlet
Sports Direct,13-06-2021,Southeast,Georgia,Women'S Apparel,53,19,1007,Outlet
Sports Direct,23-12-2021,Southeast,Virginia,Women'S Apparel,65,19,1235,Outlet
Sports Direct,17-02-2021,Southeast,Florida,Women'S Athletic Footwear,50,28,1400,Outlet
Sports Direct,16-03-2021,Southeast,Florida,Women'S Athletic Footwear,60,33,1980,Outlet
Sports Direct,16-03-2021,Southeast,Florida,Women'S Athletic Footwear,42,11,462,Outlet
Sports Direct,17-02-2021,Southeast,Florida,Women'S Athletic Footwear,36,9,324,Outlet
Sports Direct,13-06-2021,Southeast,Georgia,Women'S Athletic Footwear,33,13,429,Outlet
Sports Direct,14-05-2021,Southeast,Georgia,Women'S Athletic Footwear,34,11,374,Outlet
Sports Direct,13-02-2021,Southeast,Georgia,Women'S Athletic Footwear,30,8,240,Outlet
Sports Direct,13-10-2021,Southeast,Georgia,Women'S Athletic Footwear,32,11,352,Outlet
Sports Direct,12-03-2021,Southeast,Georgia,Women'S Athletic Footwear,38,8,304,Outlet
Sports Direct,12-07-2021,Southeast,Georgia,Women'S Athletic Footwear,39,13,507,Outlet
Sports Direct,13-04-2021,Southeast,Georgia,Women'S Athletic Footwear,40,10,400,Outlet
Sports Direct,13-08-2021,Southeast,Georgia,Women'S Athletic Footwear,42,15,630,Outlet
Sports Direct,14-09-2021,Southeast,Georgia,Women'S Athletic Footwear,35,12,420,Outlet
Sports Direct,13-11-2021,Southeast,Georgia,Women'S Athletic Footwear,37,14,518,Outlet
Sports Direct,23-12-2021,Southeast,Virginia,Women'S Athletic Footwear,51,18,918,Outlet
Sports Direct,16-03-2021,Southeast,Florida,Women'S Street Footwear,65,43,2795,Outlet
Sports Direct,16-03-2021,Southeast,Florida,Women'S Street Footwear,47,15,705,Outlet
Sports Direct,14-09-2021,Southeast,Georgia,Women'S Street Footwear,32,14,448,Outlet
Sports Direct,13-04-2021,Southeast,Georgia,Women'S Street Footwear,36,11,396,Outlet
Sports Direct,13-10-2021,Southeast,Georgia,Women'S Street Footwear,32,12,384,Outlet
Sports Direct,12-03-2021,Southeast,Georgia,Women'S Street Footwear,39,12,468,Outlet
Sports Direct,13-06-2021,Southeast,Georgia,Women'S Street Footwear,39,16,624,Outlet
Sports Direct,14-05-2021,Southeast,Georgia,Women'S Street Footwear,40,15,600,Outlet
Sports Direct,13-11-2021,Southeast,Georgia,Women'S Street Footwear,39,15,585,Outlet
Sports Direct,12-07-2021,Southeast,Georgia,Women'S Street Footwear,41,18,738,Outlet
Sports Direct,13-08-2021,Southeast,Georgia,Women'S Street Footwear,42,15,630,Outlet
Sports Direct,23-12-2021,Southeast,Virginia,Women'S Street Footwear,53,17,901,Outlet
Walmart,18-05-2021,Southeast,Florida,Men'S Apparel,55,23,1265,Outlet
Walmart,17-04-2021,Southeast,Florida,Men'S Apparel,60,20,1200,Outlet
Walmart,17-04-2021,Southeast,Florida,Men'S Apparel,47,6,282,Outlet
Walmart,17-10-2021,Southeast,Florida,Men'S Apparel,47,12,564,Outlet
Walmart,16-07-2021,Southeast,Florida,Men'S Apparel,68,21,1428,Outlet
Walmart,17-06-2021,Southeast,Florida,Men'S Apparel,71,15,1065,Outlet
Walmart,18-09-2021,Southeast,Florida,Men'S Apparel,54,9,486,Outlet
Walmart,17-08-2021,Southeast,Florida,Men'S Apparel,63,17,1071,Outlet
Walmart,18-05-2021,Southeast,Florida,Men'S Apparel,42,7,294,Outlet
Walmart,17-11-2021,Southeast,Florida,Men'S Apparel,58,15,870,Outlet
Walmart,18-05-2021,Southeast,Florida,Men'S Athletic Footwear,65,43,2795,Outlet
Walmart,17-04-2021,Southeast,Florida,Men'S Athletic Footwear,70,35,2450,Outlet
Walmart,17-04-2021,Southeast,Florida,Men'S Athletic Footwear,51,11,561,Outlet
Walmart,17-08-2021,Southeast,Florida,Men'S Athletic Footwear,60,27,1620,Outlet
Walmart,18-05-2021,Southeast,Florida,Men'S Athletic Footwear,46,13,598,Outlet
Walmart,16-07-2021,Southeast,Florida,Men'S Athletic Footwear,74,26,1924,Outlet
Walmart,17-10-2021,Southeast,Florida,Men'S Athletic Footwear,43,19,817,Outlet
Walmart,17-06-2021,Southeast,Florida,Men'S Athletic Footwear,53,22,1166,Outlet
Walmart,18-09-2021,Southeast,Florida,Men'S Athletic Footwear,45,15,675,Outlet
Walmart,16-12-2021,Southeast,Florida,Men'S Athletic Footwear,55,26,1430,Outlet
Walmart,17-11-2021,Southeast,Florida,Men'S Athletic Footwear,46,23,1058,Outlet
Walmart,18-05-2021,Southeast,Florida,Men'S Street Footwear,60,58,3480,Outlet
Walmart,17-06-2021,Southeast,Florida,Men'S Street Footwear,65,83,5395,Outlet
Walmart,17-04-2021,Southeast,Florida,Men'S Street Footwear,65,55,3575,Outlet
Walmart,17-06-2021,Southeast,Florida,Men'S Street Footwear,50,27,1350,Outlet
Walmart,18-05-2021,Southeast,Florida,Men'S Street Footwear,44,20,880,Outlet
Walmart,17-11-2021,Southeast,Florida,Men'S Street Footwear,41,19,779,Outlet
Walmart,17-04-2021,Southeast,Florida,Men'S Street Footwear,47,17,799,Outlet
Walmart,16-12-2021,Southeast,Florida,Men'S Street Footwear,58,28,1624,Outlet
Walmart,17-08-2021,Southeast,Florida,Men'S Street Footwear,68,26,1768,Outlet
Walmart,17-10-2021,Southeast,Florida,Men'S Street Footwear,39,14,546,Outlet
Walmart,18-09-2021,Southeast,Florida,Men'S Street Footwear,44,16,704,Outlet
Walmart,16-07-2021,Southeast,Florida,Men'S Street Footwear,68,30,2040,Outlet
Walmart,18-05-2021,Southeast,Florida,Women'S Apparel,70,58,4060,Outlet
Walmart,17-04-2021,Southeast,Florida,Women'S Apparel,75,38,2850,Outlet
Walmart,18-05-2021,Southeast,Florida,Women'S Apparel,48,17,816,Outlet
Walmart,17-06-2021,Southeast,Florida,Women'S Apparel,74,25,1850,Outlet
Walmart,16-07-2021,Southeast,Florida,Women'S Apparel,75,20,1500,Outlet
Walmart,18-09-2021,Southeast,Florida,Women'S Apparel,42,10,420,Outlet
Walmart,17-08-2021,Southeast,Florida,Women'S Apparel,60,10,600,Outlet
Walmart,17-04-2021,Southeast,Florida,Women'S Apparel,57,11,627,Outlet
Walmart,17-11-2021,Southeast,Florida,Women'S Apparel,66,20,1320,Outlet
Walmart,17-10-2021,Southeast,Florida,Women'S Apparel,53,14,742,Outlet
Walmart,17-04-2021,Southeast,Florida,Women'S Athletic Footwear,55,30,1650,Outlet
Walmart,18-05-2021,Southeast,Florida,Women'S Athletic Footwear,60,33,1980,Outlet
Walmart,16-07-2021,Southeast,Florida,Women'S Athletic Footwear,59,19,1121,Outlet
Walmart,17-08-2021,Southeast,Florida,Women'S Athletic Footwear,64,15,960,Outlet
Walmart,18-05-2021,Southeast,Florida,Women'S Athletic Footwear,39,11,429,Outlet
Walmart,17-11-2021,Southeast,Florida,Women'S Athletic Footwear,47,17,799,Outlet
Walmart,17-10-2021,Southeast,Florida,Women'S Athletic Footwear,40,12,480,Outlet
Walmart,17-04-2021,Southeast,Florida,Women'S Athletic Footwear,41,9,369,Outlet
Walmart,18-09-2021,Southeast,Florida,Women'S Athletic Footwear,44,8,352,Outlet
Walmart,17-06-2021,Southeast,Florida,Women'S Athletic Footwear,66,20,1320,Outlet
Walmart,18-05-2021,Southeast,Florida,Women'S Street Footwear,65,43,2795,Outlet
Walmart,17-04-2021,Southeast,Florida,Women'S Street Footwear,70,40,2800,Outlet
Walmart,18-09-2021,Southeast,Florida,Women'S Street Footwear,39,10,390,Outlet
Walmart,17-06-2021,Southeast,Florida,Women'S Street Footwear,60,24,1440,Outlet
Walmart,17-08-2021,Southeast,Florida,Women'S Street Footwear,62,23,1426,Outlet
Walmart,17-10-2021,Southeast,Florida,Women'S Street Footwear,43,13,559,Outlet
Walmart,17-04-2021,Southeast,Florida,Women'S Street Footwear,49,13,637,Outlet
Walmart,16-07-2021,Southeast,Florida,Women'S Street Footwear,72,24,1728,Outlet
Walmart,18-05-2021,Southeast,Florida,Women'S Street Footwear,46,13,598,Outlet
Walmart,17-11-2021,Southeast,Florida,Women'S Street Footwear,44,17,748,Outlet
West Gear,16-12-2021,Southeast,Florida,Men'S Apparel,64,18,1152,Outlet
West Gear,16-12-2021,Southeast,Florida,Women'S Apparel,64,20,1280,Outlet
West Gear,16-12-2021,Southeast,Florida,Women'S Athletic Footwear,58,20,1160,Outlet
West Gear,16-12-2021,Southeast,Florida,Women'S Street Footwear,64,20,1280,Outlet
Foot Locker,22-03-2021,West,Arizona,Men'S Apparel,41,4,164,Outlet
Foot Locker,24-05-2021,West,Arizona,Men'S Apparel,39,6,234,Outlet
Foot Locker,24-09-2021,West,Arizona,Men'S Apparel,41,13,533,Outlet
Foot Locker,23-04-2021,West,Arizona,Men'S Apparel,43,5,215,Outlet
Foot Locker,23-06-2021,West,Arizona,Men'S Apparel,43,7,301,Outlet
Foot Locker,23-11-2021,West,Arizona,Men'S Apparel,44,10,440,Outlet
Foot Locker,23-02-2021,West,Arizona,Men'S Apparel,36,5,180,Outlet
Foot Locker,22-07-2021,West,Arizona,Men'S Apparel,40,15,600,Outlet
Foot Locker,23-10-2021,West,Arizona,Men'S Apparel,44,9,396,Outlet
Foot Locker,23-08-2021,West,Arizona,Men'S Apparel,45,14,630,Outlet
Foot Locker,23-01-2021,West,Idaho,Men'S Apparel,35,7,245,Outlet
Foot Locker,23-10-2021,West,Arizona,Men'S Athletic Footwear,33,18,594,Outlet
Foot Locker,24-05-2021,West,Arizona,Men'S Athletic Footwear,36,12,432,Outlet
Foot Locker,23-06-2021,West,Arizona,Men'S Athletic Footwear,36,14,504,Outlet
Foot Locker,23-08-2021,West,Arizona,Men'S Athletic Footwear,46,19,874,Outlet
Foot Locker,23-04-2021,West,Arizona,Men'S Athletic Footwear,37,9,333,Outlet
Foot Locker,22-03-2021,West,Arizona,Men'S Athletic Footwear,38,12,456,Outlet
Foot Locker,22-12-2021,West,Arizona,Men'S Athletic Footwear,33,21,693,Outlet
Foot Locker,22-07-2021,West,Arizona,Men'S Athletic Footwear,40,16,640,Outlet
Foot Locker,24-09-2021,West,Arizona,Men'S Athletic Footwear,34,20,680,Outlet
Foot Locker,23-11-2021,West,Arizona,Men'S Athletic Footwear,38,16,608,Outlet
Foot Locker,23-02-2021,West,Idaho,Men'S Athletic Footwear,28,13,364,Outlet
Foot Locker,23-01-2021,West,Idaho,Men'S Athletic Footwear,30,14,420,Outlet
Foot Locker,22-07-2021,West,Arizona,Men'S Street Footwear,40,22,880,Outlet
Foot Locker,23-11-2021,West,Arizona,Men'S Street Footwear,31,15,465,Outlet
Foot Locker,24-05-2021,West,Arizona,Men'S Street Footwear,38,18,684,Outlet
Foot Locker,23-04-2021,West,Arizona,Men'S Street Footwear,40,18,720,Outlet
Foot Locker,23-06-2021,West,Arizona,Men'S Street Footwear,37,19,703,Outlet
Foot Locker,22-03-2021,West,Arizona,Men'S Street Footwear,29,16,464,Outlet
Foot Locker,22-12-2021,West,Arizona,Men'S Street Footwear,35,19,665,Outlet
Foot Locker,23-08-2021,West,Arizona,Men'S Street Footwear,41,19,779,Outlet
Foot Locker,24-09-2021,West,Arizona,Men'S Street Footwear,35,18,630,Outlet
Foot Locker,23-10-2021,West,Arizona,Men'S Street Footwear,36,17,612,Outlet
Foot Locker,23-02-2021,West,Idaho,Men'S Street Footwear,21,16,336,Outlet
Foot Locker,23-01-2021,West,Idaho,Men'S Street Footwear,23,14,322,Outlet
Foot Locker,23-02-2021,West,Arizona,Women'S Apparel,31,12,372,Outlet
Foot Locker,22-03-2021,West,Arizona,Women'S Apparel,37,11,407,Outlet
Foot Locker,23-11-2021,West,Arizona,Women'S Apparel,39,14,546,Outlet
Foot Locker,23-08-2021,West,Arizona,Women'S Apparel,48,13,624,Outlet
Foot Locker,23-10-2021,West,Arizona,Women'S Apparel,47,11,517,Outlet
Foot Locker,24-05-2021,West,Arizona,Women'S Apparel,53,12,636,Outlet
Foot Locker,22-07-2021,West,Arizona,Women'S Apparel,46,15,690,Outlet
Foot Locker,23-04-2021,West,Arizona,Women'S Apparel,49,11,539,Outlet
Foot Locker,23-06-2021,West,Arizona,Women'S Apparel,46,16,736,Outlet
Foot Locker,24-09-2021,West,Arizona,Women'S Apparel,43,13,559,Outlet
Foot Locker,23-01-2021,West,Idaho,Women'S Apparel,27,14,378,Outlet
Foot Locker,24-09-2021,West,Arizona,Women'S Athletic Footwear,33,12,396,Outlet
Foot Locker,22-03-2021,West,Arizona,Women'S Athletic Footwear,38,7,266,Outlet
Foot Locker,24-05-2021,West,Arizona,Women'S Athletic Footwear,39,9,351,Outlet
Foot Locker,22-07-2021,West,Arizona,Women'S Athletic Footwear,36,11,396,Outlet
Foot Locker,23-10-2021,West,Arizona,Women'S Athletic Footwear,32,10,320,Outlet
Foot Locker,23-06-2021,West,Arizona,Women'S Athletic Footwear,38,11,418,Outlet
Foot Locker,23-04-2021,West,Arizona,Women'S Athletic Footwear,40,8,320,Outlet
Foot Locker,23-02-2021,West,Arizona,Women'S Athletic Footwear,26,7,182,Outlet
Foot Locker,23-11-2021,West,Arizona,Women'S Athletic Footwear,33,12,396,Outlet
Foot Locker,23-08-2021,West,Arizona,Women'S Athletic Footwear,43,12,516,Outlet
Foot Locker,23-01-2021,West,Idaho,Women'S Athletic Footwear,30,9,270,Outlet
Foot Locker,23-10-2021,West,Arizona,Women'S Street Footwear,31,11,341,Outlet
Foot Locker,24-09-2021,West,Arizona,Women'S Street Footwear,34,15,510,Outlet
Foot Locker,23-04-2021,West,Arizona,Women'S Street Footwear,42,12,504,Outlet
Foot Locker,24-05-2021,West,Arizona,Women'S Street Footwear,41,13,533,Outlet
Foot Locker,23-06-2021,West,Arizona,Women'S Street Footwear,41,15,615,Outlet
Foot Locker,23-11-2021,West,Arizona,Women'S Street Footwear,33,12,396,Outlet
Foot Locker,22-07-2021,West,Arizona,Women'S Street Footwear,39,16,624,Outlet
Foot Locker,22-03-2021,West,Arizona,Women'S Street Footwear,37,12,444,Outlet
Foot Locker,23-08-2021,West,Arizona,Women'S Street Footwear,37,15,555,Outlet
Foot Locker,23-01-2021,West,Idaho,Women'S Street Footwear,31,15,465,Outlet
Foot Locker,23-02-2021,West,Idaho,Women'S Street Footwear,28,12,336,Outlet
Kohl'S,22-12-2021,West,Arizona,Men'S Apparel,42,11,462,Outlet
Kohl'S,26-01-2021,West,Arizona,Men'S Apparel,33,9,297,Outlet
Kohl'S,26-02-2021,West,New Mexico,Men'S Apparel,34,6,204,Outlet
Kohl'S,25-07-2021,West,New Mexico,Men'S Apparel,40,16,640,Outlet
Kohl'S,25-03-2021,West,New Mexico,Men'S Apparel,41,5,205,Outlet
Kohl'S,26-10-2021,West,New Mexico,Men'S Apparel,41,11,451,Outlet
Kohl'S,26-08-2021,West,New Mexico,Men'S Apparel,48,16,768,Outlet
Kohl'S,27-09-2021,West,New Mexico,Men'S Apparel,40,15,600,Outlet
Kohl'S,26-06-2021,West,New Mexico,Men'S Apparel,44,9,396,Outlet
Kohl'S,27-05-2021,West,New Mexico,Men'S Apparel,45,8,360,Outlet
Kohl'S,26-04-2021,West,New Mexico,Men'S Apparel,46,6,276,Outlet
Kohl'S,26-11-2021,West,New Mexico,Men'S Apparel,54,13,702,Outlet
Kohl'S,26-01-2021,West,Arizona,Men'S Athletic Footwear,30,15,450,Outlet
Kohl'S,26-02-2021,West,Arizona,Men'S Athletic Footwear,36,14,504,Outlet
Kohl'S,27-05-2021,West,New Mexico,Men'S Athletic Footwear,46,14,644,Outlet
Kohl'S,26-10-2021,West,New Mexico,Men'S Athletic Footwear,38,18,684,Outlet
Kohl'S,26-11-2021,West,New Mexico,Men'S Athletic Footwear,44,18,792,Outlet
Kohl'S,25-07-2021,West,New Mexico,Men'S Athletic Footwear,45,21,945,Outlet
Kohl'S,26-06-2021,West,New Mexico,Men'S Athletic Footwear,47,19,893,Outlet
Kohl'S,26-08-2021,West,New Mexico,Men'S Athletic Footwear,44,21,924,Outlet
Kohl'S,25-03-2021,West,New Mexico,Men'S Athletic Footwear,36,14,504,Outlet
Kohl'S,27-09-2021,West,New Mexico,Men'S Athletic Footwear,39,19,741,Outlet
Kohl'S,26-04-2021,West,New Mexico,Men'S Athletic Footwear,43,11,473,Outlet
Kohl'S,25-12-2021,West,New Mexico,Men'S Athletic Footwear,47,22,1034,Outlet
Kohl'S,26-02-2021,West,Arizona,Men'S Street Footwear,27,17,459,Outlet
Kohl'S,26-01-2021,West,Arizona,Men'S Street Footwear,27,15,405,Outlet
Kohl'S,26-10-2021,West,New Mexico,Men'S Street Footwear,35,17,595,Outlet
Kohl'S,26-08-2021,West,New Mexico,Men'S Street Footwear,40,22,880,Outlet
Kohl'S,26-06-2021,West,New Mexico,Men'S Street Footwear,37,22,814,Outlet
Kohl'S,25-07-2021,West,New Mexico,Men'S Street Footwear,41,25,1025,Outlet
Kohl'S,25-03-2021,West,New Mexico,Men'S Street Footwear,30,19,570,Outlet
Kohl'S,27-05-2021,West,New Mexico,Men'S Street Footwear,43,18,774,Outlet
Kohl'S,26-11-2021,West,New Mexico,Men'S Street Footwear,47,18,846,Outlet
Kohl'S,27-09-2021,West,New Mexico,Men'S Street Footwear,37,21,777,Outlet
Kohl'S,26-04-2021,West,New Mexico,Men'S Street Footwear,41,17,697,Outlet
Kohl'S,25-12-2021,West,New Mexico,Men'S Street Footwear,44,24,1056,Outlet
Kohl'S,26-01-2021,West,Arizona,Women'S Apparel,36,17,612,Outlet
Kohl'S,22-12-2021,West,Arizona,Women'S Apparel,43,14,602,Outlet
Kohl'S,26-02-2021,West,New Mexico,Women'S Apparel,35,14,490,Outlet
Kohl'S,26-06-2021,West,New Mexico,Women'S Apparel,50,19,950,Outlet
Kohl'S,26-04-2021,West,New Mexico,Women'S Apparel,56,12,672,Outlet
Kohl'S,27-05-2021,West,New Mexico,Women'S Apparel,56,13,728,Outlet
Kohl'S,27-09-2021,West,New Mexico,Women'S Apparel,48,16,768,Outlet
Kohl'S,26-11-2021,West,New Mexico,Women'S Apparel,56,17,952,Outlet
Kohl'S,25-03-2021,West,New Mexico,Women'S Apparel,44,13,572,Outlet
Kohl'S,26-10-2021,West,New Mexico,Women'S Apparel,57,13,741,Outlet
Kohl'S,25-07-2021,West,New Mexico,Women'S Apparel,49,16,784,Outlet
Kohl'S,26-08-2021,West,New Mexico,Women'S Apparel,50,15,750,Outlet
Kohl'S,26-01-2021,West,Arizona,Women'S Athletic Footwear,30,10,300,Outlet
Kohl'S,22-12-2021,West,Arizona,Women'S Athletic Footwear,32,13,416,Outlet
Kohl'S,26-02-2021,West,New Mexico,Women'S Athletic Footwear,29,9,261,Outlet
Kohl'S,26-08-2021,West,New Mexico,Women'S Athletic Footwear,46,15,690,Outlet
Kohl'S,25-03-2021,West,New Mexico,Women'S Athletic Footwear,37,9,333,Outlet
Kohl'S,26-04-2021,West,New Mexico,Women'S Athletic Footwear,37,10,370,Outlet
Kohl'S,26-06-2021,West,New Mexico,Women'S Athletic Footwear,37,13,481,Outlet
Kohl'S,27-09-2021,West,New Mexico,Women'S Athletic Footwear,37,15,555,Outlet
Kohl'S,26-11-2021,West,New Mexico,Women'S Athletic Footwear,40,14,560,Outlet
Kohl'S,27-05-2021,West,New Mexico,Women'S Athletic Footwear,43,11,473,Outlet
Kohl'S,26-10-2021,West,New Mexico,Women'S Athletic Footwear,35,11,385,Outlet
Kohl'S,25-07-2021,West,New Mexico,Women'S Athletic Footwear,39,15,585,Outlet
Kohl'S,26-01-2021,West,Arizona,Women'S Street Footwear,32,16,512,Outlet
Kohl'S,26-02-2021,West,Arizona,Women'S Street Footwear,35,13,455,Outlet
Kohl'S,22-12-2021,West,Arizona,Women'S Street Footwear,35,14,490,Outlet
Kohl'S,25-07-2021,West,New Mexico,Women'S Street Footwear,39,17,663,Outlet
Kohl'S,26-11-2021,West,New Mexico,Women'S Street Footwear,46,15,690,Outlet
Kohl'S,25-03-2021,West,New Mexico,Women'S Street Footwear,44,12,528,Outlet
Kohl'S,26-10-2021,West,New Mexico,Women'S Street Footwear,34,12,408,Outlet
Kohl'S,26-06-2021,West,New Mexico,Women'S Street Footwear,41,19,779,Outlet
Kohl'S,26-08-2021,West,New Mexico,Women'S Street Footwear,46,16,736,Outlet
Kohl'S,27-05-2021,West,New Mexico,Women'S Street Footwear,46,14,644,Outlet
Kohl'S,27-09-2021,West,New Mexico,Women'S Street Footwear,39,15,585,Outlet
Kohl'S,26-04-2021,West,New Mexico,Women'S Street Footwear,44,14,616,Outlet
Sports Direct,25-12-2021,West,New Mexico,Men'S Apparel,55,13,715,Outlet
Sports Direct,13-01-2021,West,New Mexico,Men'S Apparel,35,8,280,Outlet
Sports Direct,13-02-2021,West,New Mexico,Men'S Athletic Footwear,27,12,324,Outlet
Sports Direct,13-01-2021,West,New Mexico,Men'S Athletic Footwear,27,14,378,Outlet
Sports Direct,13-02-2021,West,New Mexico,Men'S Street Footwear,23,15,345,Outlet
Sports Direct,13-01-2021,West,New Mexico,Men'S Street Footwear,24,15,360,Outlet
Sports Direct,25-12-2021,West,New Mexico,Women'S Apparel,56,17,952,Outlet
Sports Direct,13-01-2021,West,New Mexico,Women'S Apparel,28,14,392,Outlet
Sports Direct,25-12-2021,West,New Mexico,Women'S Athletic Footwear,45,16,720,Outlet
Sports Direct,13-01-2021,West,New Mexico,Women'S Athletic Footwear,28,10,280,Outlet
Sports Direct,13-02-2021,West,New Mexico,Women'S Street Footwear,28,12,336,Outlet
Sports Direct,25-12-2021,West,New Mexico,Women'S Street Footwear,44,15,660,Outlet
Sports Direct,13-01-2021,West,New Mexico,Women'S Street Footwear,32,14,448,Outlet
West Gear,03-02-2021,West,California,Men'S Apparel,50,22,1100,Outlet
West Gear,09-02-2021,West,California,Men'S Apparel,51,23,1173,Outlet
West Gear,28-01-2021,West,California,Men'S Apparel,43,23,989,Outlet
West Gear,15-02-2021,West,California,Men'S Apparel,43,25,1075,Outlet
West Gear,05-11-2020,West,California,Men'S Apparel,38,17,646,Outlet
West Gear,23-12-2020,West,California,Men'S Apparel,51,17,867,Outlet
West Gear,16-01-2021,West,California,Men'S Apparel,44,24,1056,Outlet
West Gear,29-12-2020,West,California,Men'S Apparel,47,16,752,Outlet
West Gear,11-11-2020,West,California,Men'S Apparel,42,17,714,Outlet
West Gear,04-01-2021,West,California,Men'S Apparel,49,18,882,Outlet
West Gear,22-01-2021,West,California,Men'S Apparel,59,26,1534,Outlet
West Gear,10-01-2021,West,California,Men'S Apparel,44,20,880,Outlet
West Gear,23-02-2020,West,Nevada,Men'S Apparel,53,13,689,Outlet
West Gear,07-03-2020,West,Nevada,Men'S Apparel,46,12,552,Outlet
West Gear,01-03-2020,West,Nevada,Men'S Apparel,48,11,528,Outlet
West Gear,13-03-2020,West,Nevada,Men'S Apparel,49,14,686,Outlet
West Gear,06-01-2020,West,Nevada,Men'S Apparel,37,8,296,Outlet
West Gear,11-02-2020,West,Nevada,Men'S Apparel,47,15,705,Outlet
West Gear,17-02-2020,West,Nevada,Men'S Apparel,50,15,750,Outlet
West Gear,12-01-2020,West,Nevada,Men'S Apparel,37,7,259,Outlet
West Gear,24-01-2020,West,Nevada,Men'S Apparel,47,6,282,Outlet
West Gear,18-01-2020,West,Nevada,Men'S Apparel,44,6,264,Outlet
West Gear,05-02-2020,West,Nevada,Men'S Apparel,47,11,517,Outlet
West Gear,30-01-2020,West,Nevada,Men'S Apparel,43,7,301,Outlet
West Gear,24-04-2021,West,Oregon,Men'S Apparel,36,4,144,Outlet
West Gear,25-09-2021,West,Oregon,Men'S Apparel,48,8,384,Outlet
West Gear,24-08-2021,West,Oregon,Men'S Apparel,53,14,742,Outlet
West Gear,24-02-2021,West,Oregon,Men'S Apparel,32,4,128,Outlet
West Gear,25-05-2021,West,Oregon,Men'S Apparel,33,6,198,Outlet
West Gear,23-03-2021,West,Oregon,Men'S Apparel,43,3,129,Outlet
West Gear,24-10-2021,West,Oregon,Men'S Apparel,40,9,360,Outlet
West Gear,24-11-2021,West,Oregon,Men'S Apparel,50,15,750,Outlet
West Gear,24-06-2021,West,Oregon,Men'S Apparel,67,14,938,Outlet
West Gear,23-07-2021,West,Oregon,Men'S Apparel,68,20,1360,Outlet
West Gear,23-12-2021,West,Oregon,Men'S Apparel,54,16,864,Outlet
West Gear,17-01-2021,West,Oregon,Men'S Apparel,33,7,231,Outlet
West Gear,24-01-2021,West,Utah,Men'S Apparel,35,5,175,Outlet
West Gear,25-01-2021,West,California,Men'S Athletic Footwear,42,29,1218,Outlet
West Gear,31-01-2021,West,California,Men'S Athletic Footwear,39,28,1092,Outlet
West Gear,06-02-2021,West,California,Men'S Athletic Footwear,46,31,1426,Outlet
West Gear,12-02-2021,West,California,Men'S Athletic Footwear,46,33,1518,Outlet
West Gear,19-01-2021,West,California,Men'S Athletic Footwear,47,28,1316,Outlet
West Gear,14-11-2020,West,California,Men'S Athletic Footwear,39,23,897,Outlet
West Gear,13-01-2021,West,California,Men'S Athletic Footwear,49,26,1274,Outlet
West Gear,08-11-2020,West,California,Men'S Athletic Footwear,36,24,864,Outlet
West Gear,26-12-2020,West,California,Men'S Athletic Footwear,51,22,1122,Outlet
West Gear,01-01-2021,West,California,Men'S Athletic Footwear,51,23,1173,Outlet
West Gear,07-01-2021,West,California,Men'S Athletic Footwear,50,26,1300,Outlet
West Gear,16-03-2020,West,Nevada,Men'S Athletic Footwear,31,15,465,Outlet
West Gear,26-02-2020,West,Nevada,Men'S Athletic Footwear,50,19,950,Outlet
West Gear,10-03-2020,West,Nevada,Men'S Athletic Footwear,50,21,1050,Outlet
West Gear,04-03-2020,West,Nevada,Men'S Athletic Footwear,52,20,1040,Outlet
West Gear,08-02-2020,West,Nevada,Men'S Athletic Footwear,46,20,920,Outlet
West Gear,20-02-2020,West,Nevada,Men'S Athletic Footwear,51,18,918,Outlet
West Gear,21-01-2020,West,Nevada,Men'S Athletic Footwear,46,12,552,Outlet
West Gear,14-02-2020,West,Nevada,Men'S Athletic Footwear,56,21,1176,Outlet
West Gear,09-01-2020,West,Nevada,Men'S Athletic Footwear,35,15,525,Outlet
West Gear,15-01-2020,West,Nevada,Men'S Athletic Footwear,42,12,504,Outlet
West Gear,27-01-2020,West,Nevada,Men'S Athletic Footwear,43,12,516,Outlet
West Gear,02-02-2020,West,Nevada,Men'S Athletic Footwear,51,18,918,Outlet
West Gear,24-10-2021,West,Oregon,Men'S Athletic Footwear,37,18,666,Outlet
West Gear,25-09-2021,West,Oregon,Men'S Athletic Footwear,43,16,688,Outlet
West Gear,24-11-2021,West,Oregon,Men'S Athletic Footwear,37,20,740,Outlet
West Gear,25-05-2021,West,Oregon,Men'S Athletic Footwear,36,11,396,Outlet
West Gear,23-12-2021,West,Oregon,Men'S Athletic Footwear,56,23,1288,Outlet
West Gear,24-04-2021,West,Oregon,Men'S Athletic Footwear,39,9,351,Outlet
West Gear,23-03-2021,West,Oregon,Men'S Athletic Footwear,40,10,400,Outlet
West Gear,24-06-2021,West,Oregon,Men'S Athletic Footwear,47,20,940,Outlet
West Gear,23-07-2021,West,Oregon,Men'S Athletic Footwear,66,22,1452,Outlet
West Gear,24-08-2021,West,Oregon,Men'S Athletic Footwear,62,26,1612,Outlet
West Gear,17-02-2021,West,Oregon,Men'S Athletic Footwear,31,12,372,Outlet
West Gear,17-01-2021,West,Oregon,Men'S Athletic Footwear,31,12,372,Outlet
West Gear,24-01-2021,West,Utah,Men'S Athletic Footwear,29,12,348,Outlet
West Gear,24-02-2021,West,Utah,Men'S Athletic Footwear,29,12,348,Outlet
West Gear,30-01-2021,West,California,Men'S Street Footwear,36,29,1044,Outlet
West Gear,11-02-2021,West,California,Men'S Street Footwear,40,32,1280,Outlet
West Gear,05-02-2021,West,California,Men'S Street Footwear,39,26,1014,Outlet
West Gear,24-01-2021,West,California,Men'S Street Footwear,40,29,1160,Outlet
West Gear,25-12-2020,West,California,Men'S Street Footwear,40,27,1080,Outlet
West Gear,12-01-2021,West,California,Men'S Street Footwear,41,34,1394,Outlet
West Gear,13-11-2020,West,California,Men'S Street Footwear,36,27,972,Outlet
West Gear,18-01-2021,West,California,Men'S Street Footwear,45,30,1350,Outlet
West Gear,07-11-2020,West,California,Men'S Street Footwear,28,29,812,Outlet
West Gear,06-01-2021,West,California,Men'S Street Footwear,41,34,1394,Outlet
West Gear,31-12-2020,West,California,Men'S Street Footwear,44,27,1188,Outlet
West Gear,09-03-2020,West,Nevada,Men'S Street Footwear,47,22,1034,Outlet
West Gear,19-02-2020,West,Nevada,Men'S Street Footwear,41,19,779,Outlet
West Gear,15-03-2020,West,Nevada,Men'S Street Footwear,20,15,300,Outlet
West Gear,25-02-2020,West,Nevada,Men'S Street Footwear,47,17,799,Outlet
West Gear,20-01-2020,West,Nevada,Men'S Street Footwear,41,17,697,Outlet
West Gear,03-03-2020,West,Nevada,Men'S Street Footwear,47,20,940,Outlet
West Gear,08-01-2020,West,Nevada,Men'S Street Footwear,27,17,459,Outlet
West Gear,07-02-2020,West,Nevada,Men'S Street Footwear,48,23,1104,Outlet
West Gear,14-01-2020,West,Nevada,Men'S Street Footwear,31,18,558,Outlet
West Gear,13-02-2020,West,Nevada,Men'S Street Footwear,44,24,1056,Outlet
West Gear,26-01-2020,West,Nevada,Men'S Street Footwear,43,17,731,Outlet
West Gear,01-02-2020,West,Nevada,Men'S Street Footwear,47,25,1175,Outlet
West Gear,25-09-2021,West,Oregon,Men'S Street Footwear,34,15,510,Outlet
West Gear,24-11-2021,West,Oregon,Men'S Street Footwear,34,19,646,Outlet
West Gear,24-08-2021,West,Oregon,Men'S Street Footwear,69,26,1794,Outlet
West Gear,24-06-2021,West,Oregon,Men'S Street Footwear,43,24,1032,Outlet
West Gear,24-10-2021,West,Oregon,Men'S Street Footwear,29,12,348,Outlet
West Gear,24-04-2021,West,Oregon,Men'S Street Footwear,44,17,748,Outlet
West Gear,23-03-2021,West,Oregon,Men'S Street Footwear,28,14,392,Outlet
West Gear,17-01-2021,West,Oregon,Men'S Street Footwear,28,12,336,Outlet
West Gear,25-05-2021,West,Oregon,Men'S Street Footwear,39,16,624,Outlet
West Gear,23-12-2021,West,Oregon,Men'S Street Footwear,51,23,1173,Outlet
West Gear,23-07-2021,West,Oregon,Men'S Street Footwear,60,30,1800,Outlet
West Gear,17-02-2021,West,Oregon,Men'S Street Footwear,24,18,432,Outlet
West Gear,24-01-2021,West,Utah,Men'S Street Footwear,24,11,264,Outlet
West Gear,24-02-2021,West,Utah,Men'S Street Footwear,22,15,330,Outlet
West Gear,04-02-2021,West,California,Women'S Apparel,46,22,1012,Outlet
West Gear,29-01-2021,West,California,Women'S Apparel,51,26,1326,Outlet
West Gear,10-02-2021,West,California,Women'S Apparel,56,26,1456,Outlet
West Gear,16-02-2021,West,California,Women'S Apparel,50,26,1300,Outlet
West Gear,17-01-2021,West,California,Women'S Apparel,56,26,1456,Outlet
West Gear,30-12-2020,West,California,Women'S Apparel,62,25,1550,Outlet
West Gear,24-12-2020,West,California,Women'S Apparel,41,25,1025,Outlet
West Gear,06-11-2020,West,California,Women'S Apparel,36,23,828,Outlet
West Gear,12-11-2020,West,California,Women'S Apparel,33,21,693,Outlet
West Gear,23-01-2021,West,California,Women'S Apparel,60,25,1500,Outlet
West Gear,05-01-2021,West,California,Women'S Apparel,58,23,1334,Outlet
West Gear,11-01-2021,West,California,Women'S Apparel,60,31,1860,Outlet
West Gear,14-03-2020,West,Nevada,Women'S Apparel,56,17,952,Outlet
West Gear,08-03-2020,West,Nevada,Women'S Apparel,51,16,816,Outlet
West Gear,24-02-2020,West,Nevada,Women'S Apparel,54,14,756,Outlet
West Gear,02-03-2020,West,Nevada,Women'S Apparel,53,12,636,Outlet
West Gear,13-01-2020,West,Nevada,Women'S Apparel,31,14,434,Outlet
West Gear,07-01-2020,West,Nevada,Women'S Apparel,36,17,612,Outlet
West Gear,19-01-2020,West,Nevada,Women'S Apparel,39,12,468,Outlet
West Gear,18-02-2020,West,Nevada,Women'S Apparel,55,13,715,Outlet
West Gear,25-01-2020,West,Nevada,Women'S Apparel,54,12,648,Outlet
West Gear,12-02-2020,West,Nevada,Women'S Apparel,61,17,1037,Outlet
West Gear,06-02-2020,West,Nevada,Women'S Apparel,57,19,1083,Outlet
West Gear,31-01-2020,West,Nevada,Women'S Apparel,54,14,756,Outlet
West Gear,25-09-2021,West,Oregon,Women'S Apparel,36,9,324,Outlet
West Gear,24-06-2021,West,Oregon,Women'S Apparel,74,23,1702,Outlet
West Gear,24-04-2021,West,Oregon,Women'S Apparel,49,9,441,Outlet
West Gear,23-12-2021,West,Oregon,Women'S Apparel,55,20,1100,Outlet
West Gear,24-02-2021,West,Oregon,Women'S Apparel,28,10,280,Outlet
West Gear,23-03-2021,West,Oregon,Women'S Apparel,40,9,360,Outlet
West Gear,23-07-2021,West,Oregon,Women'S Apparel,78,20,1560,Outlet
West Gear,25-05-2021,West,Oregon,Women'S Apparel,46,17,782,Outlet
West Gear,24-10-2021,West,Oregon,Women'S Apparel,41,12,492,Outlet
West Gear,24-08-2021,West,Oregon,Women'S Apparel,53,9,477,Outlet
West Gear,24-11-2021,West,Oregon,Women'S Apparel,53,17,901,Outlet
West Gear,17-01-2021,West,Oregon,Women'S Apparel,34,14,476,Outlet
West Gear,24-01-2021,West,Utah,Women'S Apparel,28,13,364,Outlet
West Gear,27-01-2021,West,California,Women'S Athletic Footwear,39,25,975,Outlet
West Gear,08-02-2021,West,California,Women'S Athletic Footwear,37,21,777,Outlet
West Gear,14-02-2021,West,California,Women'S Athletic Footwear,40,27,1080,Outlet
West Gear,02-02-2021,West,California,Women'S Athletic Footwear,42,22,924,Outlet
West Gear,22-12-2020,West,California,Women'S Athletic Footwear,48,20,960,Outlet
West Gear,10-11-2020,West,California,Women'S Athletic Footwear,39,19,741,Outlet
West Gear,28-12-2020,West,California,Women'S Athletic Footwear,48,19,912,Outlet
West Gear,21-01-2021,West,California,Women'S Athletic Footwear,52,26,1352,Outlet
West Gear,15-01-2021,West,California,Women'S Athletic Footwear,46,25,1150,Outlet
West Gear,09-01-2021,West,California,Women'S Athletic Footwear,41,22,902,Outlet
West Gear,03-01-2021,West,California,Women'S Athletic Footwear,42,23,966,Outlet
West Gear,28-02-2020,West,Nevada,Women'S Athletic Footwear,43,12,516,Outlet
West Gear,18-03-2020,West,Nevada,Women'S Athletic Footwear,26,10,260,Outlet
West Gear,22-02-2020,West,Nevada,Women'S Athletic Footwear,43,12,516,Outlet
West Gear,06-03-2020,West,Nevada,Women'S Athletic Footwear,43,13,559,Outlet
West Gear,12-03-2020,West,Nevada,Women'S Athletic Footwear,40,17,680,Outlet
West Gear,11-01-2020,West,Nevada,Women'S Athletic Footwear,30,9,270,Outlet
West Gear,23-01-2020,West,Nevada,Women'S Athletic Footwear,40,9,360,Outlet
West Gear,17-01-2020,West,Nevada,Women'S Athletic Footwear,41,9,369,Outlet
West Gear,16-02-2020,West,Nevada,Women'S Athletic Footwear,42,15,630,Outlet
West Gear,10-02-2020,West,Nevada,Women'S Athletic Footwear,46,14,644,Outlet
West Gear,04-02-2020,West,Nevada,Women'S Athletic Footwear,47,15,705,Outlet
West Gear,29-01-2020,West,Nevada,Women'S Athletic Footwear,47,11,517,Outlet
West Gear,24-04-2021,West,Oregon,Women'S Athletic Footwear,34,7,238,Outlet
West Gear,23-03-2021,West,Oregon,Women'S Athletic Footwear,39,8,312,Outlet
West Gear,24-08-2021,West,Oregon,Women'S Athletic Footwear,50,13,650,Outlet
West Gear,25-05-2021,West,Oregon,Women'S Athletic Footwear,33,9,297,Outlet
West Gear,24-10-2021,West,Oregon,Women'S Athletic Footwear,34,11,374,Outlet
West Gear,23-12-2021,West,Oregon,Women'S Athletic Footwear,53,17,901,Outlet
West Gear,24-02-2021,West,Oregon,Women'S Athletic Footwear,29,6,174,Outlet
West Gear,24-11-2021,West,Oregon,Women'S Athletic Footwear,39,15,585,Outlet
West Gear,23-07-2021,West,Oregon,Women'S Athletic Footwear,61,17,1037,Outlet
West Gear,24-06-2021,West,Oregon,Women'S Athletic Footwear,62,18,1116,Outlet
West Gear,25-09-2021,West,Oregon,Women'S Athletic Footwear,38,6,228,Outlet
West Gear,17-01-2021,West,Oregon,Women'S Athletic Footwear,34,8,272,Outlet
West Gear,24-01-2021,West,Utah,Women'S Athletic Footwear,30,7,210,Outlet
West Gear,01-02-2021,West,California,Women'S Street Footwear,42,21,882,Outlet
West Gear,13-02-2021,West,California,Women'S Street Footwear,44,26,1144,Outlet
West Gear,26-01-2021,West,California,Women'S Street Footwear,39,25,975,Outlet
West Gear,07-02-2021,West,California,Women'S Street Footwear,40,25,1000,Outlet
West Gear,27-12-2020,West,California,Women'S Street Footwear,46,25,1150,Outlet
West Gear,20-01-2021,West,California,Women'S Street Footwear,51,25,1275,Outlet
West Gear,14-01-2021,West,California,Women'S Street Footwear,46,26,1196,Outlet
West Gear,09-11-2020,West,California,Women'S Street Footwear,40,25,1000,Outlet
West Gear,15-11-2020,West,California,Women'S Street Footwear,47,21,987,Outlet
West Gear,02-01-2021,West,California,Women'S Street Footwear,46,23,1058,Outlet
West Gear,08-01-2021,West,California,Women'S Street Footwear,42,28,1176,Outlet
West Gear,21-02-2020,West,Nevada,Women'S Street Footwear,46,14,644,Outlet
West Gear,17-03-2020,West,Nevada,Women'S Street Footwear,26,13,338,Outlet
West Gear,05-03-2020,West,Nevada,Women'S Street Footwear,44,14,616,Outlet
West Gear,15-02-2020,West,Nevada,Women'S Street Footwear,44,18,792,Outlet
West Gear,27-02-2020,West,Nevada,Women'S Street Footwear,47,11,517,Outlet
West Gear,11-03-2020,West,Nevada,Women'S Street Footwear,47,17,799,Outlet
West Gear,10-01-2020,West,Nevada,Women'S Street Footwear,31,14,434,Outlet
West Gear,22-01-2020,West,Nevada,Women'S Street Footwear,47,12,564,Outlet
West Gear,09-02-2020,West,Nevada,Women'S Street Footwear,47,17,799,Outlet
West Gear,16-01-2020,West,Nevada,Women'S Street Footwear,43,13,559,Outlet
West Gear,28-01-2020,West,Nevada,Women'S Street Footwear,49,13,637,Outlet
West Gear,03-02-2020,West,Nevada,Women'S Street Footwear,46,18,828,Outlet
West Gear,24-10-2021,West,Oregon,Women'S Street Footwear,37,11,407,Outlet
West Gear,23-03-2021,West,Oregon,Women'S Street Footwear,41,11,451,Outlet
West Gear,25-05-2021,West,Oregon,Women'S Street Footwear,39,12,468,Outlet
West Gear,24-06-2021,West,Oregon,Women'S Street Footwear,53,21,1113,Outlet
West Gear,24-08-2021,West,Oregon,Women'S Street Footwear,50,22,1100,Outlet
West Gear,24-04-2021,West,Oregon,Women'S Street Footwear,47,11,517,Outlet
West Gear,23-12-2021,West,Oregon,Women'S Street Footwear,48,19,912,Outlet
West Gear,24-11-2021,West,Oregon,Women'S Street Footwear,32,15,480,Outlet
West Gear,25-09-2021,West,Oregon,Women'S Street Footwear,39,8,312,Outlet
West Gear,23-07-2021,West,Oregon,Women'S Street Footwear,66,22,1452,Outlet
West Gear,17-01-2021,West,Oregon,Women'S Street Footwear,33,13,429,Outlet
West Gear,17-02-2021,West,Oregon,Women'S Street Footwear,34,13,442,Outlet
West Gear,24-02-2021,West,Utah,Women'S Street Footwear,28,12,336,Outlet
West Gear,24-01-2021,West,Utah,Women'S Street Footwear,31,11,341,Outlet
Foot Locker,12-07-2021,Midwest,Nebraska,Men'S Apparel,30,8,240,Outlet
Foot Locker,18-07-2021,Midwest,Nebraska,Men'S Apparel,40,3,120,Outlet
Foot Locker,06-07-2021,Midwest,Nebraska,Men'S Apparel,40,10,400,Outlet
Foot Locker,25-05-2021,Midwest,Nebraska,Men'S Apparel,45,13,585,Outlet
Foot Locker,31-05-2021,Midwest,Nebraska,Men'S Apparel,45,13,585,Outlet
Foot Locker,12-06-2021,Midwest,Nebraska,Men'S Apparel,45,3,135,Outlet
Foot Locker,24-06-2021,Midwest,Nebraska,Men'S Apparel,45,15,675,Outlet
Foot Locker,30-06-2021,Midwest,Nebraska,Men'S Apparel,45,18,810,Outlet
Foot Locker,18-06-2021,Midwest,Nebraska,Men'S Apparel,50,5,250,Outlet
Foot Locker,24-07-2021,Midwest,Nebraska,Men'S Apparel,50,10,500,Outlet
Foot Locker,30-07-2021,Midwest,Nebraska,Men'S Apparel,50,15,750,Outlet
Foot Locker,06-06-2021,Midwest,Nebraska,Men'S Apparel,50,5,250,Outlet
Foot Locker,15-07-2021,Midwest,Nebraska,Men'S Athletic Footwear,30,15,450,Outlet
Foot Locker,21-07-2021,Midwest,Nebraska,Men'S Athletic Footwear,30,15,450,Outlet
Foot Locker,09-06-2021,Midwest,Nebraska,Men'S Athletic Footwear,35,8,280,Outlet
Foot Locker,28-05-2021,Midwest,Nebraska,Men'S Athletic Footwear,35,13,455,Outlet
Foot Locker,21-06-2021,Midwest,Nebraska,Men'S Athletic Footwear,35,15,525,Outlet
Foot Locker,09-07-2021,Midwest,Nebraska,Men'S Athletic Footwear,35,20,700,Outlet
Foot Locker,03-06-2021,Midwest,Nebraska,Men'S Athletic Footwear,40,10,400,Outlet
Foot Locker,27-07-2021,Midwest,Nebraska,Men'S Athletic Footwear,40,25,1000,Outlet
Foot Locker,15-06-2021,Midwest,Nebraska,Men'S Athletic Footwear,40,13,520,Outlet
Foot Locker,27-06-2021,Midwest,Nebraska,Men'S Athletic Footwear,40,30,1200,Outlet
Foot Locker,03-07-2021,Midwest,Nebraska,Men'S Athletic Footwear,45,28,1260,Outlet
Foot Locker,27-05-2021,Midwest,Nebraska,Men'S Street Footwear,35,48,1680,Outlet
Foot Locker,20-07-2021,Midwest,Nebraska,Men'S Street Footwear,40,30,1200,Outlet
Foot Locker,14-07-2021,Midwest,Nebraska,Men'S Street Footwear,40,33,1320,Outlet
Foot Locker,08-06-2021,Midwest,Nebraska,Men'S Street Footwear,40,38,1520,Outlet
Foot Locker,20-06-2021,Midwest,Nebraska,Men'S Street Footwear,40,40,1600,Outlet
Foot Locker,08-07-2021,Midwest,Nebraska,Men'S Street Footwear,40,40,1600,Outlet
Foot Locker,02-06-2021,Midwest,Nebraska,Men'S Street Footwear,40,42,1680,Outlet
Foot Locker,14-06-2021,Midwest,Nebraska,Men'S Street Footwear,45,42,1890,Outlet
Foot Locker,02-07-2021,Midwest,Nebraska,Men'S Street Footwear,45,50,2250,Outlet
Foot Locker,26-06-2021,Midwest,Nebraska,Men'S Street Footwear,45,55,2475,Outlet
Foot Locker,26-07-2021,Midwest,Nebraska,Men'S Street Footwear,50,45,2250,Outlet
Foot Locker,13-06-2021,Midwest,Nebraska,Women'S Apparel,35,15,525,Outlet
Foot Locker,13-07-2021,Midwest,Nebraska,Women'S Apparel,35,15,525,Outlet
Foot Locker,01-06-2021,Midwest,Nebraska,Women'S Apparel,35,20,700,Outlet
Foot Locker,26-05-2021,Midwest,Nebraska,Women'S Apparel,35,23,805,Outlet
Foot Locker,07-06-2021,Midwest,Nebraska,Women'S Apparel,40,15,600,Outlet
Foot Locker,19-07-2021,Midwest,Nebraska,Women'S Apparel,45,15,675,Outlet
Foot Locker,07-07-2021,Midwest,Nebraska,Women'S Apparel,45,28,1260,Outlet
Foot Locker,25-06-2021,Midwest,Nebraska,Women'S Apparel,50,33,1650,Outlet
Foot Locker,01-07-2021,Midwest,Nebraska,Women'S Apparel,50,35,1750,Outlet
Foot Locker,25-07-2021,Midwest,Nebraska,Women'S Apparel,55,20,1100,Outlet
Foot Locker,31-07-2021,Midwest,Nebraska,Women'S Apparel,55,25,1375,Outlet
Foot Locker,19-06-2021,Midwest,Nebraska,Women'S Apparel,55,15,825,Outlet
Foot Locker,11-07-2021,Midwest,Nebraska,Women'S Athletic Footwear,20,8,160,Outlet
Foot Locker,11-06-2021,Midwest,Nebraska,Women'S Athletic Footwear,30,0,0,Outlet
Foot Locker,17-07-2021,Midwest,Nebraska,Women'S Athletic Footwear,30,3,90,Outlet
Foot Locker,30-05-2021,Midwest,Nebraska,Women'S Athletic Footwear,30,5,150,Outlet
Foot Locker,05-07-2021,Midwest,Nebraska,Women'S Athletic Footwear,30,13,390,Outlet
Foot Locker,23-07-2021,Midwest,Nebraska,Women'S Athletic Footwear,30,13,390,Outlet
Foot Locker,23-06-2021,Midwest,Nebraska,Women'S Athletic Footwear,30,15,450,Outlet
Foot Locker,05-06-2021,Midwest,Nebraska,Women'S Athletic Footwear,35,0,0,Outlet
Foot Locker,17-06-2021,Midwest,Nebraska,Women'S Athletic Footwear,35,3,105,Outlet
Foot Locker,29-06-2021,Midwest,Nebraska,Women'S Athletic Footwear,35,18,630,Outlet
Foot Locker,29-07-2021,Midwest,Nebraska,Women'S Athletic Footwear,40,15,600,Outlet
Foot Locker,10-07-2021,Midwest,Nebraska,Women'S Street Footwear,20,10,200,Outlet
Foot Locker,29-05-2021,Midwest,Nebraska,Women'S Street Footwear,25,18,450,Outlet
Foot Locker,10-06-2021,Midwest,Nebraska,Women'S Street Footwear,25,8,200,Outlet
Foot Locker,16-07-2021,Midwest,Nebraska,Women'S Street Footwear,30,5,150,Outlet
Foot Locker,22-07-2021,Midwest,Nebraska,Women'S Street Footwear,30,10,300,Outlet
Foot Locker,04-06-2021,Midwest,Nebraska,Women'S Street Footwear,30,15,450,Outlet
Foot Locker,22-06-2021,Midwest,Nebraska,Women'S Street Footwear,30,18,540,Outlet
Foot Locker,16-06-2021,Midwest,Nebraska,Women'S Street Footwear,35,10,350,Outlet
Foot Locker,28-06-2021,Midwest,Nebraska,Women'S Street Footwear,35,23,805,Outlet
Foot Locker,04-07-2021,Midwest,Nebraska,Women'S Street Footwear,40,20,800,Outlet
Foot Locker,28-07-2021,Midwest,Nebraska,Women'S Street Footwear,40,20,800,Outlet
Amazon,03-11-2021,Northeast,Maine,Men'S Apparel,50,8,400,Outlet
Amazon,28-10-2021,Northeast,Maine,Men'S Apparel,50,10,500,Outlet
Amazon,16-10-2021,Northeast,Maine,Men'S Apparel,50,15,750,Outlet
Amazon,22-10-2021,Northeast,Maine,Men'S Apparel,50,15,750,Outlet
Amazon,31-12-2021,Northeast,Maine,Men'S Apparel,55,13,715,Outlet
Amazon,09-11-2021,Northeast,Maine,Men'S Apparel,55,15,825,Outlet
Amazon,25-12-2021,Northeast,Maine,Men'S Apparel,55,15,825,Outlet
Amazon,15-11-2021,Northeast,Maine,Men'S Apparel,55,18,990,Outlet
Amazon,21-11-2021,Northeast,Maine,Men'S Apparel,55,20,1100,Outlet
Amazon,19-10-2021,Northeast,Maine,Men'S Apparel,65,10,650,Outlet
Amazon,18-11-2021,Northeast,Maine,Men'S Apparel,65,15,975,Outlet
Amazon,17-12-2021,Northeast,Maine,Men'S Apparel,65,20,1300,Outlet
Amazon,13-12-2021,Northeast,Massachusetts,Men'S Apparel,52,9,468,Outlet
Amazon,14-11-2021,Northeast,Massachusetts,Men'S Apparel,50,8,400,Outlet
Amazon,14-01-2021,Northeast,Massachusetts,Men'S Apparel,37,7,259,Outlet
Amazon,17-09-2021,Northeast,New Hampshire,Men'S Apparel,65,23,1495,Outlet
Amazon,18-08-2021,Northeast,New Hampshire,Men'S Apparel,65,25,1625,Outlet
Amazon,17-07-2021,Northeast,New Hampshire,Men'S Apparel,65,35,2275,Outlet
Amazon,17-05-2021,Northeast,New Hampshire,Men'S Apparel,52,9,468,Outlet
Amazon,18-04-2021,Northeast,New Hampshire,Men'S Apparel,40,6,240,Outlet
Amazon,19-02-2021,Northeast,New Hampshire,Men'S Apparel,41,10,410,Outlet
Amazon,18-08-2021,Northeast,New Hampshire,Men'S Apparel,45,8,360,Outlet
Amazon,17-03-2021,Northeast,New Hampshire,Men'S Apparel,47,6,282,Outlet
Amazon,17-09-2021,Northeast,New Hampshire,Men'S Apparel,48,7,336,Outlet
Amazon,19-06-2021,Northeast,New Hampshire,Men'S Apparel,47,11,517,Outlet
Amazon,17-07-2021,Northeast,New Hampshire,Men'S Apparel,47,12,564,Outlet
Amazon,21-01-2021,Northeast,Vermont,Men'S Apparel,43,7,301,Outlet
Amazon,10-09-2021,Northeast,Vermont,Men'S Apparel,48,7,336,Outlet
Amazon,12-10-2021,Northeast,Vermont,Men'S Apparel,55,6,330,Outlet
Amazon,10-07-2021,Northeast,Vermont,Men'S Apparel,39,11,429,Outlet
Amazon,10-03-2021,Northeast,Vermont,Men'S Apparel,36,6,216,Outlet
Amazon,12-02-2021,Northeast,Vermont,Men'S Apparel,36,7,252,Outlet
Amazon,11-08-2021,Northeast,Vermont,Men'S Apparel,43,7,301,Outlet
Amazon,11-11-2021,Northeast,Vermont,Men'S Apparel,50,9,450,Outlet
Amazon,12-06-2021,Northeast,Vermont,Men'S Apparel,44,11,484,Outlet
Amazon,10-05-2021,Northeast,Vermont,Men'S Apparel,46,9,414,Outlet
Amazon,11-04-2021,Northeast,Vermont,Men'S Apparel,41,5,205,Outlet
Amazon,10-12-2021,Northeast,Vermont,Men'S Apparel,48,10,480,Outlet
Amazon,19-10-2021,Northeast,Maine,Men'S Athletic Footwear,40,15,600,Outlet
Amazon,31-10-2021,Northeast,Maine,Men'S Athletic Footwear,40,15,600,Outlet
Amazon,25-10-2021,Northeast,Maine,Men'S Athletic Footwear,40,18,720,Outlet
Amazon,06-11-2021,Northeast,Maine,Men'S Athletic Footwear,50,20,1000,Outlet
Amazon,28-12-2021,Northeast,Maine,Men'S Athletic Footwear,50,25,1250,Outlet
Amazon,12-11-2021,Northeast,Maine,Men'S Athletic Footwear,50,28,1400,Outlet
Amazon,18-11-2021,Northeast,Maine,Men'S Athletic Footwear,50,30,1500,Outlet
Amazon,22-12-2021,Northeast,Maine,Men'S Athletic Footwear,50,30,1500,Outlet
Amazon,18-11-2021,Northeast,Maine,Men'S Athletic Footwear,55,20,1100,Outlet
Amazon,19-10-2021,Northeast,Maine,Men'S Athletic Footwear,55,23,1265,Outlet
Amazon,17-12-2021,Northeast,Maine,Men'S Athletic Footwear,55,28,1540,Outlet
Amazon,13-12-2021,Northeast,Massachusetts,Men'S Athletic Footwear,37,11,407,Outlet
Amazon,14-11-2021,Northeast,Massachusetts,Men'S Athletic Footwear,40,10,400,Outlet
Amazon,12-02-2021,Northeast,Massachusetts,Men'S Athletic Footwear,33,7,231,Outlet
Amazon,14-01-2021,Northeast,Massachusetts,Men'S Athletic Footwear,36,11,396,Outlet
Amazon,17-09-2021,Northeast,New Hampshire,Men'S Athletic Footwear,60,35,2100,Outlet
Amazon,17-07-2021,Northeast,New Hampshire,Men'S Athletic Footwear,60,45,2700,Outlet
Amazon,18-08-2021,Northeast,New Hampshire,Men'S Athletic Footwear,60,45,2700,Outlet
Amazon,18-04-2021,Northeast,New Hampshire,Men'S Athletic Footwear,38,9,342,Outlet
Amazon,17-09-2021,Northeast,New Hampshire,Men'S Athletic Footwear,43,12,516,Outlet
Amazon,17-05-2021,Northeast,New Hampshire,Men'S Athletic Footwear,40,9,360,Outlet
Amazon,17-07-2021,Northeast,New Hampshire,Men'S Athletic Footwear,47,15,705,Outlet
Amazon,17-03-2021,Northeast,New Hampshire,Men'S Athletic Footwear,36,9,324,Outlet
Amazon,18-08-2021,Northeast,New Hampshire,Men'S Athletic Footwear,39,14,546,Outlet
Amazon,19-06-2021,Northeast,New Hampshire,Men'S Athletic Footwear,40,14,560,Outlet
Amazon,19-02-2021,Northeast,Vermont,Men'S Athletic Footwear,37,9,333,Outlet
Amazon,21-01-2021,Northeast,Vermont,Men'S Athletic Footwear,39,11,429,Outlet
Amazon,11-04-2021,Northeast,Vermont,Men'S Athletic Footwear,35,7,245,Outlet
Amazon,12-10-2021,Northeast,Vermont,Men'S Athletic Footwear,44,10,440,Outlet
Amazon,10-03-2021,Northeast,Vermont,Men'S Athletic Footwear,36,8,288,Outlet
Amazon,10-07-2021,Northeast,Vermont,Men'S Athletic Footwear,42,15,630,Outlet
Amazon,12-06-2021,Northeast,Vermont,Men'S Athletic Footwear,44,12,528,Outlet
Amazon,10-05-2021,Northeast,Vermont,Men'S Athletic Footwear,41,9,369,Outlet
Amazon,10-12-2021,Northeast,Vermont,Men'S Athletic Footwear,41,13,533,Outlet
Amazon,10-09-2021,Northeast,Vermont,Men'S Athletic Footwear,42,11,462,Outlet
Amazon,11-08-2021,Northeast,Vermont,Men'S Athletic Footwear,43,15,645,Outlet
Amazon,30-10-2021,Northeast,Maine,Men'S Street Footwear,40,45,1800,Outlet
Amazon,24-10-2021,Northeast,Maine,Men'S Street Footwear,40,47,1880,Outlet
Amazon,18-10-2021,Northeast,Maine,Men'S Street Footwear,40,50,2000,Outlet
Amazon,27-12-2021,Northeast,Maine,Men'S Street Footwear,55,45,2475,Outlet
Amazon,05-11-2021,Northeast,Maine,Men'S Street Footwear,55,50,2750,Outlet
Amazon,11-11-2021,Northeast,Maine,Men'S Street Footwear,55,53,2915,Outlet
Amazon,21-12-2021,Northeast,Maine,Men'S Street Footwear,55,53,2915,Outlet
Amazon,17-11-2021,Northeast,Maine,Men'S Street Footwear,55,55,3025,Outlet
Amazon,19-10-2021,Northeast,Maine,Men'S Street Footwear,60,40,2400,Outlet
Amazon,18-11-2021,Northeast,Maine,Men'S Street Footwear,65,38,2470,Outlet
Amazon,17-12-2021,Northeast,Maine,Men'S Street Footwear,65,48,3120,Outlet
Amazon,14-11-2021,Northeast,Massachusetts,Men'S Street Footwear,49,12,588,Outlet
Amazon,13-12-2021,Northeast,Massachusetts,Men'S Street Footwear,51,18,918,Outlet
Amazon,12-02-2021,Northeast,Massachusetts,Men'S Street Footwear,33,18,594,Outlet
Amazon,14-01-2021,Northeast,Massachusetts,Men'S Street Footwear,35,18,630,Outlet
Amazon,17-09-2021,Northeast,New Hampshire,Men'S Street Footwear,65,55,3575,Outlet
Amazon,18-08-2021,Northeast,New Hampshire,Men'S Street Footwear,65,68,4420,Outlet
Amazon,18-04-2021,Northeast,New Hampshire,Men'S Street Footwear,33,19,627,Outlet
Amazon,17-07-2021,Northeast,New Hampshire,Men'S Street Footwear,49,22,1078,Outlet
Amazon,17-05-2021,Northeast,New Hampshire,Men'S Street Footwear,47,20,940,Outlet
Amazon,17-09-2021,Northeast,New Hampshire,Men'S Street Footwear,51,19,969,Outlet
Amazon,17-03-2021,Northeast,New Hampshire,Men'S Street Footwear,39,19,741,Outlet
Amazon,19-06-2021,Northeast,New Hampshire,Men'S Street Footwear,44,22,968,Outlet
Amazon,18-08-2021,Northeast,New Hampshire,Men'S Street Footwear,48,20,960,Outlet
Amazon,21-01-2021,Northeast,Vermont,Men'S Street Footwear,34,17,578,Outlet
Amazon,19-02-2021,Northeast,Vermont,Men'S Street Footwear,34,19,646,Outlet
Amazon,12-10-2021,Northeast,Vermont,Men'S Street Footwear,44,16,704,Outlet
Amazon,10-12-2021,Northeast,Vermont,Men'S Street Footwear,48,19,912,Outlet
Amazon,10-03-2021,Northeast,Vermont,Men'S Street Footwear,35,19,665,Outlet
Amazon,10-09-2021,Northeast,Vermont,Men'S Street Footwear,44,18,792,Outlet
Amazon,12-06-2021,Northeast,Vermont,Men'S Street Footwear,47,20,940,Outlet
Amazon,11-08-2021,Northeast,Vermont,Men'S Street Footwear,42,22,924,Outlet
Amazon,10-05-2021,Northeast,Vermont,Men'S Street Footwear,48,18,864,Outlet
Amazon,11-04-2021,Northeast,Vermont,Men'S Street Footwear,30,17,510,Outlet
Amazon,10-07-2021,Northeast,Vermont,Men'S Street Footwear,45,21,945,Outlet
Amazon,29-10-2021,Northeast,Maine,Women'S Apparel,40,20,800,Outlet
Amazon,04-11-2021,Northeast,Maine,Women'S Apparel,40,23,920,Outlet
Amazon,17-10-2021,Northeast,Maine,Women'S Apparel,40,25,1000,Outlet
Amazon,23-10-2021,Northeast,Maine,Women'S Apparel,40,25,1000,Outlet
Amazon,17-09-2021,Northeast,Maine,Women'S Apparel,60,23,1380,Outlet
Amazon,10-11-2021,Northeast,Maine,Women'S Apparel,60,28,1680,Outlet
Amazon,16-11-2021,Northeast,Maine,Women'S Apparel,60,33,1980,Outlet
Amazon,26-12-2021,Northeast,Maine,Women'S Apparel,60,33,1980,Outlet
Amazon,20-12-2021,Northeast,Maine,Women'S Apparel,60,38,2280,Outlet
Amazon,19-10-2021,Northeast,Maine,Women'S Apparel,70,23,1610,Outlet
Amazon,18-11-2021,Northeast,Maine,Women'S Apparel,70,25,1750,Outlet
Amazon,17-12-2021,Northeast,Maine,Women'S Apparel,70,30,2100,Outlet
Amazon,13-12-2021,Northeast,Massachusetts,Women'S Apparel,51,13,663,Outlet
Amazon,14-11-2021,Northeast,Massachusetts,Women'S Apparel,48,12,576,Outlet
Amazon,15-10-2021,Northeast,Massachusetts,Women'S Apparel,51,7,357,Outlet
Amazon,14-01-2021,Northeast,Massachusetts,Women'S Apparel,34,10,340,Outlet
Amazon,17-09-2021,Northeast,New Hampshire,Women'S Apparel,70,33,2310,Outlet
Amazon,18-08-2021,Northeast,New Hampshire,Women'S Apparel,70,43,3010,Outlet
Amazon,17-07-2021,Northeast,New Hampshire,Women'S Apparel,70,53,3710,Outlet
Amazon,18-04-2021,Northeast,New Hampshire,Women'S Apparel,33,10,330,Outlet
Amazon,18-08-2021,Northeast,New Hampshire,Women'S Apparel,46,15,690,Outlet
Amazon,17-09-2021,Northeast,New Hampshire,Women'S Apparel,53,10,530,Outlet
Amazon,17-03-2021,Northeast,New Hampshire,Women'S Apparel,36,10,360,Outlet
Amazon,17-05-2021,Northeast,New Hampshire,Women'S Apparel,46,14,644,Outlet
Amazon,19-02-2021,Northeast,New Hampshire,Women'S Apparel,36,12,432,Outlet
Amazon,17-07-2021,Northeast,New Hampshire,Women'S Apparel,47,16,752,Outlet
Amazon,19-06-2021,Northeast,New Hampshire,Women'S Apparel,50,16,800,Outlet
Amazon,21-01-2021,Northeast,Vermont,Women'S Apparel,35,10,350,Outlet
Amazon,11-08-2021,Northeast,Vermont,Women'S Apparel,44,14,616,Outlet
Amazon,11-04-2021,Northeast,Vermont,Women'S Apparel,36,9,324,Outlet
Amazon,12-06-2021,Northeast,Vermont,Women'S Apparel,49,16,784,Outlet
Amazon,10-03-2021,Northeast,Vermont,Women'S Apparel,29,10,290,Outlet
Amazon,10-09-2021,Northeast,Vermont,Women'S Apparel,45,9,405,Outlet
Amazon,10-05-2021,Northeast,Vermont,Women'S Apparel,47,12,564,Outlet
Amazon,12-02-2021,Northeast,Vermont,Women'S Apparel,35,11,385,Outlet
Amazon,10-07-2021,Northeast,Vermont,Women'S Apparel,49,18,882,Outlet
Amazon,11-11-2021,Northeast,Vermont,Women'S Apparel,57,13,741,Outlet
Amazon,10-12-2021,Northeast,Vermont,Women'S Apparel,60,15,900,Outlet
Amazon,27-10-2021,Northeast,Maine,Women'S Athletic Footwear,35,5,175,Outlet
Amazon,21-10-2021,Northeast,Maine,Women'S Athletic Footwear,35,8,280,Outlet
Amazon,02-11-2021,Northeast,Maine,Women'S Athletic Footwear,35,8,280,Outlet
Amazon,08-11-2021,Northeast,Maine,Women'S Athletic Footwear,45,13,585,Outlet
Amazon,30-12-2021,Northeast,Maine,Women'S Athletic Footwear,45,13,585,Outlet
Amazon,14-11-2021,Northeast,Maine,Women'S Athletic Footwear,45,18,810,Outlet
Amazon,20-11-2021,Northeast,Maine,Women'S Athletic Footwear,45,18,810,Outlet
Amazon,24-12-2021,Northeast,Maine,Women'S Athletic Footwear,45,18,810,Outlet
Amazon,19-10-2021,Northeast,Maine,Women'S Athletic Footwear,55,10,550,Outlet
Amazon,18-11-2021,Northeast,Maine,Women'S Athletic Footwear,55,18,990,Outlet
Amazon,17-12-2021,Northeast,Maine,Women'S Athletic Footwear,55,20,1100,Outlet
Amazon,13-12-2021,Northeast,Massachusetts,Women'S Athletic Footwear,43,11,473,Outlet
Amazon,14-11-2021,Northeast,Massachusetts,Women'S Athletic Footwear,42,8,336,Outlet
Amazon,14-01-2021,Northeast,Massachusetts,Women'S Athletic Footwear,29,5,145,Outlet
Amazon,17-09-2021,Northeast,New Hampshire,Women'S Athletic Footwear,55,23,1265,Outlet
Amazon,18-08-2021,Northeast,New Hampshire,Women'S Athletic Footwear,55,28,1540,Outlet
Amazon,17-07-2021,Northeast,New Hampshire,Women'S Athletic Footwear,55,33,1815,Outlet
Amazon,18-04-2021,Northeast,New Hampshire,Women'S Athletic Footwear,35,5,175,Outlet
Amazon,18-08-2021,Northeast,New Hampshire,Women'S Athletic Footwear,42,9,378,Outlet
Amazon,19-02-2021,Northeast,New Hampshire,Women'S Athletic Footwear,31,7,217,Outlet
Amazon,19-06-2021,Northeast,New Hampshire,Women'S Athletic Footwear,37,10,370,Outlet
Amazon,17-05-2021,Northeast,New Hampshire,Women'S Athletic Footwear,41,9,369,Outlet
Amazon,17-07-2021,Northeast,New Hampshire,Women'S Athletic Footwear,39,11,429,Outlet
Amazon,17-03-2021,Northeast,New Hampshire,Women'S Athletic Footwear,33,5,165,Outlet
Amazon,17-09-2021,Northeast,New Hampshire,Women'S Athletic Footwear,41,7,287,Outlet
Amazon,21-01-2021,Northeast,Vermont,Women'S Athletic Footwear,36,6,216,Outlet
Amazon,12-10-2021,Northeast,Vermont,Women'S Athletic Footwear,46,6,276,Outlet
Amazon,12-02-2021,Northeast,Vermont,Women'S Athletic Footwear,30,5,150,Outlet
Amazon,11-11-2021,Northeast,Vermont,Women'S Athletic Footwear,42,10,420,Outlet
Amazon,10-03-2021,Northeast,Vermont,Women'S Athletic Footwear,30,4,120,Outlet
Amazon,11-04-2021,Northeast,Vermont,Women'S Athletic Footwear,30,5,150,Outlet
Amazon,10-09-2021,Northeast,Vermont,Women'S Athletic Footwear,35,7,245,Outlet
Amazon,12-06-2021,Northeast,Vermont,Women'S Athletic Footwear,38,10,380,Outlet
Amazon,10-05-2021,Northeast,Vermont,Women'S Athletic Footwear,40,8,320,Outlet
Amazon,10-07-2021,Northeast,Vermont,Women'S Athletic Footwear,36,10,360,Outlet
Amazon,11-08-2021,Northeast,Vermont,Women'S Athletic Footwear,40,9,360,Outlet
Amazon,10-12-2021,Northeast,Vermont,Women'S Athletic Footwear,44,10,440,Outlet
Amazon,01-11-2021,Northeast,Maine,Women'S Street Footwear,30,15,450,Outlet
Amazon,20-10-2021,Northeast,Maine,Women'S Street Footwear,30,20,600,Outlet
Amazon,26-10-2021,Northeast,Maine,Women'S Street Footwear,30,20,600,Outlet
Amazon,29-12-2021,Northeast,Maine,Women'S Street Footwear,45,15,675,Outlet
Amazon,07-11-2021,Northeast,Maine,Women'S Street Footwear,45,18,810,Outlet
Amazon,13-11-2021,Northeast,Maine,Women'S Street Footwear,45,20,900,Outlet
Amazon,19-11-2021,Northeast,Maine,Women'S Street Footwear,45,23,1035,Outlet
Amazon,23-12-2021,Northeast,Maine,Women'S Street Footwear,45,23,1035,Outlet
Amazon,19-10-2021,Northeast,Maine,Women'S Street Footwear,55,13,715,Outlet
Amazon,18-11-2021,Northeast,Maine,Women'S Street Footwear,55,20,1100,Outlet
Amazon,17-12-2021,Northeast,Maine,Women'S Street Footwear,55,25,1375,Outlet
Amazon,13-12-2021,Northeast,Massachusetts,Women'S Street Footwear,36,11,396,Outlet
Amazon,14-11-2021,Northeast,Massachusetts,Women'S Street Footwear,44,9,396,Outlet
Amazon,12-02-2021,Northeast,Massachusetts,Women'S Street Footwear,25,9,225,Outlet
Amazon,14-01-2021,Northeast,Massachusetts,Women'S Street Footwear,27,10,270,Outlet
Amazon,17-09-2021,Northeast,New Hampshire,Women'S Street Footwear,55,25,1375,Outlet
Amazon,17-07-2021,Northeast,New Hampshire,Women'S Street Footwear,55,38,2090,Outlet
Amazon,18-08-2021,Northeast,New Hampshire,Women'S Street Footwear,55,38,2090,Outlet
Amazon,17-09-2021,Northeast,New Hampshire,Women'S Street Footwear,43,8,344,Outlet
Amazon,18-04-2021,Northeast,New Hampshire,Women'S Street Footwear,26,8,208,Outlet
Amazon,17-03-2021,Northeast,New Hampshire,Women'S Street Footwear,32,11,352,Outlet
Amazon,17-05-2021,Northeast,New Hampshire,Women'S Street Footwear,42,10,420,Outlet
Amazon,18-08-2021,Northeast,New Hampshire,Women'S Street Footwear,39,11,429,Outlet
Amazon,17-07-2021,Northeast,New Hampshire,Women'S Street Footwear,37,13,481,Outlet
Amazon,19-06-2021,Northeast,New Hampshire,Women'S Street Footwear,43,11,473,Outlet
Amazon,19-02-2021,Northeast,Vermont,Women'S Street Footwear,31,10,310,Outlet
Amazon,21-01-2021,Northeast,Vermont,Women'S Street Footwear,28,10,280,Outlet
Amazon,10-07-2021,Northeast,Vermont,Women'S Street Footwear,33,11,363,Outlet
Amazon,10-05-2021,Northeast,Vermont,Women'S Street Footwear,37,10,370,Outlet
Amazon,12-10-2021,Northeast,Vermont,Women'S Street Footwear,40,7,280,Outlet
Amazon,10-03-2021,Northeast,Vermont,Women'S Street Footwear,23,9,207,Outlet
Amazon,11-08-2021,Northeast,Vermont,Women'S Street Footwear,34,12,408,Outlet
Amazon,12-06-2021,Northeast,Vermont,Women'S Street Footwear,35,10,350,Outlet
Amazon,10-12-2021,Northeast,Vermont,Women'S Street Footwear,44,13,572,Outlet
Amazon,11-04-2021,Northeast,Vermont,Women'S Street Footwear,25,7,175,Outlet
Amazon,10-09-2021,Northeast,Vermont,Women'S Street Footwear,40,7,280,Outlet
Foot Locker,03-12-2021,Northeast,Connecticut,Men'S Apparel,42,10,420,Outlet
Foot Locker,10-01-2021,Northeast,Connecticut,Men'S Apparel,34,4,136,Outlet
Foot Locker,04-11-2021,Northeast,Connecticut,Men'S Apparel,44,9,396,Outlet
Foot Locker,24-01-2021,Northeast,New Hampshire,Men'S Apparel,65,20,1300,Outlet
Foot Locker,24-01-2021,Northeast,New Hampshire,Men'S Apparel,50,6,300,Outlet
Foot Locker,19-10-2021,Northeast,New Hampshire,Men'S Apparel,75,18,1350,Outlet
Foot Locker,18-11-2021,Northeast,New Hampshire,Men'S Apparel,75,30,2250,Outlet
Foot Locker,17-12-2021,Northeast,New Hampshire,Men'S Apparel,75,35,2625,Outlet
Foot Locker,19-10-2021,Northeast,New Hampshire,Men'S Apparel,50,6,300,Outlet
Foot Locker,18-11-2021,Northeast,New Hampshire,Men'S Apparel,59,10,590,Outlet
Foot Locker,17-12-2021,Northeast,New Hampshire,Men'S Apparel,50,12,600,Outlet
Foot Locker,29-01-2020,Northeast,New York,Men'S Apparel,43,29,1247,Outlet
Foot Locker,08-03-2020,Northeast,New York,Men'S Apparel,45,29,1305,Outlet
Foot Locker,14-03-2020,Northeast,New York,Men'S Apparel,46,28,1288,Outlet
Foot Locker,23-01-2020,Northeast,New York,Men'S Apparel,43,31,1333,Outlet
Foot Locker,10-02-2020,Northeast,New York,Men'S Apparel,47,28,1316,Outlet
Foot Locker,04-02-2020,Northeast,New York,Men'S Apparel,44,28,1232,Outlet
Foot Locker,05-01-2020,Northeast,New York,Men'S Apparel,43,31,1333,Outlet
Foot Locker,19-12-2021,Northeast,Pennsylvania,Men'S Apparel,43,3,129,Outlet
Foot Locker,13-12-2021,Northeast,Pennsylvania,Men'S Apparel,36,4,144,Outlet
Foot Locker,07-11-2021,Northeast,Pennsylvania,Men'S Apparel,41,2,82,Outlet
Foot Locker,01-11-2021,Northeast,Pennsylvania,Men'S Apparel,39,4,156,Outlet
Foot Locker,13-11-2021,Northeast,Pennsylvania,Men'S Apparel,45,3,135,Outlet
Foot Locker,19-11-2021,Northeast,Pennsylvania,Men'S Apparel,51,4,204,Outlet
Foot Locker,07-12-2021,Northeast,Pennsylvania,Men'S Apparel,46,5,230,Outlet
Foot Locker,31-12-2021,Northeast,Pennsylvania,Men'S Apparel,46,6,276,Outlet
Foot Locker,25-12-2021,Northeast,Pennsylvania,Men'S Apparel,51,5,255,Outlet
Foot Locker,01-12-2021,Northeast,Pennsylvania,Men'S Apparel,50,6,300,Outlet
Foot Locker,26-10-2021,Northeast,Pennsylvania,Men'S Apparel,42,4,168,Outlet
Foot Locker,25-11-2021,Northeast,Pennsylvania,Men'S Apparel,43,5,215,Outlet
Foot Locker,07-04-2021,Northeast,Rhode Island,Men'S Apparel,33,2,66,Outlet
Foot Locker,08-10-2021,Northeast,Rhode Island,Men'S Apparel,40,2,80,Outlet
Foot Locker,06-07-2021,Northeast,Rhode Island,Men'S Apparel,33,7,231,Outlet
Foot Locker,08-06-2021,Northeast,Rhode Island,Men'S Apparel,39,7,273,Outlet
Foot Locker,06-03-2021,Northeast,Rhode Island,Men'S Apparel,33,3,99,Outlet
Foot Locker,06-09-2021,Northeast,Rhode Island,Men'S Apparel,34,3,102,Outlet
Foot Locker,08-02-2021,Northeast,Rhode Island,Men'S Apparel,34,4,136,Outlet
Foot Locker,07-08-2021,Northeast,Rhode Island,Men'S Apparel,37,4,148,Outlet
Foot Locker,06-05-2021,Northeast,Rhode Island,Men'S Apparel,40,5,200,Outlet
Foot Locker,08-02-2021,Northeast,Connecticut,Men'S Athletic Footwear,24,4,96,Outlet
Foot Locker,10-01-2021,Northeast,Connecticut,Men'S Athletic Footwear,28,8,224,Outlet
Foot Locker,03-12-2021,Northeast,Connecticut,Men'S Athletic Footwear,37,13,481,Outlet
Foot Locker,04-11-2021,Northeast,Connecticut,Men'S Athletic Footwear,37,11,407,Outlet
Foot Locker,22-02-2021,Northeast,New Hampshire,Men'S Athletic Footwear,55,23,1265,Outlet
Foot Locker,24-01-2021,Northeast,New Hampshire,Men'S Athletic Footwear,55,30,1650,Outlet
Foot Locker,24-01-2021,Northeast,New Hampshire,Men'S Athletic Footwear,36,9,324,Outlet
Foot Locker,19-10-2021,Northeast,New Hampshire,Men'S Athletic Footwear,65,30,1950,Outlet
Foot Locker,18-11-2021,Northeast,New Hampshire,Men'S Athletic Footwear,65,33,2145,Outlet
Foot Locker,17-12-2021,Northeast,New Hampshire,Men'S Athletic Footwear,65,43,2795,Outlet
Foot Locker,22-02-2021,Northeast,New Hampshire,Men'S Athletic Footwear,42,7,294,Outlet
Foot Locker,17-12-2021,Northeast,New Hampshire,Men'S Athletic Footwear,49,13,637,Outlet
Foot Locker,18-11-2021,Northeast,New Hampshire,Men'S Athletic Footwear,42,11,462,Outlet
Foot Locker,19-10-2021,Northeast,New Hampshire,Men'S Athletic Footwear,44,10,440,Outlet
Foot Locker,01-02-2020,Northeast,New York,Men'S Athletic Footwear,35,32,1120,Outlet
Foot Locker,08-01-2020,Northeast,New York,Men'S Athletic Footwear,39,32,1248,Outlet
Foot Locker,17-03-2020,Northeast,New York,Men'S Athletic Footwear,37,36,1332,Outlet
Foot Locker,05-03-2020,Northeast,New York,Men'S Athletic Footwear,41,34,1394,Outlet
Foot Locker,02-01-2020,Northeast,New York,Men'S Athletic Footwear,36,32,1152,Outlet
Foot Locker,07-02-2020,Northeast,New York,Men'S Athletic Footwear,37,30,1110,Outlet
Foot Locker,26-01-2020,Northeast,New York,Men'S Athletic Footwear,35,32,1120,Outlet
Foot Locker,11-03-2020,Northeast,New York,Men'S Athletic Footwear,41,32,1312,Outlet
Foot Locker,16-12-2021,Northeast,Pennsylvania,Men'S Athletic Footwear,35,7,245,Outlet
Foot Locker,10-11-2021,Northeast,Pennsylvania,Men'S Athletic Footwear,37,5,185,Outlet
Foot Locker,16-11-2021,Northeast,Pennsylvania,Men'S Athletic Footwear,40,5,200,Outlet
Foot Locker,10-12-2021,Northeast,Pennsylvania,Men'S Athletic Footwear,40,9,360,Outlet
Foot Locker,04-11-2021,Northeast,Pennsylvania,Men'S Athletic Footwear,33,5,165,Outlet
Foot Locker,22-11-2021,Northeast,Pennsylvania,Men'S Athletic Footwear,41,9,369,Outlet
Foot Locker,28-11-2021,Northeast,Pennsylvania,Men'S Athletic Footwear,45,10,450,Outlet
Foot Locker,29-10-2021,Northeast,Pennsylvania,Men'S Athletic Footwear,32,4,128,Outlet
Foot Locker,28-12-2021,Northeast,Pennsylvania,Men'S Athletic Footwear,47,9,423,Outlet
Foot Locker,22-12-2021,Northeast,Pennsylvania,Men'S Athletic Footwear,43,7,301,Outlet
Foot Locker,04-12-2021,Northeast,Pennsylvania,Men'S Athletic Footwear,44,10,440,Outlet
Foot Locker,06-09-2021,Northeast,Rhode Island,Men'S Athletic Footwear,30,8,240,Outlet
Foot Locker,06-05-2021,Northeast,Rhode Island,Men'S Athletic Footwear,32,6,192,Outlet
Foot Locker,06-07-2021,Northeast,Rhode Island,Men'S Athletic Footwear,32,11,352,Outlet
Foot Locker,07-08-2021,Northeast,Rhode Island,Men'S Athletic Footwear,31,11,341,Outlet
Foot Locker,08-10-2021,Northeast,Rhode Island,Men'S Athletic Footwear,38,7,266,Outlet
Foot Locker,06-03-2021,Northeast,Rhode Island,Men'S Athletic Footwear,27,5,135,Outlet
Foot Locker,08-06-2021,Northeast,Rhode Island,Men'S Athletic Footwear,35,11,385,Outlet
Foot Locker,07-04-2021,Northeast,Rhode Island,Men'S Athletic Footwear,23,4,92,Outlet
Foot Locker,08-02-2021,Northeast,Connecticut,Men'S Street Footwear,24,16,384,Outlet
Foot Locker,10-01-2021,Northeast,Connecticut,Men'S Street Footwear,23,15,345,Outlet
Foot Locker,03-12-2021,Northeast,Connecticut,Men'S Street Footwear,45,17,765,Outlet
Foot Locker,04-11-2021,Northeast,Connecticut,Men'S Street Footwear,51,15,765,Outlet
Foot Locker,24-01-2021,Northeast,New Hampshire,Men'S Street Footwear,55,50,2750,Outlet
Foot Locker,22-02-2021,Northeast,New Hampshire,Men'S Street Footwear,55,58,3190,Outlet
Foot Locker,24-01-2021,Northeast,New Hampshire,Men'S Street Footwear,36,17,612,Outlet
Foot Locker,22-02-2021,Northeast,New Hampshire,Men'S Street Footwear,41,18,738,Outlet
Foot Locker,19-10-2021,Northeast,New Hampshire,Men'S Street Footwear,70,48,3360,Outlet
Foot Locker,18-11-2021,Northeast,New Hampshire,Men'S Street Footwear,75,45,3375,Outlet
Foot Locker,17-12-2021,Northeast,New Hampshire,Men'S Street Footwear,75,63,4725,Outlet
Foot Locker,19-10-2021,Northeast,New Hampshire,Men'S Street Footwear,52,16,832,Outlet
Foot Locker,18-11-2021,Northeast,New Hampshire,Men'S Street Footwear,59,15,885,Outlet
Foot Locker,17-12-2021,Northeast,New Hampshire,Men'S Street Footwear,49,20,980,Outlet
Foot Locker,07-01-2020,Northeast,New York,Men'S Street Footwear,33,39,1287,Outlet
Foot Locker,01-01-2020,Northeast,New York,Men'S Street Footwear,34,38,1292,Outlet
Foot Locker,25-01-2020,Northeast,New York,Men'S Street Footwear,40,39,1560,Outlet
Foot Locker,16-03-2020,Northeast,New York,Men'S Street Footwear,41,38,1558,Outlet
Foot Locker,06-02-2020,Northeast,New York,Men'S Street Footwear,44,37,1628,Outlet
Foot Locker,10-03-2020,Northeast,New York,Men'S Street Footwear,44,43,1892,Outlet
Foot Locker,04-03-2020,Northeast,New York,Men'S Street Footwear,47,40,1880,Outlet
Foot Locker,31-01-2020,Northeast,New York,Men'S Street Footwear,33,37,1221,Outlet
Foot Locker,15-11-2021,Northeast,Pennsylvania,Men'S Street Footwear,44,15,660,Outlet
Foot Locker,09-12-2021,Northeast,Pennsylvania,Men'S Street Footwear,46,16,736,Outlet
Foot Locker,15-12-2021,Northeast,Pennsylvania,Men'S Street Footwear,47,12,564,Outlet
Foot Locker,09-11-2021,Northeast,Pennsylvania,Men'S Street Footwear,35,14,490,Outlet
Foot Locker,21-11-2021,Northeast,Pennsylvania,Men'S Street Footwear,49,17,833,Outlet
Foot Locker,27-11-2021,Northeast,Pennsylvania,Men'S Street Footwear,49,18,882,Outlet
Foot Locker,03-11-2021,Northeast,Pennsylvania,Men'S Street Footwear,39,16,624,Outlet
Foot Locker,03-12-2021,Northeast,Pennsylvania,Men'S Street Footwear,51,18,918,Outlet
Foot Locker,28-10-2021,Northeast,Pennsylvania,Men'S Street Footwear,32,17,544,Outlet
Foot Locker,21-12-2021,Northeast,Pennsylvania,Men'S Street Footwear,48,12,576,Outlet
Foot Locker,27-12-2021,Northeast,Pennsylvania,Men'S Street Footwear,53,14,742,Outlet
Foot Locker,06-03-2021,Northeast,Rhode Island,Men'S Street Footwear,26,16,416,Outlet
Foot Locker,06-07-2021,Northeast,Rhode Island,Men'S Street Footwear,38,17,646,Outlet
Foot Locker,08-06-2021,Northeast,Rhode Island,Men'S Street Footwear,36,18,648,Outlet
Foot Locker,08-10-2021,Northeast,Rhode Island,Men'S Street Footwear,37,11,407,Outlet
Foot Locker,07-08-2021,Northeast,Rhode Island,Men'S Street Footwear,38,18,684,Outlet
Foot Locker,06-05-2021,Northeast,Rhode Island,Men'S Street Footwear,39,15,585,Outlet
Foot Locker,07-04-2021,Northeast,Rhode Island,Men'S Street Footwear,28,13,364,Outlet
Foot Locker,06-09-2021,Northeast,Rhode Island,Men'S Street Footwear,39,13,507,Outlet
Foot Locker,03-12-2021,Northeast,Connecticut,Women'S Apparel,52,12,624,Outlet
Foot Locker,04-11-2021,Northeast,Connecticut,Women'S Apparel,52,12,624,Outlet
Foot Locker,05-10-2021,Northeast,Connecticut,Women'S Apparel,46,9,414,Outlet
Foot Locker,10-01-2021,Northeast,Connecticut,Women'S Apparel,26,7,182,Outlet
Foot Locker,24-01-2021,Northeast,New Hampshire,Women'S Apparel,55,30,1650,Outlet
Foot Locker,24-01-2021,Northeast,New Hampshire,Women'S Apparel,41,11,451,Outlet
Foot Locker,19-10-2021,Northeast,New Hampshire,Women'S Apparel,80,30,2400,Outlet
Foot Locker,18-11-2021,Northeast,New Hampshire,Women'S Apparel,80,40,3200,Outlet
Foot Locker,17-12-2021,Northeast,New Hampshire,Women'S Apparel,80,45,3600,Outlet
Foot Locker,19-10-2021,Northeast,New Hampshire,Women'S Apparel,64,9,576,Outlet
Foot Locker,17-12-2021,Northeast,New Hampshire,Women'S Apparel,61,14,854,Outlet
Foot Locker,18-11-2021,Northeast,New Hampshire,Women'S Apparel,61,12,732,Outlet
Foot Locker,30-01-2020,Northeast,New York,Women'S Apparel,36,32,1152,Outlet
Foot Locker,05-02-2020,Northeast,New York,Women'S Apparel,39,33,1287,Outlet
Foot Locker,15-03-2020,Northeast,New York,Women'S Apparel,47,35,1645,Outlet
Foot Locker,24-01-2020,Northeast,New York,Women'S Apparel,36,35,1260,Outlet
Foot Locker,03-03-2020,Northeast,New York,Women'S Apparel,44,32,1408,Outlet
Foot Locker,06-01-2020,Northeast,New York,Women'S Apparel,38,33,1254,Outlet
Foot Locker,09-03-2020,Northeast,New York,Women'S Apparel,46,35,1610,Outlet
Foot Locker,14-11-2021,Northeast,Pennsylvania,Women'S Apparel,39,6,234,Outlet
Foot Locker,08-11-2021,Northeast,Pennsylvania,Women'S Apparel,38,6,228,Outlet
Foot Locker,14-12-2021,Northeast,Pennsylvania,Women'S Apparel,48,8,384,Outlet
Foot Locker,20-12-2021,Northeast,Pennsylvania,Women'S Apparel,42,7,294,Outlet
Foot Locker,01-01-2020,Northeast,Pennsylvania,Women'S Apparel,53,8,424,Outlet
Foot Locker,27-10-2021,Northeast,Pennsylvania,Women'S Apparel,32,7,224,Outlet
Foot Locker,02-11-2021,Northeast,Pennsylvania,Women'S Apparel,30,7,210,Outlet
Foot Locker,26-11-2021,Northeast,Pennsylvania,Women'S Apparel,52,11,572,Outlet
Foot Locker,08-12-2021,Northeast,Pennsylvania,Women'S Apparel,49,12,588,Outlet
Foot Locker,02-12-2021,Northeast,Pennsylvania,Women'S Apparel,50,12,600,Outlet
Foot Locker,26-12-2021,Northeast,Pennsylvania,Women'S Apparel,53,8,424,Outlet
Foot Locker,20-11-2021,Northeast,Pennsylvania,Women'S Apparel,51,8,408,Outlet
Foot Locker,06-07-2021,Northeast,Rhode Island,Women'S Apparel,38,14,532,Outlet
Foot Locker,06-03-2021,Northeast,Rhode Island,Women'S Apparel,25,6,150,Outlet
Foot Locker,07-04-2021,Northeast,Rhode Island,Women'S Apparel,26,6,156,Outlet
Foot Locker,06-05-2021,Northeast,Rhode Island,Women'S Apparel,36,9,324,Outlet
Foot Locker,06-09-2021,Northeast,Rhode Island,Women'S Apparel,41,6,246,Outlet
Foot Locker,08-06-2021,Northeast,Rhode Island,Women'S Apparel,43,12,516,Outlet
Foot Locker,08-02-2021,Northeast,Rhode Island,Women'S Apparel,27,8,216,Outlet
Foot Locker,07-08-2021,Northeast,Rhode Island,Women'S Apparel,38,10,380,Outlet
Foot Locker,03-12-2021,Northeast,Connecticut,Women'S Athletic Footwear,38,10,380,Outlet
Foot Locker,04-11-2021,Northeast,Connecticut,Women'S Athletic Footwear,39,8,312,Outlet
Foot Locker,10-01-2021,Northeast,Connecticut,Women'S Athletic Footwear,24,2,48,Outlet
Foot Locker,24-01-2021,Northeast,New Hampshire,Women'S Athletic Footwear,50,15,750,Outlet
Foot Locker,24-01-2021,Northeast,New Hampshire,Women'S Athletic Footwear,33,5,165,Outlet
Foot Locker,19-10-2021,Northeast,New Hampshire,Women'S Athletic Footwear,65,18,1170,Outlet
Foot Locker,18-11-2021,Northeast,New Hampshire,Women'S Athletic Footwear,65,33,2145,Outlet
Foot Locker,17-12-2021,Northeast,New Hampshire,Women'S Athletic Footwear,65,35,2275,Outlet
Foot Locker,19-10-2021,Northeast,New Hampshire,Women'S Athletic Footwear,44,6,264,Outlet
Foot Locker,18-11-2021,Northeast,New Hampshire,Women'S Athletic Footwear,43,11,473,Outlet
Foot Locker,17-12-2021,Northeast,New Hampshire,Women'S Athletic Footwear,49,12,588,Outlet
Foot Locker,03-02-2020,Northeast,New York,Women'S Athletic Footwear,31,29,899,Outlet
Foot Locker,13-03-2020,Northeast,New York,Women'S Athletic Footwear,35,27,945,Outlet
Foot Locker,04-01-2020,Northeast,New York,Women'S Athletic Footwear,36,28,1008,Outlet
Foot Locker,22-01-2020,Northeast,New York,Women'S Athletic Footwear,32,25,800,Outlet
Foot Locker,07-03-2020,Northeast,New York,Women'S Athletic Footwear,38,30,1140,Outlet
Foot Locker,28-01-2020,Northeast,New York,Women'S Athletic Footwear,31,24,744,Outlet
Foot Locker,09-02-2020,Northeast,New York,Women'S Athletic Footwear,33,29,957,Outlet
Foot Locker,31-03-2020,Northeast,New York,Women'S Athletic Footwear,40,32,1280,Outlet
Foot Locker,12-11-2021,Northeast,Pennsylvania,Women'S Athletic Footwear,36,2,72,Outlet
Foot Locker,18-12-2021,Northeast,Pennsylvania,Women'S Athletic Footwear,40,3,120,Outlet
Foot Locker,18-11-2021,Northeast,Pennsylvania,Women'S Athletic Footwear,42,3,126,Outlet
Foot Locker,12-12-2021,Northeast,Pennsylvania,Women'S Athletic Footwear,32,5,160,Outlet
Foot Locker,31-10-2021,Northeast,Pennsylvania,Women'S Athletic Footwear,28,2,56,Outlet
Foot Locker,06-11-2021,Northeast,Pennsylvania,Women'S Athletic Footwear,32,1,32,Outlet
Foot Locker,30-12-2021,Northeast,Pennsylvania,Women'S Athletic Footwear,40,5,200,Outlet
Foot Locker,24-12-2021,Northeast,Pennsylvania,Women'S Athletic Footwear,43,6,258,Outlet
Foot Locker,06-12-2021,Northeast,Pennsylvania,Women'S Athletic Footwear,43,6,258,Outlet
Foot Locker,30-11-2021,Northeast,Pennsylvania,Women'S Athletic Footwear,39,6,234,Outlet
Foot Locker,24-11-2021,Northeast,Pennsylvania,Women'S Athletic Footwear,43,5,215,Outlet
Foot Locker,07-08-2021,Northeast,Rhode Island,Women'S Athletic Footwear,29,5,145,Outlet
Foot Locker,08-02-2021,Northeast,Rhode Island,Women'S Athletic Footwear,20,2,40,Outlet
Foot Locker,07-04-2021,Northeast,Rhode Island,Women'S Athletic Footwear,21,2,42,Outlet
Foot Locker,08-10-2021,Northeast,Rhode Island,Women'S Athletic Footwear,39,2,78,Outlet
Foot Locker,08-06-2021,Northeast,Rhode Island,Women'S Athletic Footwear,26,7,182,Outlet
Foot Locker,06-05-2021,Northeast,Rhode Island,Women'S Athletic Footwear,27,5,135,Outlet
Foot Locker,06-09-2021,Northeast,Rhode Island,Women'S Athletic Footwear,30,3,90,Outlet
Foot Locker,06-07-2021,Northeast,Rhode Island,Women'S Athletic Footwear,31,6,186,Outlet
Foot Locker,06-03-2021,Northeast,Rhode Island,Women'S Athletic Footwear,20,1,20,Outlet
Foot Locker,03-12-2021,Northeast,Connecticut,Women'S Street Footwear,43,12,516,Outlet
Foot Locker,04-11-2021,Northeast,Connecticut,Women'S Street Footwear,36,10,360,Outlet
Foot Locker,10-01-2021,Northeast,Connecticut,Women'S Street Footwear,19,7,133,Outlet
Foot Locker,08-02-2021,Northeast,Connecticut,Women'S Street Footwear,18,5,90,Outlet
Foot Locker,22-02-2021,Northeast,New Hampshire,Women'S Street Footwear,45,28,1260,Outlet
Foot Locker,24-01-2021,Northeast,New Hampshire,Women'S Street Footwear,45,30,1350,Outlet
Foot Locker,22-02-2021,Northeast,New Hampshire,Women'S Street Footwear,29,8,232,Outlet
Foot Locker,24-01-2021,Northeast,New Hampshire,Women'S Street Footwear,35,10,350,Outlet
Foot Locker,19-10-2021,Northeast,New Hampshire,Women'S Street Footwear,65,20,1300,Outlet
Foot Locker,18-11-2021,Northeast,New Hampshire,Women'S Street Footwear,65,35,2275,Outlet
Foot Locker,17-12-2021,Northeast,New Hampshire,Women'S Street Footwear,65,40,2600,Outlet
Foot Locker,19-10-2021,Northeast,New Hampshire,Women'S Street Footwear,52,6,312,Outlet
Foot Locker,18-11-2021,Northeast,New Hampshire,Women'S Street Footwear,51,11,561,Outlet
Foot Locker,17-12-2021,Northeast,New Hampshire,Women'S Street Footwear,47,13,611,Outlet
Foot Locker,03-01-2020,Northeast,New York,Women'S Street Footwear,32,35,1120,Outlet
Foot Locker,18-03-2020,Northeast,New York,Women'S Street Footwear,37,31,1147,Outlet
Foot Locker,02-02-2020,Northeast,New York,Women'S Street Footwear,28,32,896,Outlet
Foot Locker,21-01-2020,Northeast,New York,Women'S Street Footwear,32,32,1024,Outlet
Foot Locker,27-01-2020,Northeast,New York,Women'S Street Footwear,27,31,837,Outlet
Foot Locker,06-03-2020,Northeast,New York,Women'S Street Footwear,37,30,1110,Outlet
Foot Locker,12-03-2020,Northeast,New York,Women'S Street Footwear,35,30,1050,Outlet
Foot Locker,08-02-2020,Northeast,New York,Women'S Street Footwear,36,29,1044,Outlet
Foot Locker,17-11-2021,Northeast,Pennsylvania,Women'S Street Footwear,38,5,190,Outlet
Foot Locker,17-12-2021,Northeast,Pennsylvania,Women'S Street Footwear,38,4,152,Outlet
Foot Locker,11-12-2021,Northeast,Pennsylvania,Women'S Street Footwear,32,6,192,Outlet
Foot Locker,11-11-2021,Northeast,Pennsylvania,Women'S Street Footwear,27,5,135,Outlet
Foot Locker,23-11-2021,Northeast,Pennsylvania,Women'S Street Footwear,42,5,210,Outlet
Foot Locker,29-11-2021,Northeast,Pennsylvania,Women'S Street Footwear,43,7,301,Outlet
Foot Locker,29-12-2021,Northeast,Pennsylvania,Women'S Street Footwear,44,8,352,Outlet
Foot Locker,23-12-2021,Northeast,Pennsylvania,Women'S Street Footwear,47,7,329,Outlet
Foot Locker,30-10-2021,Northeast,Pennsylvania,Women'S Street Footwear,25,5,125,Outlet
Foot Locker,05-11-2021,Northeast,Pennsylvania,Women'S Street Footwear,29,6,174,Outlet
Foot Locker,05-12-2021,Northeast,Pennsylvania,Women'S Street Footwear,38,8,304,Outlet
Foot Locker,07-04-2021,Northeast,Rhode Island,Women'S Street Footwear,16,4,64,Outlet
Foot Locker,06-05-2021,Northeast,Rhode Island,Women'S Street Footwear,32,6,192,Outlet
Foot Locker,08-06-2021,Northeast,Rhode Island,Women'S Street Footwear,32,7,224,Outlet
Foot Locker,06-09-2021,Northeast,Rhode Island,Women'S Street Footwear,29,4,116,Outlet
Foot Locker,07-08-2021,Northeast,Rhode Island,Women'S Street Footwear,30,9,270,Outlet
Foot Locker,08-10-2021,Northeast,Rhode Island,Women'S Street Footwear,40,3,120,Outlet
Foot Locker,06-07-2021,Northeast,Rhode Island,Women'S Street Footwear,27,8,216,Outlet
Foot Locker,06-03-2021,Northeast,Rhode Island,Women'S Street Footwear,17,6,102,Outlet
Sports Direct,05-06-2021,Northeast,Connecticut,Men'S Apparel,36,9,324,Outlet
Sports Direct,04-08-2021,Northeast,Connecticut,Men'S Apparel,43,6,258,Outlet
Sports Direct,03-07-2021,Northeast,Connecticut,Men'S Apparel,43,9,387,Outlet
Sports Direct,05-10-2021,Northeast,Connecticut,Men'S Apparel,50,5,250,Outlet
Sports Direct,04-04-2021,Northeast,Connecticut,Men'S Apparel,37,4,148,Outlet
Sports Direct,03-03-2021,Northeast,Connecticut,Men'S Apparel,39,5,195,Outlet
Sports Direct,03-05-2021,Northeast,Connecticut,Men'S Apparel,37,8,296,Outlet
Sports Direct,03-09-2021,Northeast,Connecticut,Men'S Apparel,41,6,246,Outlet
Sports Direct,05-02-2021,Northeast,Connecticut,Men'S Apparel,39,7,273,Outlet
Sports Direct,14-04-2021,Northeast,Massachusetts,Men'S Apparel,33,4,132,Outlet
Sports Direct,15-02-2021,Northeast,Massachusetts,Men'S Apparel,36,5,180,Outlet
Sports Direct,14-08-2021,Northeast,Massachusetts,Men'S Apparel,40,5,200,Outlet
Sports Direct,13-05-2021,Northeast,Massachusetts,Men'S Apparel,39,6,234,Outlet
Sports Direct,15-10-2021,Northeast,Massachusetts,Men'S Apparel,51,3,153,Outlet
Sports Direct,13-03-2021,Northeast,Massachusetts,Men'S Apparel,36,3,108,Outlet
Sports Direct,13-09-2021,Northeast,Massachusetts,Men'S Apparel,39,4,156,Outlet
Sports Direct,13-07-2021,Northeast,Massachusetts,Men'S Apparel,41,8,328,Outlet
Sports Direct,15-06-2021,Northeast,Massachusetts,Men'S Apparel,39,7,273,Outlet
Sports Direct,17-01-2021,Northeast,Rhode Island,Men'S Apparel,39,5,195,Outlet
Sports Direct,07-11-2021,Northeast,Rhode Island,Men'S Apparel,43,6,258,Outlet
Sports Direct,06-12-2021,Northeast,Rhode Island,Men'S Apparel,41,7,287,Outlet
Sports Direct,03-07-2021,Northeast,Connecticut,Men'S Athletic Footwear,38,12,456,Outlet
Sports Direct,04-08-2021,Northeast,Connecticut,Men'S Athletic Footwear,34,13,442,Outlet
Sports Direct,04-04-2021,Northeast,Connecticut,Men'S Athletic Footwear,30,6,180,Outlet
Sports Direct,03-05-2021,Northeast,Connecticut,Men'S Athletic Footwear,35,8,280,Outlet
Sports Direct,05-10-2021,Northeast,Connecticut,Men'S Athletic Footwear,39,9,351,Outlet
Sports Direct,03-03-2021,Northeast,Connecticut,Men'S Athletic Footwear,32,7,224,Outlet
Sports Direct,05-06-2021,Northeast,Connecticut,Men'S Athletic Footwear,38,12,456,Outlet
Sports Direct,03-09-2021,Northeast,Connecticut,Men'S Athletic Footwear,40,9,360,Outlet
Sports Direct,14-08-2021,Northeast,Massachusetts,Men'S Athletic Footwear,33,11,363,Outlet
Sports Direct,15-06-2021,Northeast,Massachusetts,Men'S Athletic Footwear,36,11,396,Outlet
Sports Direct,13-03-2021,Northeast,Massachusetts,Men'S Athletic Footwear,31,6,186,Outlet
Sports Direct,15-10-2021,Northeast,Massachusetts,Men'S Athletic Footwear,37,7,259,Outlet
Sports Direct,14-04-2021,Northeast,Massachusetts,Men'S Athletic Footwear,28,5,140,Outlet
Sports Direct,13-05-2021,Northeast,Massachusetts,Men'S Athletic Footwear,34,7,238,Outlet
Sports Direct,13-09-2021,Northeast,Massachusetts,Men'S Athletic Footwear,35,9,315,Outlet
Sports Direct,13-07-2021,Northeast,Massachusetts,Men'S Athletic Footwear,36,11,396,Outlet
Sports Direct,17-01-2021,Northeast,Rhode Island,Men'S Athletic Footwear,28,9,252,Outlet
Sports Direct,15-02-2021,Northeast,Rhode Island,Men'S Athletic Footwear,31,5,155,Outlet
Sports Direct,06-12-2021,Northeast,Rhode Island,Men'S Athletic Footwear,37,10,370,Outlet
Sports Direct,07-11-2021,Northeast,Rhode Island,Men'S Athletic Footwear,40,7,280,Outlet
Sports Direct,04-08-2021,Northeast,Connecticut,Men'S Street Footwear,40,19,760,Outlet
Sports Direct,05-10-2021,Northeast,Connecticut,Men'S Street Footwear,46,15,690,Outlet
Sports Direct,03-03-2021,Northeast,Connecticut,Men'S Street Footwear,26,18,468,Outlet
Sports Direct,03-05-2021,Northeast,Connecticut,Men'S Street Footwear,40,19,760,Outlet
Sports Direct,03-07-2021,Northeast,Connecticut,Men'S Street Footwear,42,20,840,Outlet
Sports Direct,04-04-2021,Northeast,Connecticut,Men'S Street Footwear,28,16,448,Outlet
Sports Direct,05-06-2021,Northeast,Connecticut,Men'S Street Footwear,40,21,840,Outlet
Sports Direct,03-09-2021,Northeast,Connecticut,Men'S Street Footwear,43,17,731,Outlet
Sports Direct,14-04-2021,Northeast,Massachusetts,Men'S Street Footwear,28,15,420,Outlet
Sports Direct,13-07-2021,Northeast,Massachusetts,Men'S Street Footwear,37,18,666,Outlet
Sports Direct,15-10-2021,Northeast,Massachusetts,Men'S Street Footwear,40,13,520,Outlet
Sports Direct,14-08-2021,Northeast,Massachusetts,Men'S Street Footwear,40,20,800,Outlet
Sports Direct,13-03-2021,Northeast,Massachusetts,Men'S Street Footwear,28,16,448,Outlet
Sports Direct,13-09-2021,Northeast,Massachusetts,Men'S Street Footwear,36,15,540,Outlet
Sports Direct,15-06-2021,Northeast,Massachusetts,Men'S Street Footwear,39,20,780,Outlet
Sports Direct,13-05-2021,Northeast,Massachusetts,Men'S Street Footwear,41,17,697,Outlet
Sports Direct,17-01-2021,Northeast,Rhode Island,Men'S Street Footwear,28,14,392,Outlet
Sports Direct,15-02-2021,Northeast,Rhode Island,Men'S Street Footwear,26,16,416,Outlet
Sports Direct,06-12-2021,Northeast,Rhode Island,Men'S Street Footwear,48,16,768,Outlet
Sports Direct,07-11-2021,Northeast,Rhode Island,Men'S Street Footwear,40,11,440,Outlet
Sports Direct,03-07-2021,Northeast,Connecticut,Women'S Apparel,40,15,600,Outlet
Sports Direct,04-08-2021,Northeast,Connecticut,Women'S Apparel,44,12,528,Outlet
Sports Direct,03-03-2021,Northeast,Connecticut,Women'S Apparel,29,9,261,Outlet
Sports Direct,05-02-2021,Northeast,Connecticut,Women'S Apparel,32,10,320,Outlet
Sports Direct,05-06-2021,Northeast,Connecticut,Women'S Apparel,39,13,507,Outlet
Sports Direct,04-04-2021,Northeast,Connecticut,Women'S Apparel,26,9,234,Outlet
Sports Direct,03-05-2021,Northeast,Connecticut,Women'S Apparel,41,13,533,Outlet
Sports Direct,03-09-2021,Northeast,Connecticut,Women'S Apparel,45,8,360,Outlet
Sports Direct,15-02-2021,Northeast,Massachusetts,Women'S Apparel,30,8,240,Outlet
Sports Direct,13-07-2021,Northeast,Massachusetts,Women'S Apparel,41,13,533,Outlet
Sports Direct,13-09-2021,Northeast,Massachusetts,Women'S Apparel,41,8,328,Outlet
Sports Direct,13-05-2021,Northeast,Massachusetts,Women'S Apparel,43,10,430,Outlet
Sports Direct,14-08-2021,Northeast,Massachusetts,Women'S Apparel,46,10,460,Outlet
Sports Direct,15-06-2021,Northeast,Massachusetts,Women'S Apparel,47,12,564,Outlet
Sports Direct,14-04-2021,Northeast,Massachusetts,Women'S Apparel,30,9,270,Outlet
Sports Direct,13-03-2021,Northeast,Massachusetts,Women'S Apparel,31,7,217,Outlet
Sports Direct,17-01-2021,Northeast,Rhode Island,Women'S Apparel,26,8,208,Outlet
Sports Direct,06-12-2021,Northeast,Rhode Island,Women'S Apparel,51,11,561,Outlet
Sports Direct,07-11-2021,Northeast,Rhode Island,Women'S Apparel,46,8,368,Outlet
Sports Direct,08-10-2021,Northeast,Rhode Island,Women'S Apparel,47,7,329,Outlet
Sports Direct,04-04-2021,Northeast,Connecticut,Women'S Athletic Footwear,26,4,104,Outlet
Sports Direct,03-03-2021,Northeast,Connecticut,Women'S Athletic Footwear,27,3,81,Outlet
Sports Direct,05-02-2021,Northeast,Connecticut,Women'S Athletic Footwear,24,4,96,Outlet
Sports Direct,04-08-2021,Northeast,Connecticut,Women'S Athletic Footwear,32,7,224,Outlet
Sports Direct,03-05-2021,Northeast,Connecticut,Women'S Athletic Footwear,32,7,224,Outlet
Sports Direct,03-09-2021,Northeast,Connecticut,Women'S Athletic Footwear,30,6,180,Outlet
Sports Direct,05-06-2021,Northeast,Connecticut,Women'S Athletic Footwear,35,9,315,Outlet
Sports Direct,03-07-2021,Northeast,Connecticut,Women'S Athletic Footwear,34,9,306,Outlet
Sports Direct,05-10-2021,Northeast,Connecticut,Women'S Athletic Footwear,43,5,215,Outlet
Sports Direct,13-09-2021,Northeast,Massachusetts,Women'S Athletic Footwear,34,4,136,Outlet
Sports Direct,15-10-2021,Northeast,Massachusetts,Women'S Athletic Footwear,38,3,114,Outlet
Sports Direct,14-04-2021,Northeast,Massachusetts,Women'S Athletic Footwear,23,4,92,Outlet
Sports Direct,13-03-2021,Northeast,Massachusetts,Women'S Athletic Footwear,25,9,225,Outlet
Sports Direct,14-08-2021,Northeast,Massachusetts,Women'S Athletic Footwear,31,6,186,Outlet
Sports Direct,15-06-2021,Northeast,Massachusetts,Women'S Athletic Footwear,34,7,238,Outlet
Sports Direct,13-05-2021,Northeast,Massachusetts,Women'S Athletic Footwear,32,5,160,Outlet
Sports Direct,15-02-2021,Northeast,Massachusetts,Women'S Athletic Footwear,27,8,216,Outlet
Sports Direct,13-07-2021,Northeast,Massachusetts,Women'S Athletic Footwear,34,8,272,Outlet
Sports Direct,17-01-2021,Northeast,Rhode Island,Women'S Athletic Footwear,25,3,75,Outlet
Sports Direct,06-12-2021,Northeast,Rhode Island,Women'S Athletic Footwear,34,8,272,Outlet
Sports Direct,07-11-2021,Northeast,Rhode Island,Women'S Athletic Footwear,36,7,252,Outlet
Sports Direct,03-03-2021,Northeast,Connecticut,Women'S Street Footwear,23,8,184,Outlet
Sports Direct,03-09-2021,Northeast,Connecticut,Women'S Street Footwear,33,6,198,Outlet
Sports Direct,05-06-2021,Northeast,Connecticut,Women'S Street Footwear,35,10,350,Outlet
Sports Direct,03-07-2021,Northeast,Connecticut,Women'S Street Footwear,29,11,319,Outlet
Sports Direct,03-05-2021,Northeast,Connecticut,Women'S Street Footwear,32,8,256,Outlet
Sports Direct,04-08-2021,Northeast,Connecticut,Women'S Street Footwear,36,11,396,Outlet
Sports Direct,04-04-2021,Northeast,Connecticut,Women'S Street Footwear,20,6,120,Outlet
Sports Direct,05-10-2021,Northeast,Connecticut,Women'S Street Footwear,36,6,216,Outlet
Sports Direct,13-09-2021,Northeast,Massachusetts,Women'S Street Footwear,30,5,150,Outlet
Sports Direct,13-07-2021,Northeast,Massachusetts,Women'S Street Footwear,32,9,288,Outlet
Sports Direct,15-10-2021,Northeast,Massachusetts,Women'S Street Footwear,41,4,164,Outlet
Sports Direct,14-04-2021,Northeast,Massachusetts,Women'S Street Footwear,22,5,110,Outlet
Sports Direct,14-08-2021,Northeast,Massachusetts,Women'S Street Footwear,29,9,261,Outlet
Sports Direct,13-05-2021,Northeast,Massachusetts,Women'S Street Footwear,30,7,210,Outlet
Sports Direct,15-06-2021,Northeast,Massachusetts,Women'S Street Footwear,36,8,288,Outlet
Sports Direct,13-03-2021,Northeast,Massachusetts,Women'S Street Footwear,23,6,138,Outlet
Sports Direct,17-01-2021,Northeast,Rhode Island,Women'S Street Footwear,22,8,176,Outlet
Sports Direct,15-02-2021,Northeast,Rhode Island,Women'S Street Footwear,24,7,168,Outlet
Sports Direct,07-11-2021,Northeast,Rhode Island,Women'S Street Footwear,37,7,259,Outlet
Sports Direct,06-12-2021,Northeast,Rhode Island,Women'S Street Footwear,40,9,360,Outlet
Walmart,25-04-2020,Northeast,New York,Men'S Apparel,51,29,1479,Outlet
Walmart,17-04-2020,Northeast,New York,Men'S Apparel,43,28,1204,Outlet
Walmart,01-05-2020,Northeast,New York,Men'S Apparel,47,28,1316,Outlet
Walmart,23-04-2020,Northeast,New York,Men'S Apparel,44,32,1408,Outlet
Walmart,07-05-2020,Northeast,New York,Men'S Apparel,48,28,1344,Outlet
Walmart,20-04-2020,Northeast,New York,Men'S Athletic Footwear,43,35,1505,Outlet
Walmart,04-05-2020,Northeast,New York,Men'S Athletic Footwear,43,31,1333,Outlet
Walmart,28-04-2020,Northeast,New York,Men'S Athletic Footwear,40,31,1240,Outlet
Walmart,19-04-2020,Northeast,New York,Men'S Street Footwear,39,41,1599,Outlet
Walmart,27-04-2020,Northeast,New York,Men'S Street Footwear,46,40,1840,Outlet
Walmart,03-05-2020,Northeast,New York,Men'S Street Footwear,48,42,2016,Outlet
Walmart,26-04-2020,Northeast,New York,Women'S Apparel,50,33,1650,Outlet
Walmart,02-05-2020,Northeast,New York,Women'S Apparel,53,32,1696,Outlet
Walmart,24-04-2020,Northeast,New York,Women'S Apparel,45,35,1575,Outlet
Walmart,18-07-2020,Northeast,New York,Women'S Apparel,48,34,1632,Outlet
Walmart,18-04-2020,Northeast,New York,Women'S Apparel,48,36,1728,Outlet
Walmart,30-04-2020,Northeast,New York,Women'S Athletic Footwear,41,27,1107,Outlet
Walmart,22-04-2020,Northeast,New York,Women'S Athletic Footwear,34,31,1054,Outlet
Walmart,06-05-2020,Northeast,New York,Women'S Athletic Footwear,41,31,1271,Outlet
Walmart,21-04-2020,Northeast,New York,Women'S Street Footwear,36,32,1152,Outlet
Walmart,05-05-2020,Northeast,New York,Women'S Street Footwear,42,33,1386,Outlet
Walmart,29-04-2020,Northeast,New York,Women'S Street Footwear,43,29,1247,Outlet
West Gear,11-11-2021,Northeast,Vermont,Men'S Athletic Footwear,47,10,470,Outlet
West Gear,11-11-2021,Northeast,Vermont,Men'S Street Footwear,54,14,756,Outlet
West Gear,12-10-2021,Northeast,Vermont,Women'S Apparel,54,9,486,Outlet
West Gear,11-11-2021,Northeast,Vermont,Women'S Street Footwear,46,10,460,Outlet
Amazon,13-10-2021,South,Alabama,Men'S Athletic Footwear,40,25,1000,Outlet
Amazon,13-10-2021,South,Alabama,Men'S Athletic Footwear,30,9,270,Outlet
Amazon,12-10-2021,South,Alabama,Men'S Street Footwear,40,45,1800,Outlet
Amazon,12-10-2021,South,Alabama,Men'S Street Footwear,27,14,378,Outlet
Amazon,15-10-2021,South,Alabama,Women'S Athletic Footwear,35,10,350,Outlet
Amazon,15-10-2021,South,Alabama,Women'S Athletic Footwear,25,3,75,Outlet
Amazon,14-10-2021,South,Alabama,Women'S Street Footwear,30,25,750,Outlet
Amazon,14-10-2021,South,Alabama,Women'S Street Footwear,23,8,184,Outlet
Foot Locker,16-03-2021,South,Mississippi,Men'S Apparel,25,10,250,Outlet
Foot Locker,18-06-2021,South,Mississippi,Men'S Apparel,47,14,658,Outlet
Foot Locker,18-02-2021,South,Mississippi,Men'S Apparel,26,14,364,Outlet
Foot Locker,17-04-2021,South,Mississippi,Men'S Apparel,30,10,300,Outlet
Foot Locker,16-05-2021,South,Mississippi,Men'S Apparel,34,13,442,Outlet
Foot Locker,16-03-2021,South,Mississippi,Men'S Athletic Footwear,20,13,260,Outlet
Foot Locker,18-06-2021,South,Mississippi,Men'S Athletic Footwear,29,15,435,Outlet
Foot Locker,17-04-2021,South,Mississippi,Men'S Athletic Footwear,20,12,240,Outlet
Foot Locker,16-05-2021,South,Mississippi,Men'S Athletic Footwear,28,14,392,Outlet
Foot Locker,22-05-2021,South,Tennessee,Men'S Athletic Footwear,35,23,805,Outlet
Foot Locker,22-05-2021,South,Tennessee,Men'S Athletic Footwear,23,7,161,Outlet
Foot Locker,23-10-2021,South,Texas,Men'S Athletic Footwear,34,7,238,Outlet
Foot Locker,16-05-2021,South,Mississippi,Men'S Street Footwear,27,24,648,Outlet
Foot Locker,17-04-2021,South,Mississippi,Men'S Street Footwear,19,22,418,Outlet
Foot Locker,18-06-2021,South,Mississippi,Men'S Street Footwear,31,26,806,Outlet
Foot Locker,16-03-2021,South,Mississippi,Men'S Street Footwear,20,22,440,Outlet
Foot Locker,16-07-2021,South,Mississippi,Men'S Street Footwear,47,29,1363,Outlet
Foot Locker,21-05-2021,South,Tennessee,Men'S Street Footwear,35,43,1505,Outlet
Foot Locker,21-05-2021,South,Tennessee,Men'S Street Footwear,27,14,378,Outlet
Foot Locker,22-10-2021,South,Texas,Men'S Street Footwear,34,13,442,Outlet
Foot Locker,17-04-2021,South,Mississippi,Women'S Apparel,22,15,330,Outlet
Foot Locker,18-06-2021,South,Mississippi,Women'S Apparel,51,22,1122,Outlet
Foot Locker,16-03-2021,South,Mississippi,Women'S Apparel,17,14,238,Outlet
Foot Locker,16-05-2021,South,Mississippi,Women'S Apparel,35,15,525,Outlet
Foot Locker,18-02-2021,South,Mississippi,Women'S Apparel,20,16,320,Outlet
Foot Locker,17-04-2021,South,Mississippi,Women'S Athletic Footwear,16,10,160,Outlet
Foot Locker,18-06-2021,South,Mississippi,Women'S Athletic Footwear,34,15,510,Outlet
Foot Locker,16-03-2021,South,Mississippi,Women'S Athletic Footwear,15,9,135,Outlet
Foot Locker,18-02-2021,South,Mississippi,Women'S Athletic Footwear,19,10,190,Outlet
Foot Locker,16-05-2021,South,Mississippi,Women'S Athletic Footwear,24,12,288,Outlet
Foot Locker,24-05-2021,South,Tennessee,Women'S Athletic Footwear,30,8,240,Outlet
Foot Locker,24-05-2021,South,Tennessee,Women'S Athletic Footwear,22,2,44,Outlet
Foot Locker,25-10-2021,South,Texas,Women'S Athletic Footwear,28,2,56,Outlet
Foot Locker,16-05-2021,South,Mississippi,Women'S Street Footwear,26,14,364,Outlet
Foot Locker,17-04-2021,South,Mississippi,Women'S Street Footwear,11,12,132,Outlet
Foot Locker,18-06-2021,South,Mississippi,Women'S Street Footwear,33,16,528,Outlet
Foot Locker,16-03-2021,South,Mississippi,Women'S Street Footwear,11,14,154,Outlet
Foot Locker,23-05-2021,South,Tennessee,Women'S Street Footwear,25,23,575,Outlet
Foot Locker,23-05-2021,South,Tennessee,Women'S Street Footwear,19,7,133,Outlet
Foot Locker,24-10-2021,South,Texas,Women'S Street Footwear,28,7,196,Outlet
Sports Direct,16-12-2021,South,Mississippi,Men'S Apparel,54,16,864,Outlet
Sports Direct,17-11-2021,South,Mississippi,Men'S Apparel,59,13,767,Outlet
Sports Direct,16-12-2021,South,Mississippi,Men'S Athletic Footwear,44,20,880,Outlet
Sports Direct,17-11-2021,South,Mississippi,Men'S Athletic Footwear,15,15,225,Outlet
Sports Direct,17-11-2021,South,Mississippi,Men'S Street Footwear,22,21,462,Outlet
Sports Direct,16-12-2021,South,Mississippi,Men'S Street Footwear,48,26,1248,Outlet
Sports Direct,18-10-2021,South,Mississippi,Women'S Apparel,27,16,432,Outlet
Sports Direct,16-12-2021,South,Mississippi,Women'S Apparel,53,18,954,Outlet
Sports Direct,17-11-2021,South,Mississippi,Women'S Apparel,51,17,867,Outlet
Sports Direct,17-11-2021,South,Mississippi,Women'S Athletic Footwear,43,15,645,Outlet
Sports Direct,16-12-2021,South,Mississippi,Women'S Athletic Footwear,41,14,574,Outlet
Sports Direct,17-11-2021,South,Mississippi,Women'S Street Footwear,22,12,264,Outlet
Sports Direct,16-12-2021,South,Mississippi,Women'S Street Footwear,43,16,688,Outlet
Walmart,16-07-2021,South,Mississippi,Men'S Apparel,46,15,690,Outlet
Walmart,16-09-2021,South,Mississippi,Men'S Apparel,22,13,286,Outlet
Walmart,18-10-2021,South,Mississippi,Men'S Apparel,25,11,275,Outlet
Walmart,17-08-2021,South,Mississippi,Men'S Apparel,35,16,560,Outlet
Walmart,18-10-2021,South,Mississippi,Men'S Athletic Footwear,17,17,289,Outlet
Walmart,16-07-2021,South,Mississippi,Men'S Athletic Footwear,42,19,798,Outlet
Walmart,16-09-2021,South,Mississippi,Men'S Athletic Footwear,33,16,528,Outlet
Walmart,17-08-2021,South,Mississippi,Men'S Athletic Footwear,44,20,880,Outlet
Walmart,16-09-2021,South,Mississippi,Men'S Street Footwear,40,23,920,Outlet
Walmart,17-08-2021,South,Mississippi,Men'S Street Footwear,41,26,1066,Outlet
Walmart,18-10-2021,South,Mississippi,Men'S Street Footwear,24,22,528,Outlet
Walmart,16-07-2021,South,Mississippi,Women'S Apparel,49,21,1029,Outlet
Walmart,17-08-2021,South,Mississippi,Women'S Apparel,42,21,882,Outlet
Walmart,16-09-2021,South,Mississippi,Women'S Apparel,26,16,416,Outlet
Walmart,17-08-2021,South,Mississippi,Women'S Athletic Footwear,32,15,480,Outlet
Walmart,16-07-2021,South,Mississippi,Women'S Athletic Footwear,33,14,462,Outlet
Walmart,16-09-2021,South,Mississippi,Women'S Athletic Footwear,16,12,192,Outlet
Walmart,18-10-2021,South,Mississippi,Women'S Athletic Footwear,20,11,220,Outlet
Walmart,16-07-2021,South,Mississippi,Women'S Street Footwear,37,17,629,Outlet
Walmart,17-08-2021,South,Mississippi,Women'S Street Footwear,37,18,666,Outlet
Walmart,16-09-2021,South,Mississippi,Women'S Street Footwear,15,15,225,Outlet
Walmart,18-10-2021,South,Mississippi,Women'S Street Footwear,19,12,228,Outlet
Foot Locker,09-01-2021,Southeast,Georgia,Men'S Apparel,35,25,875,Outlet
Foot Locker,07-02-2021,Southeast,Georgia,Men'S Athletic Footwear,27,25,675,Outlet
Foot Locker,09-01-2021,Southeast,Georgia,Men'S Athletic Footwear,30,26,780,Outlet
Foot Locker,09-01-2021,Southeast,Georgia,Men'S Street Footwear,26,35,910,Outlet
Foot Locker,07-02-2021,Southeast,Georgia,Men'S Street Footwear,31,38,1178,Outlet
Foot Locker,09-01-2021,Southeast,Georgia,Women'S Apparel,30,28,840,Outlet
Foot Locker,09-01-2021,Southeast,Georgia,Women'S Athletic Footwear,25,21,525,Outlet
Foot Locker,07-02-2021,Southeast,Georgia,Women'S Street Footwear,21,25,525,Outlet
Foot Locker,09-01-2021,Southeast,Georgia,Women'S Street Footwear,24,26,624,Outlet
Sports Direct,19-01-2021,Southeast,Virginia,Men'S Apparel,30,14,420,Outlet
Sports Direct,17-02-2021,Southeast,Virginia,Men'S Athletic Footwear,27,15,405,Outlet
Sports Direct,19-01-2021,Southeast,Virginia,Men'S Athletic Footwear,28,19,532,Outlet
Sports Direct,19-01-2021,Southeast,Virginia,Men'S Street Footwear,23,23,529,Outlet
Sports Direct,17-02-2021,Southeast,Virginia,Men'S Street Footwear,26,26,676,Outlet
Sports Direct,19-01-2021,Southeast,Virginia,Women'S Apparel,25,19,475,Outlet
Sports Direct,19-01-2021,Southeast,Virginia,Women'S Athletic Footwear,21,14,294,Outlet
Sports Direct,19-01-2021,Southeast,Virginia,Women'S Street Footwear,18,18,324,Outlet
Sports Direct,17-02-2021,Southeast,Virginia,Women'S Street Footwear,17,17,289,Outlet
West Gear,12-01-2021,Southeast,Florida,Men'S Apparel,36,19,684,Outlet
West Gear,12-01-2021,Southeast,Florida,Men'S Athletic Footwear,36,22,792,Outlet
West Gear,10-02-2021,Southeast,Florida,Men'S Athletic Footwear,31,17,527,Outlet
West Gear,10-02-2021,Southeast,Florida,Men'S Street Footwear,36,29,1044,Outlet
West Gear,12-01-2021,Southeast,Florida,Men'S Street Footwear,30,27,810,Outlet
West Gear,12-01-2021,Southeast,Florida,Women'S Apparel,35,22,770,Outlet
West Gear,12-01-2021,Southeast,Florida,Women'S Athletic Footwear,30,17,510,Outlet
West Gear,12-01-2021,Southeast,Florida,Women'S Street Footwear,26,20,520,Outlet
West Gear,10-02-2021,Southeast,Florida,Women'S Street Footwear,23,20,460,Outlet
Foot Locker,01-06-2021,West,California,Men'S Athletic Footwear,31,9,279,Outlet
Foot Locker,31-05-2021,West,California,Men'S Street Footwear,36,15,540,Outlet
Foot Locker,03-06-2021,West,California,Women'S Athletic Footwear,27,4,108,Outlet
Foot Locker,02-06-2021,West,California,Women'S Street Footwear,24,9,216,Outlet
West Gear,11-06-2021,West,Utah,Men'S Apparel,24,13,312,Outlet
West Gear,11-11-2021,West,Utah,Men'S Apparel,28,12,336,Outlet
West Gear,10-07-2021,West,Utah,Men'S Apparel,28,14,392,Outlet
West Gear,11-10-2021,West,Utah,Men'S Apparel,20,9,180,Outlet
West Gear,11-08-2021,West,Utah,Men'S Apparel,23,11,253,Outlet
West Gear,11-04-2021,West,Utah,Men'S Apparel,24,9,216,Outlet
West Gear,10-03-2021,West,Utah,Men'S Apparel,28,9,252,Outlet
West Gear,12-09-2021,West,Utah,Men'S Apparel,16,11,176,Outlet
West Gear,10-12-2021,West,Utah,Men'S Apparel,27,12,324,Outlet
West Gear,11-02-2021,West,Utah,Men'S Apparel,28,12,336,Outlet
West Gear,12-05-2021,West,Utah,Men'S Apparel,29,9,261,Outlet
West Gear,11-04-2021,West,Utah,Men'S Athletic Footwear,20,11,220,Outlet
West Gear,12-09-2021,West,Utah,Men'S Athletic Footwear,19,16,304,Outlet
West Gear,11-11-2021,West,Utah,Men'S Athletic Footwear,14,14,196,Outlet
West Gear,10-07-2021,West,Utah,Men'S Athletic Footwear,20,18,360,Outlet
West Gear,11-10-2021,West,Utah,Men'S Athletic Footwear,14,13,182,Outlet
West Gear,11-06-2021,West,Utah,Men'S Athletic Footwear,18,13,234,Outlet
West Gear,10-03-2021,West,Utah,Men'S Athletic Footwear,22,11,242,Outlet
West Gear,12-05-2021,West,Utah,Men'S Athletic Footwear,22,13,286,Outlet
West Gear,10-12-2021,West,Utah,Men'S Athletic Footwear,22,17,374,Outlet
West Gear,11-08-2021,West,Utah,Men'S Athletic Footwear,28,18,504,Outlet
West Gear,10-03-2021,West,Utah,Men'S Street Footwear,20,23,460,Outlet
West Gear,11-06-2021,West,Utah,Men'S Street Footwear,21,21,441,Outlet
West Gear,11-11-2021,West,Utah,Men'S Street Footwear,22,17,374,Outlet
West Gear,12-05-2021,West,Utah,Men'S Street Footwear,27,23,621,Outlet
West Gear,10-07-2021,West,Utah,Men'S Street Footwear,28,25,700,Outlet
West Gear,12-09-2021,West,Utah,Men'S Street Footwear,23,23,529,Outlet
West Gear,11-04-2021,West,Utah,Men'S Street Footwear,20,19,380,Outlet
West Gear,10-12-2021,West,Utah,Men'S Street Footwear,29,23,667,Outlet
West Gear,11-10-2021,West,Utah,Men'S Street Footwear,24,20,480,Outlet
West Gear,11-08-2021,West,Utah,Men'S Street Footwear,27,25,675,Outlet
West Gear,11-04-2021,West,Utah,Women'S Apparel,20,14,280,Outlet
West Gear,10-12-2021,West,Utah,Women'S Apparel,29,17,493,Outlet
West Gear,11-10-2021,West,Utah,Women'S Apparel,25,14,350,Outlet
West Gear,11-06-2021,West,Utah,Women'S Apparel,32,19,608,Outlet
West Gear,11-02-2021,West,Utah,Women'S Apparel,18,15,270,Outlet
West Gear,10-07-2021,West,Utah,Women'S Apparel,32,20,640,Outlet
West Gear,11-11-2021,West,Utah,Women'S Apparel,35,16,560,Outlet
West Gear,12-09-2021,West,Utah,Women'S Apparel,18,13,234,Outlet
West Gear,10-03-2021,West,Utah,Women'S Apparel,21,14,294,Outlet
West Gear,11-08-2021,West,Utah,Women'S Apparel,27,18,486,Outlet
West Gear,12-05-2021,West,Utah,Women'S Apparel,32,13,416,Outlet
West Gear,11-11-2021,West,Utah,Women'S Athletic Footwear,15,12,180,Outlet
West Gear,11-02-2021,West,Utah,Women'S Athletic Footwear,16,9,144,Outlet
West Gear,10-03-2021,West,Utah,Women'S Athletic Footwear,20,8,160,Outlet
West Gear,10-12-2021,West,Utah,Women'S Athletic Footwear,22,14,308,Outlet
West Gear,11-06-2021,West,Utah,Women'S Athletic Footwear,13,13,169,Outlet
West Gear,12-05-2021,West,Utah,Women'S Athletic Footwear,19,9,171,Outlet
West Gear,11-04-2021,West,Utah,Women'S Athletic Footwear,14,8,112,Outlet
West Gear,12-09-2021,West,Utah,Women'S Athletic Footwear,7,11,77,Outlet
West Gear,11-10-2021,West,Utah,Women'S Athletic Footwear,13,9,117,Outlet
West Gear,11-08-2021,West,Utah,Women'S Athletic Footwear,14,12,168,Outlet
West Gear,10-07-2021,West,Utah,Women'S Athletic Footwear,16,13,208,Outlet
West Gear,11-06-2021,West,Utah,Women'S Street Footwear,13,13,169,Outlet
West Gear,10-12-2021,West,Utah,Women'S Street Footwear,20,15,300,Outlet
West Gear,12-05-2021,West,Utah,Women'S Street Footwear,19,11,209,Outlet
West Gear,10-03-2021,West,Utah,Women'S Street Footwear,16,14,224,Outlet
West Gear,10-07-2021,West,Utah,Women'S Street Footwear,19,16,304,Outlet
West Gear,11-04-2021,West,Utah,Women'S Street Footwear,10,11,110,Outlet
West Gear,11-10-2021,West,Utah,Women'S Street Footwear,13,9,117,Outlet
West Gear,11-08-2021,West,Utah,Women'S Street Footwear,23,16,368,Outlet
West Gear,12-09-2021,West,Utah,Women'S Street Footwear,7,11,77,Outlet
West Gear,11-11-2021,West,Utah,Women'S Street Footwear,14,11,154,Outlet
Kohl'S,17-03-2021,West,California,Men'S Apparel,40,14,560,Outlet
Kohl'S,23-05-2021,West,California,Men'S Apparel,46,20,920,Outlet
Kohl'S,23-03-2021,West,California,Men'S Apparel,36,13,468,Outlet
Kohl'S,11-03-2021,West,California,Men'S Apparel,36,16,576,Outlet
Kohl'S,17-04-2021,West,California,Men'S Apparel,38,14,532,Outlet
Kohl'S,29-04-2021,West,California,Men'S Apparel,38,22,836,Outlet
Kohl'S,23-04-2021,West,California,Men'S Apparel,39,17,663,Outlet
Kohl'S,11-04-2021,West,California,Men'S Apparel,38,15,570,Outlet
Kohl'S,29-05-2021,West,California,Men'S Apparel,43,22,946,Outlet
Kohl'S,05-05-2021,West,California,Men'S Apparel,43,23,989,Outlet
Kohl'S,11-05-2021,West,California,Men'S Apparel,44,20,880,Outlet
Kohl'S,17-05-2021,West,California,Men'S Apparel,46,21,966,Outlet
Kohl'S,08-05-2021,West,California,Men'S Athletic Footwear,39,26,1014,Outlet
Kohl'S,20-03-2021,West,California,Men'S Athletic Footwear,36,23,828,Outlet
Kohl'S,26-05-2021,West,California,Men'S Athletic Footwear,42,29,1218,Outlet
Kohl'S,08-04-2021,West,California,Men'S Athletic Footwear,34,21,714,Outlet
Kohl'S,26-04-2021,West,California,Men'S Athletic Footwear,37,27,999,Outlet
Kohl'S,14-04-2021,West,California,Men'S Athletic Footwear,34,22,748,Outlet
Kohl'S,20-04-2021,West,California,Men'S Athletic Footwear,35,23,805,Outlet
Kohl'S,20-05-2021,West,California,Men'S Athletic Footwear,42,26,1092,Outlet
Kohl'S,14-05-2021,West,California,Men'S Athletic Footwear,43,26,1118,Outlet
Kohl'S,14-03-2021,West,California,Men'S Athletic Footwear,30,22,660,Outlet
Kohl'S,02-05-2021,West,California,Men'S Athletic Footwear,41,26,1066,Outlet
Kohl'S,18-02-2021,West,California,Men'S Athletic Footwear,35,22,770,Outlet
Kohl'S,19-03-2021,West,California,Men'S Street Footwear,24,26,624,Outlet
Kohl'S,19-04-2021,West,California,Men'S Street Footwear,36,30,1080,Outlet
Kohl'S,01-05-2021,West,California,Men'S Street Footwear,36,31,1116,Outlet
Kohl'S,13-03-2021,West,California,Men'S Street Footwear,28,24,672,Outlet
Kohl'S,07-04-2021,West,California,Men'S Street Footwear,31,25,775,Outlet
Kohl'S,07-05-2021,West,California,Men'S Street Footwear,38,29,1102,Outlet
Kohl'S,25-05-2021,West,California,Men'S Street Footwear,39,32,1248,Outlet
Kohl'S,19-05-2021,West,California,Men'S Street Footwear,40,27,1080,Outlet
Kohl'S,25-04-2021,West,California,Men'S Street Footwear,30,29,870,Outlet
Kohl'S,13-04-2021,West,California,Men'S Street Footwear,32,24,768,Outlet
Kohl'S,13-05-2021,West,California,Men'S Street Footwear,36,26,936,Outlet
Kohl'S,17-02-2021,West,California,Men'S Street Footwear,26,22,572,Outlet
Kohl'S,18-04-2021,West,California,Women'S Apparel,43,21,903,Outlet
Kohl'S,24-04-2021,West,California,Women'S Apparel,48,26,1248,Outlet
Kohl'S,12-05-2021,West,California,Women'S Apparel,49,21,1029,Outlet
Kohl'S,12-03-2021,West,California,Women'S Apparel,29,21,609,Outlet
Kohl'S,06-04-2021,West,California,Women'S Apparel,33,19,627,Outlet
Kohl'S,06-05-2021,West,California,Women'S Apparel,46,21,966,Outlet
Kohl'S,30-04-2021,West,California,Women'S Apparel,51,22,1122,Outlet
Kohl'S,18-05-2021,West,California,Women'S Apparel,46,21,966,Outlet
Kohl'S,24-05-2021,West,California,Women'S Apparel,49,24,1176,Outlet
Kohl'S,30-05-2021,West,California,Women'S Apparel,44,23,1012,Outlet
Kohl'S,18-03-2021,West,California,Women'S Apparel,32,21,672,Outlet
Kohl'S,12-04-2021,West,California,Women'S Apparel,49,20,980,Outlet
Kohl'S,22-04-2021,West,California,Women'S Athletic Footwear,32,19,608,Outlet
Kohl'S,10-04-2021,West,California,Women'S Athletic Footwear,31,17,527,Outlet
Kohl'S,16-04-2021,West,California,Women'S Athletic Footwear,33,19,627,Outlet
Kohl'S,04-05-2021,West,California,Women'S Athletic Footwear,36,22,792,Outlet
Kohl'S,22-03-2021,West,California,Women'S Athletic Footwear,36,18,648,Outlet
Kohl'S,28-04-2021,West,California,Women'S Athletic Footwear,29,23,667,Outlet
Kohl'S,28-05-2021,West,California,Women'S Athletic Footwear,35,22,770,Outlet
Kohl'S,10-05-2021,West,California,Women'S Athletic Footwear,39,20,780,Outlet
Kohl'S,16-03-2021,West,California,Women'S Athletic Footwear,34,18,612,Outlet
Kohl'S,16-05-2021,West,California,Women'S Athletic Footwear,33,21,693,Outlet
Kohl'S,22-05-2021,West,California,Women'S Athletic Footwear,33,22,726,Outlet
Kohl'S,10-03-2021,West,California,Women'S Athletic Footwear,33,18,594,Outlet
Kohl'S,15-05-2021,West,California,Women'S Street Footwear,33,21,693,Outlet
Kohl'S,15-03-2021,West,California,Women'S Street Footwear,33,22,726,Outlet
Kohl'S,21-04-2021,West,California,Women'S Street Footwear,35,23,805,Outlet
Kohl'S,03-05-2021,West,California,Women'S Street Footwear,34,23,782,Outlet
Kohl'S,15-04-2021,West,California,Women'S Street Footwear,36,22,792,Outlet
Kohl'S,09-05-2021,West,California,Women'S Street Footwear,38,21,798,Outlet
Kohl'S,21-03-2021,West,California,Women'S Street Footwear,33,22,726,Outlet
Kohl'S,27-04-2021,West,California,Women'S Street Footwear,33,24,792,Outlet
Kohl'S,21-05-2021,West,California,Women'S Street Footwear,35,22,770,Outlet
Kohl'S,27-05-2021,West,California,Women'S Street Footwear,39,23,897,Outlet
Kohl'S,09-04-2021,West,California,Women'S Street Footwear,38,21,798,Outlet
Kohl'S,09-03-2021,West,California,Women'S Street Footwear,36,22,792,Outlet
Sports Direct,02-08-2021,Midwest,Nebraska,Men'S Athletic Footwear,30,68,2040,Outlet
Sports Direct,01-08-2021,Midwest,Nebraska,Men'S Street Footwear,20,68,1360,Outlet
Sports Direct,04-08-2021,Midwest,Nebraska,Women'S Athletic Footwear,35,48,1680,Outlet
Sports Direct,03-08-2021,Midwest,Nebraska,Women'S Street Footwear,30,48,1440,Outlet
Sports Direct,20-07-2020,Northeast,New York,Men'S Athletic Footwear,26,27,702,Outlet
Sports Direct,19-07-2020,Northeast,New York,Men'S Street Footwear,20,27,540,Outlet
Sports Direct,22-07-2020,Northeast,New York,Women'S Athletic Footwear,27,21,567,Outlet
Sports Direct,21-07-2020,Northeast,New York,Women'S Street Footwear,27,24,648,Outlet
Foot Locker,05-01-2021,South,Louisiana,Men'S Apparel,28,11,308,Outlet
Foot Locker,04-02-2021,South,Louisiana,Men'S Athletic Footwear,28,18,504,Outlet
Foot Locker,05-01-2021,South,Louisiana,Men'S Athletic Footwear,20,21,420,Outlet
Foot Locker,04-02-2021,South,Louisiana,Men'S Street Footwear,18,20,360,Outlet
Foot Locker,05-01-2021,South,Louisiana,Men'S Street Footwear,14,22,308,Outlet
Foot Locker,05-01-2021,South,Louisiana,Women'S Athletic Footwear,26,17,442,Outlet
Foot Locker,04-02-2021,South,Louisiana,Women'S Street Footwear,28,13,364,Outlet
Foot Locker,05-01-2021,South,Louisiana,Women'S Street Footwear,21,16,336,Outlet
Kohl'S,19-12-2021,South,Oklahoma,Men'S Apparel,55,10,550,Outlet
Kohl'S,20-11-2021,South,Oklahoma,Men'S Apparel,60,9,540,Outlet
Kohl'S,16-01-2021,South,Oklahoma,Men'S Apparel,28,9,252,Outlet
Kohl'S,20-11-2021,South,Oklahoma,Men'S Athletic Footwear,11,10,110,Outlet
Kohl'S,16-01-2021,South,Oklahoma,Men'S Athletic Footwear,16,11,176,Outlet
Kohl'S,19-12-2021,South,Oklahoma,Men'S Athletic Footwear,47,15,705,Outlet
Kohl'S,14-02-2021,South,Oklahoma,Men'S Athletic Footwear,17,8,136,Outlet
Kohl'S,16-01-2021,South,Oklahoma,Men'S Street Footwear,17,18,306,Outlet
Kohl'S,14-02-2021,South,Oklahoma,Men'S Street Footwear,18,20,360,Outlet
Kohl'S,19-12-2021,South,Oklahoma,Men'S Street Footwear,55,20,1100,Outlet
Kohl'S,20-11-2021,South,Oklahoma,Men'S Street Footwear,16,17,272,Outlet
Kohl'S,16-01-2021,South,Oklahoma,Women'S Apparel,17,12,204,Outlet
Kohl'S,19-12-2021,South,Oklahoma,Women'S Apparel,51,13,663,Outlet
Kohl'S,20-11-2021,South,Oklahoma,Women'S Apparel,60,13,780,Outlet
Kohl'S,21-10-2021,South,Oklahoma,Women'S Apparel,22,10,220,Outlet
Kohl'S,16-01-2021,South,Oklahoma,Women'S Athletic Footwear,16,7,112,Outlet
Kohl'S,19-12-2021,South,Oklahoma,Women'S Athletic Footwear,45,11,495,Outlet
Kohl'S,20-11-2021,South,Oklahoma,Women'S Athletic Footwear,37,9,333,Outlet
Kohl'S,14-02-2021,South,Oklahoma,Women'S Street Footwear,11,9,99,Outlet
Kohl'S,16-01-2021,South,Oklahoma,Women'S Street Footwear,12,12,144,Outlet
Kohl'S,20-11-2021,South,Oklahoma,Women'S Street Footwear,19,8,152,Outlet
Kohl'S,19-12-2021,South,Oklahoma,Women'S Street Footwear,44,13,572,Outlet
Sports Direct,11-08-2021,South,Alabama,Men'S Apparel,40,25,1000,Outlet
Sports Direct,05-08-2021,South,Alabama,Men'S Apparel,40,33,1320,Outlet
Sports Direct,11-08-2021,South,Alabama,Men'S Apparel,29,9,261,Outlet
Sports Direct,23-08-2021,South,Alabama,Men'S Apparel,25,28,700,Outlet
Sports Direct,17-08-2021,South,Alabama,Men'S Apparel,40,25,1000,Outlet
Sports Direct,29-08-2021,South,Alabama,Men'S Apparel,50,40,2000,Outlet
Sports Direct,04-09-2021,South,Alabama,Men'S Apparel,50,50,2500,Outlet
Sports Direct,05-08-2021,South,Alabama,Men'S Apparel,31,11,341,Outlet
Sports Direct,23-08-2021,South,Alabama,Men'S Apparel,19,9,171,Outlet
Sports Direct,29-08-2021,South,Alabama,Men'S Apparel,39,13,507,Outlet
Sports Direct,28-09-2021,South,Alabama,Men'S Apparel,30,30,900,Outlet
Sports Direct,22-09-2021,South,Alabama,Men'S Apparel,45,35,1575,Outlet
Sports Direct,04-10-2021,South,Alabama,Men'S Apparel,50,43,2150,Outlet
Sports Direct,10-09-2021,South,Alabama,Men'S Apparel,50,53,2650,Outlet
Sports Direct,16-09-2021,South,Alabama,Men'S Apparel,55,43,2365,Outlet
Sports Direct,10-10-2021,South,Alabama,Men'S Apparel,60,50,3000,Outlet
Sports Direct,17-08-2021,South,Alabama,Men'S Apparel,28,9,252,Outlet
Sports Direct,04-09-2021,South,Alabama,Men'S Apparel,38,17,646,Outlet
Sports Direct,10-10-2021,South,Alabama,Men'S Apparel,40,16,640,Outlet
Sports Direct,22-09-2021,South,Alabama,Men'S Apparel,35,12,420,Outlet
Sports Direct,04-10-2021,South,Alabama,Men'S Apparel,37,15,555,Outlet
Sports Direct,28-09-2021,South,Alabama,Men'S Apparel,22,11,242,Outlet
Sports Direct,16-09-2021,South,Alabama,Men'S Apparel,42,14,588,Outlet
Sports Direct,10-09-2021,South,Alabama,Men'S Apparel,35,18,630,Outlet
Sports Direct,23-01-2021,South,Mississippi,Men'S Apparel,26,12,312,Outlet
Sports Direct,20-03-2021,South,Tennessee,Men'S Apparel,29,9,261,Outlet
Sports Direct,14-03-2021,South,Tennessee,Men'S Apparel,30,12,360,Outlet
Sports Direct,01-04-2021,South,Tennessee,Men'S Apparel,20,11,220,Outlet
Sports Direct,13-04-2021,South,Tennessee,Men'S Apparel,30,15,450,Outlet
Sports Direct,19-05-2021,South,Tennessee,Men'S Apparel,55,50,2750,Outlet
Sports Direct,26-03-2021,South,Tennessee,Men'S Apparel,27,9,243,Outlet
Sports Direct,07-04-2021,South,Tennessee,Men'S Apparel,33,13,429,Outlet
Sports Direct,01-05-2021,South,Tennessee,Men'S Apparel,39,12,468,Outlet
Sports Direct,07-05-2021,South,Tennessee,Men'S Apparel,28,11,308,Outlet
Sports Direct,19-04-2021,South,Tennessee,Men'S Apparel,33,18,594,Outlet
Sports Direct,25-04-2021,South,Tennessee,Men'S Apparel,35,14,490,Outlet
Sports Direct,13-05-2021,South,Tennessee,Men'S Apparel,43,14,602,Outlet
Sports Direct,19-05-2021,South,Tennessee,Men'S Apparel,38,16,608,Outlet
Sports Direct,15-08-2021,South,Texas,Men'S Apparel,26,11,286,Outlet
Sports Direct,21-08-2021,South,Texas,Men'S Apparel,26,9,234,Outlet
Sports Direct,02-09-2021,South,Texas,Men'S Apparel,26,11,286,Outlet
Sports Direct,08-09-2021,South,Texas,Men'S Apparel,38,15,570,Outlet
Sports Direct,27-08-2021,South,Texas,Men'S Apparel,29,10,290,Outlet
Sports Direct,14-09-2021,South,Texas,Men'S Apparel,40,15,600,Outlet
Sports Direct,20-10-2021,South,Texas,Men'S Apparel,47,17,799,Outlet
Sports Direct,20-09-2021,South,Texas,Men'S Apparel,39,18,702,Outlet
Sports Direct,14-10-2021,South,Texas,Men'S Apparel,46,16,736,Outlet
Sports Direct,08-10-2021,South,Texas,Men'S Apparel,30,13,390,Outlet
Sports Direct,02-10-2021,South,Texas,Men'S Apparel,37,15,555,Outlet
Sports Direct,26-09-2021,South,Texas,Men'S Apparel,43,16,688,Outlet
Sports Direct,04-08-2020,South,Texas,Men'S Apparel,35,16,560,Outlet
Sports Direct,29-07-2020,South,Texas,Men'S Apparel,28,16,448,Outlet
Sports Direct,23-07-2020,South,Texas,Men'S Apparel,26,18,468,Outlet
Sports Direct,08-08-2021,South,Alabama,Men'S Athletic Footwear,35,60,2100,Outlet
Sports Direct,08-08-2021,South,Alabama,Men'S Athletic Footwear,26,19,494,Outlet
Sports Direct,20-08-2021,South,Alabama,Men'S Athletic Footwear,20,65,1300,Outlet
Sports Direct,26-08-2021,South,Alabama,Men'S Athletic Footwear,20,73,1460,Outlet
Sports Direct,14-08-2021,South,Alabama,Men'S Athletic Footwear,40,63,2520,Outlet
Sports Direct,01-09-2021,South,Alabama,Men'S Athletic Footwear,50,75,3750,Outlet
Sports Direct,20-08-2021,South,Alabama,Men'S Athletic Footwear,16,20,320,Outlet
Sports Direct,14-08-2021,South,Alabama,Men'S Athletic Footwear,32,19,608,Outlet
Sports Direct,01-09-2021,South,Alabama,Men'S Athletic Footwear,35,23,805,Outlet
Sports Direct,26-08-2021,South,Alabama,Men'S Athletic Footwear,16,22,352,Outlet
Sports Direct,01-10-2021,South,Alabama,Men'S Athletic Footwear,20,63,1260,Outlet
Sports Direct,25-09-2021,South,Alabama,Men'S Athletic Footwear,30,53,1590,Outlet
Sports Direct,07-09-2021,South,Alabama,Men'S Athletic Footwear,50,83,4150,Outlet
Sports Direct,19-09-2021,South,Alabama,Men'S Athletic Footwear,55,58,3190,Outlet
Sports Direct,13-09-2021,South,Alabama,Men'S Athletic Footwear,55,75,4125,Outlet
Sports Direct,07-10-2021,South,Alabama,Men'S Athletic Footwear,60,78,4680,Outlet
Sports Direct,01-10-2021,South,Alabama,Men'S Athletic Footwear,14,20,280,Outlet
Sports Direct,07-10-2021,South,Alabama,Men'S Athletic Footwear,40,25,1000,Outlet
Sports Direct,13-09-2021,South,Alabama,Men'S Athletic Footwear,39,23,897,Outlet
Sports Direct,25-09-2021,South,Alabama,Men'S Athletic Footwear,23,17,391,Outlet
Sports Direct,19-09-2021,South,Alabama,Men'S Athletic Footwear,36,17,612,Outlet
Sports Direct,07-09-2021,South,Alabama,Men'S Athletic Footwear,37,26,962,Outlet
Sports Direct,21-02-2021,South,Mississippi,Men'S Athletic Footwear,17,11,187,Outlet
Sports Direct,23-01-2021,South,Mississippi,Men'S Athletic Footwear,18,14,252,Outlet
Sports Direct,17-03-2021,South,Tennessee,Men'S Athletic Footwear,23,22,506,Outlet
Sports Direct,29-03-2021,South,Tennessee,Men'S Athletic Footwear,17,20,340,Outlet
Sports Direct,04-04-2021,South,Tennessee,Men'S Athletic Footwear,20,24,480,Outlet
Sports Direct,23-03-2021,South,Tennessee,Men'S Athletic Footwear,31,20,620,Outlet
Sports Direct,10-04-2021,South,Tennessee,Men'S Athletic Footwear,32,24,768,Outlet
Sports Direct,28-04-2021,South,Tennessee,Men'S Athletic Footwear,33,21,693,Outlet
Sports Direct,04-05-2021,South,Tennessee,Men'S Athletic Footwear,25,18,450,Outlet
Sports Direct,10-05-2021,South,Tennessee,Men'S Athletic Footwear,21,22,462,Outlet
Sports Direct,16-05-2021,South,Tennessee,Men'S Athletic Footwear,37,26,962,Outlet
Sports Direct,16-04-2021,South,Tennessee,Men'S Athletic Footwear,30,26,780,Outlet
Sports Direct,22-04-2021,South,Tennessee,Men'S Athletic Footwear,44,27,1188,Outlet
Sports Direct,18-08-2021,South,Texas,Men'S Athletic Footwear,23,22,506,Outlet
Sports Direct,30-08-2021,South,Texas,Men'S Athletic Footwear,21,21,441,Outlet
Sports Direct,24-08-2021,South,Texas,Men'S Athletic Footwear,31,24,744,Outlet
Sports Direct,11-09-2021,South,Texas,Men'S Athletic Footwear,40,28,1120,Outlet
Sports Direct,05-09-2021,South,Texas,Men'S Athletic Footwear,22,25,550,Outlet
Sports Direct,17-09-2021,South,Texas,Men'S Athletic Footwear,34,26,884,Outlet
Sports Direct,17-10-2021,South,Texas,Men'S Athletic Footwear,39,25,975,Outlet
Sports Direct,11-10-2021,South,Texas,Men'S Athletic Footwear,27,22,594,Outlet
Sports Direct,23-09-2021,South,Texas,Men'S Athletic Footwear,43,26,1118,Outlet
Sports Direct,05-10-2021,South,Texas,Men'S Athletic Footwear,29,22,638,Outlet
Sports Direct,29-09-2021,South,Texas,Men'S Athletic Footwear,38,20,760,Outlet
Sports Direct,01-08-2020,South,Texas,Men'S Athletic Footwear,30,26,780,Outlet
Sports Direct,07-08-2020,South,Texas,Men'S Athletic Footwear,29,31,899,Outlet
Sports Direct,26-07-2020,South,Texas,Men'S Athletic Footwear,23,29,667,Outlet
Sports Direct,07-08-2021,South,Alabama,Men'S Street Footwear,25,63,1575,Outlet
Sports Direct,25-08-2021,South,Alabama,Men'S Street Footwear,10,70,700,Outlet
Sports Direct,19-08-2021,South,Alabama,Men'S Street Footwear,20,65,1300,Outlet
Sports Direct,13-08-2021,South,Alabama,Men'S Street Footwear,30,63,1890,Outlet
Sports Direct,31-08-2021,South,Alabama,Men'S Street Footwear,45,75,3375,Outlet
Sports Direct,25-08-2021,South,Alabama,Men'S Street Footwear,7,22,154,Outlet
Sports Direct,07-08-2021,South,Alabama,Men'S Street Footwear,16,21,336,Outlet
Sports Direct,31-08-2021,South,Alabama,Men'S Street Footwear,30,23,690,Outlet
Sports Direct,13-08-2021,South,Alabama,Men'S Street Footwear,23,19,437,Outlet
Sports Direct,30-09-2021,South,Alabama,Men'S Street Footwear,20,63,1260,Outlet
Sports Direct,24-09-2021,South,Alabama,Men'S Street Footwear,30,53,1590,Outlet
Sports Direct,12-09-2021,South,Alabama,Men'S Street Footwear,40,75,3000,Outlet
Sports Direct,06-09-2021,South,Alabama,Men'S Street Footwear,45,83,3735,Outlet
Sports Direct,18-09-2021,South,Alabama,Men'S Street Footwear,55,63,3465,Outlet
Sports Direct,06-10-2021,South,Alabama,Men'S Street Footwear,60,78,4680,Outlet
Sports Direct,24-09-2021,South,Alabama,Men'S Street Footwear,20,18,360,Outlet
Sports Direct,19-08-2021,South,Alabama,Men'S Street Footwear,15,22,330,Outlet
Sports Direct,06-09-2021,South,Alabama,Men'S Street Footwear,31,26,806,Outlet
Sports Direct,12-09-2021,South,Alabama,Men'S Street Footwear,27,23,621,Outlet
Sports Direct,18-09-2021,South,Alabama,Men'S Street Footwear,38,21,798,Outlet
Sports Direct,06-10-2021,South,Alabama,Men'S Street Footwear,46,24,1104,Outlet
Sports Direct,30-09-2021,South,Alabama,Men'S Street Footwear,14,19,266,Outlet
Sports Direct,23-01-2021,South,Mississippi,Men'S Street Footwear,17,22,374,Outlet
Sports Direct,21-02-2021,South,Mississippi,Men'S Street Footwear,17,21,357,Outlet
Sports Direct,16-03-2021,South,Tennessee,Men'S Street Footwear,18,20,360,Outlet
Sports Direct,22-03-2021,South,Tennessee,Men'S Street Footwear,20,22,440,Outlet
Sports Direct,03-04-2021,South,Tennessee,Men'S Street Footwear,12,25,300,Outlet
Sports Direct,28-03-2021,South,Tennessee,Men'S Street Footwear,13,20,260,Outlet
Sports Direct,09-04-2021,South,Tennessee,Men'S Street Footwear,28,26,728,Outlet
Sports Direct,09-05-2021,South,Tennessee,Men'S Street Footwear,24,20,480,Outlet
Sports Direct,15-05-2021,South,Tennessee,Men'S Street Footwear,39,25,975,Outlet
Sports Direct,15-04-2021,South,Tennessee,Men'S Street Footwear,29,27,783,Outlet
Sports Direct,27-04-2021,South,Tennessee,Men'S Street Footwear,40,21,840,Outlet
Sports Direct,21-04-2021,South,Tennessee,Men'S Street Footwear,29,23,667,Outlet
Sports Direct,03-05-2021,South,Tennessee,Men'S Street Footwear,28,20,560,Outlet
Sports Direct,17-08-2021,South,Texas,Men'S Street Footwear,19,23,437,Outlet
Sports Direct,10-09-2021,South,Texas,Men'S Street Footwear,30,26,780,Outlet
Sports Direct,04-09-2021,South,Texas,Men'S Street Footwear,13,23,299,Outlet
Sports Direct,23-08-2021,South,Texas,Men'S Street Footwear,21,20,420,Outlet
Sports Direct,29-08-2021,South,Texas,Men'S Street Footwear,13,23,299,Outlet
Sports Direct,16-09-2021,South,Texas,Men'S Street Footwear,34,26,884,Outlet
Sports Direct,10-10-2021,South,Texas,Men'S Street Footwear,31,23,713,Outlet
Sports Direct,22-09-2021,South,Texas,Men'S Street Footwear,34,25,850,Outlet
Sports Direct,04-10-2021,South,Texas,Men'S Street Footwear,30,21,630,Outlet
Sports Direct,28-09-2021,South,Texas,Men'S Street Footwear,38,23,874,Outlet
Sports Direct,16-10-2021,South,Texas,Men'S Street Footwear,46,28,1288,Outlet
Sports Direct,06-08-2020,South,Texas,Men'S Street Footwear,23,31,713,Outlet
Sports Direct,25-07-2020,South,Texas,Men'S Street Footwear,20,26,520,Outlet
Sports Direct,31-07-2020,South,Texas,Men'S Street Footwear,20,31,620,Outlet
Sports Direct,12-08-2021,South,Alabama,Women'S Apparel,35,45,1575,Outlet
Sports Direct,06-08-2021,South,Alabama,Women'S Apparel,35,48,1680,Outlet
Sports Direct,12-08-2021,South,Alabama,Women'S Apparel,27,14,378,Outlet
Sports Direct,06-08-2021,South,Alabama,Women'S Apparel,24,15,360,Outlet
Sports Direct,24-08-2021,South,Alabama,Women'S Apparel,20,55,1100,Outlet
Sports Direct,18-08-2021,South,Alabama,Women'S Apparel,35,40,1400,Outlet
Sports Direct,30-08-2021,South,Alabama,Women'S Apparel,45,75,3375,Outlet
Sports Direct,05-09-2021,South,Alabama,Women'S Apparel,55,88,4840,Outlet
Sports Direct,05-09-2021,South,Alabama,Women'S Apparel,36,28,1008,Outlet
Sports Direct,29-09-2021,South,Alabama,Women'S Apparel,40,48,1920,Outlet
Sports Direct,23-09-2021,South,Alabama,Women'S Apparel,40,58,2320,Outlet
Sports Direct,05-10-2021,South,Alabama,Women'S Apparel,60,63,3780,Outlet
Sports Direct,17-09-2021,South,Alabama,Women'S Apparel,60,68,4080,Outlet
Sports Direct,11-09-2021,South,Alabama,Women'S Apparel,60,80,4800,Outlet
Sports Direct,11-10-2021,South,Alabama,Women'S Apparel,70,75,5250,Outlet
Sports Direct,18-08-2021,South,Alabama,Women'S Apparel,26,12,312,Outlet
Sports Direct,30-08-2021,South,Alabama,Women'S Apparel,36,26,936,Outlet
Sports Direct,24-08-2021,South,Alabama,Women'S Apparel,14,17,238,Outlet
Sports Direct,05-10-2021,South,Alabama,Women'S Apparel,45,19,855,Outlet
Sports Direct,11-09-2021,South,Alabama,Women'S Apparel,47,28,1316,Outlet
Sports Direct,17-09-2021,South,Alabama,Women'S Apparel,39,20,780,Outlet
Sports Direct,29-09-2021,South,Alabama,Women'S Apparel,26,15,390,Outlet
Sports Direct,23-09-2021,South,Alabama,Women'S Apparel,26,19,494,Outlet
Sports Direct,11-10-2021,South,Alabama,Women'S Apparel,56,23,1288,Outlet
Sports Direct,23-01-2021,South,Mississippi,Women'S Apparel,18,16,288,Outlet
Sports Direct,15-03-2021,South,Tennessee,Women'S Apparel,24,17,408,Outlet
Sports Direct,21-03-2021,South,Tennessee,Women'S Apparel,28,14,392,Outlet
Sports Direct,08-04-2021,South,Tennessee,Women'S Apparel,31,27,837,Outlet
Sports Direct,14-04-2021,South,Tennessee,Women'S Apparel,37,31,1147,Outlet
Sports Direct,20-05-2021,South,Tennessee,Women'S Apparel,65,75,4875,Outlet
Sports Direct,02-04-2021,South,Tennessee,Women'S Apparel,18,20,360,Outlet
Sports Direct,27-03-2021,South,Tennessee,Women'S Apparel,25,15,375,Outlet
Sports Direct,02-05-2021,South,Tennessee,Women'S Apparel,30,22,660,Outlet
Sports Direct,20-04-2021,South,Tennessee,Women'S Apparel,38,27,1026,Outlet
Sports Direct,20-05-2021,South,Tennessee,Women'S Apparel,49,23,1127,Outlet
Sports Direct,14-05-2021,South,Tennessee,Women'S Apparel,43,20,860,Outlet
Sports Direct,08-05-2021,South,Tennessee,Women'S Apparel,29,18,522,Outlet
Sports Direct,26-04-2021,South,Tennessee,Women'S Apparel,40,23,920,Outlet
Sports Direct,16-08-2021,South,Texas,Women'S Apparel,24,16,384,Outlet
Sports Direct,22-08-2021,South,Texas,Women'S Apparel,26,16,416,Outlet
Sports Direct,09-09-2021,South,Texas,Women'S Apparel,34,26,884,Outlet
Sports Direct,28-08-2021,South,Texas,Women'S Apparel,27,15,405,Outlet
Sports Direct,15-09-2021,South,Texas,Women'S Apparel,42,28,1176,Outlet
Sports Direct,03-09-2021,South,Texas,Women'S Apparel,22,21,462,Outlet
Sports Direct,21-09-2021,South,Texas,Women'S Apparel,47,27,1269,Outlet
Sports Direct,09-10-2021,South,Texas,Women'S Apparel,39,19,741,Outlet
Sports Direct,03-10-2021,South,Texas,Women'S Apparel,33,24,792,Outlet
Sports Direct,27-09-2021,South,Texas,Women'S Apparel,43,24,1032,Outlet
Sports Direct,21-10-2021,South,Texas,Women'S Apparel,54,26,1404,Outlet
Sports Direct,15-10-2021,South,Texas,Women'S Apparel,51,24,1224,Outlet
Sports Direct,30-07-2020,South,Texas,Women'S Apparel,26,23,598,Outlet
Sports Direct,05-08-2020,South,Texas,Women'S Apparel,29,23,667,Outlet
Sports Direct,24-07-2020,South,Texas,Women'S Apparel,25,22,550,Outlet
Sports Direct,10-08-2021,South,Alabama,Women'S Athletic Footwear,35,38,1330,Outlet
Sports Direct,10-08-2021,South,Alabama,Women'S Athletic Footwear,24,11,264,Outlet
Sports Direct,22-08-2021,South,Alabama,Women'S Athletic Footwear,20,38,760,Outlet
Sports Direct,16-08-2021,South,Alabama,Women'S Athletic Footwear,35,35,1225,Outlet
Sports Direct,28-08-2021,South,Alabama,Women'S Athletic Footwear,35,50,1750,Outlet
Sports Direct,03-09-2021,South,Alabama,Women'S Athletic Footwear,45,60,2700,Outlet
Sports Direct,22-08-2021,South,Alabama,Women'S Athletic Footwear,15,12,180,Outlet
Sports Direct,03-09-2021,South,Alabama,Women'S Athletic Footwear,31,21,651,Outlet
Sports Direct,27-09-2021,South,Alabama,Women'S Athletic Footwear,35,33,1155,Outlet
Sports Direct,09-09-2021,South,Alabama,Women'S Athletic Footwear,45,58,2610,Outlet
Sports Direct,03-10-2021,South,Alabama,Women'S Athletic Footwear,45,45,2025,Outlet
Sports Direct,15-09-2021,South,Alabama,Women'S Athletic Footwear,50,43,2150,Outlet
Sports Direct,21-09-2021,South,Alabama,Women'S Athletic Footwear,60,35,2100,Outlet
Sports Direct,09-10-2021,South,Alabama,Women'S Athletic Footwear,65,55,3575,Outlet
Sports Direct,16-08-2021,South,Alabama,Women'S Athletic Footwear,23,12,276,Outlet
Sports Direct,28-08-2021,South,Alabama,Women'S Athletic Footwear,26,17,442,Outlet
Sports Direct,09-10-2021,South,Alabama,Women'S Athletic Footwear,52,19,988,Outlet
Sports Direct,15-09-2021,South,Alabama,Women'S Athletic Footwear,37,14,518,Outlet
Sports Direct,21-09-2021,South,Alabama,Women'S Athletic Footwear,44,11,484,Outlet
Sports Direct,27-09-2021,South,Alabama,Women'S Athletic Footwear,26,10,260,Outlet
Sports Direct,03-10-2021,South,Alabama,Women'S Athletic Footwear,36,14,504,Outlet
Sports Direct,09-09-2021,South,Alabama,Women'S Athletic Footwear,36,20,720,Outlet
Sports Direct,23-01-2021,South,Mississippi,Women'S Athletic Footwear,13,10,130,Outlet
Sports Direct,19-03-2021,South,Tennessee,Women'S Athletic Footwear,28,13,364,Outlet
Sports Direct,06-04-2021,South,Tennessee,Women'S Athletic Footwear,20,18,360,Outlet
Sports Direct,18-05-2021,South,Tennessee,Women'S Athletic Footwear,60,55,3300,Outlet
Sports Direct,31-03-2021,South,Tennessee,Women'S Athletic Footwear,20,13,260,Outlet
Sports Direct,25-03-2021,South,Tennessee,Women'S Athletic Footwear,25,12,300,Outlet
Sports Direct,12-04-2021,South,Tennessee,Women'S Athletic Footwear,29,20,580,Outlet
Sports Direct,30-04-2021,South,Tennessee,Women'S Athletic Footwear,40,14,560,Outlet
Sports Direct,24-04-2021,South,Tennessee,Women'S Athletic Footwear,32,16,512,Outlet
Sports Direct,06-05-2021,South,Tennessee,Women'S Athletic Footwear,30,13,390,Outlet
Sports Direct,18-05-2021,South,Tennessee,Women'S Athletic Footwear,44,18,792,Outlet
Sports Direct,18-04-2021,South,Tennessee,Women'S Athletic Footwear,32,20,640,Outlet
Sports Direct,12-05-2021,South,Tennessee,Women'S Athletic Footwear,38,16,608,Outlet
Sports Direct,20-08-2021,South,Texas,Women'S Athletic Footwear,28,14,392,Outlet
Sports Direct,26-08-2021,South,Texas,Women'S Athletic Footwear,26,14,364,Outlet
Sports Direct,01-09-2021,South,Texas,Women'S Athletic Footwear,20,15,300,Outlet
Sports Direct,07-09-2021,South,Texas,Women'S Athletic Footwear,27,18,486,Outlet
Sports Direct,13-09-2021,South,Texas,Women'S Athletic Footwear,29,19,551,Outlet
Sports Direct,13-10-2021,South,Texas,Women'S Athletic Footwear,50,16,800,Outlet
Sports Direct,07-10-2021,South,Texas,Women'S Athletic Footwear,30,15,450,Outlet
Sports Direct,25-09-2021,South,Texas,Women'S Athletic Footwear,38,16,608,Outlet
Sports Direct,19-09-2021,South,Texas,Women'S Athletic Footwear,32,20,640,Outlet
Sports Direct,01-10-2021,South,Texas,Women'S Athletic Footwear,41,14,574,Outlet
Sports Direct,19-10-2021,South,Texas,Women'S Athletic Footwear,44,19,836,Outlet
Sports Direct,09-08-2020,South,Texas,Women'S Athletic Footwear,28,21,588,Outlet
Sports Direct,03-08-2020,South,Texas,Women'S Athletic Footwear,30,20,600,Outlet
Sports Direct,28-07-2020,South,Texas,Women'S Athletic Footwear,26,21,546,Outlet
Sports Direct,09-08-2021,South,Alabama,Women'S Street Footwear,35,43,1505,Outlet
Sports Direct,09-08-2021,South,Alabama,Women'S Street Footwear,26,14,364,Outlet
Sports Direct,21-08-2021,South,Alabama,Women'S Street Footwear,15,48,720,Outlet
Sports Direct,27-08-2021,South,Alabama,Women'S Street Footwear,15,58,870,Outlet
Sports Direct,15-08-2021,South,Alabama,Women'S Street Footwear,30,45,1350,Outlet
Sports Direct,02-09-2021,South,Alabama,Women'S Street Footwear,45,65,2925,Outlet
Sports Direct,21-08-2021,South,Alabama,Women'S Street Footwear,11,15,165,Outlet
Sports Direct,26-09-2021,South,Alabama,Women'S Street Footwear,35,48,1680,Outlet
Sports Direct,08-09-2021,South,Alabama,Women'S Street Footwear,45,98,4410,Outlet
Sports Direct,02-10-2021,South,Alabama,Women'S Street Footwear,45,58,2610,Outlet
Sports Direct,14-09-2021,South,Alabama,Women'S Street Footwear,55,93,5115,Outlet
Sports Direct,20-09-2021,South,Alabama,Women'S Street Footwear,60,63,3780,Outlet
Sports Direct,08-10-2021,South,Alabama,Women'S Street Footwear,65,70,4550,Outlet
Sports Direct,15-08-2021,South,Alabama,Women'S Street Footwear,20,14,280,Outlet
Sports Direct,02-09-2021,South,Alabama,Women'S Street Footwear,35,23,805,Outlet
Sports Direct,27-08-2021,South,Alabama,Women'S Street Footwear,11,19,209,Outlet
Sports Direct,14-09-2021,South,Alabama,Women'S Street Footwear,36,28,1008,Outlet
Sports Direct,26-09-2021,South,Alabama,Women'S Street Footwear,24,17,408,Outlet
Sports Direct,08-10-2021,South,Alabama,Women'S Street Footwear,47,22,1034,Outlet
Sports Direct,02-10-2021,South,Alabama,Women'S Street Footwear,33,20,660,Outlet
Sports Direct,08-09-2021,South,Alabama,Women'S Street Footwear,31,32,992,Outlet
Sports Direct,20-09-2021,South,Alabama,Women'S Street Footwear,47,21,987,Outlet
Sports Direct,21-02-2021,South,Mississippi,Women'S Street Footwear,11,14,154,Outlet
Sports Direct,23-01-2021,South,Mississippi,Women'S Street Footwear,11,14,154,Outlet
Sports Direct,18-03-2021,South,Tennessee,Women'S Street Footwear,23,14,322,Outlet
Sports Direct,24-03-2021,South,Tennessee,Women'S Street Footwear,22,17,374,Outlet
Sports Direct,30-03-2021,South,Tennessee,Women'S Street Footwear,15,17,255,Outlet
Sports Direct,11-04-2021,South,Tennessee,Women'S Street Footwear,26,20,520,Outlet
Sports Direct,17-05-2021,South,Tennessee,Women'S Street Footwear,60,70,4200,Outlet
Sports Direct,05-04-2021,South,Tennessee,Women'S Street Footwear,14,20,280,Outlet
Sports Direct,11-05-2021,South,Tennessee,Women'S Street Footwear,37,20,740,Outlet
Sports Direct,23-04-2021,South,Tennessee,Women'S Street Footwear,39,31,1209,Outlet
Sports Direct,05-05-2021,South,Tennessee,Women'S Street Footwear,27,16,432,Outlet
Sports Direct,17-04-2021,South,Tennessee,Women'S Street Footwear,30,32,960,Outlet
Sports Direct,29-04-2021,South,Tennessee,Women'S Street Footwear,40,20,800,Outlet
Sports Direct,17-05-2021,South,Tennessee,Women'S Street Footwear,44,21,924,Outlet
Sports Direct,19-08-2021,South,Texas,Women'S Street Footwear,27,14,378,Outlet
Sports Direct,25-08-2021,South,Texas,Women'S Street Footwear,20,16,320,Outlet
Sports Direct,31-08-2021,South,Texas,Women'S Street Footwear,20,18,360,Outlet
Sports Direct,12-09-2021,South,Texas,Women'S Street Footwear,30,22,660,Outlet
Sports Direct,06-09-2021,South,Texas,Women'S Street Footwear,19,20,380,Outlet
Sports Direct,18-09-2021,South,Texas,Women'S Street Footwear,33,32,1056,Outlet
Sports Direct,06-10-2021,South,Texas,Women'S Street Footwear,32,19,608,Outlet
Sports Direct,18-10-2021,South,Texas,Women'S Street Footwear,46,24,1104,Outlet
Sports Direct,12-10-2021,South,Texas,Women'S Street Footwear,51,23,1173,Outlet
Sports Direct,30-09-2021,South,Texas,Women'S Street Footwear,47,25,1175,Outlet
Sports Direct,24-09-2021,South,Texas,Women'S Street Footwear,35,33,1155,Outlet
Sports Direct,08-08-2020,South,Texas,Women'S Street Footwear,24,23,552,Outlet
Sports Direct,27-07-2020,South,Texas,Women'S Street Footwear,27,24,648,Outlet
Sports Direct,02-08-2020,South,Texas,Women'S Street Footwear,23,22,506,Outlet
Walmart,21-10-2021,South,Arkansas,Men'S Apparel,21,9,189,Outlet
Walmart,21-02-2021,South,Arkansas,Men'S Apparel,23,11,253,Outlet
Walmart,20-04-2021,South,Arkansas,Men'S Apparel,31,8,248,Outlet
Walmart,20-08-2021,South,Arkansas,Men'S Apparel,40,11,440,Outlet
Walmart,19-09-2021,South,Arkansas,Men'S Apparel,18,11,198,Outlet
Walmart,19-05-2021,South,Arkansas,Men'S Apparel,32,11,352,Outlet
Walmart,21-06-2021,South,Arkansas,Men'S Apparel,37,12,444,Outlet
Walmart,19-03-2021,South,Arkansas,Men'S Apparel,24,9,216,Outlet
Walmart,19-07-2021,South,Arkansas,Men'S Apparel,40,15,600,Outlet
Walmart,22-08-2020,South,Texas,Men'S Apparel,29,22,638,Outlet
Walmart,24-10-2020,South,Texas,Men'S Apparel,30,20,600,Outlet
Walmart,10-08-2020,South,Texas,Men'S Apparel,34,18,612,Outlet
Walmart,03-09-2020,South,Texas,Men'S Apparel,35,23,805,Outlet
Walmart,16-08-2020,South,Texas,Men'S Apparel,35,18,630,Outlet
Walmart,30-10-2020,South,Texas,Men'S Apparel,30,21,630,Outlet
Walmart,28-08-2020,South,Texas,Men'S Apparel,33,22,726,Outlet
Walmart,09-09-2020,South,Texas,Men'S Apparel,36,21,756,Outlet
Walmart,15-09-2020,South,Texas,Men'S Apparel,35,18,630,Outlet
Walmart,19-03-2021,South,Arkansas,Men'S Athletic Footwear,14,11,154,Outlet
Walmart,19-07-2021,South,Arkansas,Men'S Athletic Footwear,36,16,576,Outlet
Walmart,21-06-2021,South,Arkansas,Men'S Athletic Footwear,25,15,375,Outlet
Walmart,20-08-2021,South,Arkansas,Men'S Athletic Footwear,42,16,672,Outlet
Walmart,21-10-2021,South,Arkansas,Men'S Athletic Footwear,14,13,182,Outlet
Walmart,20-04-2021,South,Arkansas,Men'S Athletic Footwear,20,10,200,Outlet
Walmart,19-09-2021,South,Arkansas,Men'S Athletic Footwear,26,14,364,Outlet
Walmart,19-05-2021,South,Arkansas,Men'S Athletic Footwear,28,12,336,Outlet
Walmart,06-09-2020,South,Texas,Men'S Athletic Footwear,32,26,832,Outlet
Walmart,31-08-2020,South,Texas,Men'S Athletic Footwear,33,31,1023,Outlet
Walmart,12-09-2020,South,Texas,Men'S Athletic Footwear,29,25,725,Outlet
Walmart,21-10-2020,South,Texas,Men'S Athletic Footwear,31,31,961,Outlet
Walmart,13-08-2020,South,Texas,Men'S Athletic Footwear,30,29,870,Outlet
Walmart,25-08-2020,South,Texas,Men'S Athletic Footwear,32,29,928,Outlet
Walmart,19-08-2020,South,Texas,Men'S Athletic Footwear,33,32,1056,Outlet
Walmart,27-10-2020,South,Texas,Men'S Athletic Footwear,34,33,1122,Outlet
Walmart,19-07-2021,South,Arkansas,Men'S Street Footwear,39,27,1053,Outlet
Walmart,19-09-2021,South,Arkansas,Men'S Street Footwear,35,22,770,Outlet
Walmart,21-06-2021,South,Arkansas,Men'S Street Footwear,28,24,672,Outlet
Walmart,20-04-2021,South,Arkansas,Men'S Street Footwear,19,20,380,Outlet
Walmart,21-10-2021,South,Arkansas,Men'S Street Footwear,21,18,378,Outlet
Walmart,20-08-2021,South,Arkansas,Men'S Street Footwear,43,23,989,Outlet
Walmart,19-05-2021,South,Arkansas,Men'S Street Footwear,26,23,598,Outlet
Walmart,19-03-2021,South,Arkansas,Men'S Street Footwear,15,21,315,Outlet
Walmart,30-08-2020,South,Texas,Men'S Street Footwear,27,31,837,Outlet
Walmart,20-10-2020,South,Texas,Men'S Street Footwear,34,27,918,Outlet
Walmart,12-08-2020,South,Texas,Men'S Street Footwear,24,32,768,Outlet
Walmart,11-09-2020,South,Texas,Men'S Street Footwear,31,27,837,Outlet
Walmart,24-08-2020,South,Texas,Men'S Street Footwear,29,30,870,Outlet
Walmart,26-10-2020,South,Texas,Men'S Street Footwear,32,33,1056,Outlet
Walmart,18-08-2020,South,Texas,Men'S Street Footwear,28,30,840,Outlet
Walmart,05-09-2020,South,Texas,Men'S Street Footwear,33,26,858,Outlet
Walmart,21-02-2021,South,Arkansas,Women'S Apparel,16,15,240,Outlet
Walmart,19-09-2021,South,Arkansas,Women'S Apparel,22,14,308,Outlet
Walmart,21-06-2021,South,Arkansas,Women'S Apparel,48,17,816,Outlet
Walmart,20-04-2021,South,Arkansas,Women'S Apparel,24,12,288,Outlet
Walmart,19-03-2021,South,Arkansas,Women'S Apparel,20,11,220,Outlet
Walmart,19-07-2021,South,Arkansas,Women'S Apparel,50,20,1000,Outlet
Walmart,19-05-2021,South,Arkansas,Women'S Apparel,33,15,495,Outlet
Walmart,20-08-2021,South,Arkansas,Women'S Apparel,40,19,760,Outlet
Walmart,29-08-2020,South,Texas,Women'S Apparel,36,30,1080,Outlet
Walmart,04-09-2020,South,Texas,Women'S Apparel,39,27,1053,Outlet
Walmart,16-09-2020,South,Texas,Women'S Apparel,43,23,989,Outlet
Walmart,11-08-2020,South,Texas,Women'S Apparel,27,27,729,Outlet
Walmart,31-10-2020,South,Texas,Women'S Apparel,41,31,1271,Outlet
Walmart,17-08-2020,South,Texas,Women'S Apparel,32,30,960,Outlet
Walmart,23-08-2020,South,Texas,Women'S Apparel,38,35,1330,Outlet
Walmart,10-09-2020,South,Texas,Women'S Apparel,42,30,1260,Outlet
Walmart,25-10-2020,South,Texas,Women'S Apparel,44,29,1276,Outlet
Walmart,19-09-2021,South,Arkansas,Women'S Athletic Footwear,12,10,120,Outlet
Walmart,19-07-2021,South,Arkansas,Women'S Athletic Footwear,35,12,420,Outlet
Walmart,21-06-2021,South,Arkansas,Women'S Athletic Footwear,29,12,348,Outlet
Walmart,21-10-2021,South,Arkansas,Women'S Athletic Footwear,15,9,135,Outlet
Walmart,20-08-2021,South,Arkansas,Women'S Athletic Footwear,29,13,377,Outlet
Walmart,20-04-2021,South,Arkansas,Women'S Athletic Footwear,13,8,104,Outlet
Walmart,19-03-2021,South,Arkansas,Women'S Athletic Footwear,15,7,105,Outlet
Walmart,21-02-2021,South,Arkansas,Women'S Athletic Footwear,15,8,120,Outlet
Walmart,19-05-2021,South,Arkansas,Women'S Athletic Footwear,24,9,216,Outlet
Walmart,14-09-2020,South,Texas,Women'S Athletic Footwear,36,20,720,Outlet
Walmart,21-08-2020,South,Texas,Women'S Athletic Footwear,26,26,676,Outlet
Walmart,02-09-2020,South,Texas,Women'S Athletic Footwear,30,22,660,Outlet
Walmart,23-10-2020,South,Texas,Women'S Athletic Footwear,36,23,828,Outlet
Walmart,08-09-2020,South,Texas,Women'S Athletic Footwear,37,20,740,Outlet
Walmart,15-08-2020,South,Texas,Women'S Athletic Footwear,31,25,775,Outlet
Walmart,27-08-2020,South,Texas,Women'S Athletic Footwear,28,22,616,Outlet
Walmart,29-10-2020,South,Texas,Women'S Athletic Footwear,36,21,756,Outlet
Walmart,19-05-2021,South,Arkansas,Women'S Street Footwear,27,12,324,Outlet
Walmart,19-07-2021,South,Arkansas,Women'S Street Footwear,32,14,448,Outlet
Walmart,20-08-2021,South,Arkansas,Women'S Street Footwear,40,14,560,Outlet
Walmart,19-03-2021,South,Arkansas,Women'S Street Footwear,8,11,88,Outlet
Walmart,21-06-2021,South,Arkansas,Women'S Street Footwear,28,12,336,Outlet
Walmart,21-10-2021,South,Arkansas,Women'S Street Footwear,16,10,160,Outlet
Walmart,20-04-2021,South,Arkansas,Women'S Street Footwear,11,10,110,Outlet
Walmart,19-09-2021,South,Arkansas,Women'S Street Footwear,11,12,132,Outlet
Walmart,14-08-2020,South,Texas,Women'S Street Footwear,23,24,552,Outlet
Walmart,13-09-2020,South,Texas,Women'S Street Footwear,39,26,1014,Outlet
Walmart,07-09-2020,South,Texas,Women'S Street Footwear,36,32,1152,Outlet
Walmart,28-10-2020,South,Texas,Women'S Street Footwear,38,30,1140,Outlet
Walmart,22-10-2020,South,Texas,Women'S Street Footwear,34,28,952,Outlet
Walmart,20-08-2020,South,Texas,Women'S Street Footwear,27,26,702,Outlet
Walmart,26-08-2020,South,Texas,Women'S Street Footwear,29,37,1073,Outlet
Walmart,01-09-2020,South,Texas,Women'S Street Footwear,29,37,1073,Outlet
West Gear,19-12-2021,South,Arkansas,Men'S Apparel,50,13,650,Outlet
West Gear,23-01-2021,South,Arkansas,Men'S Apparel,23,9,207,Outlet
West Gear,20-11-2021,South,Arkansas,Men'S Apparel,56,11,616,Outlet
West Gear,20-08-2021,South,Oklahoma,Men'S Apparel,40,11,440,Outlet
West Gear,19-09-2021,South,Oklahoma,Men'S Apparel,20,8,160,Outlet
West Gear,21-10-2021,South,Oklahoma,Men'S Apparel,22,7,154,Outlet
West Gear,21-06-2021,South,Oklahoma,Men'S Apparel,41,11,451,Outlet
West Gear,20-04-2021,South,Oklahoma,Men'S Apparel,27,5,135,Outlet
West Gear,21-02-2021,South,Oklahoma,Men'S Apparel,24,9,216,Outlet
West Gear,19-05-2021,South,Oklahoma,Men'S Apparel,33,8,264,Outlet
West Gear,19-07-2021,South,Oklahoma,Men'S Apparel,43,12,516,Outlet
West Gear,19-03-2021,South,Oklahoma,Men'S Apparel,26,6,156,Outlet
West Gear,23-01-2021,South,Arkansas,Men'S Athletic Footwear,18,12,216,Outlet
West Gear,21-02-2021,South,Arkansas,Men'S Athletic Footwear,17,8,136,Outlet
West Gear,19-12-2021,South,Arkansas,Men'S Athletic Footwear,46,16,736,Outlet
West Gear,20-11-2021,South,Arkansas,Men'S Athletic Footwear,11,12,132,Outlet
West Gear,19-05-2021,South,Oklahoma,Men'S Athletic Footwear,29,9,261,Outlet
West Gear,19-07-2021,South,Oklahoma,Men'S Athletic Footwear,35,14,490,Outlet
West Gear,20-04-2021,South,Oklahoma,Men'S Athletic Footwear,18,8,144,Outlet
West Gear,21-06-2021,South,Oklahoma,Men'S Athletic Footwear,25,12,300,Outlet
West Gear,19-03-2021,South,Oklahoma,Men'S Athletic Footwear,15,8,120,Outlet
West Gear,19-09-2021,South,Oklahoma,Men'S Athletic Footwear,28,13,364,Outlet
West Gear,21-10-2021,South,Oklahoma,Men'S Athletic Footwear,14,11,154,Outlet
West Gear,20-08-2021,South,Oklahoma,Men'S Athletic Footwear,37,14,518,Outlet
West Gear,21-02-2021,South,Arkansas,Men'S Street Footwear,18,21,378,Outlet
West Gear,20-11-2021,South,Arkansas,Men'S Street Footwear,18,18,324,Outlet
West Gear,19-12-2021,South,Arkansas,Men'S Street Footwear,55,24,1320,Outlet
West Gear,23-01-2021,South,Arkansas,Men'S Street Footwear,17,18,306,Outlet
West Gear,20-08-2021,South,Oklahoma,Men'S Street Footwear,41,23,943,Outlet
West Gear,19-07-2021,South,Oklahoma,Men'S Street Footwear,43,24,1032,Outlet
West Gear,19-05-2021,South,Oklahoma,Men'S Street Footwear,28,18,504,Outlet
West Gear,19-03-2021,South,Oklahoma,Men'S Street Footwear,14,18,252,Outlet
West Gear,20-04-2021,South,Oklahoma,Men'S Street Footwear,20,18,360,Outlet
West Gear,21-06-2021,South,Oklahoma,Men'S Street Footwear,32,19,608,Outlet
West Gear,19-09-2021,South,Oklahoma,Men'S Street Footwear,35,20,700,Outlet
West Gear,21-10-2021,South,Oklahoma,Men'S Street Footwear,20,17,340,Outlet
West Gear,23-01-2021,South,Arkansas,Women'S Apparel,18,12,216,Outlet
West Gear,21-10-2021,South,Arkansas,Women'S Apparel,20,13,260,Outlet
West Gear,20-11-2021,South,Arkansas,Women'S Apparel,53,14,742,Outlet
West Gear,19-12-2021,South,Arkansas,Women'S Apparel,55,17,935,Outlet
West Gear,05-01-2021,South,Louisiana,Women'S Apparel,23,15,345,Outlet
West Gear,21-06-2021,South,Oklahoma,Women'S Apparel,40,14,560,Outlet
West Gear,20-04-2021,South,Oklahoma,Women'S Apparel,22,11,242,Outlet
West Gear,19-05-2021,South,Oklahoma,Women'S Apparel,33,12,396,Outlet
West Gear,21-02-2021,South,Oklahoma,Women'S Apparel,14,11,154,Outlet
West Gear,19-03-2021,South,Oklahoma,Women'S Apparel,18,9,162,Outlet
West Gear,19-09-2021,South,Oklahoma,Women'S Apparel,23,12,276,Outlet
West Gear,20-08-2021,South,Oklahoma,Women'S Apparel,40,17,680,Outlet
West Gear,19-07-2021,South,Oklahoma,Women'S Apparel,45,16,720,Outlet
West Gear,23-01-2021,South,Arkansas,Women'S Athletic Footwear,13,7,91,Outlet
West Gear,20-11-2021,South,Arkansas,Women'S Athletic Footwear,41,13,533,Outlet
West Gear,19-12-2021,South,Arkansas,Women'S Athletic Footwear,40,12,480,Outlet
West Gear,19-09-2021,South,Oklahoma,Women'S Athletic Footwear,12,8,96,Outlet
West Gear,21-10-2021,South,Oklahoma,Women'S Athletic Footwear,15,6,90,Outlet
West Gear,19-05-2021,South,Oklahoma,Women'S Athletic Footwear,26,7,182,Outlet
West Gear,20-08-2021,South,Oklahoma,Women'S Athletic Footwear,32,11,352,Outlet
West Gear,20-04-2021,South,Oklahoma,Women'S Athletic Footwear,15,5,75,Outlet
West Gear,21-06-2021,South,Oklahoma,Women'S Athletic Footwear,29,10,290,Outlet
West Gear,21-02-2021,South,Oklahoma,Women'S Athletic Footwear,15,6,90,Outlet
West Gear,19-07-2021,South,Oklahoma,Women'S Athletic Footwear,36,11,396,Outlet
West Gear,19-03-2021,South,Oklahoma,Women'S Athletic Footwear,16,4,64,Outlet
West Gear,23-01-2021,South,Arkansas,Women'S Street Footwear,10,13,130,Outlet
West Gear,20-11-2021,South,Arkansas,Women'S Street Footwear,19,10,190,Outlet
West Gear,19-12-2021,South,Arkansas,Women'S Street Footwear,43,15,645,Outlet
West Gear,21-02-2021,South,Arkansas,Women'S Street Footwear,12,10,120,Outlet
West Gear,19-09-2021,South,Oklahoma,Women'S Street Footwear,12,9,108,Outlet
West Gear,21-10-2021,South,Oklahoma,Women'S Street Footwear,14,7,98,Outlet
West Gear,19-05-2021,South,Oklahoma,Women'S Street Footwear,27,9,243,Outlet
West Gear,21-06-2021,South,Oklahoma,Women'S Street Footwear,27,11,297,Outlet
West Gear,19-07-2021,South,Oklahoma,Women'S Street Footwear,33,13,429,Outlet
West Gear,19-03-2021,South,Oklahoma,Women'S Street Footwear,7,8,56,Outlet
West Gear,20-04-2021,South,Oklahoma,Women'S Street Footwear,10,7,70,Outlet
West Gear,20-08-2021,South,Oklahoma,Women'S Street Footwear,38,11,418,Outlet
Foot Locker,04-02-2021,West,Idaho,Men'S Apparel,31,9,279,Outlet
Foot Locker,04-12-2021,West,Idaho,Men'S Apparel,43,15,645,Outlet
Foot Locker,06-03-2021,West,Idaho,Men'S Athletic Footwear,27,19,513,Outlet
Foot Locker,08-08-2021,West,Idaho,Men'S Athletic Footwear,37,26,962,Outlet
Foot Locker,04-12-2021,West,Idaho,Men'S Athletic Footwear,41,24,984,Outlet
Foot Locker,06-03-2021,West,Idaho,Men'S Street Footwear,21,20,420,Outlet
Foot Locker,08-08-2021,West,Idaho,Men'S Street Footwear,38,23,874,Outlet
Foot Locker,04-12-2021,West,Idaho,Men'S Street Footwear,40,24,960,Outlet
Foot Locker,04-02-2021,West,Idaho,Women'S Apparel,26,14,364,Outlet
Foot Locker,06-07-2021,West,Idaho,Women'S Apparel,51,26,1326,Outlet
Foot Locker,04-12-2021,West,Idaho,Women'S Apparel,47,23,1081,Outlet
Foot Locker,04-02-2021,West,Idaho,Women'S Athletic Footwear,27,12,324,Outlet
Foot Locker,06-03-2021,West,Idaho,Women'S Athletic Footwear,26,11,286,Outlet
Foot Locker,04-12-2021,West,Idaho,Women'S Athletic Footwear,44,18,792,Outlet
Foot Locker,08-08-2021,West,Idaho,Women'S Athletic Footwear,33,16,528,Outlet
Foot Locker,06-03-2021,West,Idaho,Women'S Street Footwear,20,14,280,Outlet
Foot Locker,08-08-2021,West,Idaho,Women'S Street Footwear,39,31,1209,Outlet
Foot Locker,04-12-2021,West,Idaho,Women'S Street Footwear,47,22,1034,Outlet
Sports Direct,05-11-2021,West,Idaho,Men'S Apparel,41,15,615,Outlet
Sports Direct,04-10-2021,West,Idaho,Men'S Apparel,25,12,300,Outlet
Sports Direct,05-09-2021,West,Idaho,Men'S Apparel,42,14,588,Outlet
Sports Direct,08-08-2021,West,Idaho,Men'S Apparel,39,17,663,Outlet
Sports Direct,04-10-2021,West,Idaho,Men'S Athletic Footwear,27,19,513,Outlet
Sports Direct,05-11-2021,West,Idaho,Men'S Athletic Footwear,28,22,616,Outlet
Sports Direct,05-09-2021,West,Idaho,Men'S Athletic Footwear,38,22,836,Outlet
Sports Direct,05-11-2021,West,Idaho,Men'S Street Footwear,27,20,540,Outlet
Sports Direct,04-10-2021,West,Idaho,Men'S Street Footwear,30,20,600,Outlet
Sports Direct,05-09-2021,West,Idaho,Men'S Street Footwear,41,23,943,Outlet
Sports Direct,05-09-2021,West,Idaho,Women'S Apparel,36,20,720,Outlet
Sports Direct,04-10-2021,West,Idaho,Women'S Apparel,34,18,612,Outlet
Sports Direct,05-11-2021,West,Idaho,Women'S Apparel,51,19,969,Outlet
Sports Direct,08-08-2021,West,Idaho,Women'S Apparel,44,24,1056,Outlet
Sports Direct,05-11-2021,West,Idaho,Women'S Athletic Footwear,43,16,688,Outlet
Sports Direct,04-10-2021,West,Idaho,Women'S Athletic Footwear,35,12,420,Outlet
Sports Direct,05-09-2021,West,Idaho,Women'S Athletic Footwear,40,14,560,Outlet
Sports Direct,04-10-2021,West,Idaho,Women'S Street Footwear,31,18,558,Outlet
Sports Direct,05-11-2021,West,Idaho,Women'S Street Footwear,42,21,882,Outlet
Sports Direct,05-09-2021,West,Idaho,Women'S Street Footwear,43,20,860,Outlet
West Gear,05-04-2021,West,Idaho,Men'S Apparel,27,9,243,Outlet
West Gear,04-06-2021,West,Idaho,Men'S Apparel,43,16,688,Outlet
West Gear,06-03-2021,West,Idaho,Men'S Apparel,32,9,288,Outlet
West Gear,05-05-2021,West,Idaho,Men'S Apparel,34,12,408,Outlet
West Gear,06-07-2021,West,Idaho,Men'S Apparel,43,17,731,Outlet
West Gear,05-04-2021,West,Idaho,Men'S Athletic Footwear,21,22,462,Outlet
West Gear,05-05-2021,West,Idaho,Men'S Athletic Footwear,22,25,550,Outlet
West Gear,04-06-2021,West,Idaho,Men'S Athletic Footwear,35,26,910,Outlet
West Gear,06-07-2021,West,Idaho,Men'S Athletic Footwear,40,27,1080,Outlet
West Gear,04-06-2021,West,Idaho,Men'S Street Footwear,31,23,713,Outlet
West Gear,05-05-2021,West,Idaho,Men'S Street Footwear,14,21,294,Outlet
West Gear,05-04-2021,West,Idaho,Men'S Street Footwear,15,22,330,Outlet
West Gear,06-07-2021,West,Idaho,Men'S Street Footwear,35,26,910,Outlet
West Gear,06-03-2021,West,Idaho,Women'S Apparel,25,12,300,Outlet
West Gear,05-05-2021,West,Idaho,Women'S Apparel,33,24,792,Outlet
West Gear,04-06-2021,West,Idaho,Women'S Apparel,39,25,975,Outlet
West Gear,05-04-2021,West,Idaho,Women'S Apparel,23,18,414,Outlet
West Gear,05-04-2021,West,Idaho,Women'S Athletic Footwear,20,12,240,Outlet
West Gear,04-06-2021,West,Idaho,Women'S Athletic Footwear,33,19,627,Outlet
West Gear,05-05-2021,West,Idaho,Women'S Athletic Footwear,24,16,384,Outlet
West Gear,06-07-2021,West,Idaho,Women'S Athletic Footwear,38,16,608,Outlet
West Gear,05-04-2021,West,Idaho,Women'S Street Footwear,19,16,304,Outlet
West Gear,05-05-2021,West,Idaho,Women'S Street Footwear,18,18,324,Outlet
West Gear,04-06-2021,West,Idaho,Women'S Street Footwear,34,19,646,Outlet
West Gear,06-07-2021,West,Idaho,Women'S Street Footwear,34,28,952,Outlet
